FREIMAN_DYADIC_GRAPH_V1 52 13 -280 280 128 33 178608
0 281474976710656
0 4398046511104
2199023255552 6597069766656
4398046511104 8796093022208
6597069766656 10995116277760
8796093022208 13194139533312
10995116277760 15393162788864
13194139533312 17592186044416
15393162788864 19791209299968
17592186044416 21990232555520
19791209299968 24189255811072
21990232555520 26388279066624
24189255811072 28587302322176
26388279066624 30786325577728
28587302322176 32985348833280
30786325577728 35184372088832
32985348833280 37383395344384
35184372088832 39582418599936
37383395344384 41781441855488
39582418599936 43980465111040
41781441855488 46179488366592
43980465111040 48378511622144
46179488366592 50577534877696
48378511622144 52776558133248
50577534877696 54975581388800
52776558133248 57174604644352
54975581388800 59373627899904
57174604644352 61572651155456
59373627899904 63771674411008
61572651155456 65970697666560
63771674411008 68169720922112
65970697666560 70368744177664
68169720922112 72567767433216
70368744177664 74766790688768
72567767433216 76965813944320
74766790688768 79164837199872
76965813944320 81363860455424
79164837199872 83562883710976
81363860455424 85761906966528
83562883710976 87960930222080
85761906966528 90159953477632
87960930222080 92358976733184
90159953477632 94557999988736
92358976733184 96757023244288
94557999988736 98956046499840
96757023244288 101155069755392
98956046499840 103354093010944
101155069755392 105553116266496
103354093010944 107752139522048
105553116266496 109951162777600
107752139522048 112150186033152
109951162777600 114349209288704
112150186033152 116548232544256
114349209288704 118747255799808
116548232544256 120946279055360
118747255799808 123145302310912
120946279055360 125344325566464
123145302310912 127543348822016
125344325566464 129742372077568
127543348822016 131941395333120
129742372077568 134140418588672
131941395333120 136339441844224
134140418588672 138538465099776
136339441844224 140737488355328
138538465099776 142936511610880
140737488355328 145135534866432
142936511610880 147334558121984
145135534866432 149533581377536
147334558121984 151732604633088
149533581377536 153931627888640
151732604633088 156130651144192
153931627888640 158329674399744
156130651144192 160528697655296
158329674399744 162727720910848
160528697655296 164926744166400
162727720910848 167125767421952
164926744166400 169324790677504
167125767421952 171523813933056
169324790677504 173722837188608
171523813933056 175921860444160
173722837188608 178120883699712
175921860444160 180319906955264
178120883699712 182518930210816
180319906955264 184717953466368
182518930210816 186916976721920
184717953466368 189115999977472
186916976721920 191315023233024
189115999977472 193514046488576
191315023233024 195713069744128
193514046488576 197912092999680
195713069744128 200111116255232
197912092999680 202310139510784
200111116255232 204509162766336
202310139510784 206708186021888
204509162766336 208907209277440
206708186021888 211106232532992
208907209277440 213305255788544
211106232532992 215504279044096
213305255788544 217703302299648
215504279044096 219902325555200
217703302299648 222101348810752
219902325555200 224300372066304
222101348810752 226499395321856
224300372066304 228698418577408
226499395321856 230897441832960
228698418577408 233096465088512
230897441832960 235295488344064
233096465088512 237494511599616
235295488344064 239693534855168
237494511599616 241892558110720
239693534855168 244091581366272
241892558110720 246290604621824
244091581366272 248489627877376
246290604621824 250688651132928
248489627877376 252887674388480
250688651132928 255086697644032
252887674388480 257285720899584
255086697644032 259484744155136
257285720899584 261683767410688
259484744155136 263882790666240
261683767410688 266081813921792
263882790666240 268280837177344
266081813921792 270479860432896
268280837177344 272678883688448
270479860432896 274877906944000
272678883688448 277076930199552
274877906944000 279275953455104
277076930199552 281474976710656
0 1 0
0 2 0
0 3 0
0 4 0
0 5 0
0 6 0
0 7 0
0 8 0
0 9 0
0 10 0
0 11 0
0 12 0
1 0 0
1 1 0
1 2 0
1 3 0
2 0 0
2 1 0
2 2 0
2 3 0
3 0 0
3 1 0
3 2 0
3 3 0
4 0 0
5 0 0
6 0 0
7 0 0
8 0 0
9 0 0
10 0 0
11 0 0
12 0 0
17356219452832 17356219452833
17529781647360 17529781647361
17705079463834 17705079463835
17882130258472 17882130258473
18060951561057 18060951561058
18241561076667 18241561076668
18423976687434 18423976687435
18608216454308 18608216454309
18794298618852 18794298618853
18982241605040 18982241605041
19172064021090 19172064021091
19363784661301 19363784661302
19557422507914 19557422507915
19752996732994 19752996732995
19950526700323 19950526700324
20150031967327 20150031967328
20351532287000 20351532287001
20555047609870 20555047609871
20760598085969 20760598085970
20968204066828 20968204066829
21177886107497 21177886107498
21389664968572 21389664968573
21603561618257 21603561618258
21819597234440 21819597234441
22037793206784 22037793206785
22258171138852 22258171138853
22480752850241 22480752850242
22705560378743 22705560378744
22932615982531 22932615982532
23161942142356 23161942142357
23393561563779 23393561563780
23627497179417 23627497179418
23863772151211 23863772151212
24102409872724 24102409872725
24343433971451 24343433971452
24586868311165 24586868311166
24832736994277 24832736994278
25081064364220 25081064364221
25331875007862 25331875007863
25585193757941 25585193757942
25841045695520 25841045695521
26099456152475 26099456152476
26360450714000 26360450714001
26624055221140 26624055221141
26890295773351 26890295773352
27159198731085 27159198731086
27430790718396 27430790718397
27705098625580 27705098625581
27982149611835 27982149611836
28261971107954 28261971107955
28544590819033 28544590819034
28830036727224 28830036727225
29118337094496 29118337094497
29409520465441 29409520465442
29703615670095 29703615670096
30000651826796 30000651826797
30300658345064 30300658345065
30603664928515 30603664928516
30909701577800 30909701577801
31218798593578 31218798593579
31530986579514 31530986579515
31846296445309 31846296445310
32164759409762 32164759409763
32486407003860 32486407003861
32811271073898 32811271073899
33139383784637 33139383784638
33470777622484 33470777622485
33805485398709 33805485398710
34143540252696 34143540252697
34484975655223 34484975655224
34829825411775 34829825411776
35178123665893 35178123665894
35529904902551 35529904902552
35885203951577 35885203951578
36244055991093 36244055991094
36606496551004 36606496551005
36972561516514 36972561516515
37342287131679 37342287131680
37715710002996 37715710002997
38092867103026 38092867103027
38473795774056 38473795774057
38858533731796 38858533731797
39247119069114 39247119069115
39639590259806 39639590259807
40035986162404 40035986162405
40436346024028 40436346024029
40840709484268 40840709484269
41249116579111 41249116579112
41661607744902 41661607744903
42078223822351 42078223822352
42499006060574 42499006060575
42923996121180 42923996121181
43353236082392 43353236082393
43786768443216 43786768443217
44224636127648 44224636127649
44666882488924 44666882488925
45113551313814 45113551313815
45564686826952 45564686826953
46020333695221 46020333695222
46480537032174 46480537032175
46945342402495 46945342402496
47414795826520 47414795826521
47888943784785 47888943784786
48367833222633 48367833222634
48851511554860 48851511554861
49340026670408 49340026670409
49833426937112 49833426937113
50331761206483 50331761206484
50835078818548 50835078818549
51343429606734 51343429606735
51856863902801 51856863902802
52375432541829 52375432541830
52899186867247 52899186867248
53428178735920 53428178735921
53962460523279 53962460523280
54502085128512 54502085128513
55047105979797 55047105979798
55597577039595 55597577039596
56153552809991 56153552809992
56715088338091 56715088338092
57282239221472 57282239221473
57855061613687 57855061613688
58433612229823 58433612229824
59017948352122 59017948352123
59608127835643 59608127835644
60204209113999 60204209114000
60806251205139 60806251205140
61414313717191 61414313717192
62028456854363 62028456854364
62648741422906 62648741422907
63275228837135 63275228837136
63907981125507 63907981125508
64547060936762 64547060936763
65192531546129 65192531546130
65844456861591 65844456861592
66502901430207 66502901430208
67167930444509 67167930444510
67839609748954 67839609748955
68518005846443 68518005846444
69203185904908 69203185904909
69895217763957 69895217763958
70594169941596 70594169941597
71300111641012 71300111641013
72013112757422 72013112757423
72733243884997 72733243884998
73460576323847 73460576323848
74195182087085 74195182087086
74937133907956 74937133907957
75686505247036 75686505247037
76443370299506 76443370299507
77207804002501 77207804002502
77979882042526 77979882042527
78759680862951 78759680862952
79547277671581 79547277671582
80342750448297 80342750448298
81146177952780 81146177952781
81957639732307 81957639732308
82777216129630 82777216129631
83604988290927 83604988290928
84441038173836 84441038173837
85285448555574 85285448555575
86138303041130 86138303041131
86999686071541 86999686071542
87869682932257 87869682932258
88748379761579 88748379761580
89635863559195 89635863559196
90532222194787 90532222194788
91437544416735 91437544416736
92351919860902 92351919860903
93275439059511 93275439059512
94208193450107 94208193450108
95150275384608 95150275384609
96101778138454 96101778138455
97062795919838 97062795919839
98033423879037 98033423879038
99013758117827 99013758117828
100003895699005 100003895699006
101003934655995 101003934655996
102013974002555 102013974002556
103034113742581 103034113742582
104064454880007 104064454880008
105105099428807 105105099428808
106156150423095 106156150423096
107217711927326 107217711927327
108289889046599 108289889046600
109372787937065 109372787937066
110466515816436 110466515816437
111571180974600 111571180974601
112686892784346 112686892784347
113813761712190 113813761712191
114951899329311 114951899329312
116101418322605 116101418322606
117262432505831 117262432505832
118435056830889 118435056830890
119619407399198 119619407399199
120815601473190 120815601473191
122023757487922 122023757487923
123243995062801 123243995062802
124476435013429 124476435013430
125721199363563 125721199363564
126978411357199 126978411357200
128248195470771 128248195470772
129530677425479 129530677425480
130825984199733 130825984199734
132134244041731 132134244041732
133455586482148 133455586482149
134790142346970 134790142346971
136138043770439 136138043770440
137499424208144 137499424208145
138874418450225 138874418450226
140263162634727 140263162634728
141665794261075 141665794261076
143082452203685 143082452203686
144513276725722 144513276725723
145958409492979 145958409492980
147417993587909 147417993587910
148892173523788 148892173523789
150381095259026 150381095259027
151884906211617 151884906211618
153403755273733 153403755273734
154937792826470 154937792826471
156487170754735 156487170754736
158052042462282 158052042462283
159632562886905 159632562886906
161228888515774 161228888515775
162841177400932 162841177400933
164469589174941 164469589174942
166114285066690 166114285066691
167775427917357 167775427917358
169453182196531 169453182196532
171147714018496 171147714018497
172859191158681 172859191158682
174587783070268 174587783070269
176333660900971 176333660900972
178096997509980 178096997509981
179877967485080 179877967485081
181676747159931 181676747159932
183493514631530 183493514631531
185328449777846 185328449777847
187181734275624 187181734275625
189053551618380 189053551618381
190944087134564 190944087134565
192853528005910 192853528005911
194782063285969 194782063285970
196729883918829 196729883918830
198697182758017 198697182758018
200684154585597 200684154585598
202690996131453 202690996131454
204717906092768 204717906092769
206765085153695 206765085153696
208832736005232 208832736005233
210921063365285 210921063365286
213030273998937 213030273998938
215160576738927 215160576738928
217312182506316 217312182506317
219485304331379 219485304331380
221680157374693 221680157374694
223896958948440 223896958948441
226135928537924 226135928537925
228397287823304 228397287823305
230681260701537 230681260701538
232988073308552 232988073308553
235317954041638 235317954041639
237671133582054 237671133582055
240047844917875 240047844917876
242448323367053 242448323367054
244872806600724 244872806600725
247321534666731 247321534666732
249794750013398 249794750013399
252292697513532 252292697513533
254815624488668 254815624488669
257363780733554 257363780733555
259937418540890 259937418540891
262536792726299 262536792726300
265162160653562 265162160653563
267813782260097 267813782260098
270491920082698 270491920082699
273196839283525 273196839283526
275928807676361 275928807676362
278688095753124 278688095753125
281474976710656 281474976710656
284289726477762 284289726477763
287132623742540 287132623742541
290003949979965 290003949979966
292903989479765 292903989479766
295833029374562 295833029374563
298791359668308 298791359668309
301779273264991 301779273264992
304797065997641 304797065997642
307845036657617 307845036657618
310923487024194 310923487024195
314032721894436 314032721894437
317173049113380 317173049113381
320344779604514 320344779604515
323548227400559 323548227400560
326783709674564 326783709674565
330051546771310 330051546771311
333352062239023 333352062239024
336685582861413 336685582861414
340052438690028 340052438690029
343452963076928 343452963076929
346887492707697 346887492707698
350356367634774 350356367634775
353859931311122 353859931311123
357398530624233 357398530624234
360972515930475 360972515930476
364582241089780 364582241089781
368228063500678 368228063500679
371910344135685 371910344135686
375629447577042 375629447577043
379385742052812 379385742052813
383179599473340 383179599473341
387011395468074 387011395468075
390881509422754 390881509422755
394790324516982 394790324516983
398738227762152 398738227762153
402725610039773 402725610039774
406752866140171 406752866140172
410820394801573 410820394801574
414928598749588 414928598749589
419077884737084 419077884737085
423268663584455 423268663584456
427501350220300 427501350220301
431776363722503 431776363722504
436094127359728 436094127359729
440455068633325 440455068633326
444859619319658 444859619319659
449308215512855 449308215512856
453801297667983 453801297667984
458339310644663 458339310644664
462922703751110 462922703751111
467551930788621 467551930788622
472227450096507 472227450096508
476949724597472 476949724597473
481719221843447 481719221843448
486536414061882 486536414061883
491401778202500 491401778202501
496315795984525 496315795984526
501278953944371 501278953944372
506291743483814 506291743483815
511354660918652 511354660918653
516468207527839 516468207527840
521632889603117 521632889603118
526849218499149 526849218499150
532117710684140 532117710684141
537438887790981 537438887790982
542813276668891 542813276668892
548241409435580 548241409435581
553723823529936 553723823529937
559261061765235 559261061765236
564853672382888 564853672382889
570502209106717 570502209106718
576207231197784 576207231197785
581969303509762 581969303509763
587788996544859 587788996544860
593666886510308 593666886510309
599603555375411 599603555375412
605599590929165 605599590929166
611655586838457 611655586838458
617772142706841 617772142706842
623949864133910 623949864133911
630189362775249 630189362775250
636491256403001 636491256403002
642856168967031 642856168967032
649284730656702 649284730656703
655777577963269 655777577963270
662335353742901 662335353742902
668958707280330 668958707280331
675648294353134 675648294353135
682404777296665 682404777296666
689228825069632 689228825069633
696121113320328 696121113320329
703082324453531 703082324453532
710113147698067 710113147698068
717214279175047 717214279175048
724386421966798 724386421966799
731630286186466 731630286186467
738946589048330 738946589048331
746336054938814 746336054938815
753799415488202 753799415488203
761337409643084 761337409643085
768950783739515 768950783739516
776640291576910 776640291576911
784406694492679 784406694492680
792250761437606 792250761437607
800173269051982 800173269051983
808175001742502 808175001742503
816256751759927 816256751759928
824419319277526 824419319277527
832663512470301 832663512470302
840990147595004 840990147595005
849400049070954 849400049070955
857894049561664 857894049561665
866472990057280 866472990057281
875137719957853 875137719957854
883889097157432 883889097157433
892727988129006 892727988129007
901655268010296 901655268010297
910671820690399 910671820690400
919778538897303 919778538897304
928976324286276 928976324286277
938266087529139 938266087529140
947648748404430 947648748404431
957125235888475 957125235888476
966696488247359 966696488247360
976363453129833 976363453129834
986127087661131 986127087661132
995988358537743 995988358537744
1005948242123120 1005948242123121
1016007724544351 1016007724544352
1026167801789795 1026167801789796
1036429479807693 1036429479807694
1046793774605770 1046793774605771
1057261712351827 1057261712351828
1067834329475346 1067834329475347
1078512672770099 1078512672770100
1089297799497800 1089297799497801
1100190777492778 1100190777492779
1111192685267706 1111192685267707
1122304612120383 1122304612120384
1133527658241587 1133527658241588
1144862934824003 1144862934824004
1156311564172243 1156311564172244
1167874679813965 1167874679813966
1179553426612105 1179553426612106
1191348960878226 1191348960878227
1203262450487008 1203262450487009
1215295074991878 1215295074991879
1227448025741797 1227448025741798
1239722505999215 1239722505999216
1252119731059207 1252119731059208
1264640928369799 1264640928369800
1277287337653497 1277287337653498
1290060211030032 1290060211030033
1302960813140332 1302960813140333
1315990421271736 1315990421271737
1329150325484453 1329150325484454
1342441828739298 1342441828739299
1355866247026691 1355866247026692
1369424909496958 1369424909496959
1383119158591927 1383119158591928
1396950350177846 1396950350177847
1410919853679625 1410919853679626
1425029052216421 1425029052216422
1439279342738585 1439279342738586
1453672136165971 1453672136165972
1468208857527631 1468208857527632
1482890946102907 1482890946102908
1497719855563936 1497719855563937
1512697054119576 1512697054119577
1527824024660771 1527824024660772
1543102264907379 1543102264907380
1558533287556453 1558533287556454
1574118620432018 1574118620432019
1589859806636338 1589859806636339
1605758404702701 1605758404702702
1621815988749728 1621815988749729
1638034148637225 1638034148637226
1654414490123598 1654414490123599
1670958635024834 1670958635024835
1687668221375082 1687668221375083
1704544903588833 1704544903588834
1721590352624721 1721590352624722
1738806256150968 1738806256150969
1756194318712478 1756194318712479
1773756261899603 1773756261899604
1791493824518599 1791493824518600
1809408762763785 1809408762763786
1827502850391423 1827502850391424
1845777878895337 1845777878895338
1864235657684290 1864235657684291
1882878014261133 1882878014261134
1901706794403745 1901706794403746
1920723862347782 1920723862347783
1939931100971260 1939931100971261
1959330411980972 1959330411980973
1978923716100782 1978923716100783
1998712953261790 1998712953261791
2018700082794408 2018700082794409
2038887083622352 2038887083622353
2059275954458576 2059275954458577
2079868714003161 2079868714003162
2100667401143193 2100667401143194
2121674075154625 2121674075154626
2142890815906171 2142890815906172
2164319724065233 2164319724065234
2185962921305885 2185962921305886
2207822550518944 2207822550518945
2229900776024133 2229900776024134
2252199783784375 2252199783784376
2274721781622219 2274721781622220
2297468999438441 2297468999438442
2320443689432825 2320443689432826
2343648126327153 2343648126327154
2367084607590425 2367084607590426
2390755453666329 2390755453666330
2414663008202992 2414663008202993
2438809638285022 2438809638285023
2463197734667873 2463197734667874
2487829712014551 2487829712014552
2512708009134697 2512708009134698
2537835089226044 2537835089226045
2563213440118304 2563213440118305
2588845574519487 2588845574519488
2614734030264682 2614734030264683
2640881370567329 2640881370567330
2667290184273002 2667290184273003
2693963086115732 2693963086115733
2720902716976890 2720902716976891
2748111744146659 2748111744146660
2775592861588125 2775592861588126
2803348790204006 2803348790204007
2831382278106047 2831382278106048
2859696100887107 2859696100887108
2888293061895978 2888293061895979
2917175992514938 2917175992514939
2946347752440087 2946347752440088
2975811229964488 2975811229964489
3005569342264133 3005569342264134
3035625035686774 3035625035686775
3065981286043642 3065981286043643
3096641098904079 3096641098904080
3127607509893119 3127607509893120
3158883584992051 3158883584992052
3190472420841971 3190472420841972
3222377145050391 3222377145050392
3254600916500895 3254600916500896
3287146925665904 3287146925665905
3320018394922563 3320018394922564
3353218578871788 3353218578871789
3386750764660506 3386750764660507
3420618272307111 3420618272307112
3454824455030182 3454824455030183
3489372699580484 3489372699580485
3524266426576289 3524266426576290
3559509090842052 3559509090842053
3595104181750472 3595104181750473
3631055223567977 3631055223567978
3667365775803657 3667365775803658
3704039433561694 3704039433561695
3741079827897310 3741079827897311
3778490626176284 3778490626176285
3816275532438046 3816275532438047
3854438287762427 3854438287762428
3892982670640051 3892982670640052
3931912497346452 3931912497346453
3971231622319916 3971231622319917
4010943938543115 4010943938543116
4051053377928547 4051053377928548
4091563911707832 4091563911707833
4132479550824910 4132479550824911
4173804346333159 4173804346333160
4215542389796491 4215542389796492
4257697813694456 4257697813694457
4300274791831401 4300274791831402
4343277539749715 4343277539749716
4386710315147212 4386710315147213
4430577418298684 4430577418298685
4474883192481671 4474883192481672
4519632024406487 4519632024406488
4564828344650552 4564828344650553
4610476628097058 4610476628097059
153387297090227 153580904074869
0 106504045241869 110142382191127 0 19
173961102589770 173961102589771
74565835588752 74565835588753
218101384884806 218101384884807
158590695246746 158590695246747
101437842339644 101437842339645
124276392647921 124276392647922
86212142134126 86212142134127
180037134371011 180037134371012
195262834576529 195262834576530
206909141121903 206909141121904
215477122949499 215477122949500
109804156786616 109804156786617
115286852675876 115286852675877
119249876382091 119249876382092
122046809351175 122046809351176
78989958391076 78989958391077
81788019331802 81788019331803
83762851039411 83762851039412
85133254278538 85133254278539
0 0 1 281474976710656 281474976710656 0 281474976710656 0 281474976710656 1 2
39 0 2 107513874120885 107513874120886 0 281474976710656 0 281474976710656 3 2
16 0 0 47726749010666 47932338376012 0 281474976710656 0 281474976710656 4 5
17 0 0 26830231869386 27003822128644 0 281474976710656 0 281474976710656 1 6
32 0 3 41066645652000 41066645652001 0 281474976710656 0 281474976710656 3 7
5 0 0 20140496919907 20175261497660 0 281474976710656 0 281474976710656 8 9
47 0 0 11923143904795 11954835988933 0 281474976710656 0 281474976710656 10 2
33 0 0 18229995949539 18308524099376 0 281474976710656 0 281474976710656 4 11
6 0 0 8205176254115 8234470370356 0 281474976710656 0 281474976710656 12 13
7 0 0 4644782795429 4659638095870 0 281474976710656 0 281474976710656 14 5
34 0 0 10248236648064 10314542226986 0 281474976710656 0 281474976710656 1 15
8 0 0 4421393928548 4448199357057 0 281474976710656 0 281474976710656 16 17
9 0 0 2450751353590 2465121541545 0 281474976710656 0 281474976710656 18 6
154475275273366 154563126128726
0 117707717533547 119413626483309 0 19
173961102589770 173961102589771
74565835588752 74565835588753
218101384884806 218101384884807
158590695246746 158590695246747
101437842339644 101437842339645
124276392647921 124276392647922
86212142134126 86212142134127
180037134371011 180037134371012
195262834576529 195262834576530
206909141121903 206909141121904
215477122949499 215477122949500
109804156786616 109804156786617
115286852675876 115286852675877
119249876382091 119249876382092
122046809351175 122046809351176
78989958391076 78989958391077
81788019331802 81788019331803
83762851039411 83762851039412
85133254278538 85133254278539
1 0 1 281474976710656 281474976710656 0 281474976710656 0 281474976710656 1 2
41 0 2 107513874120885 107513874120886 0 281474976710656 0 281474976710656 3 2
21 0 0 48355607805697 48450271362205 0 281474976710656 0 281474976710656 4 5
22 0 0 27362978084358 27443628992045 0 281474976710656 0 281474976710656 1 6
32 0 3 41066645652000 41066645652001 0 281474976710656 0 281474976710656 3 7
5 0 0 20054288621640 20069900393505 0 281474976710656 0 281474976710656 8 9
47 0 0 11844745232261 11858922614998 0 281474976710656 0 281474976710656 10 2
33 0 0 18470198635116 18506356896207 0 281474976710656 0 281474976710656 4 11
6 0 0 8294680069320 8308127291707 0 281474976710656 0 281474976710656 12 13
7 0 0 4690145077657 4696953758537 0 281474976710656 0 281474976710656 14 5
34 0 0 10451727594806 10482533500319 0 281474976710656 0 281474976710656 1 15
8 0 0 4503607944191 4516040817960 0 281474976710656 0 281474976710656 16 17
9 0 0 2494812184149 2501471842085 0 281474976710656 0 281474976710656 18 6
151424836339932 151473818422518
0 82999031594167 83843610084026 0 19
173961102589770 173961102589771
74565835588752 74565835588753
218101384884806 218101384884807
158590695246746 158590695246747
101437842339644 101437842339645
124276392647921 124276392647922
86212142134126 86212142134127
180037134371011 180037134371012
195262834576529 195262834576530
206909141121903 206909141121904
215477122949499 215477122949500
109804156786616 109804156786617
115286852675876 115286852675877
119249876382091 119249876382092
122046809351175 122046809351176
78989958391076 78989958391077
81788019331802 81788019331803
83762851039411 83762851039412
85133254278538 85133254278539
2 0 1 281474976710656 281474976710656 0 281474976710656 0 281474976710656 1 2
42 0 2 107513874120885 107513874120886 0 281474976710656 0 281474976710656 3 2
23 0 0 46365910887253 46415808373125 0 281474976710656 0 281474976710656 4 5
24 0 0 25695252516088 25736439610934 0 281474976710656 0 281474976710656 1 6
35 0 3 41066645652000 41066645652001 0 281474976710656 0 281474976710656 3 7
10 0 0 20404572966010 20413571615893 0 281474976710656 0 281474976710656 8 9
48 0 0 12164990979163 12173277303990 0 281474976710656 0 281474976710656 10 2
36 0 0 17710202039581 17729261183232 0 281474976710656 0 281474976710656 4 11
11 0 0 8010451514546 8017616855154 0 281474976710656 0 281474976710656 12 13
12 0 0 4545824986836 4549472912900 0 281474976710656 0 281474976710656 14 5
37 0 0 9814713111634 9830445181968 0 281474976710656 0 281474976710656 1 15
13 0 0 4245727978934 4252115100044 0 281474976710656 0 281474976710656 16 17
14 0 0 2356471722851 2359902943702 0 281474976710656 0 281474976710656 18 6
155005600964046 155055545940878
0 123386291160835 124372664127965 0 19
173961102589770 173961102589771
74565835588752 74565835588753
218101384884806 218101384884807
158590695246746 158590695246747
101437842339644 101437842339645
124276392647921 124276392647922
86212142134126 86212142134127
180037134371011 180037134371012
195262834576529 195262834576530
206909141121903 206909141121904
215477122949499 215477122949500
109804156786616 109804156786617
115286852675876 115286852675877
119249876382091 119249876382092
122046809351175 122046809351176
78989958391076 78989958391077
81788019331802 81788019331803
83762851039411 83762851039412
85133254278538 85133254278539
3 0 1 281474976710656 281474976710656 0 281474976710656 0 281474976710656 1 2
44 0 2 107513874120885 107513874120886 0 281474976710656 0 281474976710656 3 2
26 0 0 48669620396302 48723845236131 0 281474976710656 0 281474976710656 4 5
27 0 0 27630968198179 27677379041265 0 281474976710656 0 281474976710656 1 6
32 0 3 41066645652000 41066645652001 0 281474976710656 0 281474976710656 3 7
5 0 0 20009528487665 20018358472864 0 281474976710656 0 281474976710656 8 9
47 0 0 11804146859690 11812150059448 0 281474976710656 0 281474976710656 10 2
33 0 0 18590140771832 18610852817613 0 281474976710656 0 281474976710656 4 11
6 0 0 8339260438167 8346951214694 0 281474976710656 0 281474976710656 12 13
7 0 0 4712710660331 4716601641921 0 281474976710656 0 281474976710656 14 5
34 0 0 10554090709637 10571818074250 0 281474976710656 0 281474976710656 1 15
8 0 0 4544907019659 4552055359438 0 281474976710656 0 281474976710656 16 17
9 0 0 2516930497503 2520757878309 0 281474976710656 0 281474976710656 18 6
151699323857204 151726663580036
0 85782850045152 86258460604879 0 19
173961102589770 173961102589771
74565835588752 74565835588753
218101384884806 218101384884807
158590695246746 158590695246747
101437842339644 101437842339645
124276392647921 124276392647922
86212142134126 86212142134127
180037134371011 180037134371012
195262834576529 195262834576530
206909141121903 206909141121904
215477122949499 215477122949500
109804156786616 109804156786617
115286852675876 115286852675877
119249876382091 119249876382092
122046809351175 122046809351176
78989958391076 78989958391077
81788019331802 81788019331803
83762851039411 83762851039412
85133254278538 85133254278539
4 0 1 281474976710656 281474976710656 0 281474976710656 0 281474976710656 1 2
45 0 2 107513874120885 107513874120886 0 281474976710656 0 281474976710656 3 2
28 0 0 46530091467917 46558059259244 0 281474976710656 0 281474976710656 4 5
29 0 0 25830895309416 25854036860158 0 281474976710656 0 281474976710656 1 6
35 0 3 41066645652000 41066645652001 0 281474976710656 0 281474976710656 3 7
10 0 0 20379030964664 20384039713847 0 281474976710656 0 281474976710656 8 9
48 0 0 12141487106545 12146094288243 0 281474976710656 0 281474976710656 10 2
36 0 0 17772913441103 17783596186800 0 281474976710656 0 281474976710656 4 11
11 0 0 8034020704727 8038033561461 0 281474976710656 0 281474976710656 12 13
12 0 0 4557822336684 4559864446727 0 281474976710656 0 281474976710656 14 5
37 0 0 9866524048356 9875363334188 0 281474976710656 0 281474976710656 1 15
13 0 0 4266759335289 4270346403696 0 281474976710656 0 281474976710656 16 17
14 0 0 2367769027171 2369695605931 0 281474976710656 0 281474976710656 18 6
153165159810030 153257175431108
0 102846626105816 104547848492530 0 19
173961102589770 173961102589771
74565835588752 74565835588753
218101384884806 218101384884807
158590695246746 158590695246747
101437842339644 101437842339645
124276392647921 124276392647922
86212142134126 86212142134127
180037134371011 180037134371012
195262834576529 195262834576530
206909141121903 206909141121904
215477122949499 215477122949500
109804156786616 109804156786617
115286852675876 115286852675877
119249876382091 119249876382092
122046809351175 122046809351176
78989958391076 78989958391077
81788019331802 81788019331803
83762851039411 83762851039412
85133254278538 85133254278539
5 0 1 281474976710656 281474976710656 0 281474976710656 0 281474976710656 1 2
39 0 2 107513874120885 107513874120886 0 281474976710656 0 281474976710656 3 2
16 0 0 47518737023805 47615660720220 0 281474976710656 0 281474976710656 4 5
17 0 0 26655165397344 26736666876603 0 281474976710656 0 281474976710656 1 6
32 0 3 41066645652000 41066645652001 0 281474976710656 0 281474976710656 3 7
5 0 0 20194177564411 20210757690442 0 281474976710656 0 281474976710656 8 9
47 0 0 11972098830283 11987240661455 0 281474976710656 0 281474976710656 10 2
33 0 0 18150542440625 18187563998341 0 281474976710656 0 281474976710656 4 11
6 0 0 8175504032812 8189334003498 0 281474976710656 0 281474976710656 12 13
7 0 0 4629727323710 4636745608502 0 281474976710656 0 281474976710656 14 5
34 0 0 10181367206035 10212498000979 0 281474976710656 0 281474976710656 1 15
8 0 0 4394344030545 4406939067485 0 281474976710656 0 281474976710656 16 17
9 0 0 2436245775605 2443000439154 0 281474976710656 0 281474976710656 18 6
154385907179288 154423786454866
0 116108427893145 116838669578009 0 19
173961102589770 173961102589771
74565835588752 74565835588753
218101384884806 218101384884807
158590695246746 158590695246747
101437842339644 101437842339645
124276392647921 124276392647922
86212142134126 86212142134127
180037134371011 180037134371012
195262834576529 195262834576530
206909141121903 206909141121904
215477122949499 215477122949500
109804156786616 109804156786617
115286852675876 115286852675877
119249876382091 119249876382092
122046809351175 122046809351176
78989958391076 78989958391077
81788019331802 81788019331803
83762851039411 83762851039412
85133254278538 85133254278539
6 0 1 281474976710656 281474976710656 0 281474976710656 0 281474976710656 1 2
41 0 2 107513874120885 107513874120886 0 281474976710656 0 281474976710656 3 2
21 0 0 48266601407863 48307273260578 0 281474976710656 0 281474976710656 4 5
22 0 0 27287255832097 27321844348757 0 281474976710656 0 281474976710656 1 6
32 0 3 41066645652000 41066645652001 0 281474976710656 0 281474976710656 3 7
5 0 0 20077896397927 20084637773674 0 281474976710656 0 281474976710656 8 9
47 0 0 11866187400285 11872314103008 0 281474976710656 0 281474976710656 10 2
33 0 0 18436201216360 18451736481712 0 281474976710656 0 281474976710656 4 11
6 0 0 8282030277694 8287811398182 0 281474976710656 0 281474976710656 12 13
7 0 0 4683738578364 4686666622446 0 281474976710656 0 281474976710656 14 5
34 0 0 10422804268147 10436015905891 0 281474976710656 0 281474976710656 1 15
8 0 0 4491931690819 4497265566822 0 281474976710656 0 281474976710656 16 17
9 0 0 2488556980919 2491414544949 0 281474976710656 0 281474976710656 18 6
151379871180097 151401141243964
0 82200656915501 82565993168460 0 19
173961102589770 173961102589771
74565835588752 74565835588753
218101384884806 218101384884807
158590695246746 158590695246747
101437842339644 101437842339645
124276392647921 124276392647922
86212142134126 86212142134127
180037134371011 180037134371012
195262834576529 195262834576530
206909141121903 206909141121904
215477122949499 215477122949500
109804156786616 109804156786617
115286852675876 115286852675877
119249876382091 119249876382092
122046809351175 122046809351176
78989958391076 78989958391077
81788019331802 81788019331803
83762851039411 83762851039412
85133254278538 85133254278539
7 0 1 281474976710656 281474976710656 0 281474976710656 0 281474976710656 1 2
42 0 2 107513874120885 107513874120886 0 281474976710656 0 281474976710656 3 2
23 0 0 46318673249371 46340297627038 0 281474976710656 0 281474976710656 4 5
24 0 0 25656290889856 25674123073862 0 281474976710656 0 281474976710656 1 6
35 0 3 41066645652000 41066645652001 0 281474976710656 0 281474976710656 3 7
10 0 0 20418198741877 20422109476063 0 281474976710656 0 281474976710656 8 9
48 0 0 12177539312327 12181142073185 0 281474976710656 0 281474976710656 10 2
36 0 0 17692158867459 17700418644743 0 281474976710656 0 281474976710656 4 11
11 0 0 8003666333164 8006772660865 0 281474976710656 0 281474976710656 12 13
12 0 0 4542370138637 4543951860657 0 281474976710656 0 281474976710656 14 5
37 0 0 9799831094670 9806642382868 0 281474976710656 0 281474976710656 1 15
13 0 0 4239685106086 4242450948114 0 281474976710656 0 281474976710656 16 17
14 0 0 2353225206851 2354711175086 0 281474976710656 0 281474976710656 18 6
154957859497054 154978388640871
0 122493739864822 122897525042681 0 19
173961102589770 173961102589771
74565835588752 74565835588753
218101384884806 218101384884807
158590695246746 158590695246747
101437842339644 101437842339645
124276392647921 124276392647922
86212142134126 86212142134127
180037134371011 180037134371012
195262834576529 195262834576530
206909141121903 206909141121904
215477122949499 215477122949500
109804156786616 109804156786617
115286852675876 115286852675877
119249876382091 119249876382092
122046809351175 122046809351176
78989958391076 78989958391077
81788019331802 81788019331803
83762851039411 83762851039412
85133254278538 85133254278539
8 0 1 281474976710656 281474976710656 0 281474976710656 0 281474976710656 1 2
44 0 2 107513874120885 107513874120886 0 281474976710656 0 281474976710656 3 2
26 0 0 48620472133927 48642716094571 0 281474976710656 0 281474976710656 4 5
27 0 0 27588936336300 27607955493943 0 281474976710656 0 281474976710656 1 6
32 0 3 41066645652000 41066645652001 0 281474976710656 0 281474976710656 3 7
5 0 0 20022747227935 20026379608268 0 281474976710656 0 281474976710656 8 9
47 0 0 11816128935206 11819422607163 0 281474976710656 0 281474976710656 10 2
33 0 0 18571367806093 18579864243015 0 281474976710656 0 281474976710656 4 11
6 0 0 8332287767396 8335443746437 0 281474976710656 0 281474976710656 12 13
7 0 0 4709182501746 4710779478732 0 281474976710656 0 281474976710656 14 5
34 0 0 10538035967009 10545300638792 0 281474976710656 0 281474976710656 1 15
8 0 0 4538432156466 4541362108356 0 281474976710656 0 281474976710656 16 17
9 0 0 2513463452885 2515032361847 0 281474976710656 0 281474976710656 18 6
151676169123920 151687450618222
0 85350476809037 85546316451278 0 19
173961102589770 173961102589771
74565835588752 74565835588753
218101384884806 218101384884807
158590695246746 158590695246747
101437842339644 101437842339645
124276392647921 124276392647922
86212142134126 86212142134127
180037134371011 180037134371012
195262834576529 195262834576530
206909141121903 206909141121904
215477122949499 215477122949500
109804156786616 109804156786617
115286852675876 115286852675877
119249876382091 119249876382092
122046809351175 122046809351176
78989958391076 78989958391077
81788019331802 81788019331803
83762851039411 83762851039412
85133254278538 85133254278539
9 0 1 281474976710656 281474976710656 0 281474976710656 0 281474976710656 1 2
45 0 2 107513874120885 107513874120886 0 281474976710656 0 281474976710656 3 2
28 0 0 46504645430722 46516173441117 0 281474976710656 0 281474976710656 4 5
29 0 0 25809849231658 25819382846682 0 281474976710656 0 281474976710656 1 6
35 0 3 41066645652000 41066645652001 0 281474976710656 0 281474976710656 3 7
10 0 0 20386534663932 20388602373938 0 281474976710656 0 281474976710656 8 9
48 0 0 12148389554784 12150291949113 0 281474976710656 0 281474976710656 10 2
36 0 0 17763193919773 17767597227922 0 281474976710656 0 281474976710656 4 11
11 0 0 8030369141614 8032023499538 0 281474976710656 0 281474976710656 12 13
12 0 0 4555963949137 4556805916560 0 281474976710656 0 281474976710656 14 5
37 0 0 9858485161983 9862126678887 0 281474976710656 0 281474976710656 1 15
13 0 0 4263496819127 4264974729342 0 281474976710656 0 281474976710656 16 17
14 0 0 2366016694398 2366810503988 0 281474976710656 0 281474976710656 18 6
153024121677679 153077747585316
0 100826857329190 101810097959174 0 19
173961102589770 173961102589771
74565835588752 74565835588753
218101384884806 218101384884807
158590695246746 158590695246747
101437842339644 101437842339645
124276392647921 124276392647922
86212142134126 86212142134127
180037134371011 180037134371012
195262834576529 195262834576530
206909141121903 206909141121904
215477122949499 215477122949500
109804156786616 109804156786617
115286852675876 115286852675877
119249876382091 119249876382092
122046809351175 122046809351176
78989958391076 78989958391077
81788019331802 81788019331803
83762851039411 83762851039412
85133254278538 85133254278539
10 0 1 281474976710656 281474976710656 0 281474976710656 0 281474976710656 1 2
39 0 2 107513874120885 107513874120886 0 281474976710656 0 281474976710656 3 2
16 0 0 47403282767395 47459538799154 0 281474976710656 0 281474976710656 4 5
17 0 0 26558243788549 26605447658752 0 281474976710656 0 281474976710656 1 6
32 0 3 41066645652000 41066645652001 0 281474976710656 0 281474976710656 3 7
5 0 0 20220919413219 20230600848553 0 281474976710656 0 281474976710656 8 9
47 0 0 11996525850746 12005375701085 0 281474976710656 0 281474976710656 10 2
33 0 0 18106442838822 18127930730883 0 281474976710656 0 281474976710656 4 11
6 0 0 8159020535528 8167053534409 0 281474976710656 0 281474976710656 12 13
7 0 0 4621360041720 4625438046231 0 281474976710656 0 281474976710656 14 5
34 0 0 10144346445720 10162376719737 0 281474976710656 0 281474976710656 1 15
8 0 0 4379361306029 4386659002202 0 281474976710656 0 281474976710656 16 17
9 0 0 2428209372576 2432123863378 0 281474976710656 0 281474976710656 18 6
154329658395211 154350683636177
0 115270704748173 115674647963284 0 19
173961102589770 173961102589771
74565835588752 74565835588753
218101384884806 218101384884807
158590695246746 158590695246747
101437842339644 101437842339645
124276392647921 124276392647922
86212142134126 86212142134127
180037134371011 180037134371012
195262834576529 195262834576530
206909141121903 206909141121904
215477122949499 215477122949500
109804156786616 109804156786617
115286852675876 115286852675877
119249876382091 119249876382092
122046809351175 122046809351176
78989958391076 78989958391077
81788019331802 81788019331803
83762851039411 83762851039412
85133254278538 85133254278539
11 0 1 281474976710656 281474976710656 0 281474976710656 0 281474976710656 1 2
41 0 2 107513874120885 107513874120886 0 281474976710656 0 281474976710656 3 2
21 0 0 48219878529180 48242416555134 0 281474976710656 0 281474976710656 4 5
22 0 0 27247548523298 27266698775401 0 281474976710656 0 281474976710656 1 6
32 0 3 41066645652000 41066645652001 0 281474976710656 0 281474976710656 3 7
5 0 0 20088652075969 20092396834040 0 281474976710656 0 281474976710656 8 9
47 0 0 11875963172507 11879367752013 0 281474976710656 0 281474976710656 10 2
33 0 0 18418354664755 18426963424631 0 281474976710656 0 281474976710656 4 11
6 0 0 8275387513661 8278592034577 0 281474976710656 0 281474976710656 12 13
7 0 0 4680373730693 4681997012076 0 281474976710656 0 281474976710656 14 5
34 0 0 10407637425787 10414952171198 0 281474976710656 0 281474976710656 1 15
8 0 0 4485807658842 4488761295009 0 281474976710656 0 281474976710656 16 17
9 0 0 2485275892928 2486858397601 0 281474976710656 0 281474976710656 18 6
151350962110458 151362809096865
0 81779891882150 81983002925434 0 19
173961102589770 173961102589771
74565835588752 74565835588753
218101384884806 218101384884807
158590695246746 158590695246747
101437842339644 101437842339645
124276392647921 124276392647922
86212142134126 86212142134127
180037134371011 180037134371012
195262834576529 195262834576530
206909141121903 206909141121904
215477122949499 215477122949500
109804156786616 109804156786617
115286852675876 115286852675877
119249876382091 119249876382092
122046809351175 122046809351176
78989958391076 78989958391077
81788019331802 81788019331803
83762851039411 83762851039412
85133254278538 85133254278539
12 0 1 281474976710656 281474976710656 0 281474976710656 0 281474976710656 1 2
42 0 2 107513874120885 107513874120886 0 281474976710656 0 281474976710656 3 2
23 0 0 46293750371849 46305783464837 0 281474976710656 0 281474976710656 4 5
24 0 0 25635746218318 25645664444486 0 281474976710656 0 281474976710656 1 6
35 0 3 41066645652000 41066645652001 0 281474976710656 0 281474976710656 3 7
10 0 0 20424442410922 20426621532665 0 281474976710656 0 281474976710656 8 9
48 0 0 12183291556043 12185299502188 0 281474976710656 0 281474976710656 10 2
36 0 0 17682639175343 17687235407875 0 281474976710656 0 281474976710656 4 11
11 0 0 8000085723067 8001814549558 0 281474976710656 0 281474976710656 12 13
12 0 0 4540546797663 4541427177352 0 281474976710656 0 281474976710656 14 5
37 0 0 9791983728431 9795772153719 0 281474976710656 0 281474976710656 1 15
13 0 0 4236498327170 4238036818386 0 281474976710656 0 281474976710656 16 17
14 0 0 2351513029529 2352339630448 0 281474976710656 0 281474976710656 18 6
154927826043929 154938966077326
0 122038101790634 122256808066245 0 19
173961102589770 173961102589771
74565835588752 74565835588753
218101384884806 218101384884807
158590695246746 158590695246747
101437842339644 101437842339645
124276392647921 124276392647922
86212142134126 86212142134127
180037134371011 180037134371012
195262834576529 195262834576530
206909141121903 206909141121904
215477122949499 215477122949500
109804156786616 109804156786617
115286852675876 115286852675877
119249876382091 119249876382092
122046809351175 122046809351176
78989958391076 78989958391077
81788019331802 81788019331803
83762851039411 83762851039412
85133254278538 85133254278539
13 0 1 281474976710656 281474976710656 0 281474976710656 0 281474976710656 1 2
44 0 2 107513874120885 107513874120886 0 281474976710656 0 281474976710656 3 2
26 0 0 48595352673821 48607412529671 0 281474976710656 0 281474976710656 4 5
27 0 0 27567466500256 27577773119202 0 281474976710656 0 281474976710656 1 6
32 0 3 41066645652000 41066645652001 0 281474976710656 0 281474976710656 3 7
5 0 0 20028513829793 20030485738021 0 281474976710656 0 281474976710656 8 9
47 0 0 11821358043273 11823146431781 0 281474976710656 0 281474976710656 10 2
33 0 0 18561773026111 18566379481147 0 281474976710656 0 281474976710656 4 11
6 0 0 8328723363692 8330434693667 0 281474976710656 0 281474976710656 12 13
7 0 0 4707378741029 4708244771907 0 281474976710656 0 281474976710656 14 5
34 0 0 10529835219374 10533771997502 0 281474976710656 0 281474976710656 1 15
8 0 0 4535124439897 4536712343558 0 281474976710656 0 281474976710656 16 17
9 0 0 2511692200836 2512542516764 0 281474976710656 0 281474976710656 18 6
151661224591659 151667357657566
0 85129017346637 85235380271537 0 19
173961102589770 173961102589771
74565835588752 74565835588753
218101384884806 218101384884807
158590695246746 158590695246747
101437842339644 101437842339645
124276392647921 124276392647922
86212142134126 86212142134127
180037134371011 180037134371012
195262834576529 195262834576530
206909141121903 206909141121904
215477122949499 215477122949500
109804156786616 109804156786617
115286852675876 115286852675877
119249876382091 119249876382092
122046809351175 122046809351176
78989958391076 78989958391077
81788019331802 81788019331803
83762851039411 83762851039412
85133254278538 85133254278539
14 0 1 281474976710656 281474976710656 0 281474976710656 0 281474976710656 1 2
45 0 2 107513874120885 107513874120886 0 281474976710656 0 281474976710656 3 2
28 0 0 46491604426346 46497868430568 0 281474976710656 0 281474976710656 4 5
29 0 0 25799066470679 25804245492268 0 281474976710656 0 281474976710656 1 6
35 0 3 41066645652000 41066645652001 0 281474976710656 0 281474976710656 3 7
10 0 0 20389818429530 20390942767082 0 281474976710656 0 281474976710656 8 9
48 0 0 12151410853246 12152445415197 0 281474976710656 0 281474976710656 10 2
36 0 0 17758212699349 17760605336057 0 281474976710656 0 281474976710656 4 11
11 0 0 8028497532191 8029396541611 0 281474976710656 0 281474976710656 12 13
12 0 0 4555011381646 4555468942474 0 281474976710656 0 281474976710656 14 5
37 0 0 9854366513781 9856344724000 0 281474976710656 0 281474976710656 1 15
13 0 0 4261825204373 4262628098519 0 281474976710656 0 281474976710656 16 17
14 0 0 2365118826973 2365550084257 0 281474976710656 0 281474976710656 18 6
153387297090227 153580904074869
1 106504045241869 110142382191127 0 19
173961102589770 173961102589771
218101384884806 218101384884807
74565835588752 74565835588753
158590695246746 158590695246747
124276392647921 124276392647922
101437842339644 101437842339645
86212142134126 86212142134127
180037134371011 180037134371012
206909141121903 206909141121904
195262834576529 195262834576530
215477122949499 215477122949500
109804156786616 109804156786617
119249876382091 119249876382092
115286852675876 115286852675877
122046809351175 122046809351176
78989958391076 78989958391077
83762851039411 83762851039412
81788019331802 81788019331803
85133254278538 85133254278539
15 0 1 281474976710656 281474976710656 0 281474976710656 0 281474976710656 1 2
31 0 2 107513874120885 107513874120886 0 281474976710656 0 281474976710656 1 3
1 0 0 47726749010666 47932338376012 0 281474976710656 0 281474976710656 4 5
2 0 0 26830231869386 27003822128644 0 281474976710656 0 281474976710656 6 2
40 0 3 41066645652000 41066645652001 0 281474976710656 0 281474976710656 7 3
20 0 0 20140496919907 20175261497660 0 281474976710656 0 281474976710656 8 9
50 0 0 11923143904795 11954835988933 0 281474976710656 0 281474976710656 1 10
41 0 0 18229995949539 18308524099376 0 281474976710656 0 281474976710656 11 5
21 0 0 8205176254115 8234470370356 0 281474976710656 0 281474976710656 12 13
22 0 0 4644782795429 4659638095870 0 281474976710656 0 281474976710656 4 14
42 0 0 10248236648064 10314542226986 0 281474976710656 0 281474976710656 15 2
23 0 0 4421393928548 4448199357057 0 281474976710656 0 281474976710656 16 17
24 0 0 2450751353590 2465121541545 0 281474976710656 0 281474976710656 6 18
154475275273366 154563126128726
1 117707717533547 119413626483309 0 19
173961102589770 173961102589771
218101384884806 218101384884807
74565835588752 74565835588753
158590695246746 158590695246747
124276392647921 124276392647922
101437842339644 101437842339645
86212142134126 86212142134127
180037134371011 180037134371012
206909141121903 206909141121904
195262834576529 195262834576530
215477122949499 215477122949500
109804156786616 109804156786617
119249876382091 119249876382092
115286852675876 115286852675877
122046809351175 122046809351176
78989958391076 78989958391077
83762851039411 83762851039412
81788019331802 81788019331803
85133254278538 85133254278539
16 0 1 281474976710656 281474976710656 0 281474976710656 0 281474976710656 1 2
33 0 2 107513874120885 107513874120886 0 281474976710656 0 281474976710656 1 3
6 0 0 48355607805697 48450271362205 0 281474976710656 0 281474976710656 4 5
7 0 0 27362978084358 27443628992045 0 281474976710656 0 281474976710656 6 2
40 0 3 41066645652000 41066645652001 0 281474976710656 0 281474976710656 7 3
20 0 0 20054288621640 20069900393505 0 281474976710656 0 281474976710656 8 9
50 0 0 11844745232261 11858922614998 0 281474976710656 0 281474976710656 1 10
41 0 0 18470198635116 18506356896207 0 281474976710656 0 281474976710656 11 5
21 0 0 8294680069320 8308127291707 0 281474976710656 0 281474976710656 12 13
22 0 0 4690145077657 4696953758537 0 281474976710656 0 281474976710656 4 14
42 0 0 10451727594806 10482533500319 0 281474976710656 0 281474976710656 15 2
23 0 0 4503607944191 4516040817960 0 281474976710656 0 281474976710656 16 17
24 0 0 2494812184149 2501471842085 0 281474976710656 0 281474976710656 6 18
151424836339932 151473818422518
1 82999031594167 83843610084026 0 19
173961102589770 173961102589771
218101384884806 218101384884807
74565835588752 74565835588753
158590695246746 158590695246747
124276392647921 124276392647922
101437842339644 101437842339645
86212142134126 86212142134127
180037134371011 180037134371012
206909141121903 206909141121904
195262834576529 195262834576530
215477122949499 215477122949500
109804156786616 109804156786617
119249876382091 119249876382092
115286852675876 115286852675877
122046809351175 122046809351176
78989958391076 78989958391077
83762851039411 83762851039412
81788019331802 81788019331803
85133254278538 85133254278539
17 0 1 281474976710656 281474976710656 0 281474976710656 0 281474976710656 1 2
34 0 2 107513874120885 107513874120886 0 281474976710656 0 281474976710656 1 3
8 0 0 46365910887253 46415808373125 0 281474976710656 0 281474976710656 4 5
9 0 0 25695252516088 25736439610934 0 281474976710656 0 281474976710656 6 2
43 0 3 41066645652000 41066645652001 0 281474976710656 0 281474976710656 7 3
25 0 0 20404572966010 20413571615893 0 281474976710656 0 281474976710656 8 9
51 0 0 12164990979163 12173277303990 0 281474976710656 0 281474976710656 1 10
44 0 0 17710202039581 17729261183232 0 281474976710656 0 281474976710656 11 5
26 0 0 8010451514546 8017616855154 0 281474976710656 0 281474976710656 12 13
27 0 0 4545824986836 4549472912900 0 281474976710656 0 281474976710656 4 14
45 0 0 9814713111634 9830445181968 0 281474976710656 0 281474976710656 15 2
28 0 0 4245727978934 4252115100044 0 281474976710656 0 281474976710656 16 17
29 0 0 2356471722851 2359902943702 0 281474976710656 0 281474976710656 6 18
155005600964046 155055545940878
1 123386291160835 124372664127965 0 19
173961102589770 173961102589771
218101384884806 218101384884807
74565835588752 74565835588753
158590695246746 158590695246747
124276392647921 124276392647922
101437842339644 101437842339645
86212142134126 86212142134127
180037134371011 180037134371012
206909141121903 206909141121904
195262834576529 195262834576530
215477122949499 215477122949500
109804156786616 109804156786617
119249876382091 119249876382092
115286852675876 115286852675877
122046809351175 122046809351176
78989958391076 78989958391077
83762851039411 83762851039412
81788019331802 81788019331803
85133254278538 85133254278539
18 0 1 281474976710656 281474976710656 0 281474976710656 0 281474976710656 1 2
36 0 2 107513874120885 107513874120886 0 281474976710656 0 281474976710656 1 3
11 0 0 48669620396302 48723845236131 0 281474976710656 0 281474976710656 4 5
12 0 0 27630968198179 27677379041265 0 281474976710656 0 281474976710656 6 2
40 0 3 41066645652000 41066645652001 0 281474976710656 0 281474976710656 7 3
20 0 0 20009528487665 20018358472864 0 281474976710656 0 281474976710656 8 9
50 0 0 11804146859690 11812150059448 0 281474976710656 0 281474976710656 1 10
41 0 0 18590140771832 18610852817613 0 281474976710656 0 281474976710656 11 5
21 0 0 8339260438167 8346951214694 0 281474976710656 0 281474976710656 12 13
22 0 0 4712710660331 4716601641921 0 281474976710656 0 281474976710656 4 14
42 0 0 10554090709637 10571818074250 0 281474976710656 0 281474976710656 15 2
23 0 0 4544907019659 4552055359438 0 281474976710656 0 281474976710656 16 17
24 0 0 2516930497503 2520757878309 0 281474976710656 0 281474976710656 6 18
151699323857204 151726663580036
1 85782850045152 86258460604879 0 19
173961102589770 173961102589771
218101384884806 218101384884807
74565835588752 74565835588753
158590695246746 158590695246747
124276392647921 124276392647922
101437842339644 101437842339645
86212142134126 86212142134127
180037134371011 180037134371012
206909141121903 206909141121904
195262834576529 195262834576530
215477122949499 215477122949500
109804156786616 109804156786617
119249876382091 119249876382092
115286852675876 115286852675877
122046809351175 122046809351176
78989958391076 78989958391077
83762851039411 83762851039412
81788019331802 81788019331803
85133254278538 85133254278539
19 0 1 281474976710656 281474976710656 0 281474976710656 0 281474976710656 1 2
37 0 2 107513874120885 107513874120886 0 281474976710656 0 281474976710656 1 3
13 0 0 46530091467917 46558059259244 0 281474976710656 0 281474976710656 4 5
14 0 0 25830895309416 25854036860158 0 281474976710656 0 281474976710656 6 2
43 0 3 41066645652000 41066645652001 0 281474976710656 0 281474976710656 7 3
25 0 0 20379030964664 20384039713847 0 281474976710656 0 281474976710656 8 9
51 0 0 12141487106545 12146094288243 0 281474976710656 0 281474976710656 1 10
44 0 0 17772913441103 17783596186800 0 281474976710656 0 281474976710656 11 5
26 0 0 8034020704727 8038033561461 0 281474976710656 0 281474976710656 12 13
27 0 0 4557822336684 4559864446727 0 281474976710656 0 281474976710656 4 14
45 0 0 9866524048356 9875363334188 0 281474976710656 0 281474976710656 15 2
28 0 0 4266759335289 4270346403696 0 281474976710656 0 281474976710656 16 17
29 0 0 2367769027171 2369695605931 0 281474976710656 0 281474976710656 6 18
153165159810030 153257175431108
1 102846626105816 104547848492530 0 19
173961102589770 173961102589771
218101384884806 218101384884807
74565835588752 74565835588753
158590695246746 158590695246747
124276392647921 124276392647922
101437842339644 101437842339645
86212142134126 86212142134127
180037134371011 180037134371012
206909141121903 206909141121904
195262834576529 195262834576530
215477122949499 215477122949500
109804156786616 109804156786617
119249876382091 119249876382092
115286852675876 115286852675877
122046809351175 122046809351176
78989958391076 78989958391077
83762851039411 83762851039412
81788019331802 81788019331803
85133254278538 85133254278539
20 0 1 281474976710656 281474976710656 0 281474976710656 0 281474976710656 1 2
31 0 2 107513874120885 107513874120886 0 281474976710656 0 281474976710656 1 3
1 0 0 47518737023805 47615660720220 0 281474976710656 0 281474976710656 4 5
2 0 0 26655165397344 26736666876603 0 281474976710656 0 281474976710656 6 2
40 0 3 41066645652000 41066645652001 0 281474976710656 0 281474976710656 7 3
20 0 0 20194177564411 20210757690442 0 281474976710656 0 281474976710656 8 9
50 0 0 11972098830283 11987240661455 0 281474976710656 0 281474976710656 1 10
41 0 0 18150542440625 18187563998341 0 281474976710656 0 281474976710656 11 5
21 0 0 8175504032812 8189334003498 0 281474976710656 0 281474976710656 12 13
22 0 0 4629727323710 4636745608502 0 281474976710656 0 281474976710656 4 14
42 0 0 10181367206035 10212498000979 0 281474976710656 0 281474976710656 15 2
23 0 0 4394344030545 4406939067485 0 281474976710656 0 281474976710656 16 17
24 0 0 2436245775605 2443000439154 0 281474976710656 0 281474976710656 6 18
154385907179288 154423786454866
1 116108427893145 116838669578009 0 19
173961102589770 173961102589771
218101384884806 218101384884807
74565835588752 74565835588753
158590695246746 158590695246747
124276392647921 124276392647922
101437842339644 101437842339645
86212142134126 86212142134127
180037134371011 180037134371012
206909141121903 206909141121904
195262834576529 195262834576530
215477122949499 215477122949500
109804156786616 109804156786617
119249876382091 119249876382092
115286852675876 115286852675877
122046809351175 122046809351176
78989958391076 78989958391077
83762851039411 83762851039412
81788019331802 81788019331803
85133254278538 85133254278539
21 0 1 281474976710656 281474976710656 0 281474976710656 0 281474976710656 1 2
33 0 2 107513874120885 107513874120886 0 281474976710656 0 281474976710656 1 3
6 0 0 48266601407863 48307273260578 0 281474976710656 0 281474976710656 4 5
7 0 0 27287255832097 27321844348757 0 281474976710656 0 281474976710656 6 2
40 0 3 41066645652000 41066645652001 0 281474976710656 0 281474976710656 7 3
20 0 0 20077896397927 20084637773674 0 281474976710656 0 281474976710656 8 9
50 0 0 11866187400285 11872314103008 0 281474976710656 0 281474976710656 1 10
41 0 0 18436201216360 18451736481712 0 281474976710656 0 281474976710656 11 5
21 0 0 8282030277694 8287811398182 0 281474976710656 0 281474976710656 12 13
22 0 0 4683738578364 4686666622446 0 281474976710656 0 281474976710656 4 14
42 0 0 10422804268147 10436015905891 0 281474976710656 0 281474976710656 15 2
23 0 0 4491931690819 4497265566822 0 281474976710656 0 281474976710656 16 17
24 0 0 2488556980919 2491414544949 0 281474976710656 0 281474976710656 6 18
151379871180097 151401141243964
1 82200656915501 82565993168460 0 19
173961102589770 173961102589771
218101384884806 218101384884807
74565835588752 74565835588753
158590695246746 158590695246747
124276392647921 124276392647922
101437842339644 101437842339645
86212142134126 86212142134127
180037134371011 180037134371012
206909141121903 206909141121904
195262834576529 195262834576530
215477122949499 215477122949500
109804156786616 109804156786617
119249876382091 119249876382092
115286852675876 115286852675877
122046809351175 122046809351176
78989958391076 78989958391077
83762851039411 83762851039412
81788019331802 81788019331803
85133254278538 85133254278539
22 0 1 281474976710656 281474976710656 0 281474976710656 0 281474976710656 1 2
34 0 2 107513874120885 107513874120886 0 281474976710656 0 281474976710656 1 3
8 0 0 46318673249371 46340297627038 0 281474976710656 0 281474976710656 4 5
9 0 0 25656290889856 25674123073862 0 281474976710656 0 281474976710656 6 2
43 0 3 41066645652000 41066645652001 0 281474976710656 0 281474976710656 7 3
25 0 0 20418198741877 20422109476063 0 281474976710656 0 281474976710656 8 9
51 0 0 12177539312327 12181142073185 0 281474976710656 0 281474976710656 1 10
44 0 0 17692158867459 17700418644743 0 281474976710656 0 281474976710656 11 5
26 0 0 8003666333164 8006772660865 0 281474976710656 0 281474976710656 12 13
27 0 0 4542370138637 4543951860657 0 281474976710656 0 281474976710656 4 14
45 0 0 9799831094670 9806642382868 0 281474976710656 0 281474976710656 15 2
28 0 0 4239685106086 4242450948114 0 281474976710656 0 281474976710656 16 17
29 0 0 2353225206851 2354711175086 0 281474976710656 0 281474976710656 6 18
154957859497054 154978388640871
1 122493739864822 122897525042681 0 19
173961102589770 173961102589771
218101384884806 218101384884807
74565835588752 74565835588753
158590695246746 158590695246747
124276392647921 124276392647922
101437842339644 101437842339645
86212142134126 86212142134127
180037134371011 180037134371012
206909141121903 206909141121904
195262834576529 195262834576530
215477122949499 215477122949500
109804156786616 109804156786617
119249876382091 119249876382092
115286852675876 115286852675877
122046809351175 122046809351176
78989958391076 78989958391077
83762851039411 83762851039412
81788019331802 81788019331803
85133254278538 85133254278539
23 0 1 281474976710656 281474976710656 0 281474976710656 0 281474976710656 1 2
36 0 2 107513874120885 107513874120886 0 281474976710656 0 281474976710656 1 3
11 0 0 48620472133927 48642716094571 0 281474976710656 0 281474976710656 4 5
12 0 0 27588936336300 27607955493943 0 281474976710656 0 281474976710656 6 2
40 0 3 41066645652000 41066645652001 0 281474976710656 0 281474976710656 7 3
20 0 0 20022747227935 20026379608268 0 281474976710656 0 281474976710656 8 9
50 0 0 11816128935206 11819422607163 0 281474976710656 0 281474976710656 1 10
41 0 0 18571367806093 18579864243015 0 281474976710656 0 281474976710656 11 5
21 0 0 8332287767396 8335443746437 0 281474976710656 0 281474976710656 12 13
22 0 0 4709182501746 4710779478732 0 281474976710656 0 281474976710656 4 14
42 0 0 10538035967009 10545300638792 0 281474976710656 0 281474976710656 15 2
23 0 0 4538432156466 4541362108356 0 281474976710656 0 281474976710656 16 17
24 0 0 2513463452885 2515032361847 0 281474976710656 0 281474976710656 6 18
151676169123920 151687450618222
1 85350476809037 85546316451278 0 19
173961102589770 173961102589771
218101384884806 218101384884807
74565835588752 74565835588753
158590695246746 158590695246747
124276392647921 124276392647922
101437842339644 101437842339645
86212142134126 86212142134127
180037134371011 180037134371012
206909141121903 206909141121904
195262834576529 195262834576530
215477122949499 215477122949500
109804156786616 109804156786617
119249876382091 119249876382092
115286852675876 115286852675877
122046809351175 122046809351176
78989958391076 78989958391077
83762851039411 83762851039412
81788019331802 81788019331803
85133254278538 85133254278539
24 0 1 281474976710656 281474976710656 0 281474976710656 0 281474976710656 1 2
37 0 2 107513874120885 107513874120886 0 281474976710656 0 281474976710656 1 3
13 0 0 46504645430722 46516173441117 0 281474976710656 0 281474976710656 4 5
14 0 0 25809849231658 25819382846682 0 281474976710656 0 281474976710656 6 2
43 0 3 41066645652000 41066645652001 0 281474976710656 0 281474976710656 7 3
25 0 0 20386534663932 20388602373938 0 281474976710656 0 281474976710656 8 9
51 0 0 12148389554784 12150291949113 0 281474976710656 0 281474976710656 1 10
44 0 0 17763193919773 17767597227922 0 281474976710656 0 281474976710656 11 5
26 0 0 8030369141614 8032023499538 0 281474976710656 0 281474976710656 12 13
27 0 0 4555963949137 4556805916560 0 281474976710656 0 281474976710656 4 14
45 0 0 9858485161983 9862126678887 0 281474976710656 0 281474976710656 15 2
28 0 0 4263496819127 4264974729342 0 281474976710656 0 281474976710656 16 17
29 0 0 2366016694398 2366810503988 0 281474976710656 0 281474976710656 6 18
153024121677679 153077747585316
1 100826857329190 101810097959174 0 19
173961102589770 173961102589771
218101384884806 218101384884807
74565835588752 74565835588753
158590695246746 158590695246747
124276392647921 124276392647922
101437842339644 101437842339645
86212142134126 86212142134127
180037134371011 180037134371012
206909141121903 206909141121904
195262834576529 195262834576530
215477122949499 215477122949500
109804156786616 109804156786617
119249876382091 119249876382092
115286852675876 115286852675877
122046809351175 122046809351176
78989958391076 78989958391077
83762851039411 83762851039412
81788019331802 81788019331803
85133254278538 85133254278539
25 0 1 281474976710656 281474976710656 0 281474976710656 0 281474976710656 1 2
31 0 2 107513874120885 107513874120886 0 281474976710656 0 281474976710656 1 3
1 0 0 47403282767395 47459538799154 0 281474976710656 0 281474976710656 4 5
2 0 0 26558243788549 26605447658752 0 281474976710656 0 281474976710656 6 2
40 0 3 41066645652000 41066645652001 0 281474976710656 0 281474976710656 7 3
20 0 0 20220919413219 20230600848553 0 281474976710656 0 281474976710656 8 9
50 0 0 11996525850746 12005375701085 0 281474976710656 0 281474976710656 1 10
41 0 0 18106442838822 18127930730883 0 281474976710656 0 281474976710656 11 5
21 0 0 8159020535528 8167053534409 0 281474976710656 0 281474976710656 12 13
22 0 0 4621360041720 4625438046231 0 281474976710656 0 281474976710656 4 14
42 0 0 10144346445720 10162376719737 0 281474976710656 0 281474976710656 15 2
23 0 0 4379361306029 4386659002202 0 281474976710656 0 281474976710656 16 17
24 0 0 2428209372576 2432123863378 0 281474976710656 0 281474976710656 6 18
154329658395211 154350683636177
1 115270704748173 115674647963284 0 19
173961102589770 173961102589771
218101384884806 218101384884807
74565835588752 74565835588753
158590695246746 158590695246747
124276392647921 124276392647922
101437842339644 101437842339645
86212142134126 86212142134127
180037134371011 180037134371012
206909141121903 206909141121904
195262834576529 195262834576530
215477122949499 215477122949500
109804156786616 109804156786617
119249876382091 119249876382092
115286852675876 115286852675877
122046809351175 122046809351176
78989958391076 78989958391077
83762851039411 83762851039412
81788019331802 81788019331803
85133254278538 85133254278539
26 0 1 281474976710656 281474976710656 0 281474976710656 0 281474976710656 1 2
33 0 2 107513874120885 107513874120886 0 281474976710656 0 281474976710656 1 3
6 0 0 48219878529180 48242416555134 0 281474976710656 0 281474976710656 4 5
7 0 0 27247548523298 27266698775401 0 281474976710656 0 281474976710656 6 2
40 0 3 41066645652000 41066645652001 0 281474976710656 0 281474976710656 7 3
20 0 0 20088652075969 20092396834040 0 281474976710656 0 281474976710656 8 9
50 0 0 11875963172507 11879367752013 0 281474976710656 0 281474976710656 1 10
41 0 0 18418354664755 18426963424631 0 281474976710656 0 281474976710656 11 5
21 0 0 8275387513661 8278592034577 0 281474976710656 0 281474976710656 12 13
22 0 0 4680373730693 4681997012076 0 281474976710656 0 281474976710656 4 14
42 0 0 10407637425787 10414952171198 0 281474976710656 0 281474976710656 15 2
23 0 0 4485807658842 4488761295009 0 281474976710656 0 281474976710656 16 17
24 0 0 2485275892928 2486858397601 0 281474976710656 0 281474976710656 6 18
151350962110458 151362809096865
1 81779891882150 81983002925434 0 19
173961102589770 173961102589771
218101384884806 218101384884807
74565835588752 74565835588753
158590695246746 158590695246747
124276392647921 124276392647922
101437842339644 101437842339645
86212142134126 86212142134127
180037134371011 180037134371012
206909141121903 206909141121904
195262834576529 195262834576530
215477122949499 215477122949500
109804156786616 109804156786617
119249876382091 119249876382092
115286852675876 115286852675877
122046809351175 122046809351176
78989958391076 78989958391077
83762851039411 83762851039412
81788019331802 81788019331803
85133254278538 85133254278539
27 0 1 281474976710656 281474976710656 0 281474976710656 0 281474976710656 1 2
34 0 2 107513874120885 107513874120886 0 281474976710656 0 281474976710656 1 3
8 0 0 46293750371849 46305783464837 0 281474976710656 0 281474976710656 4 5
9 0 0 25635746218318 25645664444486 0 281474976710656 0 281474976710656 6 2
43 0 3 41066645652000 41066645652001 0 281474976710656 0 281474976710656 7 3
25 0 0 20424442410922 20426621532665 0 281474976710656 0 281474976710656 8 9
51 0 0 12183291556043 12185299502188 0 281474976710656 0 281474976710656 1 10
44 0 0 17682639175343 17687235407875 0 281474976710656 0 281474976710656 11 5
26 0 0 8000085723067 8001814549558 0 281474976710656 0 281474976710656 12 13
27 0 0 4540546797663 4541427177352 0 281474976710656 0 281474976710656 4 14
45 0 0 9791983728431 9795772153719 0 281474976710656 0 281474976710656 15 2
28 0 0 4236498327170 4238036818386 0 281474976710656 0 281474976710656 16 17
29 0 0 2351513029529 2352339630448 0 281474976710656 0 281474976710656 6 18
154927826043929 154938966077326
1 122038101790634 122256808066245 0 19
173961102589770 173961102589771
218101384884806 218101384884807
74565835588752 74565835588753
158590695246746 158590695246747
124276392647921 124276392647922
101437842339644 101437842339645
86212142134126 86212142134127
180037134371011 180037134371012
206909141121903 206909141121904
195262834576529 195262834576530
215477122949499 215477122949500
109804156786616 109804156786617
119249876382091 119249876382092
115286852675876 115286852675877
122046809351175 122046809351176
78989958391076 78989958391077
83762851039411 83762851039412
81788019331802 81788019331803
85133254278538 85133254278539
28 0 1 281474976710656 281474976710656 0 281474976710656 0 281474976710656 1 2
36 0 2 107513874120885 107513874120886 0 281474976710656 0 281474976710656 1 3
11 0 0 48595352673821 48607412529671 0 281474976710656 0 281474976710656 4 5
12 0 0 27567466500256 27577773119202 0 281474976710656 0 281474976710656 6 2
40 0 3 41066645652000 41066645652001 0 281474976710656 0 281474976710656 7 3
20 0 0 20028513829793 20030485738021 0 281474976710656 0 281474976710656 8 9
50 0 0 11821358043273 11823146431781 0 281474976710656 0 281474976710656 1 10
41 0 0 18561773026111 18566379481147 0 281474976710656 0 281474976710656 11 5
21 0 0 8328723363692 8330434693667 0 281474976710656 0 281474976710656 12 13
22 0 0 4707378741029 4708244771907 0 281474976710656 0 281474976710656 4 14
42 0 0 10529835219374 10533771997502 0 281474976710656 0 281474976710656 15 2
23 0 0 4535124439897 4536712343558 0 281474976710656 0 281474976710656 16 17
24 0 0 2511692200836 2512542516764 0 281474976710656 0 281474976710656 6 18
151661224591659 151667357657566
1 85129017346637 85235380271537 0 19
173961102589770 173961102589771
218101384884806 218101384884807
74565835588752 74565835588753
158590695246746 158590695246747
124276392647921 124276392647922
101437842339644 101437842339645
86212142134126 86212142134127
180037134371011 180037134371012
206909141121903 206909141121904
195262834576529 195262834576530
215477122949499 215477122949500
109804156786616 109804156786617
119249876382091 119249876382092
115286852675876 115286852675877
122046809351175 122046809351176
78989958391076 78989958391077
83762851039411 83762851039412
81788019331802 81788019331803
85133254278538 85133254278539
29 0 1 281474976710656 281474976710656 0 281474976710656 0 281474976710656 1 2
37 0 2 107513874120885 107513874120886 0 281474976710656 0 281474976710656 1 3
13 0 0 46491604426346 46497868430568 0 281474976710656 0 281474976710656 4 5
14 0 0 25799066470679 25804245492268 0 281474976710656 0 281474976710656 6 2
43 0 3 41066645652000 41066645652001 0 281474976710656 0 281474976710656 7 3
25 0 0 20389818429530 20390942767082 0 281474976710656 0 281474976710656 8 9
51 0 0 12151410853246 12152445415197 0 281474976710656 0 281474976710656 1 10
44 0 0 17758212699349 17760605336057 0 281474976710656 0 281474976710656 11 5
26 0 0 8028497532191 8029396541611 0 281474976710656 0 281474976710656 12 13
27 0 0 4555011381646 4555468942474 0 281474976710656 0 281474976710656 4 14
45 0 0 9854366513781 9856344724000 0 281474976710656 0 281474976710656 15 2
28 0 0 4261825204373 4262628098519 0 281474976710656 0 281474976710656 16 17
29 0 0 2365118826973 2365550084257 0 281474976710656 0 281474976710656 6 18
148674371042876 149061692909305
0 171332594519529 180948199313994 0 17
173961102589770 173961102589771
81788019331802 81788019331803
218101384884806 218101384884807
158590695246746 158590695246747
101437842339644 101437842339645
124276392647921 124276392647922
86212142134126 86212142134127
180037134371011 180037134371012
195262834576529 195262834576530
206909141121903 206909141121904
215477122949499 215477122949500
109804156786616 109804156786617
115286852675876 115286852675877
119249876382091 119249876382092
122046809351175 122046809351176
83762851039411 83762851039412
85133254278538 85133254278539
30 0 1 281474976710656 281474976710656 0 281474976710656 0 281474976710656 1 2
38 0 2 107513874120885 107513874120886 0 281474976710656 0 281474976710656 3 2
15 0 0 51200515635692 51683416262858 0 281474976710656 0 281474976710656 4 5
49 0 0 29839432065303 30270732921647 0 281474976710656 0 281474976710656 1 6
30 0 3 41066645652000 41066645652001 0 281474976710656 0 281474976710656 3 7
0 0 0 19556856731314 19627004644565 0 281474976710656 0 281474976710656 8 9
46 0 0 11397648843952 11460156691656 0 281474976710656 0 281474976710656 10 2
31 0 0 19556856731314 19741308357703 0 281474976710656 0 281474976710656 4 11
1 0 0 8695896530085 8763412878890 0 281474976710656 0 281474976710656 12 13
2 0 0 4892556176794 4926470048384 0 281474976710656 0 281474976710656 14 5
-1
3 0 0 4883813971185 4949708756059 0 281474976710656 0 281474976710656 1 15
4 0 0 2698064298791 2733206951859 0 281474976710656 0 281474976710656 16 6
150875247165193 151064156919102
0 202310139510784 207402614418379 0 17
173961102589770 173961102589771
81788019331802 81788019331803
218101384884806 218101384884807
158590695246746 158590695246747
101437842339644 101437842339645
124276392647921 124276392647922
86212142134126 86212142134127
180037134371011 180037134371012
195262834576529 195262834576530
206909141121903 206909141121904
215477122949499 215477122949500
109804156786616 109804156786617
115286852675876 115286852675877
119249876382091 119249876382092
122046809351175 122046809351176
83762851039411 83762851039412
85133254278538 85133254278539
31 0 1 281474976710656 281474976710656 0 281474976710656 0 281474976710656 1 2
40 0 2 107513874120885 107513874120886 0 281474976710656 0 281474976710656 3 2
20 0 0 52728505486630 52972157693387 0 281474976710656 0 281474976710656 4 5
50 0 0 31215195995509 31437574198515 0 281474976710656 0 281474976710656 1 6
30 0 3 41066645652000 41066645652001 0 281474976710656 0 281474976710656 3 7
0 0 0 19376120037560 19409591526046 0 281474976710656 0 281474976710656 8 9
46 0 0 11237411168908 11266998005479 0 281474976710656 0 281474976710656 10 2
31 0 0 20140496919907 20233563781455 0 281474976710656 0 281474976710656 4 11
1 0 0 8908961932234 8942784401056 0 281474976710656 0 281474976710656 12 13
2 0 0 4999437921667 5016366432541 0 281474976710656 0 281474976710656 14 5
-1
3 0 0 5093680483237 5127515151687 0 281474976710656 0 281474976710656 1 15
4 0 0 2809905157377 2827913358885 0 281474976710656 0 281474976710656 16 6
148266687088481 148445126880978
0 162061350227347 166326122601752 0 17
173961102589770 173961102589771
81788019331802 81788019331803
218101384884806 218101384884807
158590695246746 158590695246747
101437842339644 101437842339645
124276392647921 124276392647922
86212142134126 86212142134127
180037134371011 180037134371012
195262834576529 195262834576530
206909141121903 206909141121904
215477122949499 215477122949500
109804156786616 109804156786617
115286852675876 115286852675877
119249876382091 119249876382092
122046809351175 122046809351176
83762851039411 83762851039412
85133254278538 85133254278539
32 0 1 281474976710656 281474976710656 0 281474976710656 0 281474976710656 1 2
38 0 2 107513874120885 107513874120886 0 281474976710656 0 281474976710656 3 2
15 0 0 50727340828432 50945934654368 0 281474976710656 0 281474976710656 4 5
49 0 0 29419924385760 29613344329247 0 281474976710656 0 281474976710656 1 6
30 0 3 41066645652000 41066645652001 0 281474976710656 0 281474976710656 3 7
0 0 0 19664541121437 19697083599631 0 281474976710656 0 281474976710656 8 9
46 0 0 11493677722594 11522780107254 0 281474976710656 0 281474976710656 10 2
31 0 0 19376120037560 19459615449338 0 281474976710656 0 281474976710656 4 11
1 0 0 8629576943071 8660234918175 0 281474976710656 0 281474976710656 12 13
2 0 0 4859202407261 4874626134643 0 281474976710656 0 281474976710656 14 5
-1
3 0 0 4819630637221 4849234388766 0 281474976710656 0 281474976710656 1 15
4 0 0 2663810924945 2679612748775 0 281474976710656 0 281474976710656 16 6
150686990932366 150767307066983
0 197631366626630 199756435084982 0 17
173961102589770 173961102589771
81788019331802 81788019331803
218101384884806 218101384884807
158590695246746 158590695246747
101437842339644 101437842339645
124276392647921 124276392647922
86212142134126 86212142134127
180037134371011 180037134371012
195262834576529 195262834576530
206909141121903 206909141121904
215477122949499 215477122949500
109804156786616 109804156786617
115286852675876 115286852675877
119249876382091 119249876382092
122046809351175 122046809351176
83762851039411 83762851039412
85133254278538 85133254278539
33 0 1 281474976710656 281474976710656 0 281474976710656 0 281474976710656 1 2
40 0 2 107513874120885 107513874120886 0 281474976710656 0 281474976710656 3 2
20 0 0 52502809231656 52605538466963 0 281474976710656 0 281474976710656 4 5
50 0 0 31009945606145 31103280494826 0 281474976710656 0 281474976710656 1 6
30 0 3 41066645652000 41066645652001 0 281474976710656 0 281474976710656 3 7
0 0 0 19426605400741 19440882189283 0 281474976710656 0 281474976710656 8 9
46 0 0 11282052650105 11294693398680 0 281474976710656 0 281474976710656 10 2
31 0 0 20054288621640 20093527697890 0 281474976710656 0 281474976710656 4 11
1 0 0 8877594780803 8891876486512 0 281474976710656 0 281474976710656 12 13
2 0 0 4983729031757 4990882520683 0 281474976710656 0 281474976710656 14 5
-1
3 0 0 5062430211322 5076643432324 0 281474976710656 0 281474976710656 1 15
4 0 0 2793266897570 2800834961806 0 281474976710656 0 281474976710656 16 6
151930238251496 151975713139954
0 216874162383620 218143106950759 0 17
173961102589770 173961102589771
81788019331802 81788019331803
218101384884806 218101384884807
158590695246746 158590695246747
101437842339644 101437842339645
124276392647921 124276392647922
86212142134126 86212142134127
180037134371011 180037134371012
195262834576529 195262834576530
206909141121903 206909141121904
215477122949499 215477122949500
109804156786616 109804156786617
115286852675876 115286852675877
119249876382091 119249876382092
122046809351175 122046809351176
83762851039411 83762851039412
85133254278538 85133254278539
34 0 1 281474976710656 281474976710656 0 281474976710656 0 281474976710656 1 2
43 0 2 107513874120885 107513874120886 0 281474976710656 0 281474976710656 3 2
25 0 0 53419865550942 53479313691508 0 281474976710656 0 281474976710656 4 5
51 0 0 31848359856287 31903117149904 0 281474976710656 0 281474976710656 1 6
30 0 3 41066645652000 41066645652001 0 281474976710656 0 281474976710656 3 7
0 0 0 19307457211956 19315436357047 0 281474976710656 0 281474976710656 8 9
46 0 0 11176842639999 11183872516017 0 281474976710656 0 281474976710656 10 2
31 0 0 20404572966010 20427280135139 0 281474976710656 0 281474976710656 4 11
1 0 0 9004824512586 9013051903785 0 281474976710656 0 281474976710656 12 13
2 0 0 5047391244524 5051502959977 0 281474976710656 0 281474976710656 14 5
-1
3 0 0 5189952257590 5198268852180 0 281474976710656 0 281474976710656 1 15
4 0 0 2861128539431 2865551185996 0 281474976710656 0 281474976710656 16 6
148009681308109 148112009886104
0 157102312582691 159502486802706 0 17
173961102589770 173961102589771
81788019331802 81788019331803
218101384884806 218101384884807
158590695246746 158590695246747
101437842339644 101437842339645
124276392647921 124276392647922
86212142134126 86212142134127
180037134371011 180037134371012
195262834576529 195262834576530
206909141121903 206909141121904
215477122949499 215477122949500
109804156786616 109804156786617
115286852675876 115286852675877
119249876382091 119249876382092
122046809351175 122046809351176
83762851039411 83762851039412
85133254278538 85133254278539
35 0 1 281474976710656 281474976710656 0 281474976710656 0 281474976710656 1 2
38 0 2 107513874120885 107513874120886 0 281474976710656 0 281474976710656 3 2
15 0 0 50471139885164 50595414102555 0 281474976710656 0 281474976710656 4 5
49 0 0 29194059198515 29303506737138 0 281474976710656 0 281474976710656 1 6
30 0 3 41066645652000 41066645652001 0 281474976710656 0 281474976710656 3 7
0 0 0 19716865133890 19735597547368 0 281474976710656 0 281474976710656 8 9
46 0 0 11540489197894 11557272109450 0 281474976710656 0 281474976710656 10 2
31 0 0 19278259985182 19325728512301 0 281474976710656 0 281474976710656 4 11
1 0 0 8593600336706 8611057313283 0 281474976710656 0 281474976710656 12 13
2 0 0 4841091781856 4849881129989 0 281474976710656 0 281474976710656 14 5
-1
3 0 0 4785036812720 4801803210886 0 281474976710656 0 281474976710656 1 15
4 0 0 2645339221335 2654292648201 0 281474976710656 0 281474976710656 16 6
150569046372649 150613323683564
0 195216516105777 196377890728365 0 17
173961102589770 173961102589771
81788019331802 81788019331803
218101384884806 218101384884807
158590695246746 158590695246747
101437842339644 101437842339645
124276392647921 124276392647922
86212142134126 86212142134127
180037134371011 180037134371012
195262834576529 195262834576530
206909141121903 206909141121904
215477122949499 215477122949500
109804156786616 109804156786617
115286852675876 115286852675877
119249876382091 119249876382092
122046809351175 122046809351176
83762851039411 83762851039412
85133254278538 85133254278539
36 0 1 281474976710656 281474976710656 0 281474976710656 0 281474976710656 1 2
40 0 2 107513874120885 107513874120886 0 281474976710656 0 281474976710656 3 2
20 0 0 52385625679567 52442042141511 0 281474976710656 0 281474976710656 4 5
50 0 0 30903657686864 30954804729888 0 281474976710656 0 281474976710656 1 6
30 0 3 41066645652000 41066645652001 0 281474976710656 0 281474976710656 3 7
0 0 0 19449354464438 19457238329593 0 281474976710656 0 281474976710656 8 9
46 0 0 11302198251966 11309184195044 0 281474976710656 0 281474976710656 10 2
31 0 0 20009528487665 20031077658603 0 281474976710656 0 281474976710656 4 11
1 0 0 8861294503584 8869143265763 0 281474976710656 0 281474976710656 12 13
2 0 0 4975562199877 4979494921372 0 281474976710656 0 281474976710656 14 5
-1
3 0 0 5046239235991 5054031228174 0 281474976710656 0 281474976710656 1 15
4 0 0 2784644389781 2788794197457 0 281474976710656 0 281474976710656 16 6
151862815389207 151887399887884
0 215449982173588 216132571402826 0 17
173961102589770 173961102589771
81788019331802 81788019331803
218101384884806 218101384884807
158590695246746 158590695246747
101437842339644 101437842339645
124276392647921 124276392647922
86212142134126 86212142134127
180037134371011 180037134371012
195262834576529 195262834576530
206909141121903 206909141121904
215477122949499 215477122949500
109804156786616 109804156786617
115286852675876 115286852675877
119249876382091 119249876382092
122046809351175 122046809351176
83762851039411 83762851039412
85133254278538 85133254278539
37 0 1 281474976710656 281474976710656 0 281474976710656 0 281474976710656 1 2
43 0 2 107513874120885 107513874120886 0 281474976710656 0 281474976710656 3 2
25 0 0 53352995723278 53385065188990 0 281474976710656 0 281474976710656 4 5
51 0 0 31786825918905 31816328547110 0 281474976710656 0 281474976710656 1 6
30 0 3 41066645652000 41066645652001 0 281474976710656 0 281474976710656 3 7
0 0 0 19320115753867 19324433504052 0 281474976710656 0 281474976710656 8 9
46 0 0 11187996268375 11191802010742 0 281474976710656 0 281474976710656 10 2
31 0 0 20379030964664 20391280410566 0 281474976710656 0 281474976710656 4 11
1 0 0 8995567052644 9000007138088 0 281474976710656 0 281474976710656 12 13
2 0 0 5042764012626 5044983433336 0 281474976710656 0 281474976710656 14 5
-1
3 0 0 5180604681397 5185086634083 0 281474976710656 0 281474976710656 1 15
4 0 0 2856157183259 2858540896040 0 281474976710656 0 281474976710656 16 6
148674371042876 149061692909305
1 171332594519529 180948199313994 0 17
173961102589770 173961102589771
218101384884806 218101384884807
81788019331802 81788019331803
158590695246746 158590695246747
124276392647921 124276392647922
101437842339644 101437842339645
86212142134126 86212142134127
180037134371011 180037134371012
206909141121903 206909141121904
195262834576529 195262834576530
215477122949499 215477122949500
109804156786616 109804156786617
119249876382091 119249876382092
115286852675876 115286852675877
122046809351175 122046809351176
83762851039411 83762851039412
85133254278538 85133254278539
38 0 1 281474976710656 281474976710656 0 281474976710656 0 281474976710656 1 2
30 0 2 107513874120885 107513874120886 0 281474976710656 0 281474976710656 1 3
0 0 0 51200515635692 51683416262858 0 281474976710656 0 281474976710656 4 5
46 0 0 29839432065303 30270732921647 0 281474976710656 0 281474976710656 6 2
38 0 3 41066645652000 41066645652001 0 281474976710656 0 281474976710656 7 3
15 0 0 19556856731314 19627004644565 0 281474976710656 0 281474976710656 8 9
49 0 0 11397648843952 11460156691656 0 281474976710656 0 281474976710656 1 10
39 0 0 19556856731314 19741308357703 0 281474976710656 0 281474976710656 11 5
16 0 0 8695896530085 8763412878890 0 281474976710656 0 281474976710656 12 13
17 0 0 4892556176794 4926470048384 0 281474976710656 0 281474976710656 4 14
-1
18 0 0 4883813971185 4949708756059 0 281474976710656 0 281474976710656 15 2
19 0 0 2698064298791 2733206951859 0 281474976710656 0 281474976710656 6 16
150875247165193 151064156919102
1 202310139510784 207402614418379 0 17
173961102589770 173961102589771
218101384884806 218101384884807
81788019331802 81788019331803
158590695246746 158590695246747
124276392647921 124276392647922
101437842339644 101437842339645
86212142134126 86212142134127
180037134371011 180037134371012
206909141121903 206909141121904
195262834576529 195262834576530
215477122949499 215477122949500
109804156786616 109804156786617
119249876382091 119249876382092
115286852675876 115286852675877
122046809351175 122046809351176
83762851039411 83762851039412
85133254278538 85133254278539
39 0 1 281474976710656 281474976710656 0 281474976710656 0 281474976710656 1 2
32 0 2 107513874120885 107513874120886 0 281474976710656 0 281474976710656 1 3
5 0 0 52728505486630 52972157693387 0 281474976710656 0 281474976710656 4 5
47 0 0 31215195995509 31437574198515 0 281474976710656 0 281474976710656 6 2
38 0 3 41066645652000 41066645652001 0 281474976710656 0 281474976710656 7 3
15 0 0 19376120037560 19409591526046 0 281474976710656 0 281474976710656 8 9
49 0 0 11237411168908 11266998005479 0 281474976710656 0 281474976710656 1 10
39 0 0 20140496919907 20233563781455 0 281474976710656 0 281474976710656 11 5
16 0 0 8908961932234 8942784401056 0 281474976710656 0 281474976710656 12 13
17 0 0 4999437921667 5016366432541 0 281474976710656 0 281474976710656 4 14
-1
18 0 0 5093680483237 5127515151687 0 281474976710656 0 281474976710656 15 2
19 0 0 2809905157377 2827913358885 0 281474976710656 0 281474976710656 6 16
148266687088481 148445126880978
1 162061350227347 166326122601752 0 17
173961102589770 173961102589771
218101384884806 218101384884807
81788019331802 81788019331803
158590695246746 158590695246747
124276392647921 124276392647922
101437842339644 101437842339645
86212142134126 86212142134127
180037134371011 180037134371012
206909141121903 206909141121904
195262834576529 195262834576530
215477122949499 215477122949500
109804156786616 109804156786617
119249876382091 119249876382092
115286852675876 115286852675877
122046809351175 122046809351176
83762851039411 83762851039412
85133254278538 85133254278539
40 0 1 281474976710656 281474976710656 0 281474976710656 0 281474976710656 1 2
30 0 2 107513874120885 107513874120886 0 281474976710656 0 281474976710656 1 3
0 0 0 50727340828432 50945934654368 0 281474976710656 0 281474976710656 4 5
46 0 0 29419924385760 29613344329247 0 281474976710656 0 281474976710656 6 2
38 0 3 41066645652000 41066645652001 0 281474976710656 0 281474976710656 7 3
15 0 0 19664541121437 19697083599631 0 281474976710656 0 281474976710656 8 9
49 0 0 11493677722594 11522780107254 0 281474976710656 0 281474976710656 1 10
39 0 0 19376120037560 19459615449338 0 281474976710656 0 281474976710656 11 5
16 0 0 8629576943071 8660234918175 0 281474976710656 0 281474976710656 12 13
17 0 0 4859202407261 4874626134643 0 281474976710656 0 281474976710656 4 14
-1
18 0 0 4819630637221 4849234388766 0 281474976710656 0 281474976710656 15 2
19 0 0 2663810924945 2679612748775 0 281474976710656 0 281474976710656 6 16
150686990932366 150767307066983
1 197631366626630 199756435084982 0 17
173961102589770 173961102589771
218101384884806 218101384884807
81788019331802 81788019331803
158590695246746 158590695246747
124276392647921 124276392647922
101437842339644 101437842339645
86212142134126 86212142134127
180037134371011 180037134371012
206909141121903 206909141121904
195262834576529 195262834576530
215477122949499 215477122949500
109804156786616 109804156786617
119249876382091 119249876382092
115286852675876 115286852675877
122046809351175 122046809351176
83762851039411 83762851039412
85133254278538 85133254278539
41 0 1 281474976710656 281474976710656 0 281474976710656 0 281474976710656 1 2
32 0 2 107513874120885 107513874120886 0 281474976710656 0 281474976710656 1 3
5 0 0 52502809231656 52605538466963 0 281474976710656 0 281474976710656 4 5
47 0 0 31009945606145 31103280494826 0 281474976710656 0 281474976710656 6 2
38 0 3 41066645652000 41066645652001 0 281474976710656 0 281474976710656 7 3
15 0 0 19426605400741 19440882189283 0 281474976710656 0 281474976710656 8 9
49 0 0 11282052650105 11294693398680 0 281474976710656 0 281474976710656 1 10
39 0 0 20054288621640 20093527697890 0 281474976710656 0 281474976710656 11 5
16 0 0 8877594780803 8891876486512 0 281474976710656 0 281474976710656 12 13
17 0 0 4983729031757 4990882520683 0 281474976710656 0 281474976710656 4 14
-1
18 0 0 5062430211322 5076643432324 0 281474976710656 0 281474976710656 15 2
19 0 0 2793266897570 2800834961806 0 281474976710656 0 281474976710656 6 16
151930238251496 151975713139954
1 216874162383620 218143106950759 0 17
173961102589770 173961102589771
218101384884806 218101384884807
81788019331802 81788019331803
158590695246746 158590695246747
124276392647921 124276392647922
101437842339644 101437842339645
86212142134126 86212142134127
180037134371011 180037134371012
206909141121903 206909141121904
195262834576529 195262834576530
215477122949499 215477122949500
109804156786616 109804156786617
119249876382091 119249876382092
115286852675876 115286852675877
122046809351175 122046809351176
83762851039411 83762851039412
85133254278538 85133254278539
42 0 1 281474976710656 281474976710656 0 281474976710656 0 281474976710656 1 2
35 0 2 107513874120885 107513874120886 0 281474976710656 0 281474976710656 1 3
10 0 0 53419865550942 53479313691508 0 281474976710656 0 281474976710656 4 5
48 0 0 31848359856287 31903117149904 0 281474976710656 0 281474976710656 6 2
38 0 3 41066645652000 41066645652001 0 281474976710656 0 281474976710656 7 3
15 0 0 19307457211956 19315436357047 0 281474976710656 0 281474976710656 8 9
49 0 0 11176842639999 11183872516017 0 281474976710656 0 281474976710656 1 10
39 0 0 20404572966010 20427280135139 0 281474976710656 0 281474976710656 11 5
16 0 0 9004824512586 9013051903785 0 281474976710656 0 281474976710656 12 13
17 0 0 5047391244524 5051502959977 0 281474976710656 0 281474976710656 4 14
-1
18 0 0 5189952257590 5198268852180 0 281474976710656 0 281474976710656 15 2
19 0 0 2861128539431 2865551185996 0 281474976710656 0 281474976710656 6 16
148009681308109 148112009886104
1 157102312582691 159502486802706 0 17
173961102589770 173961102589771
218101384884806 218101384884807
81788019331802 81788019331803
158590695246746 158590695246747
124276392647921 124276392647922
101437842339644 101437842339645
86212142134126 86212142134127
180037134371011 180037134371012
206909141121903 206909141121904
195262834576529 195262834576530
215477122949499 215477122949500
109804156786616 109804156786617
119249876382091 119249876382092
115286852675876 115286852675877
122046809351175 122046809351176
83762851039411 83762851039412
85133254278538 85133254278539
43 0 1 281474976710656 281474976710656 0 281474976710656 0 281474976710656 1 2
30 0 2 107513874120885 107513874120886 0 281474976710656 0 281474976710656 1 3
0 0 0 50471139885164 50595414102555 0 281474976710656 0 281474976710656 4 5
46 0 0 29194059198515 29303506737138 0 281474976710656 0 281474976710656 6 2
38 0 3 41066645652000 41066645652001 0 281474976710656 0 281474976710656 7 3
15 0 0 19716865133890 19735597547368 0 281474976710656 0 281474976710656 8 9
49 0 0 11540489197894 11557272109450 0 281474976710656 0 281474976710656 1 10
39 0 0 19278259985182 19325728512301 0 281474976710656 0 281474976710656 11 5
16 0 0 8593600336706 8611057313283 0 281474976710656 0 281474976710656 12 13
17 0 0 4841091781856 4849881129989 0 281474976710656 0 281474976710656 4 14
-1
18 0 0 4785036812720 4801803210886 0 281474976710656 0 281474976710656 15 2
19 0 0 2645339221335 2654292648201 0 281474976710656 0 281474976710656 6 16
150569046372649 150613323683564
1 195216516105777 196377890728365 0 17
173961102589770 173961102589771
218101384884806 218101384884807
81788019331802 81788019331803
158590695246746 158590695246747
124276392647921 124276392647922
101437842339644 101437842339645
86212142134126 86212142134127
180037134371011 180037134371012
206909141121903 206909141121904
195262834576529 195262834576530
215477122949499 215477122949500
109804156786616 109804156786617
119249876382091 119249876382092
115286852675876 115286852675877
122046809351175 122046809351176
83762851039411 83762851039412
85133254278538 85133254278539
44 0 1 281474976710656 281474976710656 0 281474976710656 0 281474976710656 1 2
32 0 2 107513874120885 107513874120886 0 281474976710656 0 281474976710656 1 3
5 0 0 52385625679567 52442042141511 0 281474976710656 0 281474976710656 4 5
47 0 0 30903657686864 30954804729888 0 281474976710656 0 281474976710656 6 2
38 0 3 41066645652000 41066645652001 0 281474976710656 0 281474976710656 7 3
15 0 0 19449354464438 19457238329593 0 281474976710656 0 281474976710656 8 9
49 0 0 11302198251966 11309184195044 0 281474976710656 0 281474976710656 1 10
39 0 0 20009528487665 20031077658603 0 281474976710656 0 281474976710656 11 5
16 0 0 8861294503584 8869143265763 0 281474976710656 0 281474976710656 12 13
17 0 0 4975562199877 4979494921372 0 281474976710656 0 281474976710656 4 14
-1
18 0 0 5046239235991 5054031228174 0 281474976710656 0 281474976710656 15 2
19 0 0 2784644389781 2788794197457 0 281474976710656 0 281474976710656 6 16
151862815389207 151887399887884
1 215449982173588 216132571402826 0 17
173961102589770 173961102589771
218101384884806 218101384884807
81788019331802 81788019331803
158590695246746 158590695246747
124276392647921 124276392647922
101437842339644 101437842339645
86212142134126 86212142134127
180037134371011 180037134371012
206909141121903 206909141121904
195262834576529 195262834576530
215477122949499 215477122949500
109804156786616 109804156786617
119249876382091 119249876382092
115286852675876 115286852675877
122046809351175 122046809351176
83762851039411 83762851039412
85133254278538 85133254278539
45 0 1 281474976710656 281474976710656 0 281474976710656 0 281474976710656 1 2
35 0 2 107513874120885 107513874120886 0 281474976710656 0 281474976710656 1 3
10 0 0 53352995723278 53385065188990 0 281474976710656 0 281474976710656 4 5
48 0 0 31786825918905 31816328547110 0 281474976710656 0 281474976710656 6 2
38 0 3 41066645652000 41066645652001 0 281474976710656 0 281474976710656 7 3
15 0 0 19320115753867 19324433504052 0 281474976710656 0 281474976710656 8 9
49 0 0 11187996268375 11191802010742 0 281474976710656 0 281474976710656 1 10
39 0 0 20379030964664 20391280410566 0 281474976710656 0 281474976710656 11 5
16 0 0 8995567052644 9000007138088 0 281474976710656 0 281474976710656 12 13
17 0 0 5042764012626 5044983433336 0 281474976710656 0 281474976710656 4 14
-1
18 0 0 5180604681397 5185086634083 0 281474976710656 0 281474976710656 15 2
19 0 0 2856157183259 2858540896040 0 281474976710656 0 281474976710656 6 16
56545108160961 56596271339809
0 77267640665670 79164837199872 0 13
173961102589770 173961102589771
74565835588752 74565835588753
124276392647921 124276392647922
101437842339644 101437842339645
86212142134126 86212142134127
109804156786616 109804156786617
115286852675876 115286852675877
119249876382091 119249876382092
122046809351175 122046809351176
78989958391076 78989958391077
81788019331802 81788019331803
83762851039411 83762851039412
85133254278538 85133254278539
46 0 1 281474976710656 281474976710656 0 281474976710656 0 281474976710656 1 2
-1
18 0 0 46025286551285 46138429890502 0 281474976710656 0 281474976710656 3 2
19 0 0 25414956588963 25507893359289 0 281474976710656 0 281474976710656 1 4
-1
-1
-1
36 0 0 17580095120637 17623312030618 0 281474976710656 0 281474976710656 3 5
11 0 0 7961485215022 7977760206942 0 281474976710656 0 281474976710656 6 7
12 0 0 4520882406781 4529175218048 0 281474976710656 0 281474976710656 8 2
37 0 0 9707649594380 9743148281841 0 281474976710656 0 281474976710656 1 9
13 0 0 4202235770393 4216661193232 0 281474976710656 0 281474976710656 10 11
14 0 0 2333100693147 2340853636894 0 281474976710656 0 281474976710656 12 4
56382460728697 56407081106653
0 75324289542288 76232806192470 0 13
173961102589770 173961102589771
74565835588752 74565835588753
124276392647921 124276392647922
101437842339644 101437842339645
86212142134126 86212142134127
109804156786616 109804156786617
115286852675876 115286852675877
119249876382091 119249876382092
122046809351175 122046809351176
78989958391076 78989958391077
81788019331802 81788019331803
83762851039411 83762851039412
85133254278538 85133254278539
47 0 1 281474976710656 281474976710656 0 281474976710656 0 281474976710656 1 2
-1
18 0 0 45908987722494 45963408302491 0 281474976710656 0 281474976710656 3 2
19 0 0 25319601372721 25364199769797 0 281474976710656 0 281474976710656 1 4
-1
-1
-1
36 0 0 17535672920891 17556459732763 0 281474976710656 0 281474976710656 3 5
11 0 0 7944745802161 7952580130054 0 281474976710656 0 281474976710656 6 7
12 0 0 4512350232697 4516343777914 0 281474976710656 0 281474976710656 8 2
37 0 0 9671227142781 9688262214620 0 281474976710656 0 281474976710656 1 9
13 0 0 4187429936882 4194355377919 0 281474976710656 0 281474976710656 10 11
14 0 0 2325141973277 2328864838343 0 281474976710656 0 281474976710656 12 4
56291106624436 56305549502211
0 74235158692920 74766790688768 0 13
173961102589770 173961102589771
74565835588752 74565835588753
124276392647921 124276392647922
101437842339644 101437842339645
86212142134126 86212142134127
109804156786616 109804156786617
115286852675876 115286852675877
119249876382091 119249876382092
122046809351175 122046809351176
78989958391076 78989958391077
81788019331802 81788019331803
83762851039411 83762851039412
85133254278538 85133254278539
48 0 1 281474976710656 281474976710656 0 281474976710656 0 281474976710656 1 2
-1
18 0 0 45843630245396 45875548959784 0 281474976710656 0 281474976710656 3 2
19 0 0 25266090878977 25292216937895 0 281474976710656 0 281474976710656 1 4
-1
-1
-1
36 0 0 17510708586058 17522900450078 0 281474976710656 0 281474976710656 3 5
11 0 0 7935333916606 7939930833180 0 281474976710656 0 281474976710656 6 7
12 0 0 4507551727947 4509895504151 0 281474976710656 0 281474976710656 8 2
37 0 0 9650787952925 9660767219441 0 281474976710656 0 281474976710656 1 9
13 0 0 4179119112230 4183177004927 0 281474976710656 0 281474976710656 10 11
14 0 0 2320673988118 2322855606084 0 281474976710656 0 281474976710656 12 4
56545108160961 56596271339809
1 77267640665670 79164837199872 0 13
173961102589770 173961102589771
124276392647921 124276392647922
74565835588752 74565835588753
101437842339644 101437842339645
86212142134126 86212142134127
109804156786616 109804156786617
119249876382091 119249876382092
115286852675876 115286852675877
122046809351175 122046809351176
78989958391076 78989958391077
83762851039411 83762851039412
81788019331802 81788019331803
85133254278538 85133254278539
49 0 1 281474976710656 281474976710656 0 281474976710656 0 281474976710656 1 2
-1
3 0 0 46025286551285 46138429890502 0 281474976710656 0 281474976710656 1 3
4 0 0 25414956588963 25507893359289 0 281474976710656 0 281474976710656 4 2
-1
-1
-1
44 0 0 17580095120637 17623312030618 0 281474976710656 0 281474976710656 5 3
26 0 0 7961485215022 7977760206942 0 281474976710656 0 281474976710656 6 7
27 0 0 4520882406781 4529175218048 0 281474976710656 0 281474976710656 1 8
45 0 0 9707649594380 9743148281841 0 281474976710656 0 281474976710656 9 2
28 0 0 4202235770393 4216661193232 0 281474976710656 0 281474976710656 10 11
29 0 0 2333100693147 2340853636894 0 281474976710656 0 281474976710656 4 12
56382460728697 56407081106653
1 75324289542288 76232806192470 0 13
173961102589770 173961102589771
124276392647921 124276392647922
74565835588752 74565835588753
101437842339644 101437842339645
86212142134126 86212142134127
109804156786616 109804156786617
119249876382091 119249876382092
115286852675876 115286852675877
122046809351175 122046809351176
78989958391076 78989958391077
83762851039411 83762851039412
81788019331802 81788019331803
85133254278538 85133254278539
50 0 1 281474976710656 281474976710656 0 281474976710656 0 281474976710656 1 2
-1
3 0 0 45908987722494 45963408302491 0 281474976710656 0 281474976710656 1 3
4 0 0 25319601372721 25364199769797 0 281474976710656 0 281474976710656 4 2
-1
-1
-1
44 0 0 17535672920891 17556459732763 0 281474976710656 0 281474976710656 5 3
26 0 0 7944745802161 7952580130054 0 281474976710656 0 281474976710656 6 7
27 0 0 4512350232697 4516343777914 0 281474976710656 0 281474976710656 1 8
45 0 0 9671227142781 9688262214620 0 281474976710656 0 281474976710656 9 2
28 0 0 4187429936882 4194355377919 0 281474976710656 0 281474976710656 10 11
29 0 0 2325141973277 2328864838343 0 281474976710656 0 281474976710656 4 12
56291106624436 56305549502211
1 74235158692920 74766790688768 0 13
173961102589770 173961102589771
124276392647921 124276392647922
74565835588752 74565835588753
101437842339644 101437842339645
86212142134126 86212142134127
109804156786616 109804156786617
119249876382091 119249876382092
115286852675876 115286852675877
122046809351175 122046809351176
78989958391076 78989958391077
83762851039411 83762851039412
81788019331802 81788019331803
85133254278538 85133254278539
51 0 1 281474976710656 281474976710656 0 281474976710656 0 281474976710656 1 2
-1
3 0 0 45843630245396 45875548959784 0 281474976710656 0 281474976710656 1 3
4 0 0 25266090878977 25292216937895 0 281474976710656 0 281474976710656 4 2
-1
-1
-1
44 0 0 17510708586058 17522900450078 0 281474976710656 0 281474976710656 5 3
26 0 0 7935333916606 7939930833180 0 281474976710656 0 281474976710656 6 7
27 0 0 4507551727947 4509895504151 0 281474976710656 0 281474976710656 1 8
45 0 0 9650787952925 9660767219441 0 281474976710656 0 281474976710656 9 2
28 0 0 4179119112230 4183177004927 0 281474976710656 0 281474976710656 10 11
29 0 0 2320673988118 2322855606084 0 281474976710656 0 281474976710656 4 12
