FREIMAN_DYADIC_GRAPH_V1 18 52 -24 24 32 1095 5602
0 281474976710656
0 17592186044416
8796093022208 26388279066624
17592186044416 35184372088832
26388279066624 43980465111040
35184372088832 52776558133248
43980465111040 61572651155456
52776558133248 70368744177664
61572651155456 79164837199872
70368744177664 87960930222080
79164837199872 96757023244288
87960930222080 105553116266496
96757023244288 114349209288704
105553116266496 123145302310912
114349209288704 131941395333120
123145302310912 140737488355328
131941395333120 149533581377536
140737488355328 158329674399744
149533581377536 167125767421952
158329674399744 175921860444160
167125767421952 184717953466368
175921860444160 193514046488576
184717953466368 202310139510784
193514046488576 211106232532992
202310139510784 219902325555200
211106232532992 228698418577408
219902325555200 237494511599616
228698418577408 246290604621824
237494511599616 255086697644032
246290604621824 263882790666240
255086697644032 272678883688448
263882790666240 281474976710656
0 1 0
0 2 0
0 3 0
0 4 0
0 5 0
0 6 0
0 7 0
0 8 0
0 9 0
0 10 0
0 11 0
0 12 0
0 13 0
0 14 0
0 15 0
0 16 0
0 17 0
0 18 0
0 19 0
0 20 0
0 21 0
0 22 0
0 23 0
0 24 0
0 25 0
0 26 0
0 27 0
0 28 0
0 29 0
0 30 0
0 31 0
0 32 0
0 33 0
0 34 0
0 35 0
0 36 0
0 37 0
0 38 0
0 39 0
1 0 0
1 1 0
1 2 0
1 3 0
1 4 0
1 5 0
1 6 0
1 7 0
1 8 0
1 9 0
1 10 0
1 11 0
1 12 0
2 0 0
2 1 0
2 2 0
2 3 0
2 4 0
2 5 0
2 6 0
2 7 0
2 8 0
2 9 0
2 10 0
2 11 0
2 12 0
3 0 0
3 1 0
3 2 0
3 3 0
3 4 0
3 5 0
3 6 0
3 7 0
3 8 0
3 9 0
3 10 0
3 11 0
3 12 0
4 0 0
4 1 0
4 2 0
4 3 0
4 4 1
4 5 1
4 6 1
4 7 1
4 8 1
4 9 1
4 10 1
4 11 1
4 12 1
5 0 0
5 1 0
5 2 0
5 3 0
5 4 1
5 5 1
5 6 1
5 7 1
5 8 1
5 9 1
5 10 1
5 11 1
5 12 1
6 0 0
6 1 0
6 2 0
6 3 0
6 4 1
6 5 1
6 6 1
6 7 1
6 8 1
6 9 1
6 10 1
6 11 1
6 12 1
7 0 0
7 1 0
7 2 0
7 3 0
7 4 1
7 5 1
7 6 1
7 7 1
7 8 1
7 9 1
7 10 1
7 11 1
7 12 1
8 0 0
8 1 0
8 2 0
8 3 0
8 4 1
8 5 1
8 6 1
8 7 1
8 8 1
8 9 1
8 10 1
8 11 1
8 12 1
9 0 0
9 1 0
9 2 0
9 3 0
9 4 1
9 5 1
9 6 1
9 7 1
9 8 1
9 9 1
9 10 1
9 11 1
9 12 1
10 0 0
10 1 0
10 2 0
10 3 0
10 4 1
10 5 1
10 6 1
10 7 1
10 8 1
10 9 1
10 10 1
10 11 1
10 12 1
11 0 0
11 1 0
11 2 0
11 3 0
11 4 1
11 5 1
11 6 1
11 7 1
11 8 1
11 9 1
11 10 1
11 11 1
11 12 1
12 0 0
12 1 0
12 2 0
12 3 0
12 4 1
12 5 1
12 6 1
12 7 1
12 8 1
12 9 1
12 10 1
12 11 1
12 12 1
13 0 0
13 13 1
13 14 1
13 15 1
13 16 1
13 17 1
13 18 1
13 19 1
13 20 1
13 21 1
13 22 1
13 23 1
13 24 1
13 25 1
13 26 1
13 27 1
13 28 1
13 29 1
13 30 1
13 31 1
13 32 1
13 33 1
13 34 1
13 35 1
13 36 1
13 37 1
13 38 1
13 39 1
14 0 0
14 13 1
14 14 1
14 15 1
14 16 1
14 17 1
14 18 1
14 19 1
14 20 1
14 21 1
14 22 1
14 23 1
14 24 1
14 25 1
14 26 1
14 27 1
14 28 1
14 29 1
14 30 1
14 31 1
14 32 1
14 33 1
14 34 1
14 35 1
14 36 1
14 37 1
14 38 1
14 39 1
15 0 0
15 13 1
15 14 1
15 15 1
15 16 1
15 17 1
15 18 1
15 19 1
15 20 1
15 21 1
15 22 1
15 23 1
15 24 1
15 25 1
15 26 1
15 27 1
15 28 1
15 29 1
15 30 1
15 31 1
15 32 1
15 33 1
15 34 1
15 35 1
15 36 1
15 37 1
15 38 1
15 39 1
16 0 0
16 13 1
16 14 1
16 15 1
16 16 1
16 17 1
16 18 1
16 19 1
16 20 1
16 21 1
16 22 1
16 23 1
16 24 1
16 25 1
16 26 1
16 27 1
16 28 1
16 29 1
16 30 1
16 31 1
16 32 1
16 33 1
16 34 1
16 35 1
16 36 1
16 37 1
16 38 1
16 39 1
17 0 0
17 13 1
17 14 1
17 15 1
17 16 1
17 17 1
17 18 1
17 19 1
17 20 1
17 21 1
17 22 1
17 23 1
17 24 1
17 25 1
17 26 1
17 27 1
17 28 1
17 29 1
17 30 1
17 31 1
17 32 1
17 33 1
17 34 1
17 35 1
17 36 1
17 37 1
17 38 1
17 39 1
18 0 0
18 13 1
18 14 1
18 15 1
18 16 1
18 17 1
18 18 1
18 19 1
18 20 1
18 21 1
18 22 1
18 23 1
18 24 1
18 25 1
18 26 1
18 27 1
18 28 1
18 29 1
18 30 1
18 31 1
18 32 1
18 33 1
18 34 1
18 35 1
18 36 1
18 37 1
18 38 1
18 39 1
19 0 0
19 13 1
19 14 1
19 15 1
19 16 1
19 17 1
19 18 1
19 19 1
19 20 1
19 21 1
19 22 1
19 23 1
19 24 1
19 25 1
19 26 1
19 27 1
19 28 1
19 29 1
19 30 1
19 31 1
19 32 1
19 33 1
19 34 1
19 35 1
19 36 1
19 37 1
19 38 1
19 39 1
20 0 0
20 13 1
20 14 1
20 15 1
20 16 1
20 17 1
20 18 1
20 19 1
20 20 1
20 21 1
20 22 1
20 23 1
20 24 1
20 25 1
20 26 1
20 27 1
20 28 1
20 29 1
20 30 1
20 31 1
20 32 1
20 33 1
20 34 1
20 35 1
20 36 1
20 37 1
20 38 1
20 39 1
21 0 0
21 13 1
21 14 1
21 15 1
21 16 1
21 17 1
21 18 1
21 19 1
21 20 1
21 21 1
21 22 1
21 23 1
21 24 1
21 25 1
21 26 1
21 27 1
21 28 1
21 29 1
21 30 1
21 31 1
21 32 1
21 33 1
21 34 1
21 35 1
21 36 1
21 37 1
21 38 1
21 39 1
22 0 0
22 13 1
22 14 1
22 15 1
22 16 1
22 17 1
22 18 1
22 19 1
22 20 1
22 21 1
22 22 1
22 23 1
22 24 1
22 25 1
22 26 1
22 27 1
22 28 1
22 29 1
22 30 1
22 31 1
22 32 1
22 33 1
22 34 1
22 35 1
22 36 1
22 37 1
22 38 1
22 39 1
23 0 0
23 13 1
23 14 1
23 15 1
23 16 1
23 17 1
23 18 1
23 19 1
23 20 1
23 21 1
23 22 1
23 23 1
23 24 1
23 25 1
23 26 1
23 27 1
23 28 1
23 29 1
23 30 1
23 31 1
23 32 1
23 33 1
23 34 1
23 35 1
23 36 1
23 37 1
23 38 1
23 39 1
24 0 0
24 13 1
24 14 1
24 15 1
24 16 1
24 17 1
24 18 1
24 19 1
24 20 1
24 21 1
24 22 1
24 23 1
24 24 1
24 25 1
24 26 1
24 27 1
24 28 1
24 29 1
24 30 1
24 31 1
24 32 1
24 33 1
24 34 1
24 35 1
24 36 1
24 37 1
24 38 1
24 39 1
25 0 0
25 13 1
25 14 1
25 15 1
25 16 1
25 17 1
25 18 1
25 19 1
25 20 1
25 21 1
25 22 1
25 23 1
25 24 1
25 25 1
25 26 1
25 27 1
25 28 1
25 29 1
25 30 1
25 31 1
25 32 1
25 33 1
25 34 1
25 35 1
25 36 1
25 37 1
25 38 1
25 39 1
26 0 0
26 13 1
26 14 1
26 15 1
26 16 1
26 17 1
26 18 1
26 19 1
26 20 1
26 21 1
26 22 1
26 23 1
26 24 1
26 25 1
26 26 1
26 27 1
26 28 1
26 29 1
26 30 1
26 31 1
26 32 1
26 33 1
26 34 1
26 35 1
26 36 1
26 37 1
26 38 1
26 39 1
27 0 0
27 13 1
27 14 1
27 15 1
27 16 1
27 17 1
27 18 1
27 19 1
27 20 1
27 21 1
27 22 1
27 23 1
27 24 1
27 25 1
27 26 1
27 27 1
27 28 1
27 29 1
27 30 1
27 31 1
27 32 1
27 33 1
27 34 1
27 35 1
27 36 1
27 37 1
27 38 1
27 39 1
28 0 0
28 13 1
28 14 1
28 15 1
28 16 1
28 17 1
28 18 1
28 19 1
28 20 1
28 21 1
28 22 1
28 23 1
28 24 1
28 25 1
28 26 1
28 27 1
28 28 1
28 29 1
28 30 1
28 31 1
28 32 1
28 33 1
28 34 1
28 35 1
28 36 1
28 37 1
28 38 1
28 39 1
29 0 0
29 13 1
29 14 1
29 15 1
29 16 1
29 17 1
29 18 1
29 19 1
29 20 1
29 21 1
29 22 1
29 23 1
29 24 1
29 25 1
29 26 1
29 27 1
29 28 1
29 29 1
29 30 1
29 31 1
29 32 1
29 33 1
29 34 1
29 35 1
29 36 1
29 37 1
29 38 1
29 39 1
30 0 0
30 13 1
30 14 1
30 15 1
30 16 1
30 17 1
30 18 1
30 19 1
30 20 1
30 21 1
30 22 1
30 23 1
30 24 1
30 25 1
30 26 1
30 27 1
30 28 1
30 29 1
30 30 1
30 31 1
30 32 1
30 33 1
30 34 1
30 35 1
30 36 1
30 37 1
30 38 1
30 39 1
31 0 0
31 13 1
31 14 1
31 15 1
31 16 1
31 17 1
31 18 1
31 19 1
31 20 1
31 21 1
31 22 1
31 23 1
31 24 1
31 25 1
31 26 1
31 27 1
31 28 1
31 29 1
31 30 1
31 31 1
31 32 1
31 33 1
31 34 1
31 35 1
31 36 1
31 37 1
31 38 1
31 39 1
32 0 0
32 13 1
32 14 1
32 15 1
32 16 1
32 17 1
32 18 1
32 19 1
32 20 1
32 21 1
32 22 1
32 23 1
32 24 1
32 25 1
32 26 1
32 27 1
32 28 1
32 29 1
32 30 1
32 31 1
32 32 1
32 33 1
32 34 1
32 35 1
32 36 1
32 37 1
32 38 1
32 39 1
33 0 0
33 13 1
33 14 1
33 15 1
33 16 1
33 17 1
33 18 1
33 19 1
33 20 1
33 21 1
33 22 1
33 23 1
33 24 1
33 25 1
33 26 1
33 27 1
33 28 1
33 29 1
33 30 1
33 31 1
33 32 1
33 33 1
33 34 1
33 35 1
33 36 1
33 37 1
33 38 1
33 39 1
34 0 0
34 13 1
34 14 1
34 15 1
34 16 1
34 17 1
34 18 1
34 19 1
34 20 1
34 21 1
34 22 1
34 23 1
34 24 1
34 25 1
34 26 1
34 27 1
34 28 1
34 29 1
34 30 1
34 31 1
34 32 1
34 33 1
34 34 1
34 35 1
34 36 1
34 37 1
34 38 1
34 39 1
35 0 0
35 13 1
35 14 1
35 15 1
35 16 1
35 17 1
35 18 1
35 19 1
35 20 1
35 21 1
35 22 1
35 23 1
35 24 1
35 25 1
35 26 1
35 27 1
35 28 1
35 29 1
35 30 1
35 31 1
35 32 1
35 33 1
35 34 1
35 35 1
35 36 1
35 37 1
35 38 1
35 39 1
36 0 0
36 13 1
36 14 1
36 15 1
36 16 1
36 17 1
36 18 1
36 19 1
36 20 1
36 21 1
36 22 1
36 23 1
36 24 1
36 25 1
36 26 1
36 27 1
36 28 1
36 29 1
36 30 1
36 31 1
36 32 1
36 33 1
36 34 1
36 35 1
36 36 1
36 37 1
36 38 1
36 39 1
37 0 0
37 13 1
37 14 1
37 15 1
37 16 1
37 17 1
37 18 1
37 19 1
37 20 1
37 21 1
37 22 1
37 23 1
37 24 1
37 25 1
37 26 1
37 27 1
37 28 1
37 29 1
37 30 1
37 31 1
37 32 1
37 33 1
37 34 1
37 35 1
37 36 1
37 37 1
37 38 1
37 39 1
38 0 0
38 13 1
38 14 1
38 15 1
38 16 1
38 17 1
38 18 1
38 19 1
38 20 1
38 21 1
38 22 1
38 23 1
38 24 1
38 25 1
38 26 1
38 27 1
38 28 1
38 29 1
38 30 1
38 31 1
38 32 1
38 33 1
38 34 1
38 35 1
38 36 1
38 37 1
38 38 1
38 39 1
39 0 0
39 13 1
39 14 1
39 15 1
39 16 1
39 17 1
39 18 1
39 19 1
39 20 1
39 21 1
39 22 1
39 23 1
39 24 1
39 25 1
39 26 1
39 27 1
39 28 1
39 29 1
39 30 1
39 31 1
39 32 1
39 33 1
39 34 1
39 35 1
39 36 1
39 37 1
39 38 1
39 39 1
40 40 1
40 41 1
40 42 1
40 43 1
40 44 1
40 45 1
40 46 1
40 47 1
40 48 1
40 49 1
40 50 1
40 51 1
41 40 1
41 41 1
41 42 1
41 43 1
41 44 1
41 45 1
41 46 1
41 47 1
41 48 1
41 49 1
41 50 1
41 51 1
42 40 1
42 41 1
42 42 1
42 43 1
42 44 1
42 45 1
42 46 1
42 47 1
42 48 1
42 49 1
42 50 1
42 51 1
43 40 1
43 41 1
43 42 1
43 43 1
43 44 1
43 45 1
43 46 1
43 47 1
43 48 1
43 49 1
43 50 1
43 51 1
44 40 1
44 41 1
44 42 1
44 43 1
44 44 1
44 45 1
44 46 1
44 47 1
44 48 1
44 49 1
44 50 1
44 51 1
45 40 1
45 41 1
45 42 1
45 43 1
45 44 1
45 45 1
45 46 1
45 47 1
45 48 1
45 49 1
45 50 1
45 51 1
46 40 1
46 41 1
46 42 1
46 43 1
46 44 1
46 45 1
46 46 1
46 47 1
46 48 1
46 49 1
46 50 1
46 51 1
47 40 1
47 41 1
47 42 1
47 43 1
47 44 1
47 45 1
47 46 1
47 47 1
47 48 1
47 49 1
47 50 1
47 51 1
48 40 1
48 41 1
48 42 1
48 43 1
48 44 1
48 45 1
48 46 1
48 47 1
48 48 1
48 49 1
48 50 1
48 51 1
49 40 1
49 41 1
49 42 1
49 43 1
49 44 1
49 45 1
49 46 1
49 47 1
49 48 1
49 49 1
49 50 1
49 51 1
50 40 1
50 41 1
50 42 1
50 43 1
50 44 1
50 45 1
50 46 1
50 47 1
50 48 1
50 49 1
50 50 1
50 51 1
51 40 1
51 41 1
51 42 1
51 43 1
51 44 1
51 45 1
51 46 1
51 47 1
51 48 1
51 49 1
51 50 1
51 51 1
28576915331113 28576915331114
31434606864224 31434606864225
34578067550647 34578067550648
38035874305712 38035874305713
41839461736283 41839461736284
46023407909911 46023407909912
50625748700902 50625748700903
55688323570993 55688323570994
61257155928092 61257155928093
67382871520901 67382871520902
74121158672991 74121158672992
81533274540290 81533274540291
89686601994319 89686601994320
98655262193751 98655262193752
108520788413127 108520788413128
119372867254439 119372867254440
131310153979883 131310153979884
144441169377872 144441169377873
158885286315659 158885286315660
174773814947225 174773814947226
192251196441947 192251196441948
211476316086142 211476316086143
232623947694757 232623947694758
255886342464232 255886342464233
281474976710656 281474976710656
309622474381721 309622474381722
340584721819893 340584721819894
374643194001883 374643194001884
412107513402071 412107513402072
453318264742278 453318264742279
498650091216506 498650091216507
548515100338157 548515100338158
603366610371972 603366610371973
663703271409170 663703271409171
730073598550087 730073598550088
803080958405095 803080958405096
883389054245605 883389054245606
971727959670165 971727959670166
1068900755637182 1068900755637183
1175790831200900 1175790831200901
1293369914320990 1293369914320991
1422706905753089 1422706905753090
1564977596328398 1564977596328399
1721475355961238 1721475355961239
1893622891557362 1893622891557363
2082985180713098 2082985180713099
2291283698784408 2291283698784409
2520412068662849 2520412068662850
2772453275529134 2772453275529135
3049698603082048 3049698603082049
121557871313049 123060680835012
0 100526777396662 110142382191127 0 66
74565835588752 74565835588753
218101384884806 218101384884807
158590695246746 158590695246747
101437842339644 101437842339645
124276392647921 124276392647922
86212142134126 86212142134127
180037134371011 180037134371012
195262834576529 195262834576530
206909141121903 206909141121904
215477122949499 215477122949500
109804156786616 109804156786617
115286852675876 115286852675877
119249876382091 119249876382092
122046809351175 122046809351176
78989958391076 78989958391077
81788019331802 81788019331803
83762851039411 83762851039412
85133254278538 85133254278539
171670819924039 171670819924040
162225100328564 162225100328565
166188124034779 166188124034780
159428167359480 159428167359481
202485018319579 202485018319580
197712125671244 197712125671245
199686957378853 199686957378854
196341722432117 196341722432118
216922116206649 216922116206650
216111248513128 216111248513129
106634642534204 106634642534205
102912549940418 102912549940419
104493308169434 104493308169435
101779813317443 101779813317444
117766894786829 117766894786830
116136297684354 116136297684355
116814896805985 116814896805986
115662097720860 115662097720861
123419904349893 123419904349894
122509036418925 122509036418926
122884281463909 122884281463910
122249985145360 122249985145361
77336355595267 77336355595268
75359645121909 75359645121910
76203803876135 76203803876136
74750456689769 74750456689770
83028450505642 83028450505643
82214624662503 82214624662504
82554120865813 82554120865814
81976698621973 81976698621974
85799095833277 85799095833278
85357902917314 85357902917315
85539899393690 85539899393691
85232063837411 85232063837412
81860397133471 81860397133472
81905725247413 81905725247414
81937510993512 81937510993513
81959468754327 81959468754328
74648686108452 74648686108453
74705761207961 74705761207962
217359170308294 217359170308295
217642389143415 217642389143416
217845553502568 217845553502569
217988161539646 217988161539647
123738648474229 123738648474230
123957907795562 123957907795563
124121841023669 124121841023670
124240413300759 124240413300760
0 0 1 281474976710656 281474976710656 0 281474976710656 0 281474976710656 0 1
14 1 0 73068729917401 74197157859282 0 281474976710656 0 281474976710656 2 1
6 1 0 34201599364938 34380917745781 0 281474976710656 0 281474976710656 3 4
7 1 2 19753314848887 19753314848888 0 281474976710656 0 281474976710656 0 5
10 0 0 43870119886630 44547622686388 0 281474976710656 0 281474976710656 2 6
0 0 0 19896093292999 20321623306941 0 281474976710656 0 281474976710656 7 8
16 0 0 11160972054323 11434251945029 0 281474976710656 0 281474976710656 9 1
11 0 0 20534478512907 20642140420736 0 281474976710656 0 281474976710656 3 10
1 0 0 8328560518035 8393758937984 0 281474976710656 0 281474976710656 11 12
2 0 0 4419936373842 4459993497354 0 281474976710656 0 281474976710656 13 4
12 1 3 11859796818128 11859796818129 0 281474976710656 0 281474976710656 0 14
3 1 0 4549579733049 4556129214834 0 281474976710656 0 281474976710656 15 16
4 1 0 2352504802736 2357441894077 0 281474976710656 0 281474976710656 17 5
13 0 0 10795526552442 10985675242249 0 281474976710656 0 281474976710656 18 6
5 0 0 5321377604340 5406797230610 0 281474976710656 0 281474976710656 19 20
17 0 0 3703979884201 3761181841896 0 281474976710656 0 281474976710656 2 21
14 0 0 5219375242607 5336854707462 0 281474976710656 0 281474976710656 22 8
6 0 0 2426226066495 2479043705140 0 281474976710656 0 281474976710656 23 24
7 0 0 1396265485736 1426128276530 0 281474976710656 0 281474976710656 7 25
-1
8 0 0 1382458792263 1416608498288 0 281474976710656 0 281474976710656 26 1
9 0 0 783253266720 802431467874 0 281474976710656 0 281474976710656 9 27
13 0 0 4847091123622 4877250224735 0 281474976710656 0 281474976710656 28 10
5 0 0 2461637181935 2475230198974 0 281474976710656 0 281474976710656 29 30
17 0 0 1733738032650 1742827990506 0 281474976710656 0 281474976710656 3 31
14 0 0 2140995513718 2158729941428 0 281474976710656 0 281474976710656 32 12
6 0 0 1008606533253 1016659646921 0 281474976710656 0 281474976710656 33 34
7 0 0 584480652857 589056139219 0 281474976710656 0 281474976710656 11 35
15 0 0 1200604400425 1211783759852 0 281474976710656 0 281474976710656 36 4
8 0 0 545392056451 550380539431 0 281474976710656 0 281474976710656 37 38
9 0 0 310181728496 312992852178 0 281474976710656 0 281474976710656 13 39
13 1 0 2740451435679 2741972272744 0 281474976710656 0 281474976710656 40 14
5 1 0 1413090658471 1413315841543 0 281474976710656 0 281474976710656 41 42
17 1 4 1001329582836 1001329582837 0 281474976710656 0 281474976710656 0 43
14 0 0 1158345198164 1160296468508 0 281474976710656 0 281474976710656 44 16
6 0 0 549144528943 549981369444 0 281474976710656 0 281474976710656 45 46
7 0 0 319279823546 319739452241 0 281474976710656 0 281474976710656 15 47
15 0 0 635713693870 637130864883 0 281474976710656 0 281474976710656 48 5
8 0 0 289776691986 290397608050 0 281474976710656 0 281474976710656 49 50
9 0 0 165093780608 165440255173 0 281474976710656 0 281474976710656 17 51
12 0 0 191694096123 191970055018 0 281474976710656 0 281474976710656 15 52
3 0 0 73401627875 73509003602 0 281474976710656 0 281474976710656 53 54
4 0 0 37922837539 37978715937 0 281474976710656 0 281474976710656 55 47
-1
3 1 5 195197719886 195197719887 0 281474976710656 0 281474976710656 0 56
4 1 0 100268993761 100271812327 0 281474976710656 0 281474976710656 57 43
11 0 0 830021720967 850525042964 0 281474976710656 0 281474976710656 26 58
1 0 0 339856358237 348288198740 0 281474976710656 0 281474976710656 59 60
2 0 0 181179890348 185684337555 0 281474976710656 0 281474976710656 61 1
10 0 0 720837204131 727549238662 0 281474976710656 0 281474976710656 36 62
0 0 0 332670788080 335800774092 0 281474976710656 0 281474976710656 63 64
16 0 0 188320754131 190102205022 0 281474976710656 0 281474976710656 65 4
120165579528490 120799331540673
0 115148854108904 119413626483309 0 66
74565835588752 74565835588753
218101384884806 218101384884807
158590695246746 158590695246747
101437842339644 101437842339645
124276392647921 124276392647922
86212142134126 86212142134127
180037134371011 180037134371012
195262834576529 195262834576530
206909141121903 206909141121904
215477122949499 215477122949500
109804156786616 109804156786617
115286852675876 115286852675877
119249876382091 119249876382092
122046809351175 122046809351176
78989958391076 78989958391077
81788019331802 81788019331803
83762851039411 83762851039412
85133254278538 85133254278539
171670819924039 171670819924040
162225100328564 162225100328565
166188124034779 166188124034780
159428167359480 159428167359481
202485018319579 202485018319580
197712125671244 197712125671245
199686957378853 199686957378854
196341722432117 196341722432118
216922116206649 216922116206650
216111248513128 216111248513129
106634642534204 106634642534205
102912549940418 102912549940419
104493308169434 104493308169435
101779813317443 101779813317444
117766894786829 117766894786830
116136297684354 116136297684355
116814896805985 116814896805986
115662097720860 115662097720861
123419904349893 123419904349894
122509036418925 122509036418926
122884281463909 122884281463910
122249985145360 122249985145361
77336355595267 77336355595268
75359645121909 75359645121910
76203803876135 76203803876136
74750456689769 74750456689770
83028450505642 83028450505643
82214624662503 82214624662504
82554120865813 82554120865814
81976698621973 81976698621974
85799095833277 85799095833278
85357902917314 85357902917315
85539899393690 85539899393691
85232063837411 85232063837412
81860397133471 81860397133472
81905725247413 81905725247414
81937510993512 81937510993513
81959468754327 81959468754328
74648686108452 74648686108453
74705761207961 74705761207962
217359170308294 217359170308295
217642389143415 217642389143416
217845553502568 217845553502569
217988161539646 217988161539647
123738648474229 123738648474230
123957907795562 123957907795563
124121841023669 124121841023670
124240413300759 124240413300760
1 0 1 281474976710656 281474976710656 0 281474976710656 0 281474976710656 0 1
14 1 0 72021730992952 72498490872273 0 281474976710656 0 281474976710656 2 1
6 1 0 34032759461634 34109940103134 0 281474976710656 0 281474976710656 3 4
7 1 2 19753314848887 19753314848888 0 281474976710656 0 281474976710656 0 5
10 0 0 43241506683846 43527751060703 0 281474976710656 0 281474976710656 2 6
0 0 0 19504595832363 19682471367030 0 281474976710656 0 281474976710656 7 8
16 0 0 10910646994761 11024250501122 0 281474976710656 0 281474976710656 9 1
11 0 0 20433107833439 20479446725594 0 281474976710656 0 281474976710656 3 10
1 0 0 8267401299397 8295331034922 0 281474976710656 0 281474976710656 11 12
2 0 0 4382427795897 4399548891948 0 281474976710656 0 281474976710656 13 4
12 1 3 11859796818128 11859796818129 0 281474976710656 0 281474976710656 0 14
3 1 0 4543378762486 4546217508209 0 281474976710656 0 281474976710656 15 16
4 1 0 2347834913001 2349972202661 0 281474976710656 0 281474976710656 17 5
13 0 0 10619644778333 10699668816984 0 281474976710656 0 281474976710656 18 6
5 0 0 5242190878342 5278240978229 0 281474976710656 0 281474976710656 19 20
17 0 0 3650905703778 3675073483958 0 281474976710656 0 281474976710656 2 21
14 0 0 5111462786424 5160471997775 0 281474976710656 0 281474976710656 22 8
6 0 0 2377658895033 2399722086249 0 281474976710656 0 281474976710656 23 24
7 0 0 1368791027108 1381273953588 0 281474976710656 0 281474976710656 7 25
-1
8 0 0 1351187142793 1365377825834 0 281474976710656 0 281474976710656 26 1
9 0 0 765685986765 773658439079 0 281474976710656 0 281474976710656 9 27
13 0 0 4818734640357 4831692199580 0 281474976710656 0 281474976710656 28 10
5 0 0 2448843649754 2454691246877 0 281474976710656 0 281474976710656 29 30
17 0 0 1725179246885 1729091666657 0 281474976710656 0 281474976710656 3 31
14 0 0 2124370706351 2131961484761 0 281474976710656 0 281474976710656 32 12
6 0 0 1001054033177 1004502847589 0 281474976710656 0 281474976710656 33 34
7 0 0 580188629048 582148678449 0 281474976710656 0 281474976710656 11 35
15 0 0 1190140055358 1194916139818 0 281474976710656 0 281474976710656 36 4
8 0 0 540721518965 542853356005 0 281474976710656 0 281474976710656 37 38
9 0 0 307549456319 308750978405 0 281474976710656 0 281474976710656 13 39
13 1 0 2739009665237 2739669918961 0 281474976710656 0 281474976710656 40 14
5 1 0 1412877059012 1412974891053 0 281474976710656 0 281474976710656 41 42
17 1 4 1001329582836 1001329582837 0 281474976710656 0 281474976710656 0 43
14 0 0 1156498418663 1157343777210 0 281474976710656 0 281474976710656 44 16
6 0 0 548352315849 548714971754 0 281474976710656 0 281474976710656 45 46
7 0 0 318844652629 319043869763 0 281474976710656 0 281474976710656 15 47
15 0 0 634373476990 634986829357 0 281474976710656 0 281474976710656 48 5
8 0 0 289189418408 289458194022 0 281474976710656 0 281474976710656 49 50
9 0 0 164766057685 164916048126 0 281474976710656 0 281474976710656 17 51
12 0 0 191432821562 191552430588 0 281474976710656 0 281474976710656 15 52
3 0 0 73299969280 73346507208 0 281474976710656 0 281474976710656 53 54
4 0 0 37869935160 37894153054 0 281474976710656 0 281474976710656 55 47
-1
3 1 5 195197719886 195197719887 0 281474976710656 0 281474976710656 0 56
4 1 0 100266319673 100267544512 0 281474976710656 0 281474976710656 57 43
11 0 0 811246370514 819766389502 0 281474976710656 0 281474976710656 26 58
1 0 0 332136307702 335639430001 0 281474976710656 0 281474976710656 59 60
2 0 0 177055995480 178927256711 0 281474976710656 0 281474976710656 61 1
10 0 0 714554460840 717421999364 0 281474976710656 0 281474976710656 36 62
0 0 0 329741401694 331078368331 0 281474976710656 0 281474976710656 63 64
16 0 0 186653598343 187414470486 0 281474976710656 0 281474976710656 65 4
125821436289425 126187959544314
0 81718541625674 83843610084026 0 66
74565835588752 74565835588753
218101384884806 218101384884807
158590695246746 158590695246747
101437842339644 101437842339645
124276392647921 124276392647922
86212142134126 86212142134127
180037134371011 180037134371012
195262834576529 195262834576530
206909141121903 206909141121904
215477122949499 215477122949500
109804156786616 109804156786617
115286852675876 115286852675877
119249876382091 119249876382092
122046809351175 122046809351176
78989958391076 78989958391077
81788019331802 81788019331803
83762851039411 83762851039412
85133254278538 85133254278539
171670819924039 171670819924040
162225100328564 162225100328565
166188124034779 166188124034780
159428167359480 159428167359481
202485018319579 202485018319580
197712125671244 197712125671245
199686957378853 199686957378854
196341722432117 196341722432118
216922116206649 216922116206650
216111248513128 216111248513129
106634642534204 106634642534205
102912549940418 102912549940419
104493308169434 104493308169435
101779813317443 101779813317444
117766894786829 117766894786830
116136297684354 116136297684355
116814896805985 116814896805986
115662097720860 115662097720861
123419904349893 123419904349894
122509036418925 122509036418926
122884281463909 122884281463910
122249985145360 122249985145361
77336355595267 77336355595268
75359645121909 75359645121910
76203803876135 76203803876136
74750456689769 74750456689770
83028450505642 83028450505643
82214624662503 82214624662504
82554120865813 82554120865814
81976698621973 81976698621974
85799095833277 85799095833278
85357902917314 85357902917315
85539899393690 85539899393691
85232063837411 85232063837412
81860397133471 81860397133472
81905725247413 81905725247414
81937510993512 81937510993513
81959468754327 81959468754328
74648686108452 74648686108453
74705761207961 74705761207962
217359170308294 217359170308295
217642389143415 217642389143416
217845553502568 217845553502569
217988161539646 217988161539647
123738648474229 123738648474230
123957907795562 123957907795563
124121841023669 124121841023670
124240413300759 124240413300760
2 0 1 281474976710656 281474976710656 0 281474976710656 0 281474976710656 0 1
15 1 0 76265297737578 76539371861869 0 281474976710656 0 281474976710656 2 1
8 1 0 34702665390669 34744652607865 0 281474976710656 0 281474976710656 3 4
9 1 2 19753314848887 19753314848888 0 281474976710656 0 281474976710656 0 5
10 0 0 45789324088694 45953876896770 0 281474976710656 0 281474976710656 2 6
0 0 0 21111220205717 21216805208827 0 281474976710656 0 281474976710656 7 8
16 0 0 11944616740515 12013184198844 0 281474976710656 0 281474976710656 9 1
11 0 0 20835316185121 20860525111760 0 281474976710656 0 281474976710656 3 10
1 0 0 8511374185135 8526782585566 0 281474976710656 0 281474976710656 11 12
2 0 0 4532440715342 4541949484318 0 281474976710656 0 281474976710656 13 4
12 1 3 11859796818128 11859796818129 0 281474976710656 0 281474976710656 0 14
3 1 0 4567788192094 4569300971694 0 281474976710656 0 281474976710656 15 16
4 1 0 2366242656750 2367385709136 0 281474976710656 0 281474976710656 17 5
13 0 0 11335749198087 11382294296959 0 281474976710656 0 281474976710656 18 6
5 0 0 5563549437628 5584341697075 0 281474976710656 0 281474976710656 19 20
17 0 0 3866019417635 3879912707478 0 281474976710656 0 281474976710656 2 21
14 0 0 5555353695515 5584621099009 0 281474976710656 0 281474976710656 22 8
6 0 0 2577127915971 2590251344281 0 281474976710656 0 281474976710656 23 24
7 0 0 1481540506516 1488950237336 0 281474976710656 0 281474976710656 7 25
-1
8 0 0 1480413664649 1488988703939 0 281474976710656 0 281474976710656 26 1
9 0 0 838247783096 843059701401 0 281474976710656 0 281474976710656 9 27
13 0 0 4931474490944 4938561061033 0 281474976710656 0 281474976710656 28 10
5 0 0 2499634057416 2502820035068 0 281474976710656 0 281474976710656 29 30
17 0 0 1759137933292 1761266337715 0 281474976710656 0 281474976710656 3 31
14 0 0 2190752409516 2194950450792 0 281474976710656 0 281474976710656 32 12
6 0 0 1031191848849 1033096114723 0 281474976710656 0 281474976710656 33 34
7 0 0 597310126962 598391455714 0 281474976710656 0 281474976710656 11 35
15 0 0 1232013182590 1234669310397 0 281474976710656 0 281474976710656 36 4
8 0 0 559404270303 560588793592 0 281474976710656 0 281474976710656 37 38
9 0 0 318077043758 318744348930 0 281474976710656 0 281474976710656 13 39
13 1 0 2744674592332 2745024758428 0 281474976710656 0 281474976710656 40 14
5 1 0 1413715631806 1413767405752 0 281474976710656 0 281474976710656 41 42
17 1 4 1001329582836 1001329582837 0 281474976710656 0 281474976710656 0 43
14 0 0 1163771768796 1164222863341 0 281474976710656 0 281474976710656 44 16
6 0 0 551471321901 551664671244 0 281474976710656 0 281474976710656 45 46
7 0 0 320557654452 320663818106 0 281474976710656 0 281474976710656 15 47
15 0 0 639657772942 639986034944 0 281474976710656 0 281474976710656 48 5
8 0 0 291504542452 291648321804 0 281474976710656 0 281474976710656 49 50
9 0 0 166057873967 166138090952 0 281474976710656 0 281474976710656 17 51
12 0 0 192461299755 192525039911 0 281474976710656 0 281474976710656 15 52
3 0 0 73700156400 73724959792 0 281474976710656 0 281474976710656 53 54
4 0 0 38078194176 38091102369 0 281474976710656 0 281474976710656 55 47
-1
3 1 5 195197719886 195197719887 0 281474976710656 0 281474976710656 0 56
4 1 0 100276815043 100277462782 0 281474976710656 0 281474976710656 57 43
11 0 0 888833363100 893981776137 0 281474976710656 0 281474976710656 26 58
1 0 0 364045748077 366163816821 0 281474976710656 0 281474976710656 59 60
2 0 0 194103221288 195234943885 0 281474976710656 0 281474976710656 61 1
10 0 0 739694888405 741289614979 0 281474976710656 0 281474976710656 36 62
0 0 0 341465733457 342209653020 0 281474976710656 0 281474976710656 63 64
16 0 0 193326793793 193750277728 0 281474976710656 0 281474976710656 65 4
119442597718050 119790675613014
0 121972489907950 124372664127965 0 66
74565835588752 74565835588753
218101384884806 218101384884807
158590695246746 158590695246747
101437842339644 101437842339645
124276392647921 124276392647922
86212142134126 86212142134127
180037134371011 180037134371012
195262834576529 195262834576530
206909141121903 206909141121904
215477122949499 215477122949500
109804156786616 109804156786617
115286852675876 115286852675877
119249876382091 119249876382092
122046809351175 122046809351176
78989958391076 78989958391077
81788019331802 81788019331803
83762851039411 83762851039412
85133254278538 85133254278539
171670819924039 171670819924040
162225100328564 162225100328565
166188124034779 166188124034780
159428167359480 159428167359481
202485018319579 202485018319580
197712125671244 197712125671245
199686957378853 199686957378854
196341722432117 196341722432118
216922116206649 216922116206650
216111248513128 216111248513129
106634642534204 106634642534205
102912549940418 102912549940419
104493308169434 104493308169435
101779813317443 101779813317444
117766894786829 117766894786830
116136297684354 116136297684355
116814896805985 116814896805986
115662097720860 115662097720861
123419904349893 123419904349894
122509036418925 122509036418926
122884281463909 122884281463910
122249985145360 122249985145361
77336355595267 77336355595268
75359645121909 75359645121910
76203803876135 76203803876136
74750456689769 74750456689770
83028450505642 83028450505643
82214624662503 82214624662504
82554120865813 82554120865814
81976698621973 81976698621974
85799095833277 85799095833278
85357902917314 85357902917315
85539899393690 85539899393691
85232063837411 85232063837412
81860397133471 81860397133472
81905725247413 81905725247414
81937510993512 81937510993513
81959468754327 81959468754328
74648686108452 74648686108453
74705761207961 74705761207962
217359170308294 217359170308295
217642389143415 217642389143416
217845553502568 217845553502569
217988161539646 217988161539647
123738648474229 123738648474230
123957907795562 123957907795563
124121841023669 124121841023670
124240413300759 124240413300760
3 0 1 281474976710656 281474976710656 0 281474976710656 0 281474976710656 0 1
14 1 0 71477487262579 71739559092095 0 281474976710656 0 281474976710656 2 1
6 1 0 33944036992656 33986842528025 0 281474976710656 0 281474976710656 3 4
7 1 2 19753314848887 19753314848888 0 281474976710656 0 281474976710656 0 5
10 0 0 42914745321961 43072092009016 0 281474976710656 0 281474976710656 2 6
0 0 0 19302350821274 19399631192311 0 281474976710656 0 281474976710656 7 8
16 0 0 10781744748008 10843711788611 0 281474976710656 0 281474976710656 9 1
11 0 0 20379839282650 20405539523651 0 281474976710656 0 281474976710656 3 10
1 0 0 8235352148795 8250807115454 0 281474976710656 0 281474976710656 11 12
2 0 0 4362798140759 4372261866602 0 281474976710656 0 281474976710656 13 4
12 1 3 11859796818128 11859796818129 0 281474976710656 0 281474976710656 0 14
3 1 0 4540106849819 4541686593058 0 281474976710656 0 281474976710656 15 16
4 1 0 2345372626728 2346561314895 0 281474976710656 0 281474976710656 17 5
13 0 0 10528427125837 10572333736746 0 281474976710656 0 281474976710656 18 6
5 0 0 5201054916458 5220861023928 0 281474976710656 0 281474976710656 19 20
17 0 0 3623317050852 3636601923682 0 281474976710656 0 281474976710656 2 21
14 0 0 5055780697653 5082558398981 0 281474976710656 0 281474976710656 22 8
6 0 0 2352579358417 2364641831146 0 281474976710656 0 281474976710656 23 24
7 0 0 1354597902634 1361424832048 0 281474976710656 0 281474976710656 7 25
-1
8 0 0 1335087738727 1342826881163 0 281474976710656 0 281474976710656 26 1
9 0 0 756639901410 760988616446 0 281474976710656 0 281474976710656 9 27
13 0 0 4803849458600 4811029698526 0 281474976710656 0 281474976710656 28 10
5 0 0 2442122883996 2445365248476 0 281474976710656 0 281474976710656 29 30
17 0 0 1720681751982 1722851638364 0 281474976710656 0 281474976710656 3 31
14 0 0 2115663074798 2119861766058 0 281474976710656 0 281474976710656 32 12
6 0 0 997096971167 999005116641 0 281474976710656 0 281474976710656 33 34
7 0 0 577939487863 579024084534 0 281474976710656 0 281474976710656 11 35
15 0 0 1184665119816 1187304536603 0 281474976710656 0 281474976710656 36 4
8 0 0 538277468674 539455760065 0 281474976710656 0 281474976710656 37 38
9 0 0 306171888896 306836033036 0 281474976710656 0 281474976710656 13 39
13 1 0 2738248191207 2738615908803 0 281474976710656 0 281474976710656 40 14
5 1 0 1412764197504 1412818702781 0 281474976710656 0 281474976710656 41 42
17 1 4 1001329582836 1001329582837 0 281474976710656 0 281474976710656 0 43
14 0 0 1155524232924 1155994566483 0 281474976710656 0 281474976710656 44 16
6 0 0 547934346582 548136147000 0 281474976710656 0 281474976710656 45 46
7 0 0 318615036761 318725899780 0 281474976710656 0 281474976710656 15 47
15 0 0 633666922599 634008008703 0 281474976710656 0 281474976710656 48 5
8 0 0 288879782263 289029260287 0 281474976710656 0 281474976710656 49 50
9 0 0 164593259674 164676679281 0 281474976710656 0 281474976710656 17 51
12 0 0 191294961281 191361522914 0 281474976710656 0 281474976710656 15 52
3 0 0 73246330959 73272228470 0 281474976710656 0 281474976710656 53 54
4 0 0 37842022497 37855499187 0 281474976710656 0 281474976710656 55 47
-1
3 1 5 195197719886 195197719887 0 281474976710656 0 281474976710656 0 56
4 1 0 100264906539 100265589015 0 281474976710656 0 281474976710656 57 43
11 0 0 801580364450 806226908969 0 281474976710656 0 281474976710656 26 58
1 0 0 328162280395 330072596862 0 281474976710656 0 281474976710656 59 60
2 0 0 174933263679 175953652028 0 281474976710656 0 281474976710656 61 1
10 0 0 711267335433 712852028790 0 281474976710656 0 281474976710656 36 62
0 0 0 328208908264 328947695811 0 281474976710656 0 281474976710656 63 64
16 0 0 185781481761 186201909424 0 281474976710656 0 281474976710656 65 4
125409139048509 125606870909654
0 85097085982291 86258460604879 0 66
74565835588752 74565835588753
218101384884806 218101384884807
158590695246746 158590695246747
101437842339644 101437842339645
124276392647921 124276392647922
86212142134126 86212142134127
180037134371011 180037134371012
195262834576529 195262834576530
206909141121903 206909141121904
215477122949499 215477122949500
109804156786616 109804156786617
115286852675876 115286852675877
119249876382091 119249876382092
122046809351175 122046809351176
78989958391076 78989958391077
81788019331802 81788019331803
83762851039411 83762851039412
85133254278538 85133254278539
171670819924039 171670819924040
162225100328564 162225100328565
166188124034779 166188124034780
159428167359480 159428167359481
202485018319579 202485018319580
197712125671244 197712125671245
199686957378853 199686957378854
196341722432117 196341722432118
216922116206649 216922116206650
216111248513128 216111248513129
106634642534204 106634642534205
102912549940418 102912549940419
104493308169434 104493308169435
101779813317443 101779813317444
117766894786829 117766894786830
116136297684354 116136297684355
116814896805985 116814896805986
115662097720860 115662097720861
123419904349893 123419904349894
122509036418925 122509036418926
122884281463909 122884281463910
122249985145360 122249985145361
77336355595267 77336355595268
75359645121909 75359645121910
76203803876135 76203803876136
74750456689769 74750456689770
83028450505642 83028450505643
82214624662503 82214624662504
82554120865813 82554120865814
81976698621973 81976698621974
85799095833277 85799095833278
85357902917314 85357902917315
85539899393690 85539899393691
85232063837411 85232063837412
81860397133471 81860397133472
81905725247413 81905725247414
81937510993512 81937510993513
81959468754327 81959468754328
74648686108452 74648686108453
74705761207961 74705761207962
217359170308294 217359170308295
217642389143415 217642389143416
217845553502568 217845553502569
217988161539646 217988161539647
123738648474229 123738648474230
123957907795562 123957907795563
124121841023669 124121841023670
124240413300759 124240413300760
4 0 1 281474976710656 281474976710656 0 281474976710656 0 281474976710656 0 1
15 1 0 75956853073895 76104797414009 0 281474976710656 0 281474976710656 2 1
8 1 0 34655232962329 34678007589997 0 281474976710656 0 281474976710656 3 4
9 1 2 19753314848887 19753314848888 0 281474976710656 0 281474976710656 0 5
10 0 0 45604135371311 45692960453459 0 281474976710656 0 281474976710656 2 6
0 0 0 20992659558793 21049491685003 0 281474976710656 0 281474976710656 7 8
16 0 0 11867712998508 11904564949599 0 281474976710656 0 281474976710656 9 1
11 0 0 20806837979462 20820511758209 0 281474976710656 0 281474976710656 3 10
1 0 0 8493984172904 8502331762398 0 281474976710656 0 281474976710656 11 12
2 0 0 4521713980904 4526862399009 0 281474976710656 0 281474976710656 13 4
12 1 3 11859796818128 11859796818129 0 281474976710656 0 281474976710656 0 14
3 1 0 4566076824233 4566898853755 0 281474976710656 0 281474976710656 15 16
4 1 0 2364949865368 2365570796474 0 281474976710656 0 281474976710656 17 5
13 0 0 11283409699739 11308508509393 0 281474976710656 0 281474976710656 18 6
5 0 0 5540155042863 5551375371522 0 281474976710656 0 281474976710656 19 20
17 0 0 3850383825899 3857883379544 0 281474976710656 0 281474976710656 2 21
14 0 0 5522503448823 5538248398334 0 281474976710656 0 281474976710656 22 8
6 0 0 2562393836619 2569456346686 0 281474976710656 0 281474976710656 23 24
7 0 0 1473220172628 1477208530300 0 281474976710656 0 281474976710656 7 25
-1
8 0 0 1470796881115 1475405099059 0 281474976710656 0 281474976710656 26 1
9 0 0 832850842143 835437033645 0 281474976710656 0 281474976710656 9 27
13 0 0 4923471782609 4927313890072 0 281474976710656 0 281474976710656 28 10
5 0 0 2496035270126 2497763174654 0 281474976710656 0 281474976710656 29 30
17 0 0 1756733501730 1757887986869 0 281474976710656 0 281474976710656 3 31
14 0 0 2186015275219 2188289098270 0 281474976710656 0 281474976710656 32 12
6 0 0 1029042807570 1030074378310 0 281474976710656 0 281474976710656 33 34
7 0 0 596089732911 596675548978 0 281474976710656 0 281474976710656 11 35
15 0 0 1229017111813 1230455073382 0 281474976710656 0 281474976710656 36 4
8 0 0 558068064617 558709386216 0 281474976710656 0 281474976710656 37 38
9 0 0 317324264363 317685569390 0 281474976710656 0 281474976710656 13 39
13 1 0 2744278329685 2744468685509 0 281474976710656 0 281474976710656 40 14
5 1 0 1413657033717 1413685184075 0 281474976710656 0 281474976710656 41 42
17 1 4 1001329582836 1001329582837 0 281474976710656 0 281474976710656 0 43
14 0 0 1163261503393 1163506595522 0 281474976710656 0 281474976710656 44 16
6 0 0 551252597652 551357657619 0 281474976710656 0 281474976710656 45 46
7 0 0 320437554298 320495242581 0 281474976710656 0 281474976710656 15 47
15 0 0 639286526731 639464834898 0 281474976710656 0 281474976710656 48 5
8 0 0 291341930756 291420033233 0 281474976710656 0 281474976710656 49 50
9 0 0 165967148619 166010724244 0 281474976710656 0 281474976710656 17 51
12 0 0 192389192191 192423827964 0 281474976710656 0 281474976710656 15 52
3 0 0 73672097214 73685574986 0 281474976710656 0 281474976710656 53 54
4 0 0 38063591658 38070605732 0 281474976710656 0 281474976710656 55 47
-1
3 1 5 195197719886 195197719887 0 281474976710656 0 281474976710656 0 56
4 1 0 100276081894 100276434102 0 281474976710656 0 281474976710656 57 43
11 0 0 883059491746 885826244007 0 281474976710656 0 281474976710656 26 58
1 0 0 361670461514 362808650254 0 281474976710656 0 281474976710656 59 60
2 0 0 192834087434 193442227131 0 281474976710656 0 281474976710656 61 1
10 0 0 737896061679 738759407005 0 281474976710656 0 281474976710656 36 62
0 0 0 340626634112 341029355100 0 281474976710656 0 281474976710656 63 64
16 0 0 192849136837 193078384395 0 281474976710656 0 281474976710656 65 4
167417031759655 169486794143196
1 100526777396662 110142382191127 0 66
218101384884806 218101384884807
74565835588752 74565835588753
158590695246746 158590695246747
124276392647921 124276392647922
101437842339644 101437842339645
86212142134126 86212142134127
180037134371011 180037134371012
206909141121903 206909141121904
195262834576529 195262834576530
215477122949499 215477122949500
109804156786616 109804156786617
119249876382091 119249876382092
115286852675876 115286852675877
122046809351175 122046809351176
78989958391076 78989958391077
83762851039411 83762851039412
81788019331802 81788019331803
85133254278538 85133254278539
171670819924039 171670819924040
166188124034779 166188124034780
162225100328564 162225100328565
159428167359480 159428167359481
202485018319579 202485018319580
199686957378853 199686957378854
197712125671244 197712125671245
196341722432117 196341722432118
216922116206649 216922116206650
216111248513128 216111248513129
106634642534204 106634642534205
104493308169434 104493308169435
102912549940418 102912549940419
101779813317443 101779813317444
117766894786829 117766894786830
116814896805985 116814896805986
116136297684354 116136297684355
115662097720860 115662097720861
123419904349893 123419904349894
122884281463909 122884281463910
122509036418925 122509036418926
122249985145360 122249985145361
77336355595267 77336355595268
76203803876135 76203803876136
75359645121909 75359645121910
74750456689769 74750456689770
83028450505642 83028450505643
82554120865813 82554120865814
82214624662503 82214624662504
81976698621973 81976698621974
85799095833277 85799095833278
85539899393690 85539899393691
85357902917314 85357902917315
85232063837411 85232063837412
81860397133471 81860397133472
81937510993512 81937510993513
81905725247413 81905725247414
81959468754327 81959468754328
74648686108452 74648686108453
74705761207961 74705761207962
217359170308294 217359170308295
217845553502568 217845553502569
217642389143415 217642389143416
217988161539646 217988161539647
123738648474229 123738648474230
124121841023669 124121841023670
123957907795562 123957907795563
124240413300759 124240413300760
5 0 1 281474976710656 281474976710656 0 281474976710656 0 281474976710656 0 1
11 1 6 168996244868930 168996244868931 0 281474976710656 0 281474976710656 0 2
1 1 0 66735446471604 67754362201645 0 281474976710656 0 281474976710656 3 4
2 1 0 34972766207119 35760229387090 0 281474976710656 0 281474976710656 5 1
13 1 0 39487102077186 39715987472679 0 281474976710656 0 281474976710656 6 2
5 1 0 20200186335944 20233581477641 0 281474976710656 0 281474976710656 7 8
17 1 7 14268451809973 14268451809974 0 281474976710656 0 281474976710656 0 9
14 0 0 17075771458054 17382153105699 0 281474976710656 0 281474976710656 10 4
6 0 0 8068892744478 8199496107475 0 281474976710656 0 281474976710656 11 12
7 0 0 4683351611357 4754856948902 0 281474976710656 0 281474976710656 3 13
15 0 0 9475827864565 9702990862660 0 281474976710656 0 281474976710656 14 1
8 0 0 4311744573725 4410946348814 0 281474976710656 0 281474976710656 15 16
9 0 0 2454314305658 2509576795801 0 281474976710656 0 281474976710656 5 17
10 0 0 23707869345204 23845291054216 0 281474976710656 0 281474976710656 6 18
0 0 0 10233562476038 10315773852627 0 281474976710656 0 281474976710656 19 20
16 0 0 5598276187641 5649511542736 0 281474976710656 0 281474976710656 21 2
11 0 0 12128096345617 12148146630760 0 281474976710656 0 281474976710656 7 22
1 0 0 4807065593566 4820247149597 0 281474976710656 0 281474976710656 23 24
2 0 0 2523510951444 2531718713933 0 281474976710656 0 281474976710656 25 8
-1
3 1 8 2781471063434 2781471063435 0 281474976710656 0 281474976710656 0 26
4 1 0 1429587474632 1430003445696 0 281474976710656 0 281474976710656 27 9
10 0 0 10252212428878 10436162521188 0 281474976710656 0 281474976710656 10 28
0 0 0 4624382338821 4712007028434 0 281474976710656 0 281474976710656 29 30
16 0 0 2586826392166 2637185671554 0 281474976710656 0 281474976710656 31 4
11 0 0 4844525044472 4922938685968 0 281474976710656 0 281474976710656 11 32
1 0 0 1960134159429 1992740755852 0 281474976710656 0 281474976710656 33 34
2 0 0 1039038279731 1056544336118 0 281474976710656 0 281474976710656 35 12
12 0 0 2811862159007 2854793625508 0 281474976710656 0 281474976710656 3 36
3 0 0 1077198455604 1093917762932 0 281474976710656 0 281474976710656 37 38
4 0 0 556652719157 565356941990 0 281474976710656 0 281474976710656 39 13
10 0 0 5689242236911 5825629826671 0 281474976710656 0 281474976710656 14 40
0 0 0 2623031635812 2687406333451 0 281474976710656 0 281474976710656 41 42
16 0 0 1484097426994 1520963388655 0 281474976710656 0 281474976710656 43 1
11 0 0 2588751051013 2648311327633 0 281474976710656 0 281474976710656 15 44
1 0 0 1057523133873 1082111324603 0 281474976710656 0 281474976710656 45 46
2 0 0 563147713298 576306942040 0 281474976710656 0 281474976710656 47 16
12 0 0 1473558702202 1506738039938 0 281474976710656 0 281474976710656 5 48
3 0 0 567539574539 580394848692 0 281474976710656 0 281474976710656 49 50
4 0 0 294001449759 300678962630 0 281474976710656 0 281474976710656 51 17
15 0 0 153075450977 156656003890 0 281474976710656 0 281474976710656 52 16
8 0 0 69504987580 71129680069 0 281474976710656 0 281474976710656 53 54
9 0 0 39520508065 40443994734 0 281474976710656 0 281474976710656 47 55
-1
8 0 0 183938769934 188511784066 0 281474976710656 0 281474976710656 56 1
9 0 0 104150799067 106737973801 0 281474976710656 0 281474976710656 43 57
14 1 0 706586198721 706662769907 0 281474976710656 0 281474976710656 58 26
6 1 0 335470053963 335482578025 0 281474976710656 0 281474976710656 59 60
7 1 5 195197719886 195197719887 0 281474976710656 0 281474976710656 0 61
13 0 0 649397097517 659375509660 0 281474976710656 0 281474976710656 62 36
5 0 0 334981753776 340105648855 0 281474976710656 0 281474976710656 63 64
17 0 0 237407166906 241031895736 0 281474976710656 0 281474976710656 3 65
170551058925216 171450543429829
1 115148854108904 119413626483309 0 66
218101384884806 218101384884807
74565835588752 74565835588753
158590695246746 158590695246747
124276392647921 124276392647922
101437842339644 101437842339645
86212142134126 86212142134127
180037134371011 180037134371012
206909141121903 206909141121904
195262834576529 195262834576530
215477122949499 215477122949500
109804156786616 109804156786617
119249876382091 119249876382092
115286852675876 115286852675877
122046809351175 122046809351176
78989958391076 78989958391077
83762851039411 83762851039412
81788019331802 81788019331803
85133254278538 85133254278539
171670819924039 171670819924040
166188124034779 166188124034780
162225100328564 162225100328565
159428167359480 159428167359481
202485018319579 202485018319580
199686957378853 199686957378854
197712125671244 197712125671245
196341722432117 196341722432118
216922116206649 216922116206650
216111248513128 216111248513129
106634642534204 106634642534205
104493308169434 104493308169435
102912549940418 102912549940419
101779813317443 101779813317444
117766894786829 117766894786830
116814896805985 116814896805986
116136297684354 116136297684355
115662097720860 115662097720861
123419904349893 123419904349894
122884281463909 122884281463910
122509036418925 122509036418926
122249985145360 122249985145361
77336355595267 77336355595268
76203803876135 76203803876136
75359645121909 75359645121910
74750456689769 74750456689770
83028450505642 83028450505643
82554120865813 82554120865814
82214624662503 82214624662504
81976698621973 81976698621974
85799095833277 85799095833278
85539899393690 85539899393691
85357902917314 85357902917315
85232063837411 85232063837412
81860397133471 81860397133472
81937510993512 81937510993513
81905725247413 81905725247414
81959468754327 81959468754328
74648686108452 74648686108453
74705761207961 74705761207962
217359170308294 217359170308295
217845553502568 217845553502569
217642389143415 217642389143416
217988161539646 217988161539647
123738648474229 123738648474230
124121841023669 124121841023670
123957907795562 123957907795563
124240413300759 124240413300760
6 0 1 281474976710656 281474976710656 0 281474976710656 0 281474976710656 0 1
11 1 6 168996244868930 168996244868931 0 281474976710656 0 281474976710656 0 2
1 1 0 68277542469398 68719314564366 0 281474976710656 0 281474976710656 3 4
2 1 0 36167838719874 36513759611647 0 281474976710656 0 281474976710656 5 1
13 1 0 39832273367078 39929821058589 0 281474976710656 0 281474976710656 6 2
5 1 0 20250469059433 20264594673162 0 281474976710656 0 281474976710656 7 8
17 1 7 14268451809973 14268451809974 0 281474976710656 0 281474976710656 0 9
14 0 0 17539939590954 17673421764970 0 281474976710656 0 281474976710656 10 4
6 0 0 8266625376469 8323345309034 0 281474976710656 0 281474976710656 11 12
7 0 0 4791572626694 4822575252170 0 281474976710656 0 281474976710656 3 13
15 0 0 9820765699130 9920817358762 0 281474976710656 0 281474976710656 14 1
8 0 0 4462323459472 4505939913059 0 281474976710656 0 281474976710656 15 16
9 0 0 2538181951328 2562457943347 0 281474976710656 0 281474976710656 5 17
10 0 0 23915108555275 23973675727937 0 281474976710656 0 281474976710656 6 18
0 0 0 10357646592145 10392826622121 0 281474976710656 0 281474976710656 19 20
16 0 0 5675639997245 5697609283755 0 281474976710656 0 281474976710656 21 2
11 0 0 12158285855003 12166766806684 0 281474976710656 0 281474976710656 7 22
1 0 0 4826921110183 4832507767913 0 281474976710656 0 281474976710656 23 24
2 0 0 2535876779254 2539358658744 0 281474976710656 0 281474976710656 25 8
-1
3 1 8 2781471063434 2781471063435 0 281474976710656 0 281474976710656 0 26
4 1 0 1430213475117 1430388987976 0 281474976710656 0 281474976710656 27 9
10 0 0 10530896780733 10611038846750 0 281474976710656 0 281474976710656 10 28
0 0 0 4757184252725 4795429401260 0 281474976710656 0 281474976710656 29 30
16 0 0 2663164720264 2685165425746 0 281474976710656 0 281474976710656 31 4
11 0 0 4963242781604 4997297160877 0 281474976710656 0 281474976710656 11 32
1 0 0 2009508715438 2023680983752 0 281474976710656 0 281474976710656 33 34
2 0 0 1065548975640 1073160819090 0 281474976710656 0 281474976710656 35 12
12 0 0 2876837544818 2895451374537 0 281474976710656 0 281474976710656 3 36
3 0 0 1102505009778 1109757333929 0 281474976710656 0 281474976710656 37 38
4 0 0 569828116794 573604532345 0 281474976710656 0 281474976710656 39 13
10 0 0 5896341281508 5956411824788 0 281474976710656 0 281474976710656 14 40
0 0 0 2720803059733 2749185340712 0 281474976710656 0 281474976710656 41 42
16 0 0 1540095276135 1556357922923 0 281474976710656 0 281474976710656 43 1
11 0 0 2679157901899 2705345014363 0 281474976710656 0 281474976710656 15 44
1 0 0 1094849111422 1105664647103 0 281474976710656 0 281474976710656 45 46
2 0 0 583124893957 588914421573 0 281474976710656 0 281474976710656 47 16
12 0 0 1523912440037 1538487630840 0 281474976710656 0 281474976710656 5 48
3 0 0 587050030758 592698530871 0 281474976710656 0 281474976710656 49 50
4 0 0 304136150741 307070520201 0 281474976710656 0 281474976710656 51 17
15 0 0 158511178969 160086543928 0 281474976710656 0 281474976710656 52 16
8 0 0 71971459830 72686268914 0 281474976710656 0 281474976710656 53 54
9 0 0 40922464089 41328760817 0 281474976710656 0 281474976710656 47 55
-1
8 0 0 190885041587 192902407107 0 281474976710656 0 281474976710656 56 1
9 0 0 108080608948 109221886892 0 281474976710656 0 281474976710656 43 57
14 1 0 706701423769 706733721098 0 281474976710656 0 281474976710656 58 26
6 1 0 335488899782 335494181682 0 281474976710656 0 281474976710656 59 60
7 1 5 195197719886 195197719887 0 281474976710656 0 281474976710656 0 61
13 0 0 664499659593 668826772317 0 281474976710656 0 281474976710656 62 36
5 0 0 342736685554 344958369578 0 281474976710656 0 281474976710656 63 64
17 0 0 242893076737 244464653270 0 281474976710656 0 281474976710656 3 65
163267985203333 163743591865605
1 81718541625674 83843610084026 0 66
218101384884806 218101384884807
74565835588752 74565835588753
158590695246746 158590695246747
124276392647921 124276392647922
101437842339644 101437842339645
86212142134126 86212142134127
180037134371011 180037134371012
206909141121903 206909141121904
195262834576529 195262834576530
215477122949499 215477122949500
109804156786616 109804156786617
119249876382091 119249876382092
115286852675876 115286852675877
122046809351175 122046809351176
78989958391076 78989958391077
83762851039411 83762851039412
81788019331802 81788019331803
85133254278538 85133254278539
171670819924039 171670819924040
166188124034779 166188124034780
162225100328564 162225100328565
159428167359480 159428167359481
202485018319579 202485018319580
199686957378853 199686957378854
197712125671244 197712125671245
196341722432117 196341722432118
216922116206649 216922116206650
216111248513128 216111248513129
106634642534204 106634642534205
104493308169434 104493308169435
102912549940418 102912549940419
101779813317443 101779813317444
117766894786829 117766894786830
116814896805985 116814896805986
116136297684354 116136297684355
115662097720860 115662097720861
123419904349893 123419904349894
122884281463909 122884281463910
122509036418925 122509036418926
122249985145360 122249985145361
77336355595267 77336355595268
76203803876135 76203803876136
75359645121909 75359645121910
74750456689769 74750456689770
83028450505642 83028450505643
82554120865813 82554120865814
82214624662503 82214624662504
81976698621973 81976698621974
85799095833277 85799095833278
85539899393690 85539899393691
85357902917314 85357902917315
85232063837411 85232063837412
81860397133471 81860397133472
81937510993512 81937510993513
81905725247413 81905725247414
81959468754327 81959468754328
74648686108452 74648686108453
74705761207961 74705761207962
217359170308294 217359170308295
217845553502568 217845553502569
217642389143415 217642389143416
217988161539646 217988161539647
123738648474229 123738648474230
124121841023669 124121841023670
123957907795562 123957907795563
124240413300759 124240413300760
7 0 1 281474976710656 281474976710656 0 281474976710656 0 281474976710656 0 1
12 1 6 168996244868930 168996244868931 0 281474976710656 0 281474976710656 0 2
3 1 0 64687478287953 64922590180256 0 281474976710656 0 281474976710656 3 4
4 1 0 33415284364981 33592382205624 0 281474976710656 0 281474976710656 5 1
13 1 0 39017100360390 39071750109585 0 281474976710656 0 281474976710656 6 2
5 1 0 20130957056985 20139052438857 0 281474976710656 0 281474976710656 7 8
17 1 7 14268451809973 14268451809974 0 281474976710656 0 281474976710656 0 9
14 0 0 16463624625636 16533651387071 0 281474976710656 0 281474976710656 10 4
6 0 0 7806924937255 7836962775099 0 281474976710656 0 281474976710656 11 12
7 0 0 4539629562581 4556129214834 0 281474976710656 0 281474976710656 3 13
15 0 0 9027972389096 9078800025537 0 281474976710656 0 281474976710656 14 1
8 0 0 4115750739067 4138022432581 0 281474976710656 0 281474976710656 15 16
9 0 0 2345013544508 2357441894077 0 281474976710656 0 281474976710656 5 17
10 0 0 23425682537166 23458493988134 0 281474976710656 0 281474976710656 6 18
0 0 0 10065604376817 10085074622634 0 281474976710656 0 281474976710656 19 20
16 0 0 5493867521853 5505952624969 0 281474976710656 0 281474976710656 21 2
11 0 0 12086531413928 12091391842920 0 281474976710656 0 281474976710656 7 22
1 0 0 4779808124081 4782990743200 0 281474976710656 0 281474976710656 23 24
2 0 0 2506558414952 2508536433870 0 281474976710656 0 281474976710656 25 8
-1
3 1 8 2781471063434 2781471063435 0 281474976710656 0 281474976710656 0 26
4 1 0 1428722439271 1428823782505 0 281474976710656 0 281474976710656 27 9
10 0 0 9884682365652 9926726102048 0 281474976710656 0 281474976710656 10 28
0 0 0 4449700356802 4469656587862 0 281474976710656 0 281474976710656 29 30
16 0 0 2486549553597 2497997648199 0 281474976710656 0 281474976710656 31 4
11 0 0 4687240811910 4705275387697 0 281474976710656 0 281474976710656 11 32
1 0 0 1894796459333 1902283764439 0 281474976710656 0 281474976710656 33 34
2 0 0 1003976021232 1007992805165 0 281474976710656 0 281474976710656 35 12
12 0 0 2725572120611 2735478433794 0 281474976710656 0 281474976710656 3 36
3 0 0 1043612532698 1047466981362 0 281474976710656 0 281474976710656 37 38
4 0 0 539172103924 541177937248 0 281474976710656 0 281474976710656 39 13
10 0 0 5420351927432 5450868599978 0 281474976710656 0 281474976710656 14 40
0 0 0 2496274498588 2510649617804 0 281474976710656 0 281474976710656 41 42
16 0 0 1411553981343 1419777694456 0 281474976710656 0 281474976710656 43 1
11 0 0 2471077279576 2484449099035 0 281474976710656 0 281474976710656 15 44
1 0 0 1008970054087 1014485608391 0 281474976710656 0 281474976710656 45 46
2 0 0 537169502360 540120136442 0 281474976710656 0 281474976710656 47 16
12 0 0 1407935042112 1415396964417 0 281474976710656 0 281474976710656 5 48
3 0 0 542121339397 545011081707 0 281474976710656 0 281474976710656 49 50
4 0 0 280800055760 282300771458 0 281474976710656 0 281474976710656 51 17
15 0 0 146007289827 146810074739 0 281474976710656 0 281474976710656 52 16
8 0 0 66297666717 66661954013 0 281474976710656 0 281474976710656 53 54
9 0 0 37697412506 37904481728 0 281474976710656 0 281474976710656 47 55
-1
8 0 0 174940579249 175960609594 0 281474976710656 0 281474976710656 56 1
9 0 0 99059854433 99636977119 0 281474976710656 0 281474976710656 43 57
14 1 0 706426897435 706445565075 0 281474976710656 0 281474976710656 58 26
6 1 0 335443994208 335447048307 0 281474976710656 0 281474976710656 59 60
7 1 5 195197719886 195197719887 0 281474976710656 0 281474976710656 0 61
13 0 0 629345385339 631647072778 0 281474976710656 0 281474976710656 62 36
5 0 0 324683634955 325865840675 0 281474976710656 0 281474976710656 63 64
17 0 0 230121648488 230958044305 0 281474976710656 0 281474976710656 3 65
171987125093748 172488327492281
1 121972489907950 124372664127965 0 66
218101384884806 218101384884807
74565835588752 74565835588753
158590695246746 158590695246747
124276392647921 124276392647922
101437842339644 101437842339645
86212142134126 86212142134127
180037134371011 180037134371012
206909141121903 206909141121904
195262834576529 195262834576530
215477122949499 215477122949500
109804156786616 109804156786617
119249876382091 119249876382092
115286852675876 115286852675877
122046809351175 122046809351176
78989958391076 78989958391077
83762851039411 83762851039412
81788019331802 81788019331803
85133254278538 85133254278539
171670819924039 171670819924040
166188124034779 166188124034780
162225100328564 162225100328565
159428167359480 159428167359481
202485018319579 202485018319580
199686957378853 199686957378854
197712125671244 197712125671245
196341722432117 196341722432118
216922116206649 216922116206650
216111248513128 216111248513129
106634642534204 106634642534205
104493308169434 104493308169435
102912549940418 102912549940419
101779813317443 101779813317444
117766894786829 117766894786830
116814896805985 116814896805986
116136297684354 116136297684355
115662097720860 115662097720861
123419904349893 123419904349894
122884281463909 122884281463910
122509036418925 122509036418926
122249985145360 122249985145361
77336355595267 77336355595268
76203803876135 76203803876136
75359645121909 75359645121910
74750456689769 74750456689770
83028450505642 83028450505643
82554120865813 82554120865814
82214624662503 82214624662504
81976698621973 81976698621974
85799095833277 85799095833278
85539899393690 85539899393691
85357902917314 85357902917315
85232063837411 85232063837412
81860397133471 81860397133472
81937510993512 81937510993513
81905725247413 81905725247414
81959468754327 81959468754328
74648686108452 74648686108453
74705761207961 74705761207962
217359170308294 217359170308295
217845553502568 217845553502569
217642389143415 217642389143416
217988161539646 217988161539647
123738648474229 123738648474230
124121841023669 124121841023670
123957907795562 123957907795563
124240413300759 124240413300760
8 0 1 281474976710656 281474976710656 0 281474976710656 0 281474976710656 0 1
11 1 6 168996244868930 168996244868931 0 281474976710656 0 281474976710656 0 2
1 1 0 68982671727877 69228542187105 0 281474976710656 0 281474976710656 3 4
2 1 0 36720734770549 36914479448685 0 281474976710656 0 281474976710656 5 1
13 1 0 39987695395669 40041541285687 0 281474976710656 0 281474976710656 6 2
5 1 0 20272957815124 20280727173189 0 281474976710656 0 281474976710656 7 8
17 1 7 14268451809973 14268451809974 0 281474976710656 0 281474976710656 0 9
14 0 0 17753103362410 17827566792173 0 281474976710656 0 281474976710656 10 4
6 0 0 8357173931048 8388766933930 0 281474976710656 0 281474976710656 11 12
7 0 0 4841057097444 4858311763028 0 281474976710656 0 281474976710656 3 13
15 0 0 9980725603310 10036834272790 0 281474976710656 0 281474976710656 14 1
8 0 0 4532043483231 4556482828863 0 281474976710656 0 281474976710656 15 16
9 0 0 2576983019527 2590579608724 0 281474976710656 0 281474976710656 5 17
10 0 0 24008423206221 24040752023941 0 281474976710656 0 281474976710656 6 18
0 0 0 10413722249012 10433179169438 0 281474976710656 0 281474976710656 19 20
16 0 0 5710665591034 5722827880510 0 281474976710656 0 281474976710656 21 2
11 0 0 12171787997566 12176452683407 0 281474976710656 0 281474976710656 7 22
1 0 0 4835817192074 4838892856746 0 281474976710656 0 281474976710656 23 24
2 0 0 2541421784948 2543339537127 0 281474976710656 0 281474976710656 25 8
-1
3 1 8 2781471063434 2781471063435 0 281474976710656 0 281474976710656 0 26
4 1 0 1430492830006 1430589251809 0 281474976710656 0 281474976710656 27 9
10 0 0 10658879301023 10703586792102 0 281474976710656 0 281474976710656 10 28
0 0 0 4818271308932 4839625197351 0 281474976710656 0 281474976710656 29 30
16 0 0 2698308799338 2710598289380 0 281474976710656 0 281474976710656 31 4
11 0 0 5017607705553 5036575995074 0 281474976710656 0 281474976710656 11 32
1 0 0 2032135458400 2040032498415 0 281474976710656 0 281474976710656 33 34
2 0 0 1077702159215 1081944402463 0 281474976710656 0 281474976710656 35 12
12 0 0 2906547787035 2916907406652 0 281474976710656 0 281474976710656 3 36
3 0 0 1114081274148 1118118480730 0 281474976710656 0 281474976710656 37 38
4 0 0 575856217463 577958675114 0 281474976710656 0 281474976710656 39 13
10 0 0 5992380451497 6026067831305 0 281474976710656 0 281474976710656 14 40
0 0 0 2766184797205 2782109417126 0 281474976710656 0 281474976710656 41 42
16 0 0 1566099847870 1575226812931 0 281474976710656 0 281474976710656 43 1
11 0 0 2721017474445 2735690741985 0 281474976710656 0 281474976710656 15 44
1 0 0 1112138326888 1118199819995 0 281474976710656 0 281474976710656 45 46
2 0 0 592379970101 595625001756 0 281474976710656 0 281474976710656 47 16
12 0 0 1547208417886 1555371745740 0 281474976710656 0 281474976710656 5 48
3 0 0 596078433440 599242438173 0 281474976710656 0 281474976710656 49 50
4 0 0 308826418704 310470192898 0 281474976710656 0 281474976710656 51 17
15 0 0 161029551570 161912562146 0 281474976710656 0 281474976710656 52 16
8 0 0 73114147607 73514801047 0 281474976710656 0 281474976710656 53 54
9 0 0 41571965637 41799695053 0 281474976710656 0 281474976710656 47 55
-1
8 0 0 194110896271 195243108154 0 281474976710656 0 281474976710656 56 1
9 0 0 109905554452 110546065437 0 281474976710656 0 281474976710656 43 57
14 1 0 706752828027 706770568467 0 281474976710656 0 281474976710656 58 26
6 1 0 335497306313 335500207405 0 281474976710656 0 281474976710656 59 60
7 1 5 195197719886 195197719887 0 281474976710656 0 281474976710656 0 61
13 0 0 671406456411 673814937306 0 281474976710656 0 281474976710656 62 36
5 0 0 346282818801 347519338307 0 281474976710656 0 281474976710656 63 64
17 0 0 245401529867 246276198612 0 281474976710656 0 281474976710656 3 65
164023303522455 164281918112449
1 85097085982291 86258460604879 0 66
218101384884806 218101384884807
74565835588752 74565835588753
158590695246746 158590695246747
124276392647921 124276392647922
101437842339644 101437842339645
86212142134126 86212142134127
180037134371011 180037134371012
206909141121903 206909141121904
195262834576529 195262834576530
215477122949499 215477122949500
109804156786616 109804156786617
119249876382091 119249876382092
115286852675876 115286852675877
122046809351175 122046809351176
78989958391076 78989958391077
83762851039411 83762851039412
81788019331802 81788019331803
85133254278538 85133254278539
171670819924039 171670819924040
166188124034779 166188124034780
162225100328564 162225100328565
159428167359480 159428167359481
202485018319579 202485018319580
199686957378853 199686957378854
197712125671244 197712125671245
196341722432117 196341722432118
216922116206649 216922116206650
216111248513128 216111248513129
106634642534204 106634642534205
104493308169434 104493308169435
102912549940418 102912549940419
101779813317443 101779813317444
117766894786829 117766894786830
116814896805985 116814896805986
116136297684354 116136297684355
115662097720860 115662097720861
123419904349893 123419904349894
122884281463909 122884281463910
122509036418925 122509036418926
122249985145360 122249985145361
77336355595267 77336355595268
76203803876135 76203803876136
75359645121909 75359645121910
74750456689769 74750456689770
83028450505642 83028450505643
82554120865813 82554120865814
82214624662503 82214624662504
81976698621973 81976698621974
85799095833277 85799095833278
85539899393690 85539899393691
85357902917314 85357902917315
85232063837411 85232063837412
81860397133471 81860397133472
81937510993512 81937510993513
81905725247413 81905725247414
81959468754327 81959468754328
74648686108452 74648686108453
74705761207961 74705761207962
217359170308294 217359170308295
217845553502568 217845553502569
217642389143415 217642389143416
217988161539646 217988161539647
123738648474229 123738648474230
124121841023669 124121841023670
123957907795562 123957907795563
124240413300759 124240413300760
9 0 1 281474976710656 281474976710656 0 281474976710656 0 281474976710656 0 1
12 1 6 168996244868930 168996244868931 0 281474976710656 0 281474976710656 0 2
3 1 0 65060821701248 65188599658888 0 281474976710656 0 281474976710656 3 4
4 1 0 33696710688756 33793285103578 0 281474976710656 0 281474976710656 5 1
13 1 0 39103795769149 39133362236781 0 281474976710656 0 281474976710656 6 2
5 1 0 20143793800555 20148164665985 0 281474976710656 0 281474976710656 7 8
17 1 7 14268451809973 14268451809974 0 281474976710656 0 281474976710656 0 9
14 0 0 16574853090387 16612958867484 0 281474976710656 0 281474976710656 10 4
6 0 0 7854627661599 7870959601392 0 281474976710656 0 281474976710656 11 12
7 0 0 4565830008801 4574797193940 0 281474976710656 0 281474976710656 3 13
15 0 0 9108754335855 9136490060001 0 281474976710656 0 281474976710656 14 1
8 0 0 4151144437075 4163292309273 0 281474976710656 0 281474976710656 15 16
9 0 0 2364763444997 2371540831907 0 281474976710656 0 281474976710656 5 17
10 0 0 23477734050586 23495485617927 0 281474976710656 0 281474976710656 6 18
0 0 0 10096498873327 10107044041452 0 281474976710656 0 281474976710656 19 20
16 0 0 5513045846086 5519594718653 0 281474976710656 0 281474976710656 21 2
11 0 0 12094238534060 12096862780995 0 281474976710656 0 281474976710656 7 22
1 0 0 4784855346895 4786574630477 0 281474976710656 0 281474976710656 23 24
2 0 0 2509695467258 2510764281170 0 281474976710656 0 281474976710656 25 8
-1
3 1 8 2781471063434 2781471063435 0 281474976710656 0 281474976710656 0 26
4 1 0 1428883114574 1428937795077 0 281474976710656 0 281474976710656 27 9
10 0 0 9951463409868 9974341938228 0 281474976710656 0 281474976710656 10 28
0 0 0 4481401473029 4492265960497 0 281474976710656 0 281474976710656 29 30
16 0 0 2504736172338 2510970202927 0 281474976710656 0 281474976710656 31 4
11 0 0 4715881302011 4725686921426 0 281474976710656 0 281474976710656 11 32
1 0 0 1906687499910 1910759297936 0 281474976710656 0 281474976710656 33 34
2 0 0 1010355456206 1012540110279 0 281474976710656 0 281474976710656 35 12
12 0 0 2741302744614 2746686600165 0 281474976710656 0 281474976710656 3 36
3 0 0 1049733321198 1051828376222 0 281474976710656 0 281474976710656 37 38
4 0 0 542357365237 543447679434 0 281474976710656 0 281474976710656 39 13
10 0 0 5468853026233 5485505423843 0 281474976710656 0 281474976710656 14 40
0 0 0 2519122613804 2526968903264 0 281474976710656 0 281474976710656 41 42
16 0 0 1424625309664 1429114625463 0 281474976710656 0 281474976710656 43 1
11 0 0 2492327488476 2499621013495 0 281474976710656 0 281474976710656 15 44
1 0 0 1017735467173 1020744207793 0 281474976710656 0 281474976710656 45 46
2 0 0 541858754804 543468414988 0 281474976710656 0 281474976710656 47 16
12 0 0 1419792788965 1423861900014 0 281474976710656 0 281474976710656 5 48
3 0 0 546713492825 548289415227 0 281474976710656 0 281474976710656 49 50
4 0 0 283184890925 284003330205 0 281474976710656 0 281474976710656 51 17
15 0 0 147283107092 147721055284 0 281474976710656 0 281474976710656 52 16
8 0 0 66876605476 67075335943 0 281474976710656 0 281474976710656 53 54
9 0 0 38026494263 38139456790 0 281474976710656 0 281474976710656 47 55
-1
8 0 0 176561888140 177118726901 0 281474976710656 0 281474976710656 56 1
9 0 0 99977172437 100292223067 0 281474976710656 0 281474976710656 43 57
14 1 0 706456493589 706466564943 0 281474976710656 0 281474976710656 58 26
6 1 0 335448836216 335450483872 0 281474976710656 0 281474976710656 59 60
7 1 5 195197719886 195197719887 0 281474976710656 0 281474976710656 0 61
13 0 0 633000361688 634251333993 0 281474976710656 0 281474976710656 62 36
5 0 0 326560911249 327203421630 0 281474976710656 0 281474976710656 63 64
17 0 0 231449794274 231904356348 0 281474976710656 0 281474976710656 3 65
107986060995383 110675323459580
0 156374987061475 180948199313994 0 58
81788019331802 81788019331803
218101384884806 218101384884807
158590695246746 158590695246747
101437842339644 101437842339645
124276392647921 124276392647922
86212142134126 86212142134127
180037134371011 180037134371012
195262834576529 195262834576530
206909141121903 206909141121904
215477122949499 215477122949500
109804156786616 109804156786617
115286852675876 115286852675877
119249876382091 119249876382092
122046809351175 122046809351176
83762851039411 83762851039412
85133254278538 85133254278539
171670819924039 171670819924040
162225100328564 162225100328565
166188124034779 166188124034780
159428167359480 159428167359481
202485018319579 202485018319580
197712125671244 197712125671245
199686957378853 199686957378854
196341722432117 196341722432118
216922116206649 216922116206650
216111248513128 216111248513129
106634642534204 106634642534205
102912549940418 102912549940419
104493308169434 104493308169435
101779813317443 101779813317444
117766894786829 117766894786830
116136297684354 116136297684355
116814896805985 116814896805986
115662097720860 115662097720861
123419904349893 123419904349894
122509036418925 122509036418926
122884281463909 122884281463910
122249985145360 122249985145361
83028450505642 83028450505643
82214624662503 82214624662504
82554120865813 82554120865814
81976698621973 81976698621974
85799095833277 85799095833278
85357902917314 85357902917315
85539899393690 85539899393691
85232063837411 85232063837412
81860397133471 81860397133472
81905725247413 81905725247414
81937510993512 81937510993513
81959468754327 81959468754328
217359170308294 217359170308295
217642389143415 217642389143416
217845553502568 217845553502569
217988161539646 217988161539647
123738648474229 123738648474230
123957907795562 123957907795563
124121841023669 124121841023670
124240413300759 124240413300760
10 0 1 281474976710656 281474976710656 0 281474976710656 0 281474976710656 0 1
13 1 0 67823923330537 69913378825838 0 281474976710656 0 281474976710656 2 1
5 1 0 33940699582410 34231762412955 0 281474976710656 0 281474976710656 3 4
17 1 9 23765096934693 23765096934694 0 281474976710656 0 281474976710656 0 5
10 0 0 40721162815554 41975662013505 0 281474976710656 0 281474976710656 2 6
0 0 0 17788391199777 18558092988883 0 281474976710656 0 281474976710656 7 8
16 0 0 9789494837245 10275319236761 0 281474976710656 0 281474976710656 9 1
11 0 0 20377835517322 20552588264291 0 281474976710656 0 281474976710656 3 10
1 0 0 8123704416488 8239990838377 0 281474976710656 0 281474976710656 11 12
2 0 0 4276182237418 4349003561585 0 281474976710656 0 281474976710656 13 4
-1
3 1 10 4632733132081 4632733132082 0 281474976710656 0 281474976710656 0 14
4 1 0 2384746595788 2388317795374 0 281474976710656 0 281474976710656 15 5
13 0 0 9883217019814 10233064657428 0 281474976710656 0 281474976710656 16 6
5 0 0 4920249452067 5078188024256 0 281474976710656 0 281474976710656 17 18
17 0 0 3438111596683 3544029697796 0 281474976710656 0 281474976710656 2 19
14 0 0 4634118346993 4845344181475 0 281474976710656 0 281474976710656 20 8
6 0 0 2164060214682 2259405573566 0 281474976710656 0 281474976710656 21 22
7 0 0 1248351438307 1302367471839 0 281474976710656 0 281474976710656 7 23
-1
8 0 0 1210969167134 1271600779751 0 281474976710656 0 281474976710656 24 1
9 0 0 687005914314 721100036773 0 281474976710656 0 281474976710656 9 25
13 0 0 4778678688017 4830085654677 0 281474976710656 0 281474976710656 26 10
5 0 0 2438291929426 2460720174845 0 281474976710656 0 281474976710656 27 28
17 0 0 1720512572903 1735267049553 0 281474976710656 0 281474976710656 3 29
14 0 0 2082051198065 2113941858326 0 281474976710656 0 281474976710656 30 12
6 0 0 982780799506 997187053490 0 281474976710656 0 281474976710656 31 32
7 0 0 570104287611 578265021227 0 281474976710656 0 281474976710656 11 33
15 0 0 1159655385944 1180035546276 0 281474976710656 0 281474976710656 34 4
8 0 0 527362530749 536440109858 0 281474976710656 0 281474976710656 35 36
9 0 0 300093369130 305203814687 0 281474976710656 0 281474976710656 13 37
-1
-1
-1
14 1 0 1177543425058 1178199480051 0 281474976710656 0 281474976710656 38 14
6 1 0 558859050347 558966271222 0 281474976710656 0 281474976710656 39 40
7 1 11 325115352129 325115352130 0 281474976710656 0 281474976710656 0 41
15 0 0 643853054276 645007933898 0 281474976710656 0 281474976710656 42 5
8 0 0 293659914779 294129041312 0 281474976710656 0 281474976710656 43 44
9 0 0 167356441030 167607060218 0 281474976710656 0 281474976710656 15 45
12 1 5 195197719886 195197719887 0 281474976710656 0 281474976710656 0 46
3 1 0 74731307167 74735265064 0 281474976710656 0 281474976710656 47 48
4 1 0 38607009605 38609987634 0 281474976710656 0 281474976710656 49 41
-1
-1
-1
11 0 0 727060161046 763463094523 0 281474976710656 0 281474976710656 24 50
1 0 0 297501596954 312462398964 0 281474976710656 0 281474976710656 51 52
2 0 0 158550024568 166539891892 0 281474976710656 0 281474976710656 53 1
10 0 0 696251609492 708487761374 0 281474976710656 0 281474976710656 34 54
0 0 0 321118869689 326830669600 0 281474976710656 0 281474976710656 55 56
16 0 0 181720372238 184972952011 0 281474976710656 0 281474976710656 57 4
105349798757479 106567828377851
0 194867291568915 207402614418379 0 58
81788019331802 81788019331803
218101384884806 218101384884807
158590695246746 158590695246747
101437842339644 101437842339645
124276392647921 124276392647922
86212142134126 86212142134127
180037134371011 180037134371012
195262834576529 195262834576530
206909141121903 206909141121904
215477122949499 215477122949500
109804156786616 109804156786617
115286852675876 115286852675877
119249876382091 119249876382092
122046809351175 122046809351176
83762851039411 83762851039412
85133254278538 85133254278539
171670819924039 171670819924040
162225100328564 162225100328565
166188124034779 166188124034780
159428167359480 159428167359481
202485018319579 202485018319580
197712125671244 197712125671245
199686957378853 199686957378854
196341722432117 196341722432118
216922116206649 216922116206650
216111248513128 216111248513129
106634642534204 106634642534205
102912549940418 102912549940419
104493308169434 104493308169435
101779813317443 101779813317444
117766894786829 117766894786830
116136297684354 116136297684355
116814896805985 116814896805986
115662097720860 115662097720861
123419904349893 123419904349894
122509036418925 122509036418926
122884281463909 122884281463910
122249985145360 122249985145361
83028450505642 83028450505643
82214624662503 82214624662504
82554120865813 82554120865814
81976698621973 81976698621974
85799095833277 85799095833278
85357902917314 85357902917315
85539899393690 85539899393691
85232063837411 85232063837412
81860397133471 81860397133472
81905725247413 81905725247414
81937510993512 81937510993513
81959468754327 81959468754328
217359170308294 217359170308295
217642389143415 217642389143416
217845553502568 217845553502569
217988161539646 217988161539647
123738648474229 123738648474230
123957907795562 123957907795563
124121841023669 124121841023670
124240413300759 124240413300760
11 0 1 281474976710656 281474976710656 0 281474976710656 0 281474976710656 0 1
13 1 0 65768509508407 66719004927459 0 281474976710656 0 281474976710656 2 1
5 1 0 33644812539300 33782856574049 0 281474976710656 0 281474976710656 3 4
17 1 9 23765096934693 23765096934694 0 281474976710656 0 281474976710656 0 5
10 0 0 39487102077186 40057775031714 0 281474976710656 0 281474976710656 2 6
0 0 0 17044708667012 17386959285784 0 281474976710656 0 281474976710656 7 8
16 0 0 9324317595094 9537878976982 0 281474976710656 0 281474976710656 9 1
11 0 0 20200186335944 20283067321572 0 281474976710656 0 281474976710656 3 10
1 0 0 8006501428744 8061055304210 0 281474976710656 0 281474976710656 11 12
2 0 0 4203082659249 4237070978713 0 281474976710656 0 281474976710656 13 4
-1
3 1 10 4632733132081 4632733132082 0 281474976710656 0 281474976710656 0 14
4 1 0 2381077173874 2382794060643 0 281474976710656 0 281474976710656 15 5
13 0 0 9541351743653 9699159916100 0 281474976710656 0 281474976710656 16 6
5 0 0 4765175561330 4836850990840 0 281474976710656 0 281474976710656 17 18
17 0 0 3333919126669 3382101378040 0 281474976710656 0 281474976710656 2 19
14 0 0 4430704261033 4524234909488 0 281474976710656 0 281474976710656 20 8
6 0 0 2072041604878 2114376764174 0 281474976710656 0 281474976710656 21 22
7 0 0 1196161380814 1220179800885 0 281474976710656 0 281474976710656 7 23
-1
8 0 0 1152950614865 1179582287528 0 281474976710656 0 281474976710656 24 1
9 0 0 654360765419 669348048714 0 281474976710656 0 281474976710656 9 25
13 0 0 4726590479528 4750870440773 0 281474976710656 0 281474976710656 26 10
5 0 0 2415513264652 2426137813019 0 281474976710656 0 281474976710656 27 28
17 0 0 1705513548602 1712511238701 0 281474976710656 0 281474976710656 3 29
14 0 0 2049957115794 2064889781020 0 281474976710656 0 281474976710656 30 12
6 0 0 968268438829 975022500494 0 281474976710656 0 281474976710656 31 32
7 0 0 561879231355 565707706238 0 281474976710656 0 281474976710656 11 33
15 0 0 1139213878896 1148716277606 0 281474976710656 0 281474976710656 34 4
8 0 0 518252748488 522488114618 0 281474976710656 0 281474976710656 35 36
9 0 0 294963396300 297348624229 0 281474976710656 0 281474976710656 13 37
-1
-1
-1
14 1 0 1176868361681 1177184339086 0 281474976710656 0 281474976710656 38 14
6 1 0 558748661544 558800339061 0 281474976710656 0 281474976710656 39 40
7 1 11 325115352129 325115352130 0 281474976710656 0 281474976710656 0 41
15 0 0 642666944437 643221846344 0 281474976710656 0 281474976710656 42 5
8 0 0 293177958589 293403451958 0 281474976710656 0 281474976710656 43 44
9 0 0 167098928809 167219416270 0 281474976710656 0 281474976710656 15 45
12 1 5 195197719886 195197719887 0 281474976710656 0 281474976710656 0 46
3 1 0 74727231469 74729139580 0 281474976710656 0 281474976710656 47 48
4 1 0 38603943054 38605378701 0 281474976710656 0 281474976710656 49 41
-1
-1
-1
11 0 0 692226096644 708215626965 0 281474976710656 0 281474976710656 24 50
1 0 0 283190009014 289758766981 0 281474976710656 0 281474976710656 51 52
2 0 0 150908009335 154415415206 0 281474976710656 0 281474976710656 53 1
10 0 0 683978625332 689683820579 0 281474976710656 0 281474976710656 34 54
0 0 0 315391684240 318053786242 0 281474976710656 0 281474976710656 55 56
16 0 0 178459570786 179975184263 0 281474976710656 0 281474976710656 57 4
103921881261960 104614560831495
0 215245570425795 222834356562603 0 58
81788019331802 81788019331803
218101384884806 218101384884807
158590695246746 158590695246747
101437842339644 101437842339645
124276392647921 124276392647922
86212142134126 86212142134127
180037134371011 180037134371012
195262834576529 195262834576530
206909141121903 206909141121904
215477122949499 215477122949500
109804156786616 109804156786617
115286852675876 115286852675877
119249876382091 119249876382092
122046809351175 122046809351176
83762851039411 83762851039412
85133254278538 85133254278539
171670819924039 171670819924040
162225100328564 162225100328565
166188124034779 166188124034780
159428167359480 159428167359481
202485018319579 202485018319580
197712125671244 197712125671245
199686957378853 199686957378854
196341722432117 196341722432118
216922116206649 216922116206650
216111248513128 216111248513129
106634642534204 106634642534205
102912549940418 102912549940419
104493308169434 104493308169435
101779813317443 101779813317444
117766894786829 117766894786830
116136297684354 116136297684355
116814896805985 116814896805986
115662097720860 115662097720861
123419904349893 123419904349894
122509036418925 122509036418926
122884281463909 122884281463910
122249985145360 122249985145361
83028450505642 83028450505643
82214624662503 82214624662504
82554120865813 82554120865814
81976698621973 81976698621974
85799095833277 85799095833278
85357902917314 85357902917315
85539899393690 85539899393691
85232063837411 85232063837412
81860397133471 81860397133472
81905725247413 81905725247414
81937510993512 81937510993513
81959468754327 81959468754328
217359170308294 217359170308295
217642389143415 217642389143416
217845553502568 217845553502569
217988161539646 217988161539647
123738648474229 123738648474230
123957907795562 123957907795563
124121841023669 124121841023670
124240413300759 124240413300760
12 0 1 281474976710656 281474976710656 0 281474976710656 0 281474976710656 0 1
13 1 0 64652501225080 65194100342231 0 281474976710656 0 281474976710656 2 1
5 1 0 33479977810005 33560349032560 0 281474976710656 0 281474976710656 3 4
17 1 9 23765096934693 23765096934694 0 281474976710656 0 281474976710656 0 5
10 0 0 38817055981690 39142229530304 0 281474976710656 0 281474976710656 2 6
0 0 0 16646477832519 16839252451982 0 281474976710656 0 281474976710656 7 8
16 0 0 9076942603748 9196540826861 0 281474976710656 0 281474976710656 9 1
11 0 0 20101220344010 20149474845941 0 281474976710656 0 281474976710656 3 10
1 0 0 7941648538943 7973230794902 0 281474976710656 0 281474976710656 11 12
2 0 0 4162761657981 4182385919125 0 281474976710656 0 281474976710656 13 4
-1
3 1 10 4632733132081 4632733132082 0 281474976710656 0 281474976710656 0 14
4 1 0 2379015646389 2380022382477 0 281474976710656 0 281474976710656 15 5
13 0 0 9356685993522 9446220276676 0 281474976710656 0 281474976710656 16 6
5 0 0 4681099027102 4721890568723 0 281474976710656 0 281474976710656 17 18
17 0 0 3277346742877 3304801335801 0 281474976710656 0 281474976710656 2 19
14 0 0 4322054300268 4374625161554 0 281474976710656 0 281474976710656 20 8
6 0 0 2022809619515 2046637977652 0 281474976710656 0 281474976710656 21 22
7 0 0 1168214388339 1181742900883 0 281474976710656 0 281474976710656 7 23
-1
8 0 0 1122111872433 1137020167601 0 281474976710656 0 281474976710656 24 1
9 0 0 637000514974 645393663752 0 281474976710656 0 281474976710656 9 25
13 0 0 4697647518769 4711753045605 0 281474976710656 0 281474976710656 26 10
5 0 0 2402832920127 2409014850977 0 281474976710656 0 281474976710656 27 28
17 0 0 1697157792012 1701231947838 0 281474976710656 0 281474976710656 3 29
14 0 0 2032219009800 2040855313037 0 281474976710656 0 281474976710656 30 12
6 0 0 960241424529 964150155975 0 281474976710656 0 281474976710656 31 32
7 0 0 557327993565 559544369078 0 281474976710656 0 281474976710656 11 33
15 0 0 1127945677736 1133429284188 0 281474976710656 0 281474976710656 34 4
8 0 0 513228954989 515673943464 0 281474976710656 0 281474976710656 35 36
9 0 0 292133754239 293510943124 0 281474976710656 0 281474976710656 13 37
-1
-1
-1
14 1 0 1176488672813 1176674130544 0 281474976710656 0 281474976710656 38 14
6 1 0 558686546089 558716888634 0 281474976710656 0 281474976710656 39 40
7 1 11 325115352129 325115352130 0 281474976710656 0 281474976710656 0 41
15 0 0 642000810294 642326092063 0 281474976710656 0 281474976710656 42 5
8 0 0 292907222094 293039431908 0 281474976710656 0 281474976710656 43 44
9 0 0 166954255197 167024905794 0 281474976710656 0 281474976710656 15 45
12 1 5 195197719886 195197719887 0 281474976710656 0 281474976710656 0 46
3 1 0 74724937702 74726058211 0 281474976710656 0 281474976710656 47 48
4 1 0 38602217275 38603060317 0 281474976710656 0 281474976710656 49 41
-1
-1
-1
11 0 0 673710661530 682661531446 0 281474976710656 0 281474976710656 24 50
1 0 0 275584741415 279261178537 0 281474976710656 0 281474976710656 51 52
2 0 0 146847456466 148810314369 0 281474976710656 0 281474976710656 53 1
10 0 0 677213250645 680505582026 0 281474976710656 0 281474976710656 34 54
0 0 0 312235403190 313771320074 0 281474976710656 0 281474976710656 55 56
16 0 0 176662759176 177537107124 0 281474976710656 0 281474976710656 57 4
167890484053322 172071593843777
1 156374987061475 180948199313994 0 58
218101384884806 218101384884807
81788019331802 81788019331803
158590695246746 158590695246747
124276392647921 124276392647922
101437842339644 101437842339645
86212142134126 86212142134127
180037134371011 180037134371012
206909141121903 206909141121904
195262834576529 195262834576530
215477122949499 215477122949500
109804156786616 109804156786617
119249876382091 119249876382092
115286852675876 115286852675877
122046809351175 122046809351176
83762851039411 83762851039412
85133254278538 85133254278539
171670819924039 171670819924040
166188124034779 166188124034780
162225100328564 162225100328565
159428167359480 159428167359481
202485018319579 202485018319580
199686957378853 199686957378854
197712125671244 197712125671245
196341722432117 196341722432118
216922116206649 216922116206650
216111248513128 216111248513129
106634642534204 106634642534205
104493308169434 104493308169435
102912549940418 102912549940419
101779813317443 101779813317444
117766894786829 117766894786830
116814896805985 116814896805986
116136297684354 116136297684355
115662097720860 115662097720861
123419904349893 123419904349894
122884281463909 122884281463910
122509036418925 122509036418926
122249985145360 122249985145361
83028450505642 83028450505643
82554120865813 82554120865814
82214624662503 82214624662504
81976698621973 81976698621974
85799095833277 85799095833278
85539899393690 85539899393691
85357902917314 85357902917315
85232063837411 85232063837412
81860397133471 81860397133472
81937510993512 81937510993513
81905725247413 81905725247414
81959468754327 81959468754328
217359170308294 217359170308295
217845553502568 217845553502569
217642389143415 217642389143416
217988161539646 217988161539647
123738648474229 123738648474230
124121841023669 124121841023670
123957907795562 123957907795563
124240413300759 124240413300760
13 0 1 281474976710656 281474976710656 0 281474976710656 0 281474976710656 0 1
10 1 6 168996244868930 168996244868931 0 281474976710656 0 281474976710656 0 2
0 1 0 72403126359121 74715868115209 0 281474976710656 0 281474976710656 3 4
16 1 0 39460849356530 41368981036756 0 281474976710656 0 281474976710656 5 1
13 1 0 40721162815554 41198861855944 0 281474976710656 0 281474976710656 6 2
5 1 0 20377835517322 20445054721507 0 281474976710656 0 281474976710656 7 8
17 1 7 14268451809973 14268451809974 0 281474976710656 0 281474976710656 0 9
14 0 0 18795292380638 19507613042607 0 281474976710656 0 281474976710656 10 4
6 0 0 8797594547984 9096486851018 0 281474976710656 0 281474976710656 11 12
7 0 0 5081097324277 5243400618894 0 281474976710656 0 281474976710656 3 13
-1
8 0 0 4878077369415 5119532282330 0 281474976710656 0 281474976710656 14 1
9 0 0 2769278429838 2903187050396 0 281474976710656 0 281474976710656 5 15
10 0 0 24448793576415 24735601821136 0 281474976710656 0 281474976710656 6 16
0 0 0 10680065951695 10855056251149 0 281474976710656 0 281474976710656 17 18
16 0 0 5877566403918 5987704904136 0 281474976710656 0 281474976710656 19 2
11 0 0 12234756073980 12275114166281 0 281474976710656 0 281474976710656 7 20
1 0 0 4877433713132 4904219056541 0 281474976710656 0 281474976710656 21 22
2 0 0 2567399592475 2584152483089 0 281474976710656 0 281474976710656 23 8
-1
3 1 8 2781471063434 2781471063435 0 281474976710656 0 281474976710656 0 24
4 1 0 1431790578195 1432618007718 0 281474976710656 0 281474976710656 25 9
10 0 0 11284604658859 11712278615607 0 281474976710656 0 281474976710656 10 26
0 0 0 5117823877561 5323401214816 0 281474976710656 0 281474976710656 27 28
16 0 0 2870909803007 2989613153110 0 281474976710656 0 281474976710656 29 4
11 0 0 5282034161129 5461487686353 0 281474976710656 0 281474976710656 11 30
1 0 0 2142335445316 2217258333315 0 281474976710656 0 281474976710656 31 32
2 0 0 1136929525723 1177231796429 0 281474976710656 0 281474976710656 33 12
12 0 0 3050666804030 3148112934556 0 281474976710656 0 281474976710656 3 34
3 0 0 1170277372938 1208313052162 0 281474976710656 0 281474976710656 35 36
4 0 0 605129111239 624951342829 0 281474976710656 0 281474976710656 37 13
-1
-1
-1
11 0 0 2928774583251 3073742971079 0 281474976710656 0 281474976710656 14 38
1 0 0 1198010397732 1257990215155 0 281474976710656 0 281474976710656 39 40
2 0 0 638364081065 670498450780 0 281474976710656 0 281474976710656 41 1
12 0 0 1662661672835 1743059775340 0 281474976710656 0 281474976710656 5 42
3 0 0 640840508537 672028690307 0 281474976710656 0 281474976710656 43 44
4 0 0 332084654394 348294048954 0 281474976710656 0 281474976710656 45 15
15 0 0 173543036062 182288489911 0 281474976710656 0 281474976710656 46 1
8 0 0 78791758791 82759486163 0 281474976710656 0 281474976710656 47 48
9 0 0 44799032684 47054154365 0 281474976710656 0 281474976710656 41 49
-1
-1
-1
14 1 0 706991503580 707143574096 0 281474976710656 0 281474976710656 50 24
6 1 0 335536330878 335561188361 0 281474976710656 0 281474976710656 51 52
7 1 5 195197719886 195197719887 0 281474976710656 0 281474976710656 0 53
13 0 0 704919683792 727588558276 0 281474976710656 0 281474976710656 54 34
5 0 0 363485886730 375119058917 0 281474976710656 0 281474976710656 55 56
17 0 0 257569582775 265797016579 0 281474976710656 0 281474976710656 3 57
174361567756681 176377495235299
1 194867291568915 207402614418379 0 58
218101384884806 218101384884807
81788019331802 81788019331803
158590695246746 158590695246747
124276392647921 124276392647922
101437842339644 101437842339645
86212142134126 86212142134127
180037134371011 180037134371012
206909141121903 206909141121904
195262834576529 195262834576530
215477122949499 215477122949500
109804156786616 109804156786617
119249876382091 119249876382092
115286852675876 115286852675877
122046809351175 122046809351176
83762851039411 83762851039412
85133254278538 85133254278539
171670819924039 171670819924040
166188124034779 166188124034780
162225100328564 162225100328565
159428167359480 159428167359481
202485018319579 202485018319580
199686957378853 199686957378854
197712125671244 197712125671245
196341722432117 196341722432118
216922116206649 216922116206650
216111248513128 216111248513129
106634642534204 106634642534205
104493308169434 104493308169435
102912549940418 102912549940419
101779813317443 101779813317444
117766894786829 117766894786830
116814896805985 116814896805986
116136297684354 116136297684355
115662097720860 115662097720861
123419904349893 123419904349894
122884281463909 122884281463910
122509036418925 122509036418926
122249985145360 122249985145361
83028450505642 83028450505643
82554120865813 82554120865814
82214624662503 82214624662504
81976698621973 81976698621974
85799095833277 85799095833278
85539899393690 85539899393691
85357902917314 85357902917315
85232063837411 85232063837412
81860397133471 81860397133472
81937510993512 81937510993513
81905725247413 81905725247414
81959468754327 81959468754328
217359170308294 217359170308295
217845553502568 217845553502569
217642389143415 217642389143416
217988161539646 217988161539647
123738648474229 123738648474230
124121841023669 124121841023670
123957907795562 123957907795563
124240413300759 124240413300760
14 0 1 281474976710656 281474976710656 0 281474976710656 0 281474976710656 0 1
10 1 6 168996244868930 168996244868931 0 281474976710656 0 281474976710656 0 2
0 1 0 75980430174190 77092285096580 0 281474976710656 0 281474976710656 3 4
16 1 0 42431514619442 43377076599547 0 281474976710656 0 281474976710656 5 1
13 1 0 41454178086167 41675352158734 0 281474976710656 0 281474976710656 6 2
5 1 0 20480638053457 20511272513314 0 281474976710656 0 281474976710656 7 8
17 1 7 14268451809973 14268451809974 0 281474976710656 0 281474976710656 0 9
14 0 0 19899692763317 20245937955468 0 281474976710656 0 281474976710656 10 4
6 0 0 9260286720904 9404521538307 0 281474976710656 0 281474976710656 11 12
7 0 0 5332144893034 5410172505311 0 281474976710656 0 281474976710656 3 13
-1
8 0 0 5254155027390 5374058192630 0 281474976710656 0 281474976710656 14 1
9 0 0 2977753396013 3044110923495 0 281474976710656 0 281474976710656 5 15
10 0 0 24888892478323 25021684345519 0 281474976710656 0 281474976710656 6 16
0 0 0 10949078014081 11030805828056 0 281474976710656 0 281474976710656 17 18
16 0 0 6047039642650 6098705307311 0 281474976710656 0 281474976710656 19 2
11 0 0 12296478230503 12314871015325 0 281474976710656 0 281474976710656 7 20
1 0 0 4918433759629 4930691251242 0 281474976710656 0 281474976710656 21 22
2 0 0 2593053551354 2600734872608 0 281474976710656 0 281474976710656 23 8
-1
3 1 8 2781471063434 2781471063435 0 281474976710656 0 281474976710656 0 24
4 1 0 1433054656977 1433429826571 0 281474976710656 0 281474976710656 25 9
10 0 0 11947681425702 12155565401611 0 281474976710656 0 281474976710656 10 26
0 0 0 5436842347184 5537189388579 0 281474976710656 0 281474976710656 27 28
16 0 0 3055201487346 3113269463269 0 281474976710656 0 281474976710656 29 4
11 0 0 5559832353592 5646430255847 0 281474976710656 0 281474976710656 11 30
1 0 0 2258363566915 2294585558713 0 281474976710656 0 281474976710656 31 32
2 0 0 1199354724631 1218856300589 0 281474976710656 0 281474976710656 33 12
12 0 0 3201394577061 3248241986465 0 281474976710656 0 281474976710656 3 34
3 0 0 1229123215498 1247427883800 0 281474976710656 0 281474976710656 35 36
4 0 0 635799623432 645343589352 0 281474976710656 0 281474976710656 37 13
-1
-1
-1
11 0 0 3154569830556 3226559123923 0 281474976710656 0 281474976710656 14 38
1 0 0 1291452828280 1321269108645 0 281474976710656 0 281474976710656 39 40
2 0 0 688431536359 704413701234 0 281474976710656 0 281474976710656 41 1
12 0 0 1787829056610 1827669802293 0 281474976710656 0 281474976710656 5 42
3 0 0 689401669960 704865655352 0 281474976710656 0 281474976710656 43 44
4 0 0 357324715982 365363914133 0 281474976710656 0 281474976710656 45 15
15 0 0 187169322483 191519350346 0 281474976710656 0 281474976710656 46 1
8 0 0 84973783442 86947216607 0 281474976710656 0 281474976710656 47 48
9 0 0 48312660146 49434254466 0 281474976710656 0 281474976710656 41 49
-1
-1
-1
14 1 0 707223791073 707292695220 0 281474976710656 0 281474976710656 50 24
6 1 0 335574298529 335585558631 0 281474976710656 0 281474976710656 51 52
7 1 5 195197719886 195197719887 0 281474976710656 0 281474976710656 0 53
13 0 0 739986443436 750888900530 0 281474976710656 0 281474976710656 54 34
5 0 0 381480290669 387073601488 0 281474976710656 0 281474976710656 55 56
17 0 0 270295616822 274250971003 0 281474976710656 0 281474976710656 3 57
177617087723729 178800974373705
1 215245570425795 222834356562603 0 58
218101384884806 218101384884807
81788019331802 81788019331803
158590695246746 158590695246747
124276392647921 124276392647922
101437842339644 101437842339645
86212142134126 86212142134127
180037134371011 180037134371012
206909141121903 206909141121904
195262834576529 195262834576530
215477122949499 215477122949500
109804156786616 109804156786617
119249876382091 119249876382092
115286852675876 115286852675877
122046809351175 122046809351176
83762851039411 83762851039412
85133254278538 85133254278539
171670819924039 171670819924040
166188124034779 166188124034780
162225100328564 162225100328565
159428167359480 159428167359481
202485018319579 202485018319580
199686957378853 199686957378854
197712125671244 197712125671245
196341722432117 196341722432118
216922116206649 216922116206650
216111248513128 216111248513129
106634642534204 106634642534205
104493308169434 104493308169435
102912549940418 102912549940419
101779813317443 101779813317444
117766894786829 117766894786830
116814896805985 116814896805986
116136297684354 116136297684355
115662097720860 115662097720861
123419904349893 123419904349894
122884281463909 122884281463910
122509036418925 122509036418926
122249985145360 122249985145361
83028450505642 83028450505643
82554120865813 82554120865814
82214624662503 82214624662504
81976698621973 81976698621974
85799095833277 85799095833278
85539899393690 85539899393691
85357902917314 85357902917315
85232063837411 85232063837412
81860397133471 81860397133472
81937510993512 81937510993513
81905725247413 81905725247414
81959468754327 81959468754328
217359170308294 217359170308295
217845553502568 217845553502569
217642389143415 217642389143416
217988161539646 217988161539647
123738648474229 123738648474230
124121841023669 124121841023670
123957907795562 123957907795563
124240413300759 124240413300760
15 0 1 281474976710656 281474976710656 0 281474976710656 0 281474976710656 0 1
10 1 6 168996244868930 168996244868931 0 281474976710656 0 281474976710656 0 2
0 1 0 77775285983813 78427089983180 0 281474976710656 0 281474976710656 3 4
16 1 0 43963223743249 44526379740796 0 281474976710656 0 281474976710656 5 1
13 1 0 41809717021306 41936899696517 0 281474976710656 0 281474976710656 6 2
5 1 0 20529797638400 20547273428576 0 281474976710656 0 281474976710656 7 8
17 1 7 14268451809973 14268451809974 0 281474976710656 0 281474976710656 0 9
14 0 0 20459333372265 20663478282002 0 281474976710656 0 281474976710656 10 4
6 0 0 9493222850878 9577942871241 0 281474976710656 0 281474976710656 11 12
7 0 0 5458104054058 5503846271608 0 281474976710656 0 281474976710656 3 13
-1
8 0 0 5448432489313 5519923279772 0 281474976710656 0 281474976710656 14 1
9 0 0 3085245482639 3124766572076 0 281474976710656 0 281474976710656 5 15
10 0 0 25102356373570 25178716250297 0 281474976710656 0 281474976710656 6 16
0 0 0 11080582774107 11127787325850 0 281474976710656 0 281474976710656 17 18
16 0 0 6130213321274 6160121446255 0 281474976710656 0 281474976710656 19 2
11 0 0 12325993412818 12336485794593 0 281474976710656 0 281474976710656 7 20
1 0 0 4938112418370 4945119358606 0 281474976710656 0 281474976710656 21 22
2 0 0 2605388071391 2609783359629 0 281474976710656 0 281474976710656 23 8
-1
3 1 8 2781471063434 2781471063435 0 281474976710656 0 281474976710656 0 24
4 1 0 1433656361104 1433869832093 0 281474976710656 0 281474976710656 25 9
10 0 0 12283687000669 12406254639036 0 281474976710656 0 281474976710656 10 26
0 0 0 5599112260385 5658406013484 0 281474976710656 0 281474976710656 27 28
16 0 0 3149125833771 3183476432960 0 281474976710656 0 281474976710656 29 4
11 0 0 5699686104429 5750551603999 0 281474976710656 0 281474976710656 11 30
1 0 0 2316873582908 2338169913243 0 281474976710656 0 281474976710656 31 32
2 0 0 1230859113993 1242330100589 0 281474976710656 0 281474976710656 33 12
12 0 0 3277019861655 3304483272749 0 281474976710656 0 281474976710656 3 34
3 0 0 1258675716985 1269412239891 0 281474976710656 0 281474976710656 35 36
4 0 0 651208982351 656808327196 0 281474976710656 0 281474976710656 37 13
-1
-1
-1
11 0 0 3271213099921 3314135832419 0 281474976710656 0 281474976710656 14 38
1 0 0 1339769577797 1357556960135 0 281474976710656 0 281474976710656 39 40
2 0 0 714331849729 723868785519 0 281474976710656 0 281474976710656 41 1
12 0 0 1852366797069 1876095072265 0 281474976710656 0 281474976710656 5 42
3 0 0 714453333194 723666131936 0 281474976710656 0 281474976710656 43 44
4 0 0 370348617413 375138702230 0 281474976710656 0 281474976710656 45 15
15 0 0 194218955788 196814858565 0 281474976710656 0 281474976710656 46 1
8 0 0 88171894526 89349509902 0 281474976710656 0 281474976710656 47 48
9 0 0 50130289019 50799570878 0 281474976710656 0 281474976710656 41 49
-1
-1
-1
14 1 0 707334292630 707373485583 0 281474976710656 0 281474976710656 50 24
6 1 0 335592355827 335598759767 0 281474976710656 0 281474976710656 51 52
7 1 5 195197719886 195197719887 0 281474976710656 0 281474976710656 0 53
13 0 0 757586962346 763979644229 0 281474976710656 0 281474976710656 54 34
5 0 0 390509631299 393788799121 0 281474976710656 0 281474976710656 55 56
17 0 0 276680703838 278999455702 0 281474976710656 0 281474976710656 3 57
47514137614978 47640720238250
0 74072362292277 79164837199872 0 46
74565835588752 74565835588753
124276392647921 124276392647922
101437842339644 101437842339645
86212142134126 86212142134127
109804156786616 109804156786617
115286852675876 115286852675877
119249876382091 119249876382092
122046809351175 122046809351176
78989958391076 78989958391077
81788019331802 81788019331803
83762851039411 83762851039412
85133254278538 85133254278539
106634642534204 106634642534205
102912549940418 102912549940419
104493308169434 104493308169435
101779813317443 101779813317444
117766894786829 117766894786830
116136297684354 116136297684355
116814896805985 116814896805986
115662097720860 115662097720861
123419904349893 123419904349894
122509036418925 122509036418926
122884281463909 122884281463910
122249985145360 122249985145361
77336355595267 77336355595268
75359645121909 75359645121910
76203803876135 76203803876136
74750456689769 74750456689770
83028450505642 83028450505643
82214624662503 82214624662504
82554120865813 82554120865814
81976698621973 81976698621974
85799095833277 85799095833278
85357902917314 85357902917315
85539899393690 85539899393691
85232063837411 85232063837412
81860397133471 81860397133472
81905725247413 81905725247414
81937510993512 81937510993513
81959468754327 81959468754328
74648686108452 74648686108453
74705761207961 74705761207962
123738648474229 123738648474230
123957907795562 123957907795563
124121841023669 124121841023670
124240413300759 124240413300760
16 0 1 281474976710656 281474976710656 0 281474976710656 0 281474976710656 0 1
-1
8 1 0 34795417137209 34897666793456 0 281474976710656 0 281474976710656 2 1
9 1 2 19753314848887 19753314848888 0 281474976710656 0 281474976710656 0 3
-1
-1
-1
11 0 0 20891003895103 20952394105156 0 281474976710656 0 281474976710656 2 4
1 0 0 8545430579919 8583052838568 0 281474976710656 0 281474976710656 5 6
2 0 0 4553462933029 4576709513253 0 281474976710656 0 281474976710656 7 1
12 1 3 11859796818128 11859796818129 0 281474976710656 0 281474976710656 0 8
3 1 0 4571127336515 4574797193940 0 281474976710656 0 281474976710656 9 10
4 1 0 2368766052578 2371540831907 0 281474976710656 0 281474976710656 11 3
-1
-1
-1
-1
-1
-1
-1
-1
-1
13 0 0 4947132278237 4964407074526 0 281474976710656 0 281474976710656 12 4
5 0 0 2506672444635 2514433316559 0 281474976710656 0 281474976710656 13 14
17 0 0 1763839679221 1769022890567 0 281474976710656 0 281474976710656 2 15
14 0 0 2200032014283 2210287013510 0 281474976710656 0 281474976710656 16 6
6 0 0 1035400888234 1040051221211 0 281474976710656 0 281474976710656 17 18
7 0 0 599700132271 602340382319 0 281474976710656 0 281474976710656 5 19
15 0 0 1237885722954 1244380947132 0 281474976710656 0 281474976710656 20 1
8 0 0 562023089533 564919203014 0 281474976710656 0 281474976710656 21 22
9 0 0 319552338257 321183733786 0 281474976710656 0 281474976710656 7 23
13 1 0 2745447368302 2746296080711 0 281474976710656 0 281474976710656 24 8
5 1 0 1413829881494 1413955318251 0 281474976710656 0 281474976710656 25 26
17 1 4 1001329582836 1001329582837 0 281474976710656 0 281474976710656 0 27
14 0 0 1164767516467 1165862098706 0 281474976710656 0 281474976710656 28 10
6 0 0 551898107619 552367194364 0 281474976710656 0 281474976710656 29 30
7 0 0 320791988501 321049531287 0 281474976710656 0 281474976710656 9 31
15 0 0 640382461990 641179428730 0 281474976710656 0 281474976710656 32 3
8 0 0 291821951835 292170994218 0 281474976710656 0 281474976710656 33 34
9 0 0 166234960516 166429688625 0 281474976710656 0 281474976710656 11 35
12 0 0 192601992810 192756620281 0 281474976710656 0 281474976710656 9 36
3 0 0 73754904962 73815077011 0 281474976710656 0 281474976710656 37 38
4 0 0 38106686511 38138001613 0 281474976710656 0 281474976710656 39 31
-1
3 1 5 195197719886 195197719887 0 281474976710656 0 281474976710656 0 40
4 1 0 100278244368 100279813487 0 281474976710656 0 281474976710656 41 27
-1
-1
-1
10 0 0 743220733867 747120435746 0 281474976710656 0 281474976710656 20 42
0 0 0 343110529084 344929871055 0 281474976710656 0 281474976710656 43 44
16 0 0 194263120873 195298854215 0 281474976710656 0 281474976710656 45 1
51870321665473 52008509617859
1 74072362292277 79164837199872 0 46
124276392647921 124276392647922
74565835588752 74565835588753
101437842339644 101437842339645
86212142134126 86212142134127
109804156786616 109804156786617
119249876382091 119249876382092
115286852675876 115286852675877
122046809351175 122046809351176
78989958391076 78989958391077
83762851039411 83762851039412
81788019331802 81788019331803
85133254278538 85133254278539
106634642534204 106634642534205
104493308169434 104493308169435
102912549940418 102912549940419
101779813317443 101779813317444
117766894786829 117766894786830
116814896805985 116814896805986
116136297684354 116136297684355
115662097720860 115662097720861
123419904349893 123419904349894
122884281463909 122884281463910
122509036418925 122509036418926
122249985145360 122249985145361
77336355595267 77336355595268
76203803876135 76203803876136
75359645121909 75359645121910
74750456689769 74750456689770
83028450505642 83028450505643
82554120865813 82554120865814
82214624662503 82214624662504
81976698621973 81976698621974
85799095833277 85799095833278
85539899393690 85539899393691
85357902917314 85357902917315
85232063837411 85232063837412
81860397133471 81860397133472
81937510993512 81937510993513
81905725247413 81905725247414
81959468754327 81959468754328
74648686108452 74648686108453
74705761207961 74705761207962
123738648474229 123738648474230
124121841023669 124121841023670
123957907795562 123957907795563
124240413300759 124240413300760
17 0 1 281474976710656 281474976710656 0 281474976710656 0 281474976710656 0 1
-1
3 1 12 54870319024688 54870319024689 0 281474976710656 0 281474976710656 0 2
4 1 0 28173524935392 28287353410661 0 281474976710656 0 281474976710656 3 1
-1
-1
-1
14 1 0 13933716506574 13954652578062 0 281474976710656 0 281474976710656 4 2
6 1 0 6617000774059 6620424002751 0 281474976710656 0 281474976710656 5 6
7 1 13 3850682217722 3850682217723 0 281474976710656 0 281474976710656 0 7
15 0 0 7602708841472 7639505686468 0 281474976710656 0 281474976710656 8 1
8 0 0 3468727776145 3483678828693 0 281474976710656 0 281474976710656 9 10
9 0 0 1977158022909 1985146263062 0 281474976710656 0 281474976710656 3 11
-1
-1
-1
-1
-1
-1
-1
-1
-1
10 0 0 8365737495378 8378307413690 0 281474976710656 0 281474976710656 4 12
0 0 0 3762771951762 3770538662594 0 281474976710656 0 281474976710656 13 14
16 0 0 2101777503916 2106723312404 0 281474976710656 0 281474976710656 15 2
11 0 0 3972815971703 3974871262021 0 281474976710656 0 281474976710656 5 16
1 0 0 1605387466288 1606623089247 0 281474976710656 0 281474976710656 17 18
2 0 0 850477469156 851233995321 0 281474976710656 0 281474976710656 19 6
12 1 14 2311931392919 2311931392920 0 281474976710656 0 281474976710656 0 20
3 1 0 885041768781 885168154421 0 281474976710656 0 281474976710656 21 22
4 1 0 457203499096 457298592123 0 281474976710656 0 281474976710656 23 7
10 0 0 4564630433778 4586723085495 0 281474976710656 0 281474976710656 8 24
0 0 0 2101207092905 2112031302758 0 281474976710656 0 281474976710656 25 26
16 0 0 1187868676629 1194181665849 0 281474976710656 0 281474976710656 27 1
11 0 0 2082607752530 2091584293774 0 281474976710656 0 281474976710656 9 28
1 0 0 850183834075 853961998759 0 281474976710656 0 281474976710656 29 30
2 0 0 452589509307 454629744639 0 281474976710656 0 281474976710656 31 10
12 0 0 1187076326602 1191872428212 0 281474976710656 0 281474976710656 3 32
3 0 0 457029895757 458910225571 0 281474976710656 0 281474976710656 33 34
4 0 0 236713667344 237695589748 0 281474976710656 0 281474976710656 35 11
15 0 0 123015355220 123571484282 0 281474976710656 0 281474976710656 36 10
8 0 0 55858409574 56110457248 0 281474976710656 0 281474976710656 37 38
9 0 0 31761768591 31904947966 0 281474976710656 0 281474976710656 31 39
-1
8 0 0 147215688901 147999758400 0 281474976710656 0 281474976710656 40 1
9 0 0 83362095781 83805127930 0 281474976710656 0 281474976710656 27 41
-1
-1
-1
13 1 0 533790085272 533819506897 0 281474976710656 0 281474976710656 42 20
5 1 0 275402180078 275406541311 0 281474976710656 0 281474976710656 43 44
17 1 5 195197719886 195197719887 0 281474976710656 0 281474976710656 0 45
