FREIMAN_DYADIC_GRAPH_V1 52 40 -24 24 64 141 15598
0 281474976710656
0 8796093022208
4398046511104 13194139533312
8796093022208 17592186044416
13194139533312 21990232555520
17592186044416 26388279066624
21990232555520 30786325577728
26388279066624 35184372088832
30786325577728 39582418599936
35184372088832 43980465111040
39582418599936 48378511622144
43980465111040 52776558133248
48378511622144 57174604644352
52776558133248 61572651155456
57174604644352 65970697666560
61572651155456 70368744177664
65970697666560 74766790688768
70368744177664 79164837199872
74766790688768 83562883710976
79164837199872 87960930222080
83562883710976 92358976733184
87960930222080 96757023244288
92358976733184 101155069755392
96757023244288 105553116266496
101155069755392 109951162777600
105553116266496 114349209288704
109951162777600 118747255799808
114349209288704 123145302310912
118747255799808 127543348822016
123145302310912 131941395333120
127543348822016 136339441844224
131941395333120 140737488355328
136339441844224 145135534866432
140737488355328 149533581377536
145135534866432 153931627888640
149533581377536 158329674399744
153931627888640 162727720910848
158329674399744 167125767421952
162727720910848 171523813933056
167125767421952 175921860444160
171523813933056 180319906955264
175921860444160 184717953466368
180319906955264 189115999977472
184717953466368 193514046488576
189115999977472 197912092999680
193514046488576 202310139510784
197912092999680 206708186021888
202310139510784 211106232532992
206708186021888 215504279044096
211106232532992 219902325555200
215504279044096 224300372066304
219902325555200 228698418577408
224300372066304 233096465088512
228698418577408 237494511599616
233096465088512 241892558110720
237494511599616 246290604621824
241892558110720 250688651132928
246290604621824 255086697644032
250688651132928 259484744155136
255086697644032 263882790666240
259484744155136 268280837177344
263882790666240 272678883688448
268280837177344 277076930199552
272678883688448 281474976710656
0 1 0
0 2 0
0 3 0
0 4 0
0 5 0
0 6 0
0 7 0
0 8 0
0 9 0
0 10 0
0 11 0
0 12 0
0 13 0
0 14 0
0 15 0
0 16 0
0 17 0
0 18 0
0 19 0
0 20 0
0 21 0
0 22 0
0 23 0
0 24 0
0 25 0
0 26 0
0 27 0
0 28 0
0 29 0
0 30 0
0 31 0
0 32 0
0 33 0
0 34 0
0 35 0
0 36 0
0 37 0
0 38 0
0 39 0
1 0 0
1 1 0
1 2 0
1 3 0
1 4 0
1 5 0
1 6 0
1 7 0
1 8 0
1 9 0
1 10 0
1 11 0
1 12 0
2 0 0
2 1 0
2 2 0
2 3 0
2 4 0
2 5 0
2 6 0
2 7 0
2 8 0
2 9 0
2 10 0
2 11 0
2 12 0
3 0 0
3 1 0
3 2 0
3 3 0
3 4 0
3 5 0
3 6 0
3 7 0
3 8 0
3 9 0
3 10 0
3 11 0
3 12 0
4 0 0
4 1 0
4 2 0
4 3 0
5 0 0
5 1 0
5 2 0
5 3 0
6 0 0
6 1 0
6 2 0
6 3 0
7 0 0
7 1 0
7 2 0
7 3 0
8 0 0
8 1 0
8 2 0
8 3 0
9 0 0
9 1 0
9 2 0
9 3 0
10 0 0
10 1 0
10 2 0
10 3 0
11 0 0
11 1 0
11 2 0
11 3 0
12 0 0
12 1 0
12 2 0
12 3 0
13 0 0
14 0 0
15 0 0
16 0 0
17 0 0
18 0 0
19 0 0
20 0 0
21 0 0
22 0 0
23 0 0
24 0 0
25 0 0
26 0 0
27 0 0
28 0 0
29 0 0
30 0 0
31 0 0
32 0 0
33 0 0
34 0 0
35 0 0
36 0 0
37 0 0
38 0 0
39 0 0
28576915331113 28576915331114
31434606864224 31434606864225
34578067550647 34578067550648
38035874305712 38035874305713
41839461736283 41839461736284
46023407909911 46023407909912
50625748700902 50625748700903
55688323570993 55688323570994
61257155928092 61257155928093
67382871520901 67382871520902
74121158672991 74121158672992
81533274540290 81533274540291
89686601994319 89686601994320
98655262193751 98655262193752
108520788413127 108520788413128
119372867254439 119372867254440
131310153979883 131310153979884
144441169377872 144441169377873
158885286315659 158885286315660
174773814947225 174773814947226
192251196441947 192251196441948
211476316086142 211476316086143
232623947694757 232623947694758
255886342464232 255886342464233
281474976710656 281474976710656
309622474381721 309622474381722
340584721819893 340584721819894
374643194001883 374643194001884
412107513402071 412107513402072
453318264742278 453318264742279
498650091216506 498650091216507
548515100338157 548515100338158
603366610371972 603366610371973
663703271409170 663703271409171
730073598550087 730073598550088
803080958405095 803080958405096
883389054245605 883389054245606
971727959670165 971727959670166
1068900755637182 1068900755637183
1175790831200900 1175790831200901
1293369914320990 1293369914320991
1422706905753089 1422706905753090
1564977596328398 1564977596328399
1721475355961238 1721475355961239
1893622891557362 1893622891557363
2082985180713098 2082985180713099
2291283698784408 2291283698784409
2520412068662849 2520412068662850
2772453275529134 2772453275529135
3049698603082048 3049698603082049
121557871313049 122119266744934
0 106504045241869 110142382191127 0 52
74565835588752 74565835588753
218101384884806 218101384884807
158590695246746 158590695246747
101437842339644 101437842339645
124276392647921 124276392647922
86212142134126 86212142134127
180037134371011 180037134371012
195262834576529 195262834576530
206909141121903 206909141121904
215477122949499 215477122949500
109804156786616 109804156786617
115286852675876 115286852675877
119249876382091 119249876382092
122046809351175 122046809351176
78989958391076 78989958391077
81788019331802 81788019331803
83762851039411 83762851039412
85133254278538 85133254278539
171670819924039 171670819924040
162225100328564 162225100328565
166188124034779 166188124034780
159428167359480 159428167359481
202485018319579 202485018319580
197712125671244 197712125671245
199686957378853 199686957378854
196341722432117 196341722432118
216922116206649 216922116206650
216111248513128 216111248513129
106634642534204 106634642534205
102912549940418 102912549940419
104493308169434 104493308169435
101779813317443 101779813317444
117766894786829 117766894786830
116136297684354 116136297684355
116814896805985 116814896805986
115662097720860 115662097720861
123419904349893 123419904349894
122509036418925 122509036418926
122884281463909 122884281463910
122249985145360 122249985145361
77336355595267 77336355595268
75359645121909 75359645121910
76203803876135 76203803876136
74750456689769 74750456689770
83028450505642 83028450505643
82214624662503 82214624662504
82554120865813 82554120865814
81976698621973 81976698621974
85799095833277 85799095833278
85357902917314 85357902917315
85539899393690 85539899393691
85232063837411 85232063837412
0 0 1 281474976710656 281474976710656 0 281474976710656 0 281474976710656 0 1
39 0 0 73068729917401 73490478868310 0 281474976710656 0 281474976710656 2 1
16 0 0 34201599364938 34268937631706 0 281474976710656 0 281474976710656 3 4
17 0 2 19753314848887 19753314848888 0 281474976710656 0 281474976710656 0 5
32 0 0 43870119886630 44123335962226 0 281474976710656 0 281474976710656 2 6
5 0 0 19896093292999 20054698831196 0 281474976710656 0 281474976710656 7 8
47 0 0 11160972054323 11262685074447 0 281474976710656 0 281474976710656 9 1
33 0 0 20534478512907 20574908089820 0 281474976710656 0 281474976710656 3 10
6 0 0 8328560518035 8353014606869 0 281474976710656 0 281474976710656 11 12
7 0 0 4419936373842 4434952050238 0 281474976710656 0 281474976710656 13 4
34 0 3 11859796818128 11859796818129 0 281474976710656 0 281474976710656 0 14
8 0 0 4549579733049 4552043585867 0 281474976710656 0 281474976710656 15 16
9 0 0 2352504802736 2354361517916 0 281474976710656 0 281474976710656 17 5
38 0 0 10795526552442 10866523182637 0 281474976710656 0 281474976710656 18 6
15 0 0 5321377604340 5353294124872 0 281474976710656 0 281474976710656 19 20
49 0 0 3703979884201 3725359065585 0 281474976710656 0 281474976710656 2 21
39 0 0 5219375242607 5263140139472 0 281474976710656 0 281474976710656 22 8
16 0 0 2426226066495 2445909040713 0 281474976710656 0 281474976710656 23 24
17 0 0 1396265485736 1407396084873 0 281474976710656 0 281474976710656 7 25
-1
18 0 0 1382458792263 1395167826328 0 281474976710656 0 281474976710656 26 1
19 0 0 783253266720 790391270014 0 281474976710656 0 281474976710656 9 27
40 0 0 4847091123622 4858411410814 0 281474976710656 0 281474976710656 28 10
20 0 0 2461637181935 2466741015927 0 281474976710656 0 281474976710656 29 30
50 0 0 1733738032650 1737151525479 0 281474976710656 0 281474976710656 3 31
41 0 0 2140995513718 2147645790213 0 281474976710656 0 281474976710656 32 12
21 0 0 1008606533253 1011626809814 0 281474976710656 0 281474976710656 33 34
22 0 0 584480652857 586196788770 0 281474976710656 0 281474976710656 11 35
42 0 0 1200604400425 1204794572769 0 281474976710656 0 281474976710656 36 4
23 0 0 545392056451 547261949333 0 281474976710656 0 281474976710656 37 38
24 0 0 310181728496 311235496711 0 281474976710656 0 281474976710656 13 39
43 0 0 2740451435679 2741023796710 0 281474976710656 0 281474976710656 40 14
25 0 0 1413090658471 1413175420909 0 281474976710656 0 281474976710656 41 42
51 0 4 1001329582836 1001329582837 0 281474976710656 0 281474976710656 0 43
44 0 0 1158345198164 1159079163534 0 281474976710656 0 281474976710656 44 16
26 0 0 549144528943 549459327988 0 281474976710656 0 281474976710656 45 46
27 0 0 319279823546 319452731495 0 281474976710656 0 281474976710656 15 47
45 0 0 635713693870 636246623540 0 281474976710656 0 281474976710656 48 5
28 0 0 289776691986 290010198006 0 281474976710656 0 281474976710656 49 50
29 0 0 165093780608 165224080929 0 281474976710656 0 281474976710656 17 51
120165579528490 120417731656782
0 117707717533547 119413626483309 0 52
74565835588752 74565835588753
218101384884806 218101384884807
158590695246746 158590695246747
101437842339644 101437842339645
124276392647921 124276392647922
86212142134126 86212142134127
180037134371011 180037134371012
195262834576529 195262834576530
206909141121903 206909141121904
215477122949499 215477122949500
109804156786616 109804156786617
115286852675876 115286852675877
119249876382091 119249876382092
122046809351175 122046809351176
78989958391076 78989958391077
81788019331802 81788019331803
83762851039411 83762851039412
85133254278538 85133254278539
171670819924039 171670819924040
162225100328564 162225100328565
166188124034779 166188124034780
159428167359480 159428167359481
202485018319579 202485018319580
197712125671244 197712125671245
199686957378853 199686957378854
196341722432117 196341722432118
216922116206649 216922116206650
216111248513128 216111248513129
106634642534204 106634642534205
102912549940418 102912549940419
104493308169434 104493308169435
101779813317443 101779813317444
117766894786829 117766894786830
116136297684354 116136297684355
116814896805985 116814896805986
115662097720860 115662097720861
123419904349893 123419904349894
122509036418925 122509036418926
122884281463909 122884281463910
122249985145360 122249985145361
77336355595267 77336355595268
75359645121909 75359645121910
76203803876135 76203803876136
74750456689769 74750456689770
83028450505642 83028450505643
82214624662503 82214624662504
82554120865813 82554120865814
81976698621973 81976698621974
85799095833277 85799095833278
85357902917314 85357902917315
85539899393690 85539899393691
85232063837411 85232063837412
1 0 1 281474976710656 281474976710656 0 281474976710656 0 281474976710656 0 1
41 0 0 72021730992952 72211455936172 0 281474976710656 0 281474976710656 2 1
21 0 0 34032759461634 34063533341540 0 281474976710656 0 281474976710656 3 4
22 0 2 19753314848887 19753314848888 0 281474976710656 0 281474976710656 0 5
32 0 0 43241506683846 43355416642511 0 281474976710656 0 281474976710656 2 6
5 0 0 19504595832363 19575301508138 0 281474976710656 0 281474976710656 7 8
47 0 0 10910646994761 10955778364101 0 281474976710656 0 281474976710656 9 1
33 0 0 20433107833439 20451584325400 0 281474976710656 0 281474976710656 3 10
6 0 0 8267401299397 8278532032734 0 281474976710656 0 281474976710656 11 12
7 0 0 4382427795897 4389249381720 0 281474976710656 0 281474976710656 13 4
34 0 3 11859796818128 11859796818129 0 281474976710656 0 281474976710656 0 14
8 0 0 4543378762486 4544511479987 0 281474976710656 0 281474976710656 15 16
9 0 0 2347834913001 2348687625546 0 281474976710656 0 281474976710656 17 5
38 0 0 10619644778333 10651476990581 0 281474976710656 0 281474976710656 18 6
15 0 0 5242190878342 5256535235386 0 281474976710656 0 281474976710656 19 20
49 0 0 3650905703778 3660523188221 0 281474976710656 0 281474976710656 2 21
39 0 0 5111462786424 5130939903604 0 281474976710656 0 281474976710656 22 8
16 0 0 2377658895033 2386428405015 0 281474976710656 0 281474976710656 23 24
17 0 0 1368791027108 1373753000963 0 281474976710656 0 281474976710656 7 25
-1
18 0 0 1351187142793 1356824460923 0 281474976710656 0 281474976710656 26 1
19 0 0 765685986765 768853210221 0 281474976710656 0 281474976710656 9 27
40 0 0 4818734640357 4823900169128 0 281474976710656 0 281474976710656 28 10
20 0 0 2448843649754 2451175109131 0 281474976710656 0 281474976710656 29 30
50 0 0 1725179246885 1726739227910 0 281474976710656 0 281474976710656 3 31
41 0 0 2124370706351 2127395565912 0 281474976710656 0 281474976710656 32 12
21 0 0 1001054033177 1002428434991 0 281474976710656 0 281474976710656 33 34
22 0 0 580188629048 580969760226 0 281474976710656 0 281474976710656 11 35
42 0 0 1190140055358 1192042907471 0 281474976710656 0 281474976710656 36 4
23 0 0 540721518965 541570896551 0 281474976710656 0 281474976710656 37 38
24 0 0 307549456319 308028180696 0 281474976710656 0 281474976710656 13 39
43 0 0 2739009665237 2739273165505 0 281474976710656 0 281474976710656 40 14
25 0 0 1412877059012 1412916105766 0 281474976710656 0 281474976710656 41 42
51 0 4 1001329582836 1001329582837 0 281474976710656 0 281474976710656 0 43
44 0 0 1156498418663 1156835717855 0 281474976710656 0 281474976710656 44 16
26 0 0 548352315849 548497020578 0 281474976710656 0 281474976710656 45 46
27 0 0 318844652629 318924144333 0 281474976710656 0 281474976710656 15 47
45 0 0 634373476990 634618179405 0 281474976710656 0 281474976710656 48 5
28 0 0 289189418408 289296650653 0 281474976710656 0 281474976710656 49 50
29 0 0 164766057685 164825899238 0 281474976710656 0 281474976710656 17 51
125821436289425 125966687808770
0 82999031594167 83843610084026 0 52
74565835588752 74565835588753
218101384884806 218101384884807
158590695246746 158590695246747
101437842339644 101437842339645
124276392647921 124276392647922
86212142134126 86212142134127
180037134371011 180037134371012
195262834576529 195262834576530
206909141121903 206909141121904
215477122949499 215477122949500
109804156786616 109804156786617
115286852675876 115286852675877
119249876382091 119249876382092
122046809351175 122046809351176
78989958391076 78989958391077
81788019331802 81788019331803
83762851039411 83762851039412
85133254278538 85133254278539
171670819924039 171670819924040
162225100328564 162225100328565
166188124034779 166188124034780
159428167359480 159428167359481
202485018319579 202485018319580
197712125671244 197712125671245
199686957378853 199686957378854
196341722432117 196341722432118
216922116206649 216922116206650
216111248513128 216111248513129
106634642534204 106634642534205
102912549940418 102912549940419
104493308169434 104493308169435
101779813317443 101779813317444
117766894786829 117766894786830
116136297684354 116136297684355
116814896805985 116814896805986
115662097720860 115662097720861
123419904349893 123419904349894
122509036418925 122509036418926
122884281463909 122884281463910
122249985145360 122249985145361
77336355595267 77336355595268
75359645121909 75359645121910
76203803876135 76203803876136
74750456689769 74750456689770
83028450505642 83028450505643
82214624662503 82214624662504
82554120865813 82554120865814
81976698621973 81976698621974
85799095833277 85799095833278
85357902917314 85357902917315
85539899393690 85539899393691
85232063837411 85232063837412
2 0 1 281474976710656 281474976710656 0 281474976710656 0 281474976710656 0 1
42 0 0 76265297737578 76373926395360 0 281474976710656 0 281474976710656 2 1
23 0 0 34702665390669 34719324850096 0 281474976710656 0 281474976710656 3 4
24 0 2 19753314848887 19753314848888 0 281474976710656 0 281474976710656 0 5
35 0 0 45789324088694 45854544221100 0 281474976710656 0 281474976710656 2 6
10 0 0 21111220205717 21153042026993 0 281474976710656 0 281474976710656 7 8
48 0 0 11944616740515 11971767008681 0 281474976710656 0 281474976710656 9 1
36 0 0 20835316185121 20845318445775 0 281474976710656 0 281474976710656 3 10
11 0 0 8511374185135 8517486188185 0 281474976710656 0 281474976710656 11 12
12 0 0 4532440715342 4536212039719 0 281474976710656 0 281474976710656 13 4
37 0 3 11859796818128 11859796818129 0 281474976710656 0 281474976710656 0 14
13 0 0 4567788192094 4568388663007 0 281474976710656 0 281474976710656 15 16
14 0 0 2366242656750 2366696339877 0 281474976710656 0 281474976710656 17 5
38 0 0 11335749198087 11354192979559 0 281474976710656 0 281474976710656 18 6
15 0 0 5563549437628 5571789868916 0 281474976710656 0 281474976710656 19 20
49 0 0 3866019417635 3871525991566 0 281474976710656 0 281474976710656 2 21
39 0 0 5555353695515 5566945008967 0 281474976710656 0 281474976710656 22 8
16 0 0 2577127915971 2582325843445 0 281474976710656 0 281474976710656 23 24
17 0 0 1481540506516 1484475472932 0 281474976710656 0 281474976710656 7 25
-1
18 0 0 1480413664649 1483808995046 0 281474976710656 0 281474976710656 26 1
19 0 0 838247783096 840153131137 0 281474976710656 0 281474976710656 9 27
40 0 0 4931474490944 4934285973133 0 281474976710656 0 281474976710656 28 10
20 0 0 2499634057416 2500898135345 0 281474976710656 0 281474976710656 29 30
50 0 0 1759137933292 1759982430011 0 281474976710656 0 281474976710656 3 31
41 0 0 2190752409516 2192417554034 0 281474976710656 0 281474976710656 32 12
21 0 0 1031191848849 1031947195770 0 281474976710656 0 281474976710656 33 34
22 0 0 597310126962 597739054329 0 281474976710656 0 281474976710656 11 35
42 0 0 1232013182590 1233066616242 0 281474976710656 0 281474976710656 36 4
23 0 0 559404270303 559874066357 0 281474976710656 0 281474976710656 37 38
24 0 0 318077043758 318341707278 0 281474976710656 0 281474976710656 13 39
43 0 0 2744674592332 2744813597324 0 281474976710656 0 281474976710656 40 14
25 0 0 1413715631806 1413736185289 0 281474976710656 0 281474976710656 41 42
51 0 4 1001329582836 1001329582837 0 281474976710656 0 281474976710656 0 43
44 0 0 1163771768796 1163950818172 0 281474976710656 0 281474976710656 44 16
26 0 0 551471321901 551548067805 0 281474976710656 0 281474976710656 45 46
27 0 0 320557654452 320599794224 0 281474976710656 0 281474976710656 15 47
45 0 0 639657772942 639788059975 0 281474976710656 0 281474976710656 48 5
28 0 0 291504542452 291561608924 0 281474976710656 0 281474976710656 49 50
29 0 0 166057873967 166089712484 0 281474976710656 0 281474976710656 17 51
119442597718050 119585227855515
0 123386291160835 124372664127965 0 52
74565835588752 74565835588753
218101384884806 218101384884807
158590695246746 158590695246747
101437842339644 101437842339645
124276392647921 124276392647922
86212142134126 86212142134127
180037134371011 180037134371012
195262834576529 195262834576530
206909141121903 206909141121904
215477122949499 215477122949500
109804156786616 109804156786617
115286852675876 115286852675877
119249876382091 119249876382092
122046809351175 122046809351176
78989958391076 78989958391077
81788019331802 81788019331803
83762851039411 83762851039412
85133254278538 85133254278539
171670819924039 171670819924040
162225100328564 162225100328565
166188124034779 166188124034780
159428167359480 159428167359481
202485018319579 202485018319580
197712125671244 197712125671245
199686957378853 199686957378854
196341722432117 196341722432118
216922116206649 216922116206650
216111248513128 216111248513129
106634642534204 106634642534205
102912549940418 102912549940419
104493308169434 104493308169435
101779813317443 101779813317444
117766894786829 117766894786830
116136297684354 116136297684355
116814896805985 116814896805986
115662097720860 115662097720861
123419904349893 123419904349894
122509036418925 122509036418926
122884281463909 122884281463910
122249985145360 122249985145361
77336355595267 77336355595268
75359645121909 75359645121910
76203803876135 76203803876136
74750456689769 74750456689770
83028450505642 83028450505643
82214624662503 82214624662504
82554120865813 82554120865814
81976698621973 81976698621974
85799095833277 85799095833278
85357902917314 85357902917315
85539899393690 85539899393691
85232063837411 85232063837412
3 0 1 281474976710656 281474976710656 0 281474976710656 0 281474976710656 0 1
44 0 0 71477487262579 71584885585372 0 281474976710656 0 281474976710656 2 1
26 0 0 33944036992656 33961597546944 0 281474976710656 0 281474976710656 3 4
27 0 2 19753314848887 19753314848888 0 281474976710656 0 281474976710656 0 5
32 0 0 42914745321961 42979226767059 0 281474976710656 0 281474976710656 2 6
5 0 0 19302350821274 19342192666358 0 281474976710656 0 281474976710656 7 8
47 0 0 10781744748008 10807115865826 0 281474976710656 0 281474976710656 9 1
33 0 0 20379839282650 20390382556398 0 281474976710656 0 281474976710656 3 10
6 0 0 8235352148795 8241690674792 0 281474976710656 0 281474976710656 11 12
7 0 0 4362798140759 4366678985418 0 281474976710656 0 281474976710656 13 4
34 0 3 11859796818128 11859796818129 0 281474976710656 0 281474976710656 0 14
8 0 0 4540106849819 4540755185666 0 281474976710656 0 281474976710656 15 16
9 0 0 2345372626728 2345860437033 0 281474976710656 0 281474976710656 17 5
38 0 0 10528427125837 10546416273640 0 281474976710656 0 281474976710656 18 6
15 0 0 5201054916458 5209171049701 0 281474976710656 0 281474976710656 19 20
49 0 0 3623317050852 3628761256982 0 281474976710656 0 281474976710656 2 21
39 0 0 5055780697653 5066746449406 0 281474976710656 0 281474976710656 22 8
16 0 0 2352579358417 2357519436581 0 281474976710656 0 281474976710656 23 24
17 0 0 1354597902634 1357393918534 0 281474976710656 0 281474976710656 7 25
-1
18 0 0 1335087738727 1338256301032 0 281474976710656 0 281474976710656 26 1
19 0 0 756639901410 758420392466 0 281474976710656 0 281474976710656 9 27
40 0 0 4803849458600 4806794778178 0 281474976710656 0 281474976710656 28 10
20 0 0 2442122883996 2443452993322 0 281474976710656 0 281474976710656 29 30
50 0 0 1720681751982 1721571926753 0 281474976710656 0 281474976710656 3 31
41 0 0 2115663074798 2117384996699 0 281474976710656 0 281474976710656 32 12
21 0 0 997096971167 997879543666 0 281474976710656 0 281474976710656 33 34
22 0 0 577939487863 578384312129 0 281474976710656 0 281474976710656 11 35
42 0 0 1184665119816 1185747452590 0 281474976710656 0 281474976710656 36 4
23 0 0 538277468674 538760653196 0 281474976710656 0 281474976710656 37 38
24 0 0 306171888896 306444238316 0 281474976710656 0 281474976710656 13 39
43 0 0 2738248191207 2738399118911 0 281474976710656 0 281474976710656 40 14
25 0 0 1412764197504 1412786569848 0 281474976710656 0 281474976710656 41 42
51 0 4 1001329582836 1001329582837 0 281474976710656 0 281474976710656 0 43
44 0 0 1155524232924 1155717255522 0 281474976710656 0 281474976710656 44 16
26 0 0 547934346582 548017165908 0 281474976710656 0 281474976710656 45 46
27 0 0 318615036761 318660535592 0 281474976710656 0 281474976710656 15 47
45 0 0 633666922599 633806894552 0 281474976710656 0 281474976710656 48 5
28 0 0 288879782263 288941124321 0 281474976710656 0 281474976710656 49 50
29 0 0 164593259674 164627493164 0 281474976710656 0 281474976710656 17 51
125409139048509 125489991290530
0 85782850045152 86258460604879 0 52
74565835588752 74565835588753
218101384884806 218101384884807
158590695246746 158590695246747
101437842339644 101437842339645
124276392647921 124276392647922
86212142134126 86212142134127
180037134371011 180037134371012
195262834576529 195262834576530
206909141121903 206909141121904
215477122949499 215477122949500
109804156786616 109804156786617
115286852675876 115286852675877
119249876382091 119249876382092
122046809351175 122046809351176
78989958391076 78989958391077
81788019331802 81788019331803
83762851039411 83762851039412
85133254278538 85133254278539
171670819924039 171670819924040
162225100328564 162225100328565
166188124034779 166188124034780
159428167359480 159428167359481
202485018319579 202485018319580
197712125671244 197712125671245
199686957378853 199686957378854
196341722432117 196341722432118
216922116206649 216922116206650
216111248513128 216111248513129
106634642534204 106634642534205
102912549940418 102912549940419
104493308169434 104493308169435
101779813317443 101779813317444
117766894786829 117766894786830
116136297684354 116136297684355
116814896805985 116814896805986
115662097720860 115662097720861
123419904349893 123419904349894
122509036418925 122509036418926
122884281463909 122884281463910
122249985145360 122249985145361
77336355595267 77336355595268
75359645121909 75359645121910
76203803876135 76203803876136
74750456689769 74750456689770
83028450505642 83028450505643
82214624662503 82214624662504
82554120865813 82554120865814
81976698621973 81976698621974
85799095833277 85799095833278
85357902917314 85357902917315
85539899393690 85539899393691
85232063837411 85232063837412
4 0 1 281474976710656 281474976710656 0 281474976710656 0 281474976710656 0 1
45 0 0 75956853073895 76017351427755 0 281474976710656 0 281474976710656 2 1
28 0 0 34655232962329 34664551431806 0 281474976710656 0 281474976710656 3 4
29 0 2 19753314848887 19753314848888 0 281474976710656 0 281474976710656 0 5
35 0 0 45604135371311 45640458296861 0 281474976710656 0 281474976710656 2 6
10 0 0 20992659558793 21015891912035 0 281474976710656 0 281474976710656 7 8
48 0 0 11867712998508 11882775023283 0 281474976710656 0 281474976710656 9 1
36 0 0 20806837979462 20812432744468 0 281474976710656 0 281474976710656 3 10
11 0 0 8493984172904 8497399181283 0 281474976710656 0 281474976710656 11 12
12 0 0 4521713980904 4523820059315 0 281474976710656 0 281474976710656 13 4
37 0 3 11859796818128 11859796818129 0 281474976710656 0 281474976710656 0 14
13 0 0 4566076824233 4566413237023 0 281474976710656 0 281474976710656 15 16
14 0 0 2364949865368 2365203970025 0 281474976710656 0 281474976710656 17 5
38 0 0 11283409699739 11293672010723 0 281474976710656 0 281474976710656 18 6
15 0 0 5540155042863 5544743174643 0 281474976710656 0 281474976710656 19 20
49 0 0 3850383825899 3853450591751 0 281474976710656 0 281474976710656 2 21
39 0 0 5522503448823 5528939403116 0 281474976710656 0 281474976710656 22 8
16 0 0 2562393836619 2565280851163 0 281474976710656 0 281474976710656 23 24
17 0 0 1473220172628 1474850569738 0 281474976710656 0 281474976710656 7 25
-1
18 0 0 1470796881115 1472680315619 0 281474976710656 0 281474976710656 26 1
19 0 0 832850842143 833907862989 0 281474976710656 0 281474976710656 9 27
40 0 0 4923471782609 4925043734021 0 281474976710656 0 281474976710656 28 10
20 0 0 2496035270126 2496742248774 0 281474976710656 0 281474976710656 29 30
50 0 0 1756733501730 1757205871013 0 281474976710656 0 281474976710656 3 31
41 0 0 2186015275219 2186945475181 0 281474976710656 0 281474976710656 32 12
21 0 0 1029042807570 1029464820657 0 281474976710656 0 281474976710656 33 34
22 0 0 596089732911 596329390933 0 281474976710656 0 281474976710656 11 35
42 0 0 1229017111813 1229605334767 0 281474976710656 0 281474976710656 36 4
23 0 0 558068064617 558330410686 0 281474976710656 0 281474976710656 37 38
24 0 0 317324264363 317472064465 0 281474976710656 0 281474976710656 13 39
43 0 0 2744278329685 2744356235979 0 281474976710656 0 281474976710656 40 14
25 0 0 1413657033717 1413668554973 0 281474976710656 0 281474976710656 41 42
51 0 4 1001329582836 1001329582837 0 281474976710656 0 281474976710656 0 43
44 0 0 1163261503393 1163361805152 0 281474976710656 0 281474976710656 44 16
26 0 0 551252597652 551295592886 0 281474976710656 0 281474976710656 45 46
27 0 0 320437554298 320461163032 0 281474976710656 0 281474976710656 15 47
45 0 0 639286526731 639359495547 0 281474976710656 0 281474976710656 48 5
28 0 0 291341930756 291373892683 0 281474976710656 0 281474976710656 49 50
29 0 0 165967148619 165984981144 0 281474976710656 0 281474976710656 17 51
122424717633420 122692439857387
0 102846626105816 104547848492530 0 52
74565835588752 74565835588753
218101384884806 218101384884807
158590695246746 158590695246747
101437842339644 101437842339645
124276392647921 124276392647922
86212142134126 86212142134127
180037134371011 180037134371012
195262834576529 195262834576530
206909141121903 206909141121904
215477122949499 215477122949500
109804156786616 109804156786617
115286852675876 115286852675877
119249876382091 119249876382092
122046809351175 122046809351176
78989958391076 78989958391077
81788019331802 81788019331803
83762851039411 83762851039412
85133254278538 85133254278539
171670819924039 171670819924040
162225100328564 162225100328565
166188124034779 166188124034780
159428167359480 159428167359481
202485018319579 202485018319580
197712125671244 197712125671245
199686957378853 199686957378854
196341722432117 196341722432118
216922116206649 216922116206650
216111248513128 216111248513129
106634642534204 106634642534205
102912549940418 102912549940419
104493308169434 104493308169435
101779813317443 101779813317444
117766894786829 117766894786830
116136297684354 116136297684355
116814896805985 116814896805986
115662097720860 115662097720861
123419904349893 123419904349894
122509036418925 122509036418926
122884281463909 122884281463910
122249985145360 122249985145361
77336355595267 77336355595268
75359645121909 75359645121910
76203803876135 76203803876136
74750456689769 74750456689770
83028450505642 83028450505643
82214624662503 82214624662504
82554120865813 82554120865814
81976698621973 81976698621974
85799095833277 85799095833278
85357902917314 85357902917315
85539899393690 85539899393691
85232063837411 85232063837412
5 0 1 281474976710656 281474976710656 0 281474976710656 0 281474976710656 0 1
39 0 0 73719845284669 73920819798781 0 281474976710656 0 281474976710656 2 1
16 0 0 34305399207729 34337255377156 0 281474976710656 0 281474976710656 3 4
17 0 2 19753314848887 19753314848888 0 281474976710656 0 281474976710656 0 5
32 0 0 44261046473890 44381710621717 0 281474976710656 0 281474976710656 2 6
5 0 0 20141174109502 20217071685451 0 281474976710656 0 281474976710656 7 8
47 0 0 11318213986491 11366992800508 0 281474976710656 0 281474976710656 9 1
33 0 0 20596799447630 20615925741101 0 281474976710656 0 281474976710656 3 10
6 0 0 8366270511294 8377860584753 0 281474976710656 0 281474976710656 11 12
7 0 0 4443095971021 4450218960198 0 281474976710656 0 281474976710656 13 4
34 0 3 11859796818128 11859796818129 0 281474976710656 0 281474976710656 0 14
8 0 0 4553375489764 4554537903513 0 281474976710656 0 281474976710656 15 16
9 0 0 2355365503827 2356241893149 0 281474976710656 0 281474976710656 17 5
38 0 0 10905170137411 10939053891260 0 281474976710656 0 281474976710656 18 6
15 0 0 5370656300777 5385871923172 0 281474976710656 0 281474976710656 19 20
49 0 0 3736986044639 3747173789225 0 281474976710656 0 281474976710656 2 21
39 0 0 5287013064343 5307972412628 0 281474976710656 0 281474976710656 22 8
16 0 0 2456642373551 2466063806403 0 281474976710656 0 281474976710656 23 24
17 0 0 1413464735873 1418791066234 0 281474976710656 0 281474976710656 7 25
-1
18 0 0 1402106794717 1408202630669 0 281474976710656 0 281474976710656 26 1
19 0 0 794288170887 797711364248 0 281474976710656 0 281474976710656 9 27
40 0 0 4864543586262 4869902706251 0 281474976710656 0 281474976710656 28 10
20 0 0 2469504916277 2471919903978 0 281474976710656 0 281474976710656 29 30
50 0 0 1738999825624 1740614669770 0 281474976710656 0 281474976710656 3 31
41 0 0 2151251432717 2154404371197 0 281474976710656 0 281474976710656 32 12
21 0 0 1013264130651 1014695757493 0 281474976710656 0 281474976710656 33 34
22 0 0 587127059932 587940426623 0 281474976710656 0 281474976710656 11 35
42 0 0 1207067402785 1209055448072 0 281474976710656 0 281474976710656 36 4
23 0 0 548276143280 549163217712 0 281474976710656 0 281474976710656 37 38
24 0 0 311807019739 312306895962 0 281474976710656 0 281474976710656 13 39
43 0 0 2741333083464 2741602944110 0 281474976710656 0 281474976710656 40 14
25 0 0 1413221216115 1413261169098 0 281474976710656 0 281474976710656 41 42
51 0 4 1001329582836 1001329582837 0 281474976710656 0 281474976710656 0 43
44 0 0 1159475971032 1159822307367 0 281474976710656 0 281474976710656 44 16
26 0 0 549629507560 549778034668 0 281474976710656 0 281474976710656 45 46
27 0 0 319546201675 319627777399 0 281474976710656 0 281474976710656 15 47
45 0 0 636534812162 636786384252 0 281474976710656 0 281474976710656 48 5
28 0 0 290136464671 290246685491 0 281474976710656 0 281474976710656 49 50
29 0 0 165294538523 165356041661 0 281474976710656 0 281474976710656 17 51
120546875463925 120655754170946
0 116108427893145 116838669578009 0 52
74565835588752 74565835588753
218101384884806 218101384884807
158590695246746 158590695246747
101437842339644 101437842339645
124276392647921 124276392647922
86212142134126 86212142134127
180037134371011 180037134371012
195262834576529 195262834576530
206909141121903 206909141121904
215477122949499 215477122949500
109804156786616 109804156786617
115286852675876 115286852675877
119249876382091 119249876382092
122046809351175 122046809351176
78989958391076 78989958391077
81788019331802 81788019331803
83762851039411 83762851039412
85133254278538 85133254278539
171670819924039 171670819924040
162225100328564 162225100328565
166188124034779 166188124034780
159428167359480 159428167359481
202485018319579 202485018319580
197712125671244 197712125671245
199686957378853 199686957378854
196341722432117 196341722432118
216922116206649 216922116206650
216111248513128 216111248513129
106634642534204 106634642534205
102912549940418 102912549940419
104493308169434 104493308169435
101779813317443 101779813317444
117766894786829 117766894786830
116136297684354 116136297684355
116814896805985 116814896805986
115662097720860 115662097720861
123419904349893 123419904349894
122509036418925 122509036418926
122884281463909 122884281463910
122249985145360 122249985145361
77336355595267 77336355595268
75359645121909 75359645121910
76203803876135 76203803876136
74750456689769 74750456689770
83028450505642 83028450505643
82214624662503 82214624662504
82554120865813 82554120865814
81976698621973 81976698621974
85799095833277 85799095833278
85357902917314 85357902917315
85539899393690 85539899393691
85232063837411 85232063837412
6 0 1 281474976710656 281474976710656 0 281474976710656 0 281474976710656 0 1
41 0 0 72308608501587 72390506384242 0 281474976710656 0 281474976710656 2 1
21 0 0 34079260927708 34092502840966 0 281474976710656 0 281474976710656 3 4
22 0 2 19753314848887 19753314848888 0 281474976710656 0 281474976710656 0 5
32 0 0 43413746583332 43462917684768 0 281474976710656 0 281474976710656 2 6
5 0 0 19611548370307 19642125181165 0 281474976710656 0 281474976710656 7 8
47 0 0 10978928070663 10998463539213 0 281474976710656 0 281474976710656 9 1
33 0 0 20461027093756 20468977475853 0 281474976710656 0 281474976710656 3 10
6 0 0 8284223456511 8289016870762 0 281474976710656 0 281474976710656 11 12
7 0 0 4392738259977 4395677088386 0 281474976710656 0 281474976710656 13 4
34 0 3 11859796818128 11859796818129 0 281474976710656 0 281474976710656 0 14
8 0 0 4545089947984 4545576766912 0 281474976710656 0 281474976710656 15 16
9 0 0 2349123153862 2349489709063 0 281474976710656 0 281474976710656 17 5
38 0 0 10667784024504 10681534084284 0 281474976710656 0 281474976710656 18 6
15 0 0 5263881406418 5270074543378 0 281474976710656 0 281474976710656 19 20
49 0 0 3665448019245 3669599564103 0 281474976710656 0 281474976710656 2 21
39 0 0 5140926828197 5149352611913 0 281474976710656 0 281474976710656 22 8
16 0 0 2390924365454 2394717197466 0 281474976710656 0 281474976710656 23 24
17 0 0 1376296728611 1378442544126 0 281474976710656 0 281474976710656 7 25
-1
18 0 0 1359716186104 1362156503299 0 281474976710656 0 281474976710656 26 1
19 0 0 770477807361 771848764971 0 281474976710656 0 281474976710656 9 27
40 0 0 4826540613745 4828764011114 0 281474976710656 0 281474976710656 28 10
20 0 0 2452366711021 2453370019525 0 281474976710656 0 281474976710656 29 30
50 0 0 1727536486365 1728207741777 0 281474976710656 0 281474976710656 3 31
41 0 0 2128942388385 2130245219904 0 281474976710656 0 281474976710656 32 12
21 0 0 1003131222357 1003723132980 0 281474976710656 0 281474976710656 33 34
22 0 0 581369172234 581705563846 0 281474976710656 0 281474976710656 11 35
42 0 0 1193016161648 1193835998874 0 281474976710656 0 281474976710656 36 4
23 0 0 542005315002 542371247552 0 281474976710656 0 281474976710656 37 38
24 0 0 308273022746 308479263470 0 281474976710656 0 281474976710656 13 39
43 0 0 2739407709235 2739520924426 0 281474976710656 0 281474976710656 40 14
25 0 0 1412936041563 1412952816228 0 281474976710656 0 281474976710656 41 42
51 0 4 1001329582836 1001329582837 0 281474976710656 0 281474976710656 0 43
44 0 0 1157007981587 1157152957196 0 281474976710656 0 281474976710656 44 16
26 0 0 548570921118 548633113932 0 281474976710656 0 281474976710656 45 46
27 0 0 318964739985 318998903903 0 281474976710656 0 281474976710656 15 47
45 0 0 634743165899 634848360387 0 281474976710656 0 281474976710656 48 5
28 0 0 289351420670 289397517198 0 281474976710656 0 281474976710656 49 50
29 0 0 164856463687 164882187752 0 281474976710656 0 281474976710656 17 51
126041375646272 126104499554583
0 82200656915501 82565993168460 0 52
74565835588752 74565835588753
218101384884806 218101384884807
158590695246746 158590695246747
101437842339644 101437842339645
124276392647921 124276392647922
86212142134126 86212142134127
180037134371011 180037134371012
195262834576529 195262834576530
206909141121903 206909141121904
215477122949499 215477122949500
109804156786616 109804156786617
115286852675876 115286852675877
119249876382091 119249876382092
122046809351175 122046809351176
78989958391076 78989958391077
81788019331802 81788019331803
83762851039411 83762851039412
85133254278538 85133254278539
171670819924039 171670819924040
162225100328564 162225100328565
166188124034779 166188124034780
159428167359480 159428167359481
202485018319579 202485018319580
197712125671244 197712125671245
199686957378853 199686957378854
196341722432117 196341722432118
216922116206649 216922116206650
216111248513128 216111248513129
106634642534204 106634642534205
102912549940418 102912549940419
104493308169434 104493308169435
101779813317443 101779813317444
117766894786829 117766894786830
116136297684354 116136297684355
116814896805985 116814896805986
115662097720860 115662097720861
123419904349893 123419904349894
122509036418925 122509036418926
122884281463909 122884281463910
122249985145360 122249985145361
77336355595267 77336355595268
75359645121909 75359645121910
76203803876135 76203803876136
74750456689769 74750456689770
83028450505642 83028450505643
82214624662503 82214624662504
82554120865813 82554120865814
81976698621973 81976698621974
85799095833277 85799095833278
85357902917314 85357902917315
85539899393690 85539899393691
85232063837411 85232063837412
7 0 1 281474976710656 281474976710656 0 281474976710656 0 281474976710656 0 1
42 0 0 76429775576403 76476973741085 0 281474976710656 0 281474976710656 2 1
23 0 0 34727880799252 34735106589335 0 281474976710656 0 281474976710656 3 4
24 0 2 19753314848887 19753314848888 0 281474976710656 0 281474976710656 0 5
35 0 0 45888075805277 45916413360144 0 281474976710656 0 281474976710656 2 6
10 0 0 21174557423909 21192747281582 0 281474976710656 0 281474976710656 7 8
48 0 0 11985739190553 11997554203330 0 281474976710656 0 281474976710656 9 1
36 0 0 20850455397185 20854793727380 0 281474976710656 0 281474976710656 3 10
11 0 0 8520626032595 8523278186172 0 281474976710656 0 281474976710656 11 12
12 0 0 4538149686448 4539786504037 0 281474976710656 0 281474976710656 13 4
37 0 3 11859796818128 11859796818129 0 281474976710656 0 281474976710656 0 14
13 0 0 4568696930317 4568957208120 0 281474976710656 0 281474976710656 15 16
14 0 0 2366929265803 2367125939406 0 281474976710656 0 281474976710656 17 5
38 0 0 11363677648016 11371694298563 0 281474976710656 0 281474976710656 18 6
15 0 0 5576026789275 5579607556703 0 281474976710656 0 281474976710656 19 20
49 0 0 3874357082832 3876749639166 0 281474976710656 0 281474976710656 2 21
39 0 0 5572908917646 5577951389098 0 281474976710656 0 281474976710656 22 8
16 0 0 2585000046095 2587260966792 0 281474976710656 0 281474976710656 23 24
17 0 0 1485985377699 1487261903201 0 281474976710656 0 281474976710656 7 25
-1
18 0 0 1485556354398 1487033959941 0 281474976710656 0 281474976710656 26 1
19 0 0 841133669125 841962821579 0 281474976710656 0 281474976710656 9 27
40 0 0 4935730038967 4936949679655 0 281474976710656 0 281474976710656 28 10
20 0 0 2501547358159 2502095658891 0 281474976710656 0 281474976710656 29 30
50 0 0 1760416145823 1760782433580 0 281474976710656 0 281474976710656 3 31
41 0 0 2193273009051 2193995613554 0 281474976710656 0 281474976710656 32 12
21 0 0 1032335237222 1032663010169 0 281474976710656 0 281474976710656 33 34
22 0 0 597959401927 598145524422 0 281474976710656 0 281474976710656 11 35
42 0 0 1233607867871 1234065094995 0 281474976710656 0 281474976710656 36 4
23 0 0 560115442247 560319344470 0 281474976710656 0 281474976710656 37 38
24 0 0 318477687201 318592555577 0 281474976710656 0 281474976710656 13 39
43 0 0 2744884952594 2744945196179 0 281474976710656 0 281474976710656 40 14
25 0 0 1413746735552 1413755642664 0 281474976710656 0 281474976710656 41 42
51 0 4 1001329582836 1001329582837 0 281474976710656 0 281474976710656 0 43
44 0 0 1164042740146 1164120353403 0 281474976710656 0 281474976710656 44 16
26 0 0 551587467648 551620734104 0 281474976710656 0 281474976710656 45 46
27 0 0 320621427767 320639693510 0 281474976710656 0 281474976710656 15 47
45 0 0 639854951682 639911432922 0 281474976710656 0 281474976710656 48 5
28 0 0 291590907613 291615646361 0 281474976710656 0 281474976710656 49 50
29 0 0 166106058729 166119860865 0 281474976710656 0 281474976710656 17 51
119656118185931 119714790543714
0 122493739864822 122897525042681 0 52
74565835588752 74565835588753
218101384884806 218101384884807
158590695246746 158590695246747
101437842339644 101437842339645
124276392647921 124276392647922
86212142134126 86212142134127
180037134371011 180037134371012
195262834576529 195262834576530
206909141121903 206909141121904
215477122949499 215477122949500
109804156786616 109804156786617
115286852675876 115286852675877
119249876382091 119249876382092
122046809351175 122046809351176
78989958391076 78989958391077
81788019331802 81788019331803
83762851039411 83762851039412
85133254278538 85133254278539
171670819924039 171670819924040
162225100328564 162225100328565
166188124034779 166188124034780
159428167359480 159428167359481
202485018319579 202485018319580
197712125671244 197712125671245
199686957378853 199686957378854
196341722432117 196341722432118
216922116206649 216922116206650
216111248513128 216111248513129
106634642534204 106634642534205
102912549940418 102912549940419
104493308169434 104493308169435
101779813317443 101779813317444
117766894786829 117766894786830
116136297684354 116136297684355
116814896805985 116814896805986
115662097720860 115662097720861
123419904349893 123419904349894
122509036418925 122509036418926
122884281463909 122884281463910
122249985145360 122249985145361
77336355595267 77336355595268
75359645121909 75359645121910
76203803876135 76203803876136
74750456689769 74750456689770
83028450505642 83028450505643
82214624662503 82214624662504
82554120865813 82554120865814
81976698621973 81976698621974
85799095833277 85799095833278
85357902917314 85357902917315
85539899393690 85539899393691
85232063837411 85232063837412
8 0 1 281474976710656 281474976710656 0 281474976710656 0 281474976710656 0 1
44 0 0 71638259532168 71682431742120 0 281474976710656 0 281474976710656 2 1
26 0 0 33970315013887 33977524748758 0 281474976710656 0 281474976710656 3 4
27 0 2 19753314848887 19753314848888 0 281474976710656 0 281474976710656 0 5
32 0 0 43011272232299 43037793018256 0 281474976710656 0 281474976710656 2 6
5 0 0 19362005405820 19378408662993 0 281474976710656 0 281474976710656 7 8
47 0 0 10819736620017 10830187580281 0 281474976710656 0 281474976710656 9 1
33 0 0 20395616482323 20399945173045 0 281474976710656 0 281474976710656 3 10
6 0 0 8244838156902 8247441711826 0 281474976710656 0 281474976710656 11 12
7 0 0 4368606331143 4370200735528 0 281474976710656 0 281474976710656 13 4
34 0 3 11859796818128 11859796818129 0 281474976710656 0 281474976710656 0 14
8 0 0 4541076899436 4541342903379 0 281474976710656 0 281474976710656 15 16
9 0 0 2346102513375 2346302679240 0 281474976710656 0 281474976710656 17 5
38 0 0 10555358439238 10562760000672 0 281474976710656 0 281474976710656 18 6
15 0 0 5213204801610 5216543260969 0 281474976710656 0 281474976710656 19 20
49 0 0 3631466874356 3633706039829 0 281474976710656 0 281474976710656 2 21
39 0 0 5072200190429 5076715744306 0 281474976710656 0 281474976710656 22 8
16 0 0 2359976160227 2362010167155 0 281474976710656 0 281474976710656 23 24
17 0 0 1358784334424 1359935480105 0 281474976710656 0 281474976710656 7 25
-1
18 0 0 1339832524377 1341137777046 0 281474976710656 0 281474976710656 26 1
19 0 0 759306090135 760039516287 0 281474976710656 0 281474976710656 9 27
40 0 0 4808257060289 4809466511702 0 281474976710656 0 281474976710656 28 10
20 0 0 2444113310708 2444659432847 0 281474976710656 0 281474976710656 29 30
50 0 0 1722013830179 1722379304070 0 281474976710656 0 281474976710656 3 31
41 0 0 2118240083060 2118947420274 0 281474976710656 0 281474976710656 32 12
21 0 0 998268147397 998589598503 0 281474976710656 0 281474976710656 33 34
22 0 0 578605195725 578787907669 0 281474976710656 0 281474976710656 11 35
42 0 0 1186284986547 1186729670924 0 281474976710656 0 281474976710656 36 4
23 0 0 539000619538 539199133742 0 281474976710656 0 281474976710656 37 38
24 0 0 306579495336 306691387244 0 281474976710656 0 281474976710656 13 39
43 0 0 2738474004085 2738535918018 0 281474976710656 0 281474976710656 40 14
25 0 0 1412797669751 1412806846740 0 281474976710656 0 281474976710656 41 42
51 0 4 1001329582836 1001329582837 0 281474976710656 0 281474976710656 0 43
44 0 0 1155813038774 1155892236947 0 281474976710656 0 281474976710656 44 16
26 0 0 548058262457 548092242683 0 281474976710656 0 281474976710656 45 46
27 0 0 318683112779 318701780370 0 281474976710656 0 281474976710656 15 47
45 0 0 633876356775 633933793566 0 281474976710656 0 281474976710656 48 5
28 0 0 288971565525 288996736545 0 281474976710656 0 281474976710656 49 50
29 0 0 164644481566 164658528781 0 281474976710656 0 281474976710656 17 51
125530265031833 125563642095237
0 85350476809037 85546316451278 0 52
74565835588752 74565835588753
218101384884806 218101384884807
158590695246746 158590695246747
101437842339644 101437842339645
124276392647921 124276392647922
86212142134126 86212142134127
180037134371011 180037134371012
195262834576529 195262834576530
206909141121903 206909141121904
215477122949499 215477122949500
109804156786616 109804156786617
115286852675876 115286852675877
119249876382091 119249876382092
122046809351175 122046809351176
78989958391076 78989958391077
81788019331802 81788019331803
83762851039411 83762851039412
85133254278538 85133254278539
171670819924039 171670819924040
162225100328564 162225100328565
166188124034779 166188124034780
159428167359480 159428167359481
202485018319579 202485018319580
197712125671244 197712125671245
199686957378853 199686957378854
196341722432117 196341722432118
216922116206649 216922116206650
216111248513128 216111248513129
106634642534204 106634642534205
102912549940418 102912549940419
104493308169434 104493308169435
101779813317443 101779813317444
117766894786829 117766894786830
116136297684354 116136297684355
116814896805985 116814896805986
115662097720860 115662097720861
123419904349893 123419904349894
122509036418925 122509036418926
122884281463909 122884281463910
122249985145360 122249985145361
77336355595267 77336355595268
75359645121909 75359645121910
76203803876135 76203803876136
74750456689769 74750456689770
83028450505642 83028450505643
82214624662503 82214624662504
82554120865813 82554120865814
81976698621973 81976698621974
85799095833277 85799095833278
85357902917314 85357902917315
85539899393690 85539899393691
85232063837411 85232063837412
9 0 1 281474976710656 281474976710656 0 281474976710656 0 281474976710656 0 1
45 0 0 76047484444827 76072456252321 0 281474976710656 0 281474976710656 2 1
28 0 0 34669190026106 34673032734299 0 281474976710656 0 281474976710656 3 4
29 0 2 19753314848887 19753314848888 0 281474976710656 0 281474976710656 0 5
35 0 0 45658550017806 45673542972929 0 281474976710656 0 281474976710656 2 6
10 0 0 21027467510942 21037062461784 0 281474976710656 0 281474976710656 7 8
48 0 0 11890281096659 11896503529726 0 281474976710656 0 281474976710656 9 1
36 0 0 20815217734549 20817524878375 0 281474976710656 0 281474976710656 3 10
11 0 0 8499099375427 8500507979672 0 281474976710656 0 281474976710656 11 12
12 0 0 4524868665345 4525737469143 0 281474976710656 0 281474976710656 13 4
37 0 3 11859796818128 11859796818129 0 281474976710656 0 281474976710656 0 14
13 0 0 4566580661551 4566719341048 0 281474976710656 0 281474976710656 15 16
14 0 0 2365330436578 2365435192566 0 281474976710656 0 281474976710656 17 5
38 0 0 11298784110558 11303020932174 0 281474976710656 0 281474976710656 18 6
15 0 0 5547028512347 5548922456343 0 281474976710656 0 281474976710656 19 20
49 0 0 3854978086333 3856243950305 0 281474976710656 0 281474976710656 2 21
39 0 0 5532146350504 5534804678214 0 281474976710656 0 281474976710656 22 8
16 0 0 2566719348245 2567911726907 0 281474976710656 0 281474976710656 23 24
17 0 0 1475662920634 1476336273866 0 281474976710656 0 281474976710656 7 25
-1
18 0 0 1473618926365 1474397027999 0 281474976710656 0 281474976710656 26 1
19 0 0 834434623243 834871300355 0 281474976710656 0 281474976710656 9 27
40 0 0 4925826272125 4926474565290 0 281474976710656 0 281474976710656 28 10
20 0 0 2497094177808 2497385726010 0 281474976710656 0 281474976710656 29 30
50 0 0 1757441009354 1757635802857 0 281474976710656 0 281474976710656 3 31
41 0 0 2187408596214 2187792296338 0 281474976710656 0 281474976710656 32 12
21 0 0 1029674925752 1029848997966 0 281474976710656 0 281474976710656 33 34
22 0 0 596448706939 596547559788 0 281474976710656 0 281474976710656 11 35
42 0 0 1229898212291 1230140872859 0 281474976710656 0 281474976710656 36 4
23 0 0 558461032129 558569256515 0 281474976710656 0 281474976710656 37 38
24 0 0 317545653403 317606624206 0 281474976710656 0 281474976710656 13 39
43 0 0 2744395006089 2744427118787 0 281474976710656 0 281474976710656 40 14
25 0 0 1413674288401 1413679037249 0 281474976710656 0 281474976710656 41 42
51 0 4 1001329582836 1001329582837 0 281474976710656 0 281474976710656 0 43
44 0 0 1163411723620 1163453071967 0 281474976710656 0 281474976710656 44 16
26 0 0 551316990679 551334714750 0 281474976710656 0 281474976710656 45 46
27 0 0 320472912528 320482644761 0 281474976710656 0 281474976710656 15 47
45 0 0 639395812015 639425894159 0 281474976710656 0 281474976710656 48 5
28 0 0 291389800005 291402976533 0 281474976710656 0 281474976710656 49 50
29 0 0 165993856297 166001207850 0 281474976710656 0 281474976710656 17 51
122856519047989 123012840369104
0 100826857329190 101810097959174 0 52
74565835588752 74565835588753
218101384884806 218101384884807
158590695246746 158590695246747
101437842339644 101437842339645
124276392647921 124276392647922
86212142134126 86212142134127
180037134371011 180037134371012
195262834576529 195262834576530
206909141121903 206909141121904
215477122949499 215477122949500
109804156786616 109804156786617
115286852675876 115286852675877
119249876382091 119249876382092
122046809351175 122046809351176
78989958391076 78989958391077
81788019331802 81788019331803
83762851039411 83762851039412
85133254278538 85133254278539
171670819924039 171670819924040
162225100328564 162225100328565
166188124034779 166188124034780
159428167359480 159428167359481
202485018319579 202485018319580
197712125671244 197712125671245
199686957378853 199686957378854
196341722432117 196341722432118
216922116206649 216922116206650
216111248513128 216111248513129
106634642534204 106634642534205
102912549940418 102912549940419
104493308169434 104493308169435
101779813317443 101779813317444
117766894786829 117766894786830
116136297684354 116136297684355
116814896805985 116814896805986
115662097720860 115662097720861
123419904349893 123419904349894
122509036418925 122509036418926
122884281463909 122884281463910
122249985145360 122249985145361
77336355595267 77336355595268
75359645121909 75359645121910
76203803876135 76203803876136
74750456689769 74750456689770
83028450505642 83028450505643
82214624662503 82214624662504
82554120865813 82554120865814
81976698621973 81976698621974
85799095833277 85799095833278
85357902917314 85357902917315
85539899393690 85539899393691
85232063837411 85232063837412
10 0 1 281474976710656 281474976710656 0 281474976710656 0 281474976710656 0 1
39 0 0 74043962829945 74161263275675 0 281474976710656 0 281474976710656 2 1
16 0 0 34356732309748 34375255376640 0 281474976710656 0 281474976710656 3 4
17 0 2 19753314848887 19753314848888 0 281474976710656 0 281474976710656 0 5
32 0 0 44455645115261 44526071748142 0 281474976710656 0 281474976710656 2 6
5 0 0 20263634818654 20308030059591 0 281474976710656 0 281474976710656 7 8
47 0 0 11396938108390 11425503037513 0 281474976710656 0 281474976710656 9 1
33 0 0 20627619599319 20638740761082 0 281474976710656 0 281474976710656 3 10
6 0 0 8384950688918 8391696313312 0 281474976710656 0 281474976710656 11 12
7 0 0 4454577518589 4458725119154 0 281474976710656 0 281474976710656 13 4
34 0 3 11859796818128 11859796818129 0 281474976710656 0 281474976710656 0 14
8 0 0 4555248028256 4555922969167 0 281474976710656 0 281474976710656 15 16
9 0 0 2356777359575 2357286348892 0 281474976710656 0 281474976710656 17 5
38 0 0 10959825005909 10979617359859 0 281474976710656 0 281474976710656 18 6
15 0 0 5395196186945 5404078904643 0 281474976710656 0 281474976710656 19 20
49 0 0 3753416121762 3759362283574 0 281474976710656 0 281474976710656 2 21
39 0 0 5320834001478 5333098927132 0 281474976710656 0 281474976710656 22 8
16 0 0 2471844316982 2477356026844 0 281474976710656 0 281474976710656 23 24
17 0 0 1422058767828 1425174331359 0 281474976710656 0 281474976710656 7 25
-1
18 0 0 1411945034242 1415515046297 0 281474976710656 0 281474976710656 26 1
19 0 0 799812862227 801817488164 0 281474976710656 0 281474976710656 9 27
40 0 0 4873179968684 4876297211983 0 281474976710656 0 281474976710656 28 10
20 0 0 2473396520720 2474800883328 0 281474976710656 0 281474976710656 29 30
50 0 0 1741601989059 1742540955253 0 281474976710656 0 281474976710656 3 31
41 0 0 2156333334686 2158168709224 0 281474976710656 0 281474976710656 32 12
21 0 0 1015571569107 1016404849054 0 281474976710656 0 281474976710656 33 34
22 0 0 588437995043 588911388609 0 281474976710656 0 281474976710656 11 35
42 0 0 1210271997708 1211429710687 0 281474976710656 0 281474976710656 36 4
23 0 0 549706028395 550222573414 0 281474976710656 0 281474976710656 37 38
24 0 0 312612770313 312903840095 0 281474976710656 0 281474976710656 13 39
43 0 0 2741767772183 2741924411739 0 281474976710656 0 281474976710656 40 14
25 0 0 1413285569894 1413308757028 0 281474976710656 0 281474976710656 41 42
51 0 4 1001329582836 1001329582837 0 281474976710656 0 281474976710656 0 43
44 0 0 1160033897171 1160235011349 0 281474976710656 0 281474976710656 44 16
26 0 0 549868772304 549955015408 0 281474976710656 0 281474976710656 45 46
27 0 0 319677612441 319724978359 0 281474976710656 0 281474976710656 15 47
45 0 0 636940096955 637086212075 0 281474976710656 0 281474976710656 48 5
28 0 0 290314030108 290378045197 0 281474976710656 0 281474976710656 49 50
29 0 0 165393619555 165429339343 0 281474976710656 0 281474976710656 17 51
120720587754600 120781067576624
0 115270704748173 115674647963284 0 52
74565835588752 74565835588753
218101384884806 218101384884807
158590695246746 158590695246747
101437842339644 101437842339645
124276392647921 124276392647922
86212142134126 86212142134127
180037134371011 180037134371012
195262834576529 195262834576530
206909141121903 206909141121904
215477122949499 215477122949500
109804156786616 109804156786617
115286852675876 115286852675877
119249876382091 119249876382092
122046809351175 122046809351176
78989958391076 78989958391077
81788019331802 81788019331803
83762851039411 83762851039412
85133254278538 85133254278539
171670819924039 171670819924040
162225100328564 162225100328565
166188124034779 166188124034780
159428167359480 159428167359481
202485018319579 202485018319580
197712125671244 197712125671245
199686957378853 199686957378854
196341722432117 196341722432118
216922116206649 216922116206650
216111248513128 216111248513129
106634642534204 106634642534205
102912549940418 102912549940419
104493308169434 104493308169435
101779813317443 101779813317444
117766894786829 117766894786830
116136297684354 116136297684355
116814896805985 116814896805986
115662097720860 115662097720861
123419904349893 123419904349894
122509036418925 122509036418926
122884281463909 122884281463910
122249985145360 122249985145361
77336355595267 77336355595268
75359645121909 75359645121910
76203803876135 76203803876136
74750456689769 74750456689770
83028450505642 83028450505643
82214624662503 82214624662504
82554120865813 82554120865814
81976698621973 81976698621974
85799095833277 85799095833278
85357902917314 85357902917315
85539899393690 85539899393691
85232063837411 85232063837412
11 0 1 281474976710656 281474976710656 0 281474976710656 0 281474976710656 0 1
41 0 0 72439269606555 72484755407276 0 281474976710656 0 281474976710656 2 1
21 0 0 34100380264892 34107723530815 0 281474976710656 0 281474976710656 3 4
22 0 2 19753314848887 19753314848888 0 281474976710656 0 281474976710656 0 5
32 0 0 43492194892834 43519504352476 0 281474976710656 0 281474976710656 2 6
5 0 0 19660340350654 19677337506702 0 281474976710656 0 281474976710656 7 8
47 0 0 11010104239627 11020968610217 0 281474976710656 0 281474976710656 9 1
33 0 0 20473707043924 20478115906057 0 281474976710656 0 281474976710656 3 10
6 0 0 8291869052021 8294528265933 0 281474976710656 0 281474976710656 11 12
7 0 0 4397425941442 4399056600993 0 281474976710656 0 281474976710656 13 4
34 0 3 11859796818128 11859796818129 0 281474976710656 0 281474976710656 0 14
8 0 0 4545866271049 4546136078850 0 281474976710656 0 281474976710656 15 16
9 0 0 2349707706865 2349910881811 0 281474976710656 0 281474976710656 17 5
38 0 0 10689722604531 10697361795517 0 281474976710656 0 281474976710656 18 6
15 0 0 5273762223129 5277202180656 0 281474976710656 0 281474976710656 19 20
49 0 0 3672071455905 3674377209558 0 281474976710656 0 281474976710656 2 21
39 0 0 5154372485217 5159057011473 0 281474976710656 0 281474976710656 22 8
16 0 0 2396976730841 2399085223011 0 281474976710656 0 281474976710656 23 24
17 0 0 1379720845956 1380913670196 0 281474976710656 0 281474976710656 7 25
-1
18 0 0 1363610654379 1364967844654 0 281474976710656 0 281474976710656 26 1
19 0 0 772665684552 773428122960 0 281474976710656 0 281474976710656 9 27
40 0 0 4830086792277 4831319953948 0 281474976710656 0 281474976710656 28 10
20 0 0 2453966888005 2454523293455 0 281474976710656 0 281474976710656 29 30
50 0 0 1728607061975 1728979304785 0 281474976710656 0 281474976710656 3 31
41 0 0 2131020462676 2131743276342 0 281474976710656 0 281474976710656 32 12
21 0 0 1004075336939 1004403715405 0 281474976710656 0 281474976710656 33 34
22 0 0 581905723856 582092341830 0 281474976710656 0 281474976710656 11 35
42 0 0 1194323882408 1194778800220 0 281474976710656 0 281474976710656 36 4
23 0 0 542589010160 542792056695 0 281474976710656 0 281474976710656 37 38
24 0 0 308601994255 308716430473 0 281474976710656 0 281474976710656 13 39
43 0 0 2739588246556 2739650984889 0 281474976710656 0 281474976710656 40 14
25 0 0 1412962790740 1412972085878 0 281474976710656 0 281474976710656 41 42
51 0 4 1001329582836 1001329582837 0 281474976710656 0 281474976710656 0 43
44 0 0 1157239173957 1157319526245 0 281474976710656 0 281474976710656 44 16
26 0 0 548670099369 548704568700 0 281474976710656 0 281474976710656 45 46
27 0 0 319019220686 319038155224 0 281474976710656 0 281474976710656 15 47
45 0 0 634910922403 634969230976 0 281474976710656 0 281474976710656 48 5
28 0 0 289424931843 289450482490 0 281474976710656 0 281474976710656 49 50
29 0 0 164897486373 164911744759 0 281474976710656 0 281474976710656 17 51
126142155713838 126177329031542
0 81779891882150 81983002925434 0 52
74565835588752 74565835588753
218101384884806 218101384884807
158590695246746 158590695246747
101437842339644 101437842339645
124276392647921 124276392647922
86212142134126 86212142134127
180037134371011 180037134371012
195262834576529 195262834576530
206909141121903 206909141121904
215477122949499 215477122949500
109804156786616 109804156786617
115286852675876 115286852675877
119249876382091 119249876382092
122046809351175 122046809351176
78989958391076 78989958391077
81788019331802 81788019331803
83762851039411 83762851039412
85133254278538 85133254278539
171670819924039 171670819924040
162225100328564 162225100328565
166188124034779 166188124034780
159428167359480 159428167359481
202485018319579 202485018319580
197712125671244 197712125671245
199686957378853 199686957378854
196341722432117 196341722432118
216922116206649 216922116206650
216111248513128 216111248513129
106634642534204 106634642534205
102912549940418 102912549940419
104493308169434 104493308169435
101779813317443 101779813317444
117766894786829 117766894786830
116136297684354 116136297684355
116814896805985 116814896805986
115662097720860 115662097720861
123419904349893 123419904349894
122509036418925 122509036418926
122884281463909 122884281463910
122249985145360 122249985145361
77336355595267 77336355595268
75359645121909 75359645121910
76203803876135 76203803876136
74750456689769 74750456689770
83028450505642 83028450505643
82214624662503 82214624662504
82554120865813 82554120865814
81976698621973 81976698621974
85799095833277 85799095833278
85357902917314 85357902917315
85539899393690 85539899393691
85232063837411 85232063837412
12 0 1 281474976710656 281474976710656 0 281474976710656 0 281474976710656 0 1
42 0 0 76505127805894 76531424399723 0 281474976710656 0 281474976710656 2 1
23 0 0 34739414716648 34743437190265 0 281474976710656 0 281474976710656 3 4
24 0 2 19753314848887 19753314848888 0 281474976710656 0 281474976710656 0 5
35 0 0 45933316927509 45949105278082 0 281474976710656 0 281474976710656 2 6
10 0 0 21203600805813 21213740382832 0 281474976710656 0 281474976710656 7 8
48 0 0 12004605053801 12011192819334 0 281474976710656 0 281474976710656 9 1
36 0 0 20857380306644 20859795380781 0 281474976710656 0 281474976710656 3 10
11 0 0 8524859636277 8526336358835 0 281474976710656 0 281474976710656 11 12
12 0 0 4540762578146 4541674053142 0 281474976710656 0 281474976710656 13 4
37 0 3 11859796818128 11859796818129 0 281474976710656 0 281474976710656 0 14
13 0 0 4569112361690 4569257208765 0 281474976710656 0 281474976710656 15 16
14 0 0 2367243181696 2367352638323 0 281474976710656 0 281474976710656 17 5
38 0 0 11376476794785 11380944104235 0 281474976710656 0 281474976710656 18 6
15 0 0 5581743574712 5583738710925 0 281474976710656 0 281474976710656 19 20
49 0 0 3878176817246 3879509836921 0 281474976710656 0 281474976710656 2 21
39 0 0 5580960295714 5583771387024 0 281474976710656 0 281474976710656 22 8
16 0 0 2588610038103 2589870384190 0 281474976710656 0 281474976710656 23 24
17 0 0 1488023580433 1488735154371 0 281474976710656 0 281474976710656 7 25
-1
18 0 0 1487915760641 1488739652871 0 281474976710656 0 281474976710656 26 1
19 0 0 842457635259 842919950625 0 281474976710656 0 281474976710656 9 27
40 0 0 4937676882187 4938355889907 0 281474976710656 0 281474976710656 28 10
20 0 0 2502422568579 2502727805202 0 281474976710656 0 281474976710656 29 30
50 0 0 1761000819979 1761204726102 0 281474976710656 0 281474976710656 3 31
41 0 0 2194426504083 2194828866305 0 281474976710656 0 281474976710656 32 12
21 0 0 1032858459042 1033040965794 0 281474976710656 0 281474976710656 33 34
22 0 0 598256507224 598360140471 0 281474976710656 0 281474976710656 11 35
42 0 0 1234337753891 1234592369709 0 281474976710656 0 281474976710656 36 4
23 0 0 560440936808 560554482182 0 281474976710656 0 281474976710656 37 38
24 0 0 318661054379 318725019756 0 281474976710656 0 281474976710656 13 39
43 0 0 2744981106329 2745014630038 0 281474976710656 0 281474976710656 40 14
25 0 0 1413760951938 1413765908314 0 281474976710656 0 281474976710656 41 42
51 0 4 1001329582836 1001329582837 0 281474976710656 0 281474976710656 0 43
44 0 0 1164166619790 1164209813172 0 281474976710656 0 281474976710656 44 16
26 0 0 551640564569 551659077797 0 281474976710656 0 281474976710656 45 46
27 0 0 320650581856 320660746917 0 281474976710656 0 281474976710656 15 47
45 0 0 639945103077 639976537453 0 281474976710656 0 281474976710656 48 5
28 0 0 291630393806 291644161946 0 281474976710656 0 281474976710656 49 50
29 0 0 166128088679 166135770113 0 281474976710656 0 281474976710656 17 51
119749263557964 119781114678126
0 122038101790634 122256808066245 0 52
74565835588752 74565835588753
218101384884806 218101384884807
158590695246746 158590695246747
101437842339644 101437842339645
124276392647921 124276392647922
86212142134126 86212142134127
180037134371011 180037134371012
195262834576529 195262834576530
206909141121903 206909141121904
215477122949499 215477122949500
109804156786616 109804156786617
115286852675876 115286852675877
119249876382091 119249876382092
122046809351175 122046809351176
78989958391076 78989958391077
81788019331802 81788019331803
83762851039411 83762851039412
85133254278538 85133254278539
171670819924039 171670819924040
162225100328564 162225100328565
166188124034779 166188124034780
159428167359480 159428167359481
202485018319579 202485018319580
197712125671244 197712125671245
199686957378853 199686957378854
196341722432117 196341722432118
216922116206649 216922116206650
216111248513128 216111248513129
106634642534204 106634642534205
102912549940418 102912549940419
104493308169434 104493308169435
101779813317443 101779813317444
117766894786829 117766894786830
116136297684354 116136297684355
116814896805985 116814896805986
115662097720860 115662097720861
123419904349893 123419904349894
122509036418925 122509036418926
122884281463909 122884281463910
122249985145360 122249985145361
77336355595267 77336355595268
75359645121909 75359645121910
76203803876135 76203803876136
74750456689769 74750456689770
83028450505642 83028450505643
82214624662503 82214624662504
82554120865813 82554120865814
81976698621973 81976698621974
85799095833277 85799095833278
85357902917314 85357902917315
85539899393690 85539899393691
85232063837411 85232063837412
13 0 1 281474976710656 281474976710656 0 281474976710656 0 281474976710656 0 1
44 0 0 71708384025985 71732361713381 0 281474976710656 0 281474976710656 2 1
26 0 0 33981758611530 33985668998646 0 281474976710656 0 281474976710656 3 4
27 0 2 19753314848887 19753314848888 0 281474976710656 0 281474976710656 0 5
32 0 0 43053374646756 43067770736874 0 281474976710656 0 281474976710656 2 6
5 0 0 19388048633080 19396956879351 0 281474976710656 0 281474976710656 7 8
47 0 0 10836330334294 10842007392217 0 281474976710656 0 281474976710656 9 1
33 0 0 20402487164229 20404834942161 0 281474976710656 0 281474976710656 3 10
6 0 0 8248970818356 8250383221920 0 281474976710656 0 281474976710656 11 12
7 0 0 4371137207751 4372002243500 0 281474976710656 0 281474976710656 13 4
34 0 3 11859796818128 11859796818129 0 281474976710656 0 281474976710656 0 14
8 0 0 4541499083634 4541643312633 0 281474976710656 0 281474976710656 15 16
9 0 0 2346420207387 2346528744482 0 281474976710656 0 281474976710656 17 5
38 0 0 10567109041877 10571127471409 0 281474976710656 0 281474976710656 18 6
15 0 0 5218504745277 5220317025279 0 281474976710656 0 281474976710656 19 20
49 0 0 3635021605837 3636237076148 0 281474976710656 0 281474976710656 2 21
39 0 0 5079369609570 5081822122132 0 281474976710656 0 281474976710656 22 8
16 0 0 2363205546117 2364310203348 0 281474976710656 0 281474976710656 23 24
17 0 0 1360611992690 1361237154456 0 281474976710656 0 281474976710656 7 25
-1
18 0 0 1341904972094 1342614009320 0 281474976710656 0 281474976710656 26 1
19 0 0 760470601690 760869005534 0 281474976710656 0 281474976710656 9 27
40 0 0 4810176786199 4810832816128 0 281474976710656 0 281474976710656 28 10
20 0 0 2444980143256 2445276353556 0 281474976710656 0 281474976710656 29 30
50 0 0 1722593925872 1722792150137 0 281474976710656 0 281474976710656 3 31
41 0 0 2119362858910 2119746596746 0 281474976710656 0 281474976710656 32 12
21 0 0 998778392916 998952779269 0 281474976710656 0 281474976710656 33 34
22 0 0 578895217111 578994336588 0 281474976710656 0 281474976710656 11 35
42 0 0 1186990859032 1187232125070 0 281474976710656 0 281474976710656 36 4
23 0 0 539315731372 539423434945 0 281474976710656 0 281474976710656 37 38
24 0 0 306757106871 306817813240 0 281474976710656 0 281474976710656 13 39
43 0 0 2738572268305 2738605835967 0 281474976710656 0 281474976710656 40 14
25 0 0 1412812234536 1412817209830 0 281474976710656 0 281474976710656 41 42
51 0 4 1001329582836 1001329582837 0 281474976710656 0 281474976710656 0 43
44 0 0 1155938737525 1155981680140 0 281474976710656 0 281474976710656 44 16
26 0 0 548112193747 548130618166 0 281474976710656 0 281474976710656 45 46
27 0 0 318712740767 318722862452 0 281474976710656 0 281474976710656 15 47
45 0 0 633967518008 633998662627 0 281474976710656 0 281474976710656 48 5
28 0 0 289011515834 289025164512 0 281474976710656 0 281474976710656 49 50
29 0 0 164666776656 164674393559 0 281474976710656 0 281474976710656 17 51
125583271664049 125601420685609
0 85129017346637 85235380271537 0 52
74565835588752 74565835588753
218101384884806 218101384884807
158590695246746 158590695246747
101437842339644 101437842339645
124276392647921 124276392647922
86212142134126 86212142134127
180037134371011 180037134371012
195262834576529 195262834576530
206909141121903 206909141121904
215477122949499 215477122949500
109804156786616 109804156786617
115286852675876 115286852675877
119249876382091 119249876382092
122046809351175 122046809351176
78989958391076 78989958391077
81788019331802 81788019331803
83762851039411 83762851039412
85133254278538 85133254278539
171670819924039 171670819924040
162225100328564 162225100328565
166188124034779 166188124034780
159428167359480 159428167359481
202485018319579 202485018319580
197712125671244 197712125671245
199686957378853 199686957378854
196341722432117 196341722432118
216922116206649 216922116206650
216111248513128 216111248513129
106634642534204 106634642534205
102912549940418 102912549940419
104493308169434 104493308169435
101779813317443 101779813317444
117766894786829 117766894786830
116136297684354 116136297684355
116814896805985 116814896805986
115662097720860 115662097720861
123419904349893 123419904349894
122509036418925 122509036418926
122884281463909 122884281463910
122249985145360 122249985145361
77336355595267 77336355595268
75359645121909 75359645121910
76203803876135 76203803876136
74750456689769 74750456689770
83028450505642 83028450505643
82214624662503 82214624662504
82554120865813 82554120865814
81976698621973 81976698621974
85799095833277 85799095833278
85357902917314 85357902917315
85539899393690 85539899393691
85232063837411 85232063837412
14 0 1 281474976710656 281474976710656 0 281474976710656 0 281474976710656 0 1
45 0 0 76087142102072 76100719979528 0 281474976710656 0 281474976710656 2 1
28 0 0 34675292034906 34677380497346 0 281474976710656 0 281474976710656 3 4
29 0 2 19753314848887 19753314848888 0 281474976710656 0 281474976710656 0 5
35 0 0 45682360287667 45690512381080 0 281474976710656 0 281474976710656 2 6
10 0 0 21042706084917 21047924491936 0 281474976710656 0 281474976710656 7 8
48 0 0 11900163774528 11903548432361 0 281474976710656 0 281474976710656 9 1
36 0 0 20818881351774 20820135254747 0 281474976710656 0 281474976710656 3 10
11 0 0 8501336215464 8502101859445 0 281474976710656 0 281474976710656 11 12
12 0 0 4526248327259 4526720589100 0 281474976710656 0 281474976710656 13 4
37 0 3 11859796818128 11859796818129 0 281474976710656 0 281474976710656 0 14
13 0 0 4566800869133 4566876227287 0 281474976710656 0 281474976710656 15 16
14 0 0 2365496778431 2365553704237 0 281474976710656 0 281474976710656 17 5
38 0 0 11305512733321 11307816631915 0 281474976710656 0 281474976710656 18 6
15 0 0 5550036296801 5551066115105 0 281474976710656 0 281474976710656 19 20
49 0 0 3856988401345 3857676687361 0 281474976710656 0 281474976710656 2 21
39 0 0 5536368316481 5537814172873 0 281474976710656 0 281474976710656 22 8
16 0 0 2568613075144 2569261585171 0 281474976710656 0 281474976710656 23 24
17 0 0 1476732331326 1477098548026 0 281474976710656 0 281474976710656 7 25
-1
18 0 0 1474854736159 1475277984268 0 281474976710656 0 281474976710656 26 1
19 0 0 835128168544 835365696629 0 281474976710656 0 281474976710656 9 27
40 0 0 4926855735363 4927208089279 0 281474976710656 0 281474976710656 28 10
20 0 0 2497557141489 2497715596097 0 281474976710656 0 281474976710656 29 30
50 0 0 1757750330699 1757856198461 0 281474976710656 0 281474976710656 3 31
41 0 0 2188017908207 2188226471748 0 281474976710656 0 281474976710656 32 12
21 0 0 1029951349926 1030045967166 0 281474976710656 0 281474976710656 33 34
22 0 0 596605683612 596659414878 0 281474976710656 0 281474976710656 11 35
42 0 0 1230283558586 1230415464737 0 281474976710656 0 281474976710656 36 4
23 0 0 558632892772 558691721283 0 281474976710656 0 281474976710656 37 38
24 0 0 317642475140 317675617472 0 281474976710656 0 281474976710656 13 39
43 0 0 2744445997053 2744463446363 0 281474976710656 0 281474976710656 40 14
25 0 0 1413681828950 1413684409323 0 281474976710656 0 281474976710656 41 42
51 0 4 1001329582836 1001329582837 0 281474976710656 0 281474976710656 0 43
44 0 0 1163477380335 1163499849179 0 281474976710656 0 281474976710656 44 16
26 0 0 551345134549 551354765808 0 281474976710656 0 281474976710656 45 46
27 0 0 320488366228 320493654704 0 281474976710656 0 281474976710656 15 47
45 0 0 639443579457 639459926588 0 281474976710656 0 281474976710656 48 5
28 0 0 291410722998 291417883314 0 281474976710656 0 281474976710656 49 50
29 0 0 166005529814 166009524747 0 281474976710656 0 281474976710656 17 51
168707645082341 169486794143196
1 106504045241869 110142382191127 0 52
218101384884806 218101384884807
74565835588752 74565835588753
158590695246746 158590695246747
124276392647921 124276392647922
101437842339644 101437842339645
86212142134126 86212142134127
180037134371011 180037134371012
206909141121903 206909141121904
195262834576529 195262834576530
215477122949499 215477122949500
109804156786616 109804156786617
119249876382091 119249876382092
115286852675876 115286852675877
122046809351175 122046809351176
78989958391076 78989958391077
83762851039411 83762851039412
81788019331802 81788019331803
85133254278538 85133254278539
171670819924039 171670819924040
166188124034779 166188124034780
162225100328564 162225100328565
159428167359480 159428167359481
202485018319579 202485018319580
199686957378853 199686957378854
197712125671244 197712125671245
196341722432117 196341722432118
216922116206649 216922116206650
216111248513128 216111248513129
106634642534204 106634642534205
104493308169434 104493308169435
102912549940418 102912549940419
101779813317443 101779813317444
117766894786829 117766894786830
116814896805985 116814896805986
116136297684354 116136297684355
115662097720860 115662097720861
123419904349893 123419904349894
122884281463909 122884281463910
122509036418925 122509036418926
122249985145360 122249985145361
77336355595267 77336355595268
76203803876135 76203803876136
75359645121909 75359645121910
74750456689769 74750456689770
83028450505642 83028450505643
82554120865813 82554120865814
82214624662503 82214624662504
81976698621973 81976698621974
85799095833277 85799095833278
85539899393690 85539899393691
85357902917314 85357902917315
85232063837411 85232063837412
15 0 1 281474976710656 281474976710656 0 281474976710656 0 281474976710656 0 1
31 0 5 168996244868930 168996244868931 0 281474976710656 0 281474976710656 0 2
1 0 0 67371018852548 67754362201645 0 281474976710656 0 281474976710656 3 4
2 0 0 35462978385739 35760229387090 0 281474976710656 0 281474976710656 5 1
40 0 0 39630251850036 39715987472679 0 281474976710656 0 281474976710656 6 2
20 0 0 20221096574115 20233581477641 0 281474976710656 0 281474976710656 7 8
50 0 6 14268451809973 14268451809974 0 281474976710656 0 281474976710656 0 9
41 0 0 17266742279810 17382153105699 0 281474976710656 0 281474976710656 10 4
21 0 0 8150338857369 8199496107475 0 281474976710656 0 281474976710656 11 12
22 0 0 4727954728468 4754856948902 0 281474976710656 0 281474976710656 3 13
42 0 0 9617184582730 9702990862660 0 281474976710656 0 281474976710656 14 1
23 0 0 4373491350715 4410946348814 0 281474976710656 0 281474976710656 15 16
24 0 0 2488716353116 2509576795801 0 281474976710656 0 281474976710656 5 17
30 0 0 23793815791841 23845291054216 0 281474976710656 0 281474976710656 6 18
0 0 0 10284947118086 10315773852627 0 281474976710656 0 281474976710656 19 20
46 0 0 5630289875960 5649511542736 0 281474976710656 0 281474976710656 21 2
31 0 0 12140650753726 12148146630760 0 281474976710656 0 281474976710656 7 22
1 0 0 4815316659037 4820247149597 0 281474976710656 0 281474976710656 23 24
2 0 0 2528647910833 2531718713933 0 281474976710656 0 281474976710656 25 8
-1
3 0 7 2781471063434 2781471063435 0 281474976710656 0 281474976710656 0 26
4 0 0 1429848032669 1430003445696 0 281474976710656 0 281474976710656 27 9
32 0 0 10366870407123 10436162521188 0 281474976710656 0 281474976710656 10 28
5 0 0 4678984469760 4712007028434 0 281474976710656 0 281474976710656 29 30
47 0 0 2618202574060 2637185671554 0 281474976710656 0 281474976710656 31 4
33 0 0 4893424905477 4922938685968 0 281474976710656 0 281474976710656 11 32
6 0 0 1980465562208 1992740755852 0 281474976710656 0 281474976710656 33 34
7 0 0 1049953297932 1056544336118 0 281474976710656 0 281474976710656 35 12
34 0 0 2838641659584 2854793625508 0 281474976710656 0 281474976710656 3 36
8 0 0 1087626778990 1093917762932 0 281474976710656 0 281474976710656 37 38
9 0 0 562081624401 565356941990 0 281474976710656 0 281474976710656 39 13
35 0 0 5774112141994 5825629826671 0 281474976710656 0 281474976710656 14 40
10 0 0 2663083774916 2687406333451 0 281474976710656 0 281474976710656 41 42
48 0 0 1507032505897 1520963388655 0 281474976710656 0 281474976710656 43 1
36 0 0 2625823523905 2648311327633 0 281474976710656 0 281474976710656 15 44
11 0 0 1072826683617 1082111324603 0 281474976710656 0 281474976710656 45 46
12 0 0 571337678213 576306942040 0 281474976710656 0 281474976710656 47 16
37 0 0 1494213528802 1506738039938 0 281474976710656 0 281474976710656 5 48
13 0 0 575541951915 580394848692 0 281474976710656 0 281474976710656 49 50
14 0 0 298158114639 300678962630 0 281474976710656 0 281474976710656 51 17
171091529696321 171450543429829
1 117707717533547 119413626483309 0 52
218101384884806 218101384884807
74565835588752 74565835588753
158590695246746 158590695246747
124276392647921 124276392647922
101437842339644 101437842339645
86212142134126 86212142134127
180037134371011 180037134371012
206909141121903 206909141121904
195262834576529 195262834576530
215477122949499 215477122949500
109804156786616 109804156786617
119249876382091 119249876382092
115286852675876 115286852675877
122046809351175 122046809351176
78989958391076 78989958391077
83762851039411 83762851039412
81788019331802 81788019331803
85133254278538 85133254278539
171670819924039 171670819924040
166188124034779 166188124034780
162225100328564 162225100328565
159428167359480 159428167359481
202485018319579 202485018319580
199686957378853 199686957378854
197712125671244 197712125671245
196341722432117 196341722432118
216922116206649 216922116206650
216111248513128 216111248513129
106634642534204 106634642534205
104493308169434 104493308169435
102912549940418 102912549940419
101779813317443 101779813317444
117766894786829 117766894786830
116814896805985 116814896805986
116136297684354 116136297684355
115662097720860 115662097720861
123419904349893 123419904349894
122884281463909 122884281463910
122509036418925 122509036418926
122249985145360 122249985145361
77336355595267 77336355595268
76203803876135 76203803876136
75359645121909 75359645121910
74750456689769 74750456689770
83028450505642 83028450505643
82554120865813 82554120865814
82214624662503 82214624662504
81976698621973 81976698621974
85799095833277 85799095833278
85539899393690 85539899393691
85357902917314 85357902917315
85232063837411 85232063837412
16 0 1 281474976710656 281474976710656 0 281474976710656 0 281474976710656 0 1
33 0 5 168996244868930 168996244868931 0 281474976710656 0 281474976710656 0 2
6 0 0 68543033699490 68719314564366 0 281474976710656 0 281474976710656 3 4
7 0 0 36375535384031 36513759611647 0 281474976710656 0 281474976710656 5 1
40 0 0 39890966693641 39929821058589 0 281474976710656 0 281474976710656 6 2
20 0 0 20258972718268 20264594673162 0 281474976710656 0 281474976710656 7 8
50 0 6 14268451809973 14268451809974 0 281474976710656 0 281474976710656 0 9
41 0 0 17620131033384 17673421764970 0 281474976710656 0 281474976710656 10 4
21 0 0 8300708321520 8323345309034 0 281474976710656 0 281474976710656 11 12
22 0 0 4810204236221 4822575252170 0 281474976710656 0 281474976710656 3 13
42 0 0 9880827268997 9920817358762 0 281474976710656 0 281474976710656 14 1
23 0 0 4488509872002 4505939913059 0 281474976710656 0 281474976710656 15 16
24 0 0 2552757661212 2562457943347 0 281474976710656 0 281474976710656 5 17
30 0 0 23950347750971 23973675727937 0 281474976710656 0 281474976710656 6 18
0 0 0 10378808037937 10392826622121 0 281474976710656 0 281474976710656 19 20
46 0 0 5688853067551 5697609283755 0 281474976710656 0 281474976710656 21 2
31 0 0 12163391411553 12166766806684 0 281474976710656 0 281474976710656 7 22
1 0 0 4830283832480 4832507767913 0 281474976710656 0 281474976710656 23 24
2 0 0 2537972458184 2539358658744 0 281474976710656 0 281474976710656 25 8
-1
3 0 7 2781471063434 2781471063435 0 281474976710656 0 281474976710656 0 26
4 0 0 1430319152468 1430388987976 0 281474976710656 0 281474976710656 27 9
32 0 0 10579043343528 10611038846750 0 281474976710656 0 281474976710656 10 28
5 0 0 4780157676294 4795429401260 0 281474976710656 0 281474976710656 29 30
47 0 0 2676379422462 2685165425746 0 281474976710656 0 281474976710656 31 4
33 0 0 4983706020628 4997297160877 0 281474976710656 0 281474976710656 11 32
6 0 0 2018024331680 2023680983752 0 281474976710656 0 281474976710656 33 34
7 0 0 1070122540257 1073160819090 0 281474976710656 0 281474976710656 35 12
34 0 0 2888023875066 2895451374537 0 281474976710656 0 281474976710656 3 36
8 0 0 1106863290375 1109757333929 0 281474976710656 0 281474976710656 37 38
9 0 0 572097518617 573604532345 0 281474976710656 0 281474976710656 39 13
35 0 0 5932401964014 5956411824788 0 281474976710656 0 281474976710656 14 40
10 0 0 2737839869066 2749185340712 0 281474976710656 0 281474976710656 41 42
48 0 0 1549856757211 1556357922923 0 281474976710656 0 281474976710656 43 1
36 0 0 2694880100142 2705345014363 0 281474976710656 0 281474976710656 15 44
11 0 0 1101342333584 1105664647103 0 281474976710656 0 281474976710656 45 46
12 0 0 586600647132 588914421573 0 281474976710656 0 281474976710656 47 16
37 0 0 1532663627320 1538487630840 0 281474976710656 0 281474976710656 5 48
13 0 0 590441426399 592698530871 0 281474976710656 0 281474976710656 49 50
14 0 0 305897951167 307070520201 0 281474976710656 0 281474976710656 51 17
163554779998634 163743591865605
1 82999031594167 83843610084026 0 52
218101384884806 218101384884807
74565835588752 74565835588753
158590695246746 158590695246747
124276392647921 124276392647922
101437842339644 101437842339645
86212142134126 86212142134127
180037134371011 180037134371012
206909141121903 206909141121904
195262834576529 195262834576530
215477122949499 215477122949500
109804156786616 109804156786617
119249876382091 119249876382092
115286852675876 115286852675877
122046809351175 122046809351176
78989958391076 78989958391077
83762851039411 83762851039412
81788019331802 81788019331803
85133254278538 85133254278539
171670819924039 171670819924040
166188124034779 166188124034780
162225100328564 162225100328565
159428167359480 159428167359481
202485018319579 202485018319580
199686957378853 199686957378854
197712125671244 197712125671245
196341722432117 196341722432118
216922116206649 216922116206650
216111248513128 216111248513129
106634642534204 106634642534205
104493308169434 104493308169435
102912549940418 102912549940419
101779813317443 101779813317444
117766894786829 117766894786830
116814896805985 116814896805986
116136297684354 116136297684355
115662097720860 115662097720861
123419904349893 123419904349894
122884281463909 122884281463910
122509036418925 122509036418926
122249985145360 122249985145361
77336355595267 77336355595268
76203803876135 76203803876136
75359645121909 75359645121910
74750456689769 74750456689770
83028450505642 83028450505643
82554120865813 82554120865814
82214624662503 82214624662504
81976698621973 81976698621974
85799095833277 85799095833278
85539899393690 85539899393691
85357902917314 85357902917315
85232063837411 85232063837412
17 0 1 281474976710656 281474976710656 0 281474976710656 0 281474976710656 0 1
34 0 5 168996244868930 168996244868931 0 281474976710656 0 281474976710656 0 2
8 0 0 64829263300863 64922590180256 0 281474976710656 0 281474976710656 3 4
9 0 0 33522031093385 33592382205624 0 281474976710656 0 281474976710656 5 1
43 0 0 39050078932848 39071750109585 0 281474976710656 0 281474976710656 6 2
25 0 0 20135843691352 20139052438857 0 281474976710656 0 281474976710656 7 8
51 0 6 14268451809973 14268451809974 0 281474976710656 0 281474976710656 0 9
44 0 0 16505846748783 16533651387071 0 281474976710656 0 281474976710656 10 4
26 0 0 7825038211437 7836962775099 0 281474976710656 0 281474976710656 11 12
27 0 0 4549579733049 4556129214834 0 281474976710656 0 281474976710656 3 13
45 0 0 9058606038817 9078800025537 0 281474976710656 0 281474976710656 14 1
28 0 0 4129174685466 4138022432581 0 281474976710656 0 281474976710656 15 16
29 0 0 2352504802736 2357441894077 0 281474976710656 0 281474976710656 5 17
30 0 0 23445482716108 23458493988134 0 281474976710656 0 281474976710656 6 18
0 0 0 10077351899472 10085074622634 0 281474976710656 0 281474976710656 19 20
46 0 0 5501158587312 5505952624969 0 281474976710656 0 281474976710656 21 2
31 0 0 12089465326093 12091391842920 0 281474976710656 0 281474976710656 7 22
1 0 0 4781729105404 4782990743200 0 281474976710656 0 281474976710656 23 24
2 0 0 2507752273870 2508536433870 0 281474976710656 0 281474976710656 25 8
-1
3 0 7 2781471063434 2781471063435 0 281474976710656 0 281474976710656 0 26
4 0 0 1428783619346 1428823782505 0 281474976710656 0 281474976710656 27 9
32 0 0 9910032328713 9926726102048 0 281474976710656 0 281474976710656 10 28
5 0 0 4461731994637 4469656587862 0 281474976710656 0 281474976710656 29 30
47 0 0 2493451381001 2497997648199 0 281474976710656 0 281474976710656 31 4
33 0 0 4698115936068 4705275387697 0 281474976710656 0 281474976710656 11 32
6 0 0 1899311279318 1902283764439 0 281474976710656 0 281474976710656 33 34
7 0 0 1006398093074 1007992805165 0 281474976710656 0 281474976710656 35 12
34 0 0 2731546155904 2735478433794 0 281474976710656 0 281474976710656 3 36
8 0 0 1045936930322 1047466981362 0 281474976710656 0 281474976710656 37 38
9 0 0 540381697696 541177937248 0 281474976710656 0 281474976710656 39 13
35 0 0 5438744225852 5450868599978 0 281474976710656 0 281474976710656 14 40
10 0 0 2504938005655 2510649617804 0 281474976710656 0 281474976710656 41 42
48 0 0 1416510098480 1419777694456 0 281474976710656 0 281474976710656 43 1
36 0 0 2479136953509 2484449099035 0 281474976710656 0 281474976710656 15 44
11 0 0 1012294421609 1014485608391 0 281474976710656 0 281474976710656 45 46
12 0 0 538947912074 540120136442 0 281474976710656 0 281474976710656 47 16
37 0 0 1412432758124 1415396964417 0 281474976710656 0 281474976710656 5 48
13 0 0 543863132214 545011081707 0 281474976710656 0 281474976710656 49 50
14 0 0 281704608728 282300771458 0 281474976710656 0 281474976710656 51 17
172282599457955 172488327492281
1 123386291160835 124372664127965 0 52
218101384884806 218101384884807
74565835588752 74565835588753
158590695246746 158590695246747
124276392647921 124276392647922
101437842339644 101437842339645
86212142134126 86212142134127
180037134371011 180037134371012
206909141121903 206909141121904
195262834576529 195262834576530
215477122949499 215477122949500
109804156786616 109804156786617
119249876382091 119249876382092
115286852675876 115286852675877
122046809351175 122046809351176
78989958391076 78989958391077
83762851039411 83762851039412
81788019331802 81788019331803
85133254278538 85133254278539
171670819924039 171670819924040
166188124034779 166188124034780
162225100328564 162225100328565
159428167359480 159428167359481
202485018319579 202485018319580
199686957378853 199686957378854
197712125671244 197712125671245
196341722432117 196341722432118
216922116206649 216922116206650
216111248513128 216111248513129
106634642534204 106634642534205
104493308169434 104493308169435
102912549940418 102912549940419
101779813317443 101779813317444
117766894786829 117766894786830
116814896805985 116814896805986
116136297684354 116136297684355
115662097720860 115662097720861
123419904349893 123419904349894
122884281463909 122884281463910
122509036418925 122509036418926
122249985145360 122249985145361
77336355595267 77336355595268
76203803876135 76203803876136
75359645121909 75359645121910
74750456689769 74750456689770
83028450505642 83028450505643
82554120865813 82554120865814
82214624662503 82214624662504
81976698621973 81976698621974
85799095833277 85799095833278
85539899393690 85539899393691
85357902917314 85357902917315
85232063837411 85232063837412
18 0 1 281474976710656 281474976710656 0 281474976710656 0 281474976710656 0 1
36 0 5 168996244868930 168996244868931 0 281474976710656 0 281474976710656 0 2
11 0 0 69127634365767 69228542187105 0 281474976710656 0 281474976710656 3 4
12 0 0 36834904664977 36914479448685 0 281474976710656 0 281474976710656 5 1
40 0 0 40019463980284 40041541285687 0 281474976710656 0 281474976710656 6 2
20 0 0 20277543022198 20280727173189 0 281474976710656 0 281474976710656 7 8
50 0 6 14268451809973 14268451809974 0 281474976710656 0 281474976710656 0 9
41 0 0 17796997735112 17827566792173 0 281474976710656 0 281474976710656 10 4
21 0 0 8375799598920 8388766933930 0 281474976710656 0 281474976710656 11 12
22 0 0 4851230266871 4858311763028 0 281474976710656 0 281474976710656 3 13
42 0 0 10013785828895 10036834272790 0 281474976710656 0 281474976710656 14 1
23 0 0 4546444591062 4556482828863 0 281474976710656 0 281474976710656 15 16
24 0 0 2584995219749 2590579608724 0 281474976710656 0 281474976710656 5 17
30 0 0 24027496914184 24040752023941 0 281474976710656 0 281474976710656 6 18
0 0 0 10425199815700 10433179169438 0 281474976710656 0 281474976710656 19 20
46 0 0 5717839505837 5722827880510 0 281474976710656 0 281474976710656 21 2
31 0 0 12174540934209 12176452683407 0 281474976710656 0 281474976710656 7 22
1 0 0 4837632202284 4838892856746 0 281474976710656 0 281474976710656 23 24
2 0 0 2542553446998 2543339537127 0 281474976710656 0 281474976710656 25 8
-1
3 0 7 2781471063434 2781471063435 0 281474976710656 0 281474976710656 0 26
4 0 0 1430549740350 1430589251809 0 281474976710656 0 281474976710656 27 9
32 0 0 10685233274809 10703586792102 0 281474976710656 0 281474976710656 10 28
5 0 0 4830857988139 4839625197351 0 281474976710656 0 281474976710656 29 30
47 0 0 2705552353759 2710598289380 0 281474976710656 0 281474976710656 31 4
33 0 0 5028790468458 5036575995074 0 281474976710656 0 281474976710656 11 32
6 0 0 2036791010644 2040032498415 0 281474976710656 0 281474976710656 33 34
7 0 0 1080203055806 1081944402463 0 281474976710656 0 281474976710656 35 12
34 0 0 2912655709848 2916907406652 0 281474976710656 0 281474976710656 3 36
8 0 0 1116461525222 1118118480730 0 281474976710656 0 281474976710656 37 38
9 0 0 577095771401 577958675114 0 281474976710656 0 281474976710656 39 13
35 0 0 6012229654590 6026067831305 0 281474976710656 0 281474976710656 14 40
10 0 0 2775567477820 2782109417126 0 281474976710656 0 281474976710656 41 42
48 0 0 1571477278397 1575226812931 0 281474976710656 0 281474976710656 43 1
36 0 0 2729663831481 2735690741985 0 281474976710656 0 281474976710656 15 44
11 0 0 1115710053930 1118199819995 0 281474976710656 0 281474976710656 45 46
12 0 0 594292084645 595625001756 0 281474976710656 0 281474976710656 47 16
37 0 0 1552018905008 1555371745740 0 281474976710656 0 281474976710656 5 48
13 0 0 597942900441 599242438173 0 281474976710656 0 281474976710656 49 50
14 0 0 309795048424 310470192898 0 281474976710656 0 281474976710656 51 17
164176072528541 164281918112449
1 85782850045152 86258460604879 0 52
218101384884806 218101384884807
74565835588752 74565835588753
158590695246746 158590695246747
124276392647921 124276392647922
101437842339644 101437842339645
86212142134126 86212142134127
180037134371011 180037134371012
206909141121903 206909141121904
195262834576529 195262834576530
215477122949499 215477122949500
109804156786616 109804156786617
119249876382091 119249876382092
115286852675876 115286852675877
122046809351175 122046809351176
78989958391076 78989958391077
83762851039411 83762851039412
81788019331802 81788019331803
85133254278538 85133254278539
171670819924039 171670819924040
166188124034779 166188124034780
162225100328564 162225100328565
159428167359480 159428167359481
202485018319579 202485018319580
199686957378853 199686957378854
197712125671244 197712125671245
196341722432117 196341722432118
216922116206649 216922116206650
216111248513128 216111248513129
106634642534204 106634642534205
104493308169434 104493308169435
102912549940418 102912549940419
101779813317443 101779813317444
117766894786829 117766894786830
116814896805985 116814896805986
116136297684354 116136297684355
115662097720860 115662097720861
123419904349893 123419904349894
122884281463909 122884281463910
122509036418925 122509036418926
122249985145360 122249985145361
77336355595267 77336355595268
76203803876135 76203803876136
75359645121909 75359645121910
74750456689769 74750456689770
83028450505642 83028450505643
82554120865813 82554120865814
82214624662503 82214624662504
81976698621973 81976698621974
85799095833277 85799095833278
85539899393690 85539899393691
85357902917314 85357902917315
85232063837411 85232063837412
19 0 1 281474976710656 281474976710656 0 281474976710656 0 281474976710656 0 1
37 0 5 168996244868930 168996244868931 0 281474976710656 0 281474976710656 0 2
13 0 0 65136306003826 65188599658888 0 281474976710656 0 281474976710656 3 4
14 0 0 33753745869140 33793285103578 0 281474976710656 0 281474976710656 5 1
43 0 0 39121268504302 39133362236781 0 281474976710656 0 281474976710656 6 2
25 0 0 20146377254190 20148164665985 0 281474976710656 0 281474976710656 7 8
51 0 6 14268451809973 14268451809974 0 281474976710656 0 281474976710656 0 9
44 0 0 16597361611404 16612958867484 0 281474976710656 0 281474976710656 10 4
26 0 0 7864275347067 7870959601392 0 281474976710656 0 281474976710656 11 12
27 0 0 4571127336515 4574797193940 0 281474976710656 0 281474976710656 3 13
45 0 0 9125133677742 9136490060001 0 281474976710656 0 281474976710656 14 1
28 0 0 4158318627780 4163292309273 0 281474976710656 0 281474976710656 15 16
29 0 0 2368766052578 2371540831907 0 281474976710656 0 281474976710656 5 17
30 0 0 23488224598140 23495485617927 0 281474976710656 0 281474976710656 6 18
0 0 0 10102730143447 10107044041452 0 281474976710656 0 281474976710656 19 20
46 0 0 5516915485662 5519594718653 0 281474976710656 0 281474976710656 21 2
31 0 0 12095789627405 12096862780995 0 281474976710656 0 281474976710656 7 22
1 0 0 4785871506199 4786574630477 0 281474976710656 0 281474976710656 23 24
2 0 0 2510327162371 2510764281170 0 281474976710656 0 281474976710656 25 8
-1
3 0 7 2781471063434 2781471063435 0 281474976710656 0 281474976710656 0 26
4 0 0 1428915435927 1428937795077 0 281474976710656 0 281474976710656 27 9
32 0 0 9964977419439 9974341938228 0 281474976710656 0 281474976710656 10 28
5 0 0 4487818719341 4492265960497 0 281474976710656 0 281474976710656 29 30
47 0 0 2508418308209 2510970202927 0 281474976710656 0 281474976710656 31 4
33 0 0 4721673726740 4725686921426 0 281474976710656 0 281474976710656 11 32
6 0 0 1909092771433 1910759297936 0 281474976710656 0 281474976710656 33 34
7 0 0 1011645953224 1012540110279 0 281474976710656 0 281474976710656 35 12
34 0 0 2744483235122 2746686600165 0 281474976710656 0 281474976710656 3 36
8 0 0 1050970954266 1051828376222 0 281474976710656 0 281474976710656 37 38
9 0 0 543001454717 543447679434 0 281474976710656 0 281474976710656 39 13
35 0 0 5478687105642 5485505423843 0 281474976710656 0 281474976710656 14 40
10 0 0 2523756143947 2526968903264 0 281474976710656 0 281474976710656 41 42
48 0 0 1427276390476 1429114625463 0 281474976710656 0 281474976710656 43 1
36 0 0 2496634838647 2499621013495 0 281474976710656 0 281474976710656 15 44
11 0 0 1019512328250 1020744207793 0 281474976710656 0 281474976710656 45 46
12 0 0 542809361836 543468414988 0 281474976710656 0 281474976710656 47 16
37 0 0 1422195935627 1423861900014 0 281474976710656 0 281474976710656 5 48
13 0 0 547644200644 548289415227 0 281474976710656 0 281474976710656 49 50
14 0 0 283668243447 284003330205 0 281474976710656 0 281474976710656 51 17
167919506170612 168286717829405
1 102846626105816 104547848492530 0 52
218101384884806 218101384884807
74565835588752 74565835588753
158590695246746 158590695246747
124276392647921 124276392647922
101437842339644 101437842339645
86212142134126 86212142134127
180037134371011 180037134371012
206909141121903 206909141121904
195262834576529 195262834576530
215477122949499 215477122949500
109804156786616 109804156786617
119249876382091 119249876382092
115286852675876 115286852675877
122046809351175 122046809351176
78989958391076 78989958391077
83762851039411 83762851039412
81788019331802 81788019331803
85133254278538 85133254278539
171670819924039 171670819924040
166188124034779 166188124034780
162225100328564 162225100328565
159428167359480 159428167359481
202485018319579 202485018319580
199686957378853 199686957378854
197712125671244 197712125671245
196341722432117 196341722432118
216922116206649 216922116206650
216111248513128 216111248513129
106634642534204 106634642534205
104493308169434 104493308169435
102912549940418 102912549940419
101779813317443 101779813317444
117766894786829 117766894786830
116814896805985 116814896805986
116136297684354 116136297684355
115662097720860 115662097720861
123419904349893 123419904349894
122884281463909 122884281463910
122509036418925 122509036418926
122249985145360 122249985145361
77336355595267 77336355595268
76203803876135 76203803876136
75359645121909 75359645121910
74750456689769 74750456689770
83028450505642 83028450505643
82554120865813 82554120865814
82214624662503 82214624662504
81976698621973 81976698621974
85799095833277 85799095833278
85539899393690 85539899393691
85357902917314 85357902917315
85232063837411 85232063837412
20 0 1 281474976710656 281474976710656 0 281474976710656 0 281474976710656 0 1
31 0 5 168996244868930 168996244868931 0 281474976710656 0 281474976710656 0 2
1 0 0 66982979933603 67163809817035 0 281474976710656 0 281474976710656 3 4
2 0 0 35163298717838 35302800769387 0 281474976710656 0 281474976710656 5 1
40 0 0 39543003652998 39583720332843 0 281474976710656 0 281474976710656 6 2
20 0 0 20208361664018 20214308488671 0 281474976710656 0 281474976710656 7 8
50 0 6 14268451809973 14268451809974 0 281474976710656 0 281474976710656 0 9
41 0 0 17150092031340 17204430352077 0 281474976710656 0 281474976710656 10 4
21 0 0 8100604987791 8123778254730 0 281474976710656 0 281474976710656 11 12
22 0 0 4700722982936 4713413239326 0 281474976710656 0 281474976710656 3 13
42 0 0 9530747114617 9570975348918 0 281474976710656 0 281474976710656 14 1
23 0 0 4335740617980 4353312443284 0 281474976710656 0 281474976710656 15 16
24 0 0 2467685471781 2477475428881 0 281474976710656 0 281474976710656 5 17
30 0 0 23741432386952 23765878488975 0 281474976710656 0 281474976710656 6 18
0 0 0 10253616000280 10268232541973 0 281474976710656 0 281474976710656 19 20
46 0 0 5610765982619 5619872696776 0 281474976710656 0 281474976710656 21 2
31 0 0 12133004773930 12136575219329 0 281474976710656 0 281474976710656 7 22
1 0 0 4810290530765 4812637194569 0 281474976710656 0 281474976710656 23 24
2 0 0 2525518444919 2526979457097 0 281474976710656 0 281474976710656 25 8
-1
3 0 7 2781471063434 2781471063435 0 281474976710656 0 281474976710656 0 26
4 0 0 1429689385324 1429763484294 0 281474976710656 0 281474976710656 27 9
32 0 0 10296834149603 10329458620398 0 281474976710656 0 281474976710656 10 28
5 0 0 4645625977511 4661162774223 0 281474976710656 0 281474976710656 29 30
47 0 0 2599031907401 2607959996525 0 281474976710656 0 281474976710656 31 4
33 0 0 4863564925384 4877478045263 0 281474976710656 0 281474976710656 11 32
6 0 0 1968049490425 1973834311876 0 281474976710656 0 281474976710656 33 34
7 0 0 1043287410702 1046393041264 0 281474976710656 0 281474976710656 35 12
34 0 0 2822291848351 2829911018273 0 281474976710656 0 281474976710656 3 36
8 0 0 1081259637281 1084226673932 0 281474976710656 0 281474976710656 37 38
9 0 0 558766870361 560311492157 0 281474976710656 0 281474976710656 39 13
35 0 0 5722215494919 5746368336546 0 281474976710656 0 281474976710656 14 40
10 0 0 2638590031454 2649988519440 0 281474976710656 0 281474976710656 41 42
48 0 0 1493005897183 1499533074943 0 281474976710656 0 281474976710656 43 1
36 0 0 2603158162502 2613708203314 0 281474976710656 0 281474976710656 15 44
11 0 0 1063469997537 1067825093969 0 281474976710656 0 281474976710656 45 46
12 0 0 566330178718 568660893224 0 281474976710656 0 281474976710656 47 16
37 0 0 1481586687108 1487464531052 0 281474976710656 0 281474976710656 5 48
13 0 0 570649770044 572927054039 0 281474976710656 0 281474976710656 49 50
14 0 0 295616946870 296799835732 0 281474976710656 0 281474976710656 51 17
170754010476203 170908236587894
1 116108427893145 116838669578009 0 52
218101384884806 218101384884807
74565835588752 74565835588753
158590695246746 158590695246747
124276392647921 124276392647922
101437842339644 101437842339645
86212142134126 86212142134127
180037134371011 180037134371012
206909141121903 206909141121904
195262834576529 195262834576530
215477122949499 215477122949500
109804156786616 109804156786617
119249876382091 119249876382092
115286852675876 115286852675877
122046809351175 122046809351176
78989958391076 78989958391077
83762851039411 83762851039412
81788019331802 81788019331803
85133254278538 85133254278539
171670819924039 171670819924040
166188124034779 166188124034780
162225100328564 162225100328565
159428167359480 159428167359481
202485018319579 202485018319580
199686957378853 199686957378854
197712125671244 197712125671245
196341722432117 196341722432118
216922116206649 216922116206650
216111248513128 216111248513129
106634642534204 106634642534205
104493308169434 104493308169435
102912549940418 102912549940419
101779813317443 101779813317444
117766894786829 117766894786830
116814896805985 116814896805986
116136297684354 116136297684355
115662097720860 115662097720861
123419904349893 123419904349894
122884281463909 122884281463910
122509036418925 122509036418926
122249985145360 122249985145361
77336355595267 77336355595268
76203803876135 76203803876136
75359645121909 75359645121910
74750456689769 74750456689770
83028450505642 83028450505643
82554120865813 82554120865814
82214624662503 82214624662504
81976698621973 81976698621974
85799095833277 85799095833278
85539899393690 85539899393691
85357902917314 85357902917315
85232063837411 85232063837412
21 0 1 281474976710656 281474976710656 0 281474976710656 0 281474976710656 0 1
33 0 5 168996244868930 168996244868931 0 281474976710656 0 281474976710656 0 2
6 0 0 68377252536015 68453011139918 0 281474976710656 0 281474976710656 3 4
7 0 0 36245775579171 36305045337342 0 281474976710656 0 281474976710656 5 1
40 0 0 39854341585155 39871088757049 0 281474976710656 0 281474976710656 6 2
20 0 0 20253667941907 20256094248692 0 281474976710656 0 281474976710656 7 8
50 0 6 14268451809973 14268451809974 0 281474976710656 0 281474976710656 0 9
41 0 0 17570047347146 17592930607813 0 281474976710656 0 281474976710656 10 4
21 0 0 8279424446685 8289150164901 0 281474976710656 0 281474976710656 11 12
22 0 0 4798570066973 4803886644571 0 281474976710656 0 281474976710656 3 13
42 0 0 9843299505057 9860439262261 0 281474976710656 0 281474976710656 14 1
23 0 0 4472149169374 4479621930632 0 281474976710656 0 281474976710656 15 16
24 0 0 2543651394253 2547810819748 0 281474976710656 0 281474976710656 5 17
30 0 0 23928358209044 23938413131849 0 281474976710656 0 281474976710656 6 18
0 0 0 10365601008203 10371639173458 0 281474976710656 0 281474976710656 19 20
46 0 0 5680606022303 5684376243629 0 281474976710656 0 281474976710656 21 2
31 0 0 12160206448913 12161663192033 0 281474976710656 0 281474976710656 7 22
1 0 0 4828185925913 4829145402276 0 281474976710656 0 281474976710656 23 24
2 0 0 2536664976030 2537262932558 0 281474976710656 0 281474976710656 25 8
-1
3 0 7 2781471063434 2781471063435 0 281474976710656 0 281474976710656 0 26
4 0 0 1430253234960 1430283387060 0 281474976710656 0 281474976710656 27 9
32 0 0 10548973335165 10562712336651 0 281474976710656 0 281474976710656 10 28
5 0 0 4765808555326 4772364248778 0 281474976710656 0 281474976710656 29 30
47 0 0 2668125257946 2671896217395 0 281474976710656 0 281474976710656 31 4
33 0 0 4970927282833 4976766558055 0 281474976710656 0 281474976710656 11 32
6 0 0 2012706389194 2015136365336 0 281474976710656 0 281474976710656 33 34
7 0 0 1067266337603 1068571430403 0 281474976710656 0 281474976710656 35 12
34 0 0 2881038774869 2884230822917 0 281474976710656 0 281474976710656 3 36
8 0 0 1104141792054 1105385440810 0 281474976710656 0 281474976710656 37 38
9 0 0 570680394525 571327975830 0 281474976710656 0 281474976710656 39 13
35 0 0 5909870472020 5920161101189 0 281474976710656 0 281474976710656 14 40
10 0 0 2727194468822 2732056278421 0 281474976710656 0 281474976710656 41 42
48 0 0 1543757193886 1546542842224 0 281474976710656 0 281474976710656 43 1
36 0 0 2685057211656 2689543822177 0 281474976710656 0 281474976710656 15 44
11 0 0 1097285438410 1099138398614 0 281474976710656 0 281474976710656 45 46
12 0 0 584429015892 585420886695 0 281474976710656 0 281474976710656 47 16
37 0 0 1527196267703 1529693567100 0 281474976710656 0 281474976710656 5 48
13 0 0 588322610100 589290403140 0 281474976710656 0 281474976710656 49 50
14 0 0 304797239735 305299999984 0 281474976710656 0 281474976710656 51 17
163376041176092 163457862992066
1 82200656915501 82565993168460 0 52
218101384884806 218101384884807
74565835588752 74565835588753
158590695246746 158590695246747
124276392647921 124276392647922
101437842339644 101437842339645
86212142134126 86212142134127
180037134371011 180037134371012
206909141121903 206909141121904
195262834576529 195262834576530
215477122949499 215477122949500
109804156786616 109804156786617
119249876382091 119249876382092
115286852675876 115286852675877
122046809351175 122046809351176
78989958391076 78989958391077
83762851039411 83762851039412
81788019331802 81788019331803
85133254278538 85133254278539
171670819924039 171670819924040
166188124034779 166188124034780
162225100328564 162225100328565
159428167359480 159428167359481
202485018319579 202485018319580
199686957378853 199686957378854
197712125671244 197712125671245
196341722432117 196341722432118
216922116206649 216922116206650
216111248513128 216111248513129
106634642534204 106634642534205
104493308169434 104493308169435
102912549940418 102912549940419
101779813317443 101779813317444
117766894786829 117766894786830
116814896805985 116814896805986
116136297684354 116136297684355
115662097720860 115662097720861
123419904349893 123419904349894
122884281463909 122884281463910
122509036418925 122509036418926
122249985145360 122249985145361
77336355595267 77336355595268
76203803876135 76203803876136
75359645121909 75359645121910
74750456689769 74750456689770
83028450505642 83028450505643
82554120865813 82554120865814
82214624662503 82214624662504
81976698621973 81976698621974
85799095833277 85799095833278
85539899393690 85539899393691
85357902917314 85357902917315
85232063837411 85232063837412
22 0 1 281474976710656 281474976710656 0 281474976710656 0 281474976710656 0 1
34 0 5 168996244868930 168996244868931 0 281474976710656 0 281474976710656 0 2
8 0 0 64740902534168 64781353258121 0 281474976710656 0 281474976710656 3 4
9 0 0 33455487472007 33485942793636 0 281474976710656 0 281474976710656 5 1
43 0 0 39029534416411 39038942705745 0 281474976710656 0 281474976710656 6 2
25 0 0 20132800004597 20134194062827 0 281474976710656 0 281474976710656 7 8
51 0 6 14268451809973 14268451809974 0 281474976710656 0 281474976710656 0 9
44 0 0 16479531053375 16491576994973 0 281474976710656 0 281474976710656 10 4
26 0 0 7813749566280 7818917233719 0 281474976710656 0 281474976710656 11 12
27 0 0 4543378762486 4546217508209 0 281474976710656 0 281474976710656 3 13
45 0 0 9039508610459 9048248578624 0 281474976710656 0 281474976710656 14 1
28 0 0 4120806327148 4124636246843 0 281474976710656 0 281474976710656 15 16
29 0 0 2347834913001 2349972202661 0 281474976710656 0 281474976710656 5 17
30 0 0 23433147885598 23438796578021 0 281474976710656 0 281474976710656 6 18
0 0 0 10070032931483 10073384354311 0 281474976710656 0 281474976710656 19 20
46 0 0 5496615886031 5498695946564 0 281474976710656 0 281474976710656 21 2
31 0 0 12087637910959 12088474896928 0 281474976710656 0 281474976710656 7 22
1 0 0 4780532550046 4781080569861 0 281474976710656 0 281474976710656 23 24
2 0 0 2507008618367 2507349204597 0 281474976710656 0 281474976710656 25 8
-1
3 0 7 2781471063434 2781471063435 0 281474976710656 0 281474976710656 0 26
4 0 0 1428745514909 1428762968248 0 281474976710656 0 281474976710656 27 9
32 0 0 9894232509642 9901464836010 0 281474976710656 0 281474976710656 10 28
5 0 0 4454232766102 4457665397687 0 281474976710656 0 281474976710656 29 30
47 0 0 2489149437405 2491118535911 0 281474976710656 0 281474976710656 31 4
33 0 0 4691338286902 4694440929994 0 281474976710656 0 281474976710656 11 32
6 0 0 1896497481016 1897785549122 0 281474976710656 0 281474976710656 33 34
7 0 0 1004888558080 1005579570391 0 281474976710656 0 281474976710656 35 12
34 0 0 2727823122503 2729527492011 0 281474976710656 0 281474976710656 3 36
8 0 0 1044488345574 1045151488045 0 281474976710656 0 281474976710656 37 38
9 0 0 539627864936 539972957950 0 281474976710656 0 281474976710656 39 13
35 0 0 5427278220182 5432525655736 0 281474976710656 0 281474976710656 14 40
10 0 0 2499536941434 2502008698659 0 281474976710656 0 281474976710656 41 42
48 0 0 1413420285992 1414834301420 0 281474976710656 0 281474976710656 43 1
36 0 0 2474112630751 2476412096423 0 281474976710656 0 281474976710656 15 44
11 0 0 1010222023680 1011170483432 0 281474976710656 0 281474976710656 45 46
12 0 0 537839253337 538346643329 0 281474976710656 0 281474976710656 47 16
37 0 0 1409628978412 1410912197017 0 281474976710656 0 281474976710656 5 48
13 0 0 542777330306 543274271894 0 281474976710656 0 281474976710656 49 50
14 0 0 281140725551 281398798781 0 281474976710656 0 281474976710656 51 17
172096144663069 172180530540914
1 122493739864822 122897525042681 0 52
218101384884806 218101384884807
74565835588752 74565835588753
158590695246746 158590695246747
124276392647921 124276392647922
101437842339644 101437842339645
86212142134126 86212142134127
180037134371011 180037134371012
206909141121903 206909141121904
195262834576529 195262834576530
215477122949499 215477122949500
109804156786616 109804156786617
119249876382091 119249876382092
115286852675876 115286852675877
122046809351175 122046809351176
78989958391076 78989958391077
83762851039411 83762851039412
81788019331802 81788019331803
85133254278538 85133254278539
171670819924039 171670819924040
166188124034779 166188124034780
162225100328564 162225100328565
159428167359480 159428167359481
202485018319579 202485018319580
199686957378853 199686957378854
197712125671244 197712125671245
196341722432117 196341722432118
216922116206649 216922116206650
216111248513128 216111248513129
106634642534204 106634642534205
104493308169434 104493308169435
102912549940418 102912549940419
101779813317443 101779813317444
117766894786829 117766894786830
116814896805985 116814896805986
116136297684354 116136297684355
115662097720860 115662097720861
123419904349893 123419904349894
122884281463909 122884281463910
122509036418925 122509036418926
122249985145360 122249985145361
77336355595267 77336355595268
76203803876135 76203803876136
75359645121909 75359645121910
74750456689769 74750456689770
83028450505642 83028450505643
82554120865813 82554120865814
82214624662503 82214624662504
81976698621973 81976698621974
85799095833277 85799095833278
85539899393690 85539899393691
85357902917314 85357902917315
85232063837411 85232063837412
23 0 1 281474976710656 281474976710656 0 281474976710656 0 281474976710656 0 1
36 0 5 168996244868930 168996244868931 0 281474976710656 0 281474976710656 0 2
11 0 0 69036162599220 69077563007371 0 281474976710656 0 281474976710656 3 4
12 0 0 36762843154307 36795449928600 0 281474976710656 0 281474976710656 5 1
40 0 0 39999425169834 40008497863744 0 281474976710656 0 281474976710656 6 2
20 0 0 20274651245823 20275960707757 0 281474976710656 0 281474976710656 7 8
50 0 6 14268451809973 14268451809974 0 281474976710656 0 281474976710656 0 9
41 0 0 17769297444605 17781833480690 0 281474976710656 0 281474976710656 10 4
21 0 0 8364046345475 8369365729837 0 281474976710656 0 281474976710656 11 12
22 0 0 4844810972959 4847716365499 0 281474976710656 0 281474976710656 3 13
42 0 0 9992917776573 10002359767748 0 281474976710656 0 281474976710656 14 1
23 0 0 4537354758858 4541467701560 0 281474976710656 0 281474976710656 15 16
24 0 0 2579938096286 2582226370316 0 281474976710656 0 281474976710656 5 17
30 0 0 24015465707157 24020912909675 0 281474976710656 0 281474976710656 6 18
0 0 0 10417959443967 10421237305647 0 281474976710656 0 281474976710656 19 20
46 0 0 5713313805870 5715362599493 0 281474976710656 0 281474976710656 21 2
31 0 0 12172804725350 12173590920103 0 281474976710656 0 281474976710656 7 22
1 0 0 4836487473085 4837005812428 0 281474976710656 0 281474976710656 23 24
2 0 0 2541839692510 2542162878409 0 281474976710656 0 281474976710656 25 8
-1
3 0 7 2781471063434 2781471063435 0 281474976710656 0 281474976710656 0 26
4 0 0 1430513850261 1430530102892 0 281474976710656 0 281474976710656 27 9
32 0 0 10668602151388 10676128728169 0 281474976710656 0 281474976710656 10 28
5 0 0 4822914643663 4826509351672 0 281474976710656 0 281474976710656 29 30
47 0 0 2700980918081 2703049652472 0 281474976710656 0 281474976710656 31 4
33 0 0 5021733870673 5024927603888 0 281474976710656 0 281474976710656 11 32
6 0 0 2033853192440 2035182793034 0 281474976710656 0 281474976710656 33 34
7 0 0 1078624888657 1079339131600 0 281474976710656 0 281474976710656 35 12
34 0 0 2908801596142 2910545980082 0 281474976710656 0 281474976710656 3 36
8 0 0 1114959566627 1115639351631 0 281474976710656 0 281474976710656 37 38
9 0 0 576313598902 576667607951 0 281474976710656 0 281474976710656 39 13
35 0 0 5999700574665 6005369501514 0 281474976710656 0 281474976710656 14 40
10 0 0 2769644875703 2772324570371 0 281474976710656 0 281474976710656 41 42
48 0 0 1568082859570 1569618655465 0 281474976710656 0 281474976710656 43 1
36 0 0 2724206339213 2726675730561 0 281474976710656 0 281474976710656 15 44
11 0 0 1113455595179 1114475677631 0 281474976710656 0 281474976710656 45 46
12 0 0 593085160753 593631259328 0 281474976710656 0 281474976710656 47 16
37 0 0 1548982631997 1550356500903 0 281474976710656 0 281474976710656 5 48
13 0 0 596766084048 597298573589 0 281474976710656 0 281474976710656 49 50
14 0 0 309183666171 309460305700 0 281474976710656 0 281474976710656 51 17
164079773156735 164123400093957
1 85350476809037 85546316451278 0 52
218101384884806 218101384884807
74565835588752 74565835588753
158590695246746 158590695246747
124276392647921 124276392647922
101437842339644 101437842339645
86212142134126 86212142134127
180037134371011 180037134371012
206909141121903 206909141121904
195262834576529 195262834576530
215477122949499 215477122949500
109804156786616 109804156786617
119249876382091 119249876382092
115286852675876 115286852675877
122046809351175 122046809351176
78989958391076 78989958391077
83762851039411 83762851039412
81788019331802 81788019331803
85133254278538 85133254278539
171670819924039 171670819924040
166188124034779 166188124034780
162225100328564 162225100328565
159428167359480 159428167359481
202485018319579 202485018319580
199686957378853 199686957378854
197712125671244 197712125671245
196341722432117 196341722432118
216922116206649 216922116206650
216111248513128 216111248513129
106634642534204 106634642534205
104493308169434 104493308169435
102912549940418 102912549940419
101779813317443 101779813317444
117766894786829 117766894786830
116814896805985 116814896805986
116136297684354 116136297684355
115662097720860 115662097720861
123419904349893 123419904349894
122884281463909 122884281463910
122509036418925 122509036418926
122249985145360 122249985145361
77336355595267 77336355595268
76203803876135 76203803876136
75359645121909 75359645121910
74750456689769 74750456689770
83028450505642 83028450505643
82554120865813 82554120865814
82214624662503 82214624662504
81976698621973 81976698621974
85799095833277 85799095833278
85539899393690 85539899393691
85357902917314 85357902917315
85232063837411 85232063837412
24 0 1 281474976710656 281474976710656 0 281474976710656 0 281474976710656 0 1
37 0 5 168996244868930 168996244868931 0 281474976710656 0 281474976710656 0 2
13 0 0 65088724845658 65110281207497 0 281474976710656 0 281474976710656 3 4
14 0 0 33717788725374 33734076657095 0 281474976710656 0 281474976710656 5 1
43 0 0 39110256828546 39115246522389 0 281474976710656 0 281474976710656 6 2
25 0 0 20144749252583 20145487005718 0 281474976710656 0 281474976710656 7 8
51 0 6 14268451809973 14268451809974 0 281474976710656 0 281474976710656 0 9
44 0 0 16583172699089 16589600573451 0 281474976710656 0 281474976710656 10 4
26 0 0 7858193861443 7860948994047 0 281474976710656 0 281474976710656 11 12
27 0 0 4567788192094 4569300971694 0 281474976710656 0 281474976710656 3 13
45 0 0 9114807216866 9119484788192 0 281474976710656 0 281474976710656 14 1
28 0 0 4153795700897 4155844485609 0 281474976710656 0 281474976710656 15 16
29 0 0 2366242656750 2367385709136 0 281474976710656 0 281474976710656 5 17
30 0 0 23481613240092 23484609028679 0 281474976710656 0 281474976710656 6 18
0 0 0 10098802883900 10100582355152 0 281474976710656 0 281474976710656 19 20
46 0 0 5514476587084 5515581646441 0 281474976710656 0 281474976710656 21 2
31 0 0 12094812182939 12095255126433 0 281474976710656 0 281474976710656 7 22
1 0 0 4785231143411 4785521327023 0 281474976710656 0 281474976710656 23 24
2 0 0 2509929076703 2510109469389 0 281474976710656 0 281474976710656 25 8
-1
3 0 7 2781471063434 2781471063435 0 281474976710656 0 281474976710656 0 26
4 0 0 1428895068744 1428904298688 0 281474976710656 0 281474976710656 27 9
32 0 0 9956458463588 9960317728957 0 281474976710656 0 281474976710656 10 28
5 0 0 4483773335373 4485605944004 0 281474976710656 0 281474976710656 29 30
47 0 0 2506097092882 2507148621595 0 281474976710656 0 281474976710656 31 4
33 0 0 4718022431532 4719676600119 0 281474976710656 0 281474976710656 11 32
6 0 0 1907576577859 1908263462411 0 281474976710656 0 281474976710656 33 34
7 0 0 1010832468420 1011201001751 0 281474976710656 0 281474976710656 35 12
34 0 0 2742478428603 2743386694321 0 281474976710656 0 281474976710656 3 36
8 0 0 1050190814302 1050544250378 0 281474976710656 0 281474976710656 37 38
9 0 0 542595453011 542779388380 0 281474976710656 0 281474976710656 39 13
35 0 0 5472487147367 5475295539071 0 281474976710656 0 281474976710656 14 40
10 0 0 2520834871973 2522158104884 0 281474976710656 0 281474976710656 41 42
48 0 0 1425604970625 1426362060506 0 281474976710656 0 281474976710656 43 1
36 0 0 2493919294737 2495149375389 0 281474976710656 0 281474976710656 15 44
11 0 0 1018392111027 1018899542061 0 281474976710656 0 281474976710656 45 46
12 0 0 542210052823 542481524573 0 281474976710656 0 281474976710656 47 16
37 0 0 1420680900706 1421367183953 0 281474976710656 0 281474976710656 5 48
13 0 0 547057445503 547323234234 0 281474976710656 0 281474976710656 49 50
14 0 0 283363518460 283501552827 0 281474976710656 0 281474976710656 51 17
167482141294369 167695243780042
1 100826857329190 101810097959174 0 52
218101384884806 218101384884807
74565835588752 74565835588753
158590695246746 158590695246747
124276392647921 124276392647922
101437842339644 101437842339645
86212142134126 86212142134127
180037134371011 180037134371012
206909141121903 206909141121904
195262834576529 195262834576530
215477122949499 215477122949500
109804156786616 109804156786617
119249876382091 119249876382092
115286852675876 115286852675877
122046809351175 122046809351176
78989958391076 78989958391077
83762851039411 83762851039412
81788019331802 81788019331803
85133254278538 85133254278539
171670819924039 171670819924040
166188124034779 166188124034780
162225100328564 162225100328565
159428167359480 159428167359481
202485018319579 202485018319580
199686957378853 199686957378854
197712125671244 197712125671245
196341722432117 196341722432118
216922116206649 216922116206650
216111248513128 216111248513129
106634642534204 106634642534205
104493308169434 104493308169435
102912549940418 102912549940419
101779813317443 101779813317444
117766894786829 117766894786830
116814896805985 116814896805986
116136297684354 116136297684355
115662097720860 115662097720861
123419904349893 123419904349894
122884281463909 122884281463910
122509036418925 122509036418926
122249985145360 122249985145361
77336355595267 77336355595268
76203803876135 76203803876136
75359645121909 75359645121910
74750456689769 74750456689770
83028450505642 83028450505643
82554120865813 82554120865814
82214624662503 82214624662504
81976698621973 81976698621974
85799095833277 85799095833278
85539899393690 85539899393691
85357902917314 85357902917315
85232063837411 85232063837412
25 0 1 281474976710656 281474976710656 0 281474976710656 0 281474976710656 0 1
31 0 5 168996244868930 168996244868931 0 281474976710656 0 281474976710656 0 2
1 0 0 66767527452638 66872515244889 0 281474976710656 0 281474976710656 3 4
2 0 0 34997431819746 35078210242642 0 281474976710656 0 281474976710656 5 1
40 0 0 39494357894862 39518080622202 0 281474976710656 0 281474976710656 6 2
20 0 0 20201248163023 20204718324482 0 281474976710656 0 281474976710656 7 8
50 0 6 14268451809973 14268451809974 0 281474976710656 0 281474976710656 0 9
41 0 0 17085399569281 17116916786222 0 281474976710656 0 281474976710656 10 4
21 0 0 8073002142947 8086451736102 0 281474976710656 0 281474976710656 11 12
22 0 0 4685602986333 4692970806166 0 281474976710656 0 281474976710656 3 13
42 0 0 9482935895995 9506217621885 0 281474976710656 0 281474976710656 14 1
23 0 0 4314850773576 4325023887142 0 281474976710656 0 281474976710656 15 16
24 0 0 2456045285860 2461714143673 0 281474976710656 0 281474976710656 5 17
30 0 0 23712225703822 23726468717129 0 281474976710656 0 281474976710656 6 18
0 0 0 10236164426927 10244673365201 0 281474976710656 0 281474976710656 19 20
46 0 0 5599896455847 5605195677445 0 281474976710656 0 281474976710656 21 2
31 0 0 12128733861574 12130817330103 0 281474976710656 0 281474976710656 7 22
1 0 0 4807484381800 4808853176743 0 281474976710656 0 281474976710656 23 24
2 0 0 2523771622043 2524623659052 0 281474976710656 0 281474976710656 25 8
-1
3 0 7 2781471063434 2781471063435 0 281474976710656 0 281474976710656 0 26
4 0 0 1429600713865 1429643975063 0 281474976710656 0 281474976710656 27 9
32 0 0 10257993101326 10276915889327 0 281474976710656 0 281474976710656 10 28
5 0 0 4627133986253 4636142287828 0 281474976710656 0 281474976710656 29 30
47 0 0 2588407221007 2593582780908 0 281474976710656 0 281474976710656 31 4
33 0 0 4846992307879 4855067380003 0 281474976710656 0 281474976710656 11 32
6 0 0 1961159787438 1964516701096 0 281474976710656 0 281474976710656 33 34
7 0 0 1039588841959 1041390888219 0 281474976710656 0 281474976710656 35 12
34 0 0 2813213873896 2817637478080 0 281474976710656 0 281474976710656 3 36
8 0 0 1077724774450 1079447241977 0 281474976710656 0 281474976710656 37 38
9 0 0 556926702830 557823371117 0 281474976710656 0 281474976710656 39 13
35 0 0 5693509865366 5707488103488 0 281474976710656 0 281474976710656 14 40
10 0 0 2625045134140 2631640538796 0 281474976710656 0 281474976710656 41 42
48 0 0 1485250268293 1489026620208 0 281474976710656 0 281474976710656 43 1
36 0 0 2590615998713 2596723887988 0 281474976710656 0 281474976710656 15 44
11 0 0 1058292904490 1060814040368 0 281474976710656 0 281474976710656 45 46
12 0 0 563559648773 564908826327 0 281474976710656 0 281474976710656 47 16
37 0 0 1474597974530 1478001529952 0 281474976710656 0 281474976710656 5 48
13 0 0 567942200195 569260792908 0 281474976710656 0 281474976710656 49 50
14 0 0 294210579495 294895480267 0 281474976710656 0 281474976710656 51 17
170576848881135 170662306197518
1 115270704748173 115674647963284 0 52
218101384884806 218101384884807
74565835588752 74565835588753
158590695246746 158590695246747
124276392647921 124276392647922
101437842339644 101437842339645
86212142134126 86212142134127
180037134371011 180037134371012
206909141121903 206909141121904
195262834576529 195262834576530
215477122949499 215477122949500
109804156786616 109804156786617
119249876382091 119249876382092
115286852675876 115286852675877
122046809351175 122046809351176
78989958391076 78989958391077
83762851039411 83762851039412
81788019331802 81788019331803
85133254278538 85133254278539
171670819924039 171670819924040
166188124034779 166188124034780
162225100328564 162225100328565
159428167359480 159428167359481
202485018319579 202485018319580
199686957378853 199686957378854
197712125671244 197712125671245
196341722432117 196341722432118
216922116206649 216922116206650
216111248513128 216111248513129
106634642534204 106634642534205
104493308169434 104493308169435
102912549940418 102912549940419
101779813317443 101779813317444
117766894786829 117766894786830
116814896805985 116814896805986
116136297684354 116136297684355
115662097720860 115662097720861
123419904349893 123419904349894
122884281463909 122884281463910
122509036418925 122509036418926
122249985145360 122249985145361
77336355595267 77336355595268
76203803876135 76203803876136
75359645121909 75359645121910
74750456689769 74750456689770
83028450505642 83028450505643
82554120865813 82554120865814
82214624662503 82214624662504
81976698621973 81976698621974
85799095833277 85799095833278
85539899393690 85539899393691
85357902917314 85357902917315
85232063837411 85232063837412
26 0 1 281474976710656 281474976710656 0 281474976710656 0 281474976710656 0 1
33 0 5 168996244868930 168996244868931 0 281474976710656 0 281474976710656 0 2
6 0 0 68290214118834 68332200578838 0 281474976710656 0 281474976710656 3 4
7 0 0 36177738827272 36210551364397 0 281474976710656 0 281474976710656 5 1
40 0 0 39835079568570 39844374223055 0 281474976710656 0 281474976710656 6 2
20 0 0 20250875935767 20252223365443 0 281474976710656 0 281474976710656 7 8
50 0 6 14268451809973 14268451809974 0 281474976710656 0 281474976710656 0 9
41 0 0 17543765193145 17556442342030 0 281474976710656 0 281474976710656 10 4
21 0 0 8268251852256 8273641239495 0 281474976710656 0 281474976710656 11 12
22 0 0 4792461896085 4795408416496 0 281474976710656 0 281474976710656 3 13
42 0 0 9823627846104 9833114579946 0 281474976710656 0 281474976710656 14 1
23 0 0 4463571554315 4467708271972 0 281474976710656 0 281474976710656 15 16
24 0 0 2538876719796 2541179433823 0 281474976710656 0 281474976710656 5 17
30 0 0 23916793385380 23922373851977 0 281474976710656 0 281474976710656 6 18
0 0 0 10358657936603 10362007989672 0 281474976710656 0 281474976710656 19 20
46 0 0 5676271345967 5678362764676 0 281474976710656 0 281474976710656 21 2
31 0 0 12158530141630 12159339132036 0 281474976710656 0 281474976710656 7 22
1 0 0 4827081975279 4827614726052 0 281474976710656 0 281474976710656 23 24
2 0 0 2535977022554 2536309013569 0 281474976710656 0 281474976710656 25 8
-1
3 0 7 2781471063434 2781471063435 0 281474976710656 0 281474976710656 0 26
4 0 0 1430218532733 1430235280860 0 281474976710656 0 281474976710656 27 9
32 0 0 10533193654196 10540804954435 0 281474976710656 0 281474976710656 10 28
5 0 0 4758280019293 4761911276478 0 281474976710656 0 281474976710656 29 30
47 0 0 2663794964224 2665883570230 0 281474976710656 0 281474976710656 31 4
33 0 0 4964219309975 4967455072587 0 281474976710656 0 281474976710656 11 32
6 0 0 2009915056890 2011261507976 0 281474976710656 0 281474976710656 33 34
7 0 0 1065767204916 1066490334466 0 281474976710656 0 281474976710656 35 12
34 0 0 2877371457955 2879140534875 0 281474976710656 0 281474976710656 3 36
8 0 0 1102713016885 1103402238054 0 281474976710656 0 281474976710656 37 38
9 0 0 569936425971 570295304657 0 281474976710656 0 281474976710656 39 13
35 0 0 5898059701016 5903755491150 0 281474976710656 0 281474976710656 14 40
10 0 0 2721614840038 2724305587996 0 281474976710656 0 281474976710656 41 42
48 0 0 1540560371870 1542102008304 0 281474976710656 0 281474976710656 43 1
36 0 0 2679907252141 2682390917859 0 281474976710656 0 281474976710656 15 44
11 0 0 1095158577182 1096184288280 0 281474976710656 0 281474976710656 45 46
12 0 0 583290544193 583839587370 0 281474976710656 0 281474976710656 47 16
37 0 0 1524329575739 1525712114352 0 281474976710656 0 281474976710656 5 48
13 0 0 587211681692 587747454194 0 281474976710656 0 281474976710656 49 50
14 0 0 304220126048 304498452738 0 281474976710656 0 281474976710656 51 17
163281740625289 163327269897448
1 81779891882150 81983002925434 0 52
218101384884806 218101384884807
74565835588752 74565835588753
158590695246746 158590695246747
124276392647921 124276392647922
101437842339644 101437842339645
86212142134126 86212142134127
180037134371011 180037134371012
206909141121903 206909141121904
195262834576529 195262834576530
215477122949499 215477122949500
109804156786616 109804156786617
119249876382091 119249876382092
115286852675876 115286852675877
122046809351175 122046809351176
78989958391076 78989958391077
83762851039411 83762851039412
81788019331802 81788019331803
85133254278538 85133254278539
171670819924039 171670819924040
166188124034779 166188124034780
162225100328564 162225100328565
159428167359480 159428167359481
202485018319579 202485018319580
199686957378853 199686957378854
197712125671244 197712125671245
196341722432117 196341722432118
216922116206649 216922116206650
216111248513128 216111248513129
106634642534204 106634642534205
104493308169434 104493308169435
102912549940418 102912549940419
101779813317443 101779813317444
117766894786829 117766894786830
116814896805985 116814896805986
116136297684354 116136297684355
115662097720860 115662097720861
123419904349893 123419904349894
122884281463909 122884281463910
122509036418925 122509036418926
122249985145360 122249985145361
77336355595267 77336355595268
76203803876135 76203803876136
75359645121909 75359645121910
74750456689769 74750456689770
83028450505642 83028450505643
82554120865813 82554120865814
82214624662503 82214624662504
81976698621973 81976698621974
85799095833277 85799095833278
85539899393690 85539899393691
85357902917314 85357902917315
85232063837411 85232063837412
27 0 1 281474976710656 281474976710656 0 281474976710656 0 281474976710656 0 1
34 0 5 168996244868930 168996244868931 0 281474976710656 0 281474976710656 0 2
8 0 0 64694279395282 64716789955889 0 281474976710656 0 281474976710656 3 4
9 0 0 33420401109196 33437339328246 0 281474976710656 0 281474976710656 5 1
43 0 0 39018683787727 39023923581765 0 281474976710656 0 281474976710656 6 2
25 0 0 20131191783881 20131968457123 0 281474976710656 0 281474976710656 7 8
51 0 6 14268451809973 14268451809974 0 281474976710656 0 281474976710656 0 9
44 0 0 16465649387917 16472351408735 0 281474976710656 0 281474976710656 10 4
26 0 0 7807793710739 7810669266966 0 281474976710656 0 281474976710656 11 12
27 0 0 4540106849819 4541686593058 0 281474976710656 0 281474976710656 3 13
45 0 0 9029440559487 9034300867938 0 281474976710656 0 281474976710656 14 1
28 0 0 4116394165074 4118524153038 0 281474976710656 0 281474976710656 15 16
29 0 0 2345372626728 2346561314895 0 281474976710656 0 281474976710656 5 17
30 0 0 23426633219451 23429779167012 0 281474976710656 0 281474976710656 6 18
0 0 0 10066168290804 10068034458276 0 281474976710656 0 281474976710656 19 20
46 0 0 5494217473471 5495375601377 0 281474976710656 0 281474976710656 21 2
31 0 0 12086672342847 12087138653788 0 281474976710656 0 281474976710656 7 22
1 0 0 4779900386921 4780205677240 0 281474976710656 0 281474976710656 23 24
2 0 0 2506615751775 2506805476902 0 281474976710656 0 281474976710656 25 8
-1
3 0 7 2781471063434 2781471063435 0 281474976710656 0 281474976710656 0 26
4 0 0 1428725378443 1428735103386 0 281474976710656 0 281474976710656 27 9
32 0 0 9885898023350 9889921884954 0 281474976710656 0 281474976710656 10 28
5 0 0 4450277276831 4452186939722 0 281474976710656 0 281474976710656 29 30
47 0 0 2486880481029 2487975896020 0 281474976710656 0 281474976710656 31 4
33 0 0 4687762419401 4689488889761 0 281474976710656 0 281474976710656 11 32
6 0 0 1895012995611 1895729716696 0 281474976710656 0 281474976710656 33 34
7 0 0 1004092184294 1004476678289 0 281474976710656 0 281474976710656 35 12
34 0 0 2725858681611 2726807151982 0 281474976710656 0 281474976710656 3 36
8 0 0 1043724025997 1044093052730 0 281474976710656 0 281474976710656 37 38
9 0 0 539230123277 539422159446 0 281474976710656 0 281474976710656 39 13
35 0 0 5421233409992 5424151516201 0 281474976710656 0 281474976710656 14 40
10 0 0 2496689689207 2498064174494 0 281474976710656 0 281474976710656 41 42
48 0 0 1411791491852 1412577773456 0 281474976710656 0 281474976710656 43 1
36 0 0 2471463589507 2472742424208 0 281474976710656 0 281474976710656 15 44
11 0 0 1009129391281 1009656861486 0 281474976710656 0 281474976710656 45 46
12 0 0 537254740712 537536914636 0 281474976710656 0 281474976710656 47 16
37 0 0 1408150633378 1408864316133 0 281474976710656 0 281474976710656 5 48
13 0 0 542204828530 542481207644 0 281474976710656 0 281474976710656 49 50
14 0 0 280843413321 280986942663 0 281474976710656 0 281474976710656 51 17
172000853115139 172046602205177
1 122038101790634 122256808066245 0 52
218101384884806 218101384884807
74565835588752 74565835588753
158590695246746 158590695246747
124276392647921 124276392647922
101437842339644 101437842339645
86212142134126 86212142134127
180037134371011 180037134371012
206909141121903 206909141121904
195262834576529 195262834576530
215477122949499 215477122949500
109804156786616 109804156786617
119249876382091 119249876382092
115286852675876 115286852675877
122046809351175 122046809351176
78989958391076 78989958391077
83762851039411 83762851039412
81788019331802 81788019331803
85133254278538 85133254278539
171670819924039 171670819924040
166188124034779 166188124034780
162225100328564 162225100328565
159428167359480 159428167359481
202485018319579 202485018319580
199686957378853 199686957378854
197712125671244 197712125671245
196341722432117 196341722432118
216922116206649 216922116206650
216111248513128 216111248513129
106634642534204 106634642534205
104493308169434 104493308169435
102912549940418 102912549940419
101779813317443 101779813317444
117766894786829 117766894786830
116814896805985 116814896805986
116136297684354 116136297684355
115662097720860 115662097720861
123419904349893 123419904349894
122884281463909 122884281463910
122509036418925 122509036418926
122249985145360 122249985145361
77336355595267 77336355595268
76203803876135 76203803876136
75359645121909 75359645121910
74750456689769 74750456689770
83028450505642 83028450505643
82554120865813 82554120865814
82214624662503 82214624662504
81976698621973 81976698621974
85799095833277 85799095833278
85539899393690 85539899393691
85357902917314 85357902917315
85232063837411 85232063837412
28 0 1 281474976710656 281474976710656 0 281474976710656 0 281474976710656 0 1
36 0 5 168996244868930 168996244868931 0 281474976710656 0 281474976710656 0 2
11 0 0 68989407742483 69011855095661 0 281474976710656 0 281474976710656 3 4
12 0 0 36726036118433 36743705215084 0 281474976710656 0 281474976710656 5 1
40 0 0 39989172972863 39994095936875 0 281474976710656 0 281474976710656 6 2
20 0 0 20273171162681 20273881929054 0 281474976710656 0 281474976710656 7 8
50 0 6 14268451809973 14268451809974 0 281474976710656 0 281474976710656 0 9
41 0 0 17755142473008 17761938063280 0 281474976710656 0 281474976710656 10 4
21 0 0 8358039335934 8360923299654 0 281474976710656 0 281474976710656 11 12
22 0 0 4841529816614 4843105124090 0 281474976710656 0 281474976710656 3 13
42 0 0 9982260494418 9987376357330 0 281474976710656 0 281474976710656 14 1
23 0 0 4532712149475 4534940799722 0 281474976710656 0 281474976710656 15 16
24 0 0 2577355056839 2578595036441 0 281474976710656 0 281474976710656 5 17
30 0 0 24009310336580 24012266060892 0 281474976710656 0 281474976710656 6 18
0 0 0 10414255960632 10416034253621 0 281474976710656 0 281474976710656 19 20
46 0 0 5710999144340 5712110548470 0 281474976710656 0 281474976710656 21 2
31 0 0 12171916090431 12172342831200 0 281474976710656 0 281474976710656 7 22
1 0 0 4835901634652 4836182961041 0 281474976710656 0 281474976710656 23 24
2 0 0 2541474432410 2541649832990 0 281474976710656 0 281474976710656 25 8
-1
3 0 7 2781471063434 2781471063435 0 281474976710656 0 281474976710656 0 26
4 0 0 1430495478371 1430504301138 0 281474976710656 0 281474976710656 27 9
32 0 0 10660103573383 10664183613645 0 281474976710656 0 281474976710656 10 28
5 0 0 4818855964087 4820804441306 0 281474976710656 0 281474976710656 29 30
47 0 0 2698645247358 2699766538135 0 281474976710656 0 281474976710656 31 4
33 0 0 5018127290553 5019858808733 0 281474976710656 0 281474976710656 11 32
6 0 0 2032351759832 2033072591605 0 281474976710656 0 281474976710656 33 34
7 0 0 1077818350819 1078205564961 0 281474976710656 0 281474976710656 35 12
34 0 0 2906831605389 2907777412548 0 281474976710656 0 281474976710656 3 36
8 0 0 1114191875091 1114560447864 0 281474976710656 0 281474976710656 37 38
9 0 0 575913814020 576105752474 0 281474976710656 0 281474976710656 39 13
35 0 0 5993301992859 5996373532758 0 281474976710656 0 281474976710656 14 40
10 0 0 2766620383363 2768072229504 0 281474976710656 0 281474976710656 41 42
48 0 0 1566349484911 1567181551872 0 281474976710656 0 281474976710656 43 1
36 0 0 2721418938495 2722757009565 0 281474976710656 0 281474976710656 15 44
11 0 0 1112304163814 1112856897559 0 281474976710656 0 281474976710656 45 46
12 0 0 592468749427 592764651256 0 281474976710656 0 281474976710656 47 16
37 0 0 1547431787329 1548176265218 0 281474976710656 0 281474976710656 5 48
13 0 0 596165006666 596453551211 0 281474976710656 0 281474976710656 49 50
14 0 0 308871395035 309021299255 0 281474976710656 0 281474976710656 51 17
164030420987750 164054126307794
1 85129017346637 85235380271537 0 52
218101384884806 218101384884807
74565835588752 74565835588753
158590695246746 158590695246747
124276392647921 124276392647922
101437842339644 101437842339645
86212142134126 86212142134127
180037134371011 180037134371012
206909141121903 206909141121904
195262834576529 195262834576530
215477122949499 215477122949500
109804156786616 109804156786617
119249876382091 119249876382092
115286852675876 115286852675877
122046809351175 122046809351176
78989958391076 78989958391077
83762851039411 83762851039412
81788019331802 81788019331803
85133254278538 85133254278539
171670819924039 171670819924040
166188124034779 166188124034780
162225100328564 162225100328565
159428167359480 159428167359481
202485018319579 202485018319580
199686957378853 199686957378854
197712125671244 197712125671245
196341722432117 196341722432118
216922116206649 216922116206650
216111248513128 216111248513129
106634642534204 106634642534205
104493308169434 104493308169435
102912549940418 102912549940419
101779813317443 101779813317444
117766894786829 117766894786830
116814896805985 116814896805986
116136297684354 116136297684355
115662097720860 115662097720861
123419904349893 123419904349894
122884281463909 122884281463910
122509036418925 122509036418926
122249985145360 122249985145361
77336355595267 77336355595268
76203803876135 76203803876136
75359645121909 75359645121910
74750456689769 74750456689770
83028450505642 83028450505643
82554120865813 82554120865814
82214624662503 82214624662504
81976698621973 81976698621974
85799095833277 85799095833278
85539899393690 85539899393691
85357902917314 85357902917315
85232063837411 85232063837412
29 0 1 281474976710656 281474976710656 0 281474976710656 0 281474976710656 0 1
37 0 5 168996244868930 168996244868931 0 281474976710656 0 281474976710656 0 2
13 0 0 65064338699215 65076052213733 0 281474976710656 0 281474976710656 3 4
14 0 0 33699367086939 33708215048385 0 281474976710656 0 281474976710656 5 1
43 0 0 39104610281613 39107322758042 0 281474976710656 0 281474976710656 6 2
25 0 0 20143914258768 20144315387445 0 281474976710656 0 281474976710656 7 8
51 0 6 14268451809973 14268451809974 0 281474976710656 0 281474976710656 0 9
44 0 0 16575901669207 16579394110938 0 281474976710656 0 281474976710656 10 4
26 0 0 7855077148967 7856574201581 0 281474976710656 0 281474976710656 11 12
27 0 0 4566076824233 4566898853755 0 281474976710656 0 281474976710656 3 13
45 0 0 9109517141790 9112057945053 0 281474976710656 0 281474976710656 14 1
28 0 0 4151478564575 4152591486267 0 281474976710656 0 281474976710656 15 16
29 0 0 2364949865368 2365570796474 0 281474976710656 0 281474976710656 5 17
30 0 0 23478223080017 23479851638038 0 281474976710656 0 281474976710656 6 18
0 0 0 10096789316082 10097756568847 0 281474976710656 0 281474976710656 19 20
46 0 0 5513226201086 5513826839617 0 281474976710656 0 281474976710656 21 2
31 0 0 12094310856602 12094551692363 0 281474976710656 0 281474976710656 7 22
1 0 0 4784902724317 4785060494254 0 281474976710656 0 281474976710656 23 24
2 0 0 2509724918589 2509822994048 0 281474976710656 0 281474976710656 25 8
-1
3 0 7 2781471063434 2781471063435 0 281474976710656 0 281474976710656 0 26
4 0 0 1428884621729 1428889640513 0 281474976710656 0 281474976710656 27 9
32 0 0 9952092971633 9954189817132 0 281474976710656 0 281474976710656 10 28
5 0 0 4481700410176 4482696074234 0 281474976710656 0 281474976710656 29 30
47 0 0 2504907694077 2505478981439 0 281474976710656 0 281474976710656 31 4
33 0 0 4716151172101 4717049995411 0 281474976710656 0 281474976710656 11 32
6 0 0 1906799559277 1907172783580 0 281474976710656 0 281474976710656 33 34
7 0 0 1010415578586 1010615822329 0 281474976710656 0 281474976710656 35 12
34 0 0 2741450931433 2741944474071 0 281474976710656 0 281474976710656 3 36
8 0 0 1049790984771 1049983036351 0 281474976710656 0 281474976710656 37 38
9 0 0 542387374352 542487321428 0 281474976710656 0 281474976710656 39 13
35 0 0 5469311011309 5470836497573 0 281474976710656 0 281474976710656 14 40
10 0 0 2519338396618 2520057144415 0 281474976710656 0 281474976710656 41 42
48 0 0 1424748768205 1425159995784 0 281474976710656 0 281474976710656 43 1
36 0 0 2492528097047 2493196289968 0 281474976710656 0 281474976710656 15 44
11 0 0 1017818220851 1018093859968 0 281474976710656 0 281474976710656 45 46
12 0 0 541903027119 542050491230 0 281474976710656 0 281474976710656 47 16
37 0 0 1419904714874 1420277518974 0 281474976710656 0 281474976710656 5 48
13 0 0 546756839989 546901221433 0 281474976710656 0 281474976710656 49 50
14 0 0 283207402710 283282385382 0 281474976710656 0 281474976710656 51 17
107986060995383 109008937916249
0 171332594519529 180948199313994 0 46
81788019331802 81788019331803
218101384884806 218101384884807
158590695246746 158590695246747
101437842339644 101437842339645
124276392647921 124276392647922
86212142134126 86212142134127
180037134371011 180037134371012
195262834576529 195262834576530
206909141121903 206909141121904
215477122949499 215477122949500
109804156786616 109804156786617
115286852675876 115286852675877
119249876382091 119249876382092
122046809351175 122046809351176
83762851039411 83762851039412
85133254278538 85133254278539
171670819924039 171670819924040
162225100328564 162225100328565
166188124034779 166188124034780
159428167359480 159428167359481
202485018319579 202485018319580
197712125671244 197712125671245
199686957378853 199686957378854
196341722432117 196341722432118
216922116206649 216922116206650
216111248513128 216111248513129
106634642534204 106634642534205
102912549940418 102912549940419
104493308169434 104493308169435
101779813317443 101779813317444
117766894786829 117766894786830
116136297684354 116136297684355
116814896805985 116814896805986
115662097720860 115662097720861
123419904349893 123419904349894
122509036418925 122509036418926
122884281463909 122884281463910
122249985145360 122249985145361
83028450505642 83028450505643
82214624662503 82214624662504
82554120865813 82554120865814
81976698621973 81976698621974
85799095833277 85799095833278
85357902917314 85357902917315
85539899393690 85539899393691
85232063837411 85232063837412
30 0 1 281474976710656 281474976710656 0 281474976710656 0 281474976710656 0 1
38 0 0 67823923330537 68619564241804 0 281474976710656 0 281474976710656 2 1
15 0 0 33940699582410 34052657833004 0 281474976710656 0 281474976710656 3 4
49 0 8 23765096934693 23765096934694 0 281474976710656 0 281474976710656 0 5
30 0 0 40721162815554 41198861855944 0 281474976710656 0 281474976710656 2 6
0 0 0 17788391199777 18079849690475 0 281474976710656 0 281474976710656 7 8
46 0 0 9789494837245 9972938154627 0 281474976710656 0 281474976710656 9 1
31 0 0 20377835517322 20445054721507 0 281474976710656 0 281474976710656 3 10
1 0 0 8123704416488 8168317265240 0 281474976710656 0 281474976710656 11 12
2 0 0 4276182237418 4304085339638 0 281474976710656 0 281474976710656 13 4
-1
3 0 9 4632733132081 4632733132082 0 281474976710656 0 281474976710656 0 14
4 0 0 2384746595788 2386124737093 0 281474976710656 0 281474976710656 15 5
38 0 0 9883217019814 10016160021226 0 281474976710656 0 281474976710656 16 6
15 0 0 4920249452067 4980355645749 0 281474976710656 0 281474976710656 17 18
49 0 0 3438111596683 3478444006098 0 281474976710656 0 281474976710656 2 19
39 0 0 4634118346993 4714019487021 0 281474976710656 0 281474976710656 20 8
16 0 0 2164060214682 2200151362657 0 281474976710656 0 281474976710656 21 22
17 0 0 1248351438307 1268805374922 0 281474976710656 0 281474976710656 7 23
-1
18 0 0 1210969167134 1233858668906 0 281474976710656 0 281474976710656 24 1
19 0 0 687005914314 699879575936 0 281474976710656 0 281474976710656 9 25
40 0 0 4778678688017 4798432821166 0 281474976710656 0 281474976710656 26 10
20 0 0 2438291929426 2446916568129 0 281474976710656 0 281474976710656 27 28
50 0 0 1720512572903 1726187929634 0 281474976710656 0 281474976710656 3 29
41 0 0 2082051198065 2094280341958 0 281474976710656 0 281474976710656 30 12
21 0 0 982780799506 988306837640 0 281474976710656 0 281474976710656 31 32
22 0 0 570104287611 573235122396 0 281474976710656 0 281474976710656 11 33
42 0 0 1159655385944 1167462560209 0 281474976710656 0 281474976710656 34 4
23 0 0 527362530749 530840515485 0 281474976710656 0 281474976710656 35 36
24 0 0 300093369130 302051549463 0 281474976710656 0 281474976710656 13 37
-1
-1
-1
44 0 0 1177543425058 1177796709058 0 281474976710656 0 281474976710656 38 14
26 0 0 558859050347 558900452209 0 281474976710656 0 281474976710656 39 40
27 0 10 325115352129 325115352130 0 281474976710656 0 281474976710656 0 41
45 0 0 643853054276 644298666601 0 281474976710656 0 281474976710656 42 5
28 0 0 293659914779 293840944405 0 281474976710656 0 281474976710656 43 44
29 0 0 167356441030 167453156055 0 281474976710656 0 281474976710656 15 45
105349798757479 105838111482596
0 202310139510784 207402614418379 0 46
81788019331802 81788019331803
218101384884806 218101384884807
158590695246746 158590695246747
101437842339644 101437842339645
124276392647921 124276392647922
86212142134126 86212142134127
180037134371011 180037134371012
195262834576529 195262834576530
206909141121903 206909141121904
215477122949499 215477122949500
109804156786616 109804156786617
115286852675876 115286852675877
119249876382091 119249876382092
122046809351175 122046809351176
83762851039411 83762851039412
85133254278538 85133254278539
171670819924039 171670819924040
162225100328564 162225100328565
166188124034779 166188124034780
159428167359480 159428167359481
202485018319579 202485018319580
197712125671244 197712125671245
199686957378853 199686957378854
196341722432117 196341722432118
216922116206649 216922116206650
216111248513128 216111248513129
106634642534204 106634642534205
102912549940418 102912549940419
104493308169434 104493308169435
101779813317443 101779813317444
117766894786829 117766894786830
116136297684354 116136297684355
116814896805985 116814896805986
115662097720860 115662097720861
123419904349893 123419904349894
122509036418925 122509036418926
122884281463909 122884281463910
122249985145360 122249985145361
83028450505642 83028450505643
82214624662503 82214624662504
82554120865813 82554120865814
81976698621973 81976698621974
85799095833277 85799095833278
85357902917314 85357902917315
85539899393690 85539899393691
85232063837411 85232063837412
31 0 1 281474976710656 281474976710656 0 281474976710656 0 281474976710656 0 1
40 0 0 65768509508407 66149734022688 0 281474976710656 0 281474976710656 2 1
20 0 0 33644812539300 33700434465920 0 281474976710656 0 281474976710656 3 4
50 0 8 23765096934693 23765096934694 0 281474976710656 0 281474976710656 0 5
30 0 0 39487102077186 39715987472679 0 281474976710656 0 281474976710656 2 6
0 0 0 17044708667012 17181637421427 0 281474976710656 0 281474976710656 7 8
46 0 0 9324317595094 9409653635508 0 281474976710656 0 281474976710656 9 1
31 0 0 20200186335944 20233581477641 0 281474976710656 0 281474976710656 3 10
1 0 0 8006501428744 8028456225312 0 281474976710656 0 281474976710656 11 12
2 0 0 4203082659249 4216753257416 0 281474976710656 0 281474976710656 13 4
-1
3 0 9 4632733132081 4632733132082 0 281474976710656 0 281474976710656 0 14
4 0 0 2381077173874 2381770002556 0 281474976710656 0 281474976710656 15 5
38 0 0 9541351743653 9604586971368 0 281474976710656 0 281474976710656 16 6
15 0 0 4765175561330 4793915626883 0 281474976710656 0 281474976710656 17 18
49 0 0 3333919126669 3353244054500 0 281474976710656 0 281474976710656 2 19
39 0 0 4430704261033 4468107313341 0 281474976710656 0 281474976710656 20 8
16 0 0 2072041604878 2088976564459 0 281474976710656 0 281474976710656 21 22
17 0 0 1196161380814 1205770749397 0 281474976710656 0 281474976710656 7 23
-1
18 0 0 1152950614865 1163591332395 0 281474976710656 0 281474976710656 24 1
19 0 0 654360765419 660349467130 0 281474976710656 0 281474976710656 9 25
40 0 0 4726590479528 4736369068212 0 281474976710656 0 281474976710656 26 10
20 0 0 2415513264652 2419793637822 0 281474976710656 0 281474976710656 27 28
50 0 0 1705513548602 1708333119951 0 281474976710656 0 281474976710656 3 29
41 0 0 2049957115794 2055965395613 0 281474976710656 0 281474976710656 30 12
21 0 0 968268438829 970986364455 0 281474976710656 0 281474976710656 31 32
22 0 0 561879231355 563419972257 0 281474976710656 0 281474976710656 11 33
42 0 0 1139213878896 1143035449470 0 281474976710656 0 281474976710656 34 4
23 0 0 518252748488 519956209498 0 281474976710656 0 281474976710656 35 36
24 0 0 294963396300 295922769787 0 281474976710656 0 281474976710656 13 37
-1
-1
-1
44 0 0 1176868361681 1176995896306 0 281474976710656 0 281474976710656 38 14
26 0 0 558748661544 558769521237 0 281474976710656 0 281474976710656 39 40
27 0 10 325115352129 325115352130 0 281474976710656 0 281474976710656 0 41
45 0 0 642666944437 642890854072 0 281474976710656 0 281474976710656 42 5
28 0 0 293177958589 293268951728 0 281474976710656 0 281474976710656 43 44
29 0 0 167098928809 167147550052 0 281474976710656 0 281474976710656 15 45
109556214639870 110030641089041
0 162061350227347 166326122601752 0 46
81788019331802 81788019331803
218101384884806 218101384884807
158590695246746 158590695246747
101437842339644 101437842339645
124276392647921 124276392647922
86212142134126 86212142134127
180037134371011 180037134371012
195262834576529 195262834576530
206909141121903 206909141121904
215477122949499 215477122949500
109804156786616 109804156786617
115286852675876 115286852675877
119249876382091 119249876382092
122046809351175 122046809351176
83762851039411 83762851039412
85133254278538 85133254278539
171670819924039 171670819924040
162225100328564 162225100328565
166188124034779 166188124034780
159428167359480 159428167359481
202485018319579 202485018319580
197712125671244 197712125671245
199686957378853 199686957378854
196341722432117 196341722432118
216922116206649 216922116206650
216111248513128 216111248513129
106634642534204 106634642534205
102912549940418 102912549940419
104493308169434 104493308169435
101779813317443 101779813317444
117766894786829 117766894786830
116136297684354 116136297684355
116814896805985 116814896805986
115662097720860 115662097720861
123419904349893 123419904349894
122509036418925 122509036418926
122884281463909 122884281463910
122249985145360 122249985145361
83028450505642 83028450505643
82214624662503 82214624662504
82554120865813 82554120865814
81976698621973 81976698621974
85799095833277 85799095833278
85357902917314 85357902917315
85539899393690 85539899393691
85232063837411 85232063837412
32 0 1 281474976710656 281474976710656 0 281474976710656 0 281474976710656 0 1
38 0 0 69044811146028 69413191916695 0 281474976710656 0 281474976710656 2 1
15 0 0 34111924342385 34162948161769 0 281474976710656 0 281474976710656 3 4
49 0 8 23765096934693 23765096934694 0 281474976710656 0 281474976710656 0 5
30 0 0 41454178086167 41675352158734 0 281474976710656 0 281474976710656 2 6
0 0 0 18236449463163 18372572810478 0 281474976710656 0 281474976710656 7 8
46 0 0 10071764280345 10157817031211 0 281474976710656 0 281474976710656 9 1
31 0 0 20480638053457 20511272513314 0 281474976710656 0 281474976710656 3 10
1 0 0 8191992839949 8212408543084 0 281474976710656 0 281474976710656 11 12
2 0 0 4318910686701 4331704460449 0 281474976710656 0 281474976710656 13 4
-1
3 0 9 4632733132081 4632733132082 0 281474976710656 0 281474976710656 0 14
4 0 0 2386852006745 2387476877746 0 281474976710656 0 281474976710656 15 5
38 0 0 10087353002830 10149103749769 0 281474976710656 0 281474976710656 16 6
15 0 0 5012498349621 5040352702344 0 281474976710656 0 281474976710656 17 18
49 0 0 3500000504764 3518674361089 0 281474976710656 0 281474976710656 2 19
39 0 0 4756991763927 4794368683021 0 281474976710656 0 281474976710656 20 8
16 0 0 2219549450501 2236414742862 0 281474976710656 0 281474976710656 21 22
17 0 0 1279795213703 1289348060530 0 281474976710656 0 281474976710656 7 23
-1
18 0 0 1246192163575 1256932828724 0 281474976710656 0 281474976710656 24 1
19 0 0 706814983123 712853982048 0 281474976710656 0 281474976710656 9 25
40 0 0 4808899900590 4817916770188 0 281474976710656 0 281474976710656 26 10
20 0 0 2451483373533 2455415724552 0 281474976710656 0 281474976710656 27 28
50 0 0 1729192251164 1731778736531 0 281474976710656 0 281474976710656 3 29
41 0 0 2100773048860 2106373352139 0 281474976710656 0 281474976710656 30 12
21 0 0 991239887386 993769331690 0 281474976710656 0 281474976710656 31 32
22 0 0 574896623843 576329354442 0 281474976710656 0 281474976710656 11 33
42 0 0 1171611610993 1175192646806 0 281474976710656 0 281474976710656 34 4
23 0 0 532688569279 534283459140 0 281474976710656 0 281474976710656 35 36
24 0 0 303091960769 303989800584 0 281474976710656 0 281474976710656 13 37
-1
-1
-1
44 0 0 1177930316002 1178045080641 0 281474976710656 0 281474976710656 38 14
26 0 0 558922288104 558941042585 0 281474976710656 0 281474976710656 39 40
27 0 10 325115352129 325115352130 0 281474976710656 0 281474976710656 0 41
45 0 0 644533854893 644735945938 0 281474976710656 0 281474976710656 42 5
28 0 0 293936481171 294018568810 0 281474976710656 0 281474976710656 43 44
29 0 0 167504194290 167548046408 0 281474976710656 0 281474976710656 15 45
106086309376211 106294570441213
0 197631366626630 199756435084982 0 46
81788019331802 81788019331803
218101384884806 218101384884807
158590695246746 158590695246747
101437842339644 101437842339645
124276392647921 124276392647922
86212142134126 86212142134127
180037134371011 180037134371012
195262834576529 195262834576530
206909141121903 206909141121904
215477122949499 215477122949500
109804156786616 109804156786617
115286852675876 115286852675877
119249876382091 119249876382092
122046809351175 122046809351176
83762851039411 83762851039412
85133254278538 85133254278539
171670819924039 171670819924040
162225100328564 162225100328565
166188124034779 166188124034780
159428167359480 159428167359481
202485018319579 202485018319580
197712125671244 197712125671245
199686957378853 199686957378854
196341722432117 196341722432118
216922116206649 216922116206650
216111248513128 216111248513129
106634642534204 106634642534205
102912549940418 102912549940419
104493308169434 104493308169435
101779813317443 101779813317444
117766894786829 117766894786830
116136297684354 116136297684355
116814896805985 116814896805986
115662097720860 115662097720861
123419904349893 123419904349894
122509036418925 122509036418926
122884281463909 122884281463910
122249985145360 122249985145361
83028450505642 83028450505643
82214624662503 82214624662504
82554120865813 82554120865814
81976698621973 81976698621974
85799095833277 85799095833278
85357902917314 85357902917315
85539899393690 85539899393691
85232063837411 85232063837412
33 0 1 281474976710656 281474976710656 0 281474976710656 0 281474976710656 0 1
40 0 0 66343416251801 66505888703289 0 281474976710656 0 281474976710656 2 1
20 0 0 33728561905648 33752089095844 0 281474976710656 0 281474976710656 3 4
50 0 8 23765096934693 23765096934694 0 281474976710656 0 281474976710656 0 5
30 0 0 39832273367078 39929821058589 0 281474976710656 0 281474976710656 2 6
0 0 0 17251379375691 17309974157640 0 281474976710656 0 281474976710656 7 8
46 0 0 9453172390201 9489763761883 0 281474976710656 0 281474976710656 9 1
31 0 0 20250469059433 20264594673162 0 281474976710656 0 281474976710656 3 10
1 0 0 8039572169942 8048877136188 0 281474976710656 0 281474976710656 11 12
2 0 0 4223678803841 4229478115826 0 281474976710656 0 281474976710656 13 4
-1
3 0 9 4632733132081 4632733132082 0 281474976710656 0 281474976710656 0 14
4 0 0 2382119821137 2382412149985 0 281474976710656 0 281474976710656 15 5
38 0 0 9636743811789 9663734505171 0 281474976710656 0 281474976710656 16 6
15 0 0 4808520953159 4820774789132 0 281474976710656 0 281474976710656 17 18
49 0 0 3363062140585 3371298149242 0 281474976710656 0 281474976710656 2 19
39 0 0 4487166541966 4503183989592 0 281474976710656 0 281474976710656 20 8
16 0 0 2097603401510 2104852074858 0 281474976710656 0 281474976710656 21 22
17 0 0 1210665091326 1214777148427 0 281474976710656 0 281474976710656 7 23
-1
18 0 0 1169018239883 1173581528269 0 281474976710656 0 281474976710656 24 1
19 0 0 663403520720 665971425314 0 281474976710656 0 281474976710656 9 25
40 0 0 4741316317221 4745455637645 0 281474976710656 0 281474976710656 26 10
20 0 0 2421958468674 2423769390423 0 281474976710656 0 281474976710656 27 28
50 0 0 1709758948359 1710951582190 0 281474976710656 0 281474976710656 3 29
41 0 0 2059008097765 2061555425583 0 281474976710656 0 281474976710656 30 12
21 0 0 972362579347 973514637113 0 281474976710656 0 281474976710656 31 32
22 0 0 564200065594 564853068323 0 281474976710656 0 281474976710656 11 33
42 0 0 1144971685508 1146593165220 0 281474976710656 0 281474976710656 34 4
23 0 0 520819218941 521541902809 0 281474976710656 0 281474976710656 35 36
24 0 0 296408789896 296815773270 0 281474976710656 0 281474976710656 13 37
-1
-1
-1
44 0 0 1177060276997 1177114070440 0 281474976710656 0 281474976710656 38 14
26 0 0 558780050563 558788847934 0 281474976710656 0 281474976710656 39 40
27 0 10 325115352129 325115352130 0 281474976710656 0 281474976710656 0 41
45 0 0 643003916403 643098401666 0 281474976710656 0 281474976710656 42 5
28 0 0 293314896400 293353290972 0 281474976710656 0 281474976710656 43 44
29 0 0 167172099575 167192614592 0 281474976710656 0 281474976710656 15 45
104347949160357 104464381064358
0 216874162383620 218143106950759 0 46
81788019331802 81788019331803
218101384884806 218101384884807
158590695246746 158590695246747
101437842339644 101437842339645
124276392647921 124276392647922
86212142134126 86212142134127
180037134371011 180037134371012
195262834576529 195262834576530
206909141121903 206909141121904
215477122949499 215477122949500
109804156786616 109804156786617
115286852675876 115286852675877
119249876382091 119249876382092
122046809351175 122046809351176
83762851039411 83762851039412
85133254278538 85133254278539
171670819924039 171670819924040
162225100328564 162225100328565
166188124034779 166188124034780
159428167359480 159428167359481
202485018319579 202485018319580
197712125671244 197712125671245
199686957378853 199686957378854
196341722432117 196341722432118
216922116206649 216922116206650
216111248513128 216111248513129
106634642534204 106634642534205
102912549940418 102912549940419
104493308169434 104493308169435
101779813317443 101779813317444
117766894786829 117766894786830
116136297684354 116136297684355
116814896805985 116814896805986
115662097720860 115662097720861
123419904349893 123419904349894
122509036418925 122509036418926
122884281463909 122884281463910
122249985145360 122249985145361
83028450505642 83028450505643
82214624662503 82214624662504
82554120865813 82554120865814
81976698621973 81976698621974
85799095833277 85799095833278
85357902917314 85357902917315
85539899393690 85539899393691
85232063837411 85232063837412
34 0 1 281474976710656 281474976710656 0 281474976710656 0 281474976710656 0 1
43 0 0 64985689023893 65076711974692 0 281474976710656 0 281474976710656 2 1
25 0 0 33529506369640 33542989790090 0 281474976710656 0 281474976710656 3 4
51 0 8 23765096934693 23765096934694 0 281474976710656 0 281474976710656 0 5
30 0 0 39017100360390 39071750109585 0 281474976710656 0 281474976710656 2 6
0 0 0 16764962793941 16797391839877 0 281474976710656 0 281474976710656 7 8
46 0 0 9150417714692 9170546292819 0 281474976710656 0 281474976710656 9 1
31 0 0 20130957056985 20139052438857 0 281474976710656 0 281474976710656 3 10
1 0 0 7961102221239 7966403094303 0 281474976710656 0 281474976710656 11 12
2 0 0 4174847032961 4178141560772 0 281474976710656 0 281474976710656 13 4
-1
3 0 9 4632733132081 4632733132082 0 281474976710656 0 281474976710656 0 14
4 0 0 2379636397435 2379805191625 0 281474976710656 0 281474976710656 15 5
38 0 0 9411748048926 9426800791775 0 281474976710656 0 281474976710656 16 6
15 0 0 4706191264079 4713047511212 0 281474976710656 0 281474976710656 17 18
49 0 0 3294236606789 3298850717082 0 281474976710656 0 281474976710656 2 19
39 0 0 4354360521894 4363205647801 0 281474976710656 0 281474976710656 20 8
16 0 0 2037454396715 2041463100428 0 281474976710656 0 281474976710656 21 22
17 0 0 1176529410779 1178805212211 0 281474976710656 0 281474976710656 7 23
-1
18 0 0 1131270489202 1133779660928 0 281474976710656 0 281474976710656 24 1
19 0 0 642156841895 643569422673 0 281474976710656 0 281474976710656 9 25
40 0 0 4706338511182 4708705341336 0 281474976710656 0 281474976710656 26 10
20 0 0 2406642330821 2407679491493 0 281474976710656 0 281474976710656 27 28
50 0 0 1699668480083 1700351977911 0 281474976710656 0 281474976710656 3 29
41 0 0 2037538286188 2038987950786 0 281474976710656 0 281474976710656 30 12
21 0 0 962649016128 963305089263 0 281474976710656 0 281474976710656 31 32
22 0 0 558693211588 559065215580 0 281474976710656 0 281474976710656 11 33
42 0 0 1131322550877 1132243181107 0 281474976710656 0 281474976710656 34 4
23 0 0 514734651498 515145123102 0 281474976710656 0 281474976710656 35 36
24 0 0 292981880136 293213083087 0 281474976710656 0 281474976710656 13 37
-1
-1
-1
44 0 0 1176603034331 1176634126581 0 281474976710656 0 281474976710656 38 14
26 0 0 558705257213 558710344026 0 281474976710656 0 281474976710656 39 40
27 0 10 325115352129 325115352130 0 281474976710656 0 281474976710656 0 41
45 0 0 642201373436 642255913102 0 281474976710656 0 281474976710656 42 5
28 0 0 292988741686 293010908805 0 281474976710656 0 281474976710656 43 44
29 0 0 166997818185 167009663803 0 281474976710656 0 281474976710656 15 45
110319012559601 110592078255712
0 157102312582691 159502486802706 0 46
81788019331802 81788019331803
218101384884806 218101384884807
158590695246746 158590695246747
101437842339644 101437842339645
124276392647921 124276392647922
86212142134126 86212142134127
180037134371011 180037134371012
195262834576529 195262834576530
206909141121903 206909141121904
215477122949499 215477122949500
109804156786616 109804156786617
115286852675876 115286852675877
119249876382091 119249876382092
122046809351175 122046809351176
83762851039411 83762851039412
85133254278538 85133254278539
171670819924039 171670819924040
162225100328564 162225100328565
166188124034779 166188124034780
159428167359480 159428167359481
202485018319579 202485018319580
197712125671244 197712125671245
199686957378853 199686957378854
196341722432117 196341722432118
216922116206649 216922116206650
216111248513128 216111248513129
106634642534204 106634642534205
102912549940418 102912549940419
104493308169434 104493308169435
101779813317443 101779813317444
117766894786829 117766894786830
116136297684354 116136297684355
116814896805985 116814896805986
115662097720860 115662097720861
123419904349893 123419904349894
122509036418925 122509036418926
122884281463909 122884281463910
122249985145360 122249985145361
83028450505642 83028450505643
82214624662503 82214624662504
82554120865813 82554120865814
81976698621973 81976698621974
85799095833277 85799095833278
85357902917314 85357902917315
85539899393690 85539899393691
85232063837411 85232063837412
35 0 1 281474976710656 281474976710656 0 281474976710656 0 281474976710656 0 1
38 0 0 69636985922253 69848817496207 0 281474976710656 0 281474976710656 2 1
15 0 0 34193803043522 34222910185143 0 281474976710656 0 281474976710656 3 4
49 0 8 23765096934693 23765096934694 0 281474976710656 0 281474976710656 0 5
30 0 0 41809717021306 41936899696517 0 281474976710656 0 281474976710656 2 6
0 0 0 18455479769395 18534102227029 0 281474976710656 0 281474976710656 7 8
46 0 0 10210295815597 10260109873827 0 281474976710656 0 281474976710656 9 1
31 0 0 20529797638400 20547273428576 0 281474976710656 0 281474976710656 3 10
1 0 0 8224769012077 8236439557426 0 281474976710656 0 281474976710656 11 12
2 0 0 4339454686025 4346775343683 0 281474976710656 0 281474976710656 13 4
-1
3 0 9 4632733132081 4632733132082 0 281474976710656 0 281474976710656 0 14
4 0 0 2387854186735 2388209737486 0 281474976710656 0 281474976710656 15 5
38 0 0 10186653121107 10222219960557 0 281474976710656 0 281474976710656 16 6
15 0 0 5057278917455 5073303501073 0 281474976710656 0 281474976710656 17 18
49 0 0 3530018865033 3540756972698 0 281474976710656 0 281474976710656 2 19
39 0 0 4817144079868 4838749947494 0 281474976710656 0 281474976710656 20 8
16 0 0 2246688325899 2256432136399 0 281474976710656 0 281474976710656 21 22
17 0 0 1295166294469 1300683851227 0 281474976710656 0 281474976710656 7 23
-1
18 0 0 1263483548586 1269702050594 0 281474976710656 0 281474976710656 24 1
19 0 0 716536831453 720032676050 0 281474976710656 0 281474976710656 9 25
40 0 0 4823371893454 4828519733949 0 281474976710656 0 281474976710656 26 10
20 0 0 2457793986575 2460037748276 0 281474976710656 0 281474976710656 27 28
50 0 0 1733342823677 1734818314865 0 281474976710656 0 281474976710656 3 29
41 0 0 2109764702823 2112967247773 0 281474976710656 0 281474976710656 30 12
21 0 0 995300866335 996746991245 0 281474976710656 0 281474976710656 31 32
22 0 0 577196785851 578015799888 0 281474976710656 0 281474976710656 11 33
42 0 0 1177362215750 1179411702919 0 281474976710656 0 281474976710656 34 4
23 0 0 535249650016 536162313809 0 281474976710656 0 281474976710656 35 36
24 0 0 304533694921 305047443097 0 281474976710656 0 281474976710656 13 37
-1
-1
-1
44 0 0 1178114364015 1178179642599 0 281474976710656 0 281474976710656 38 14
26 0 0 558952363788 558963029994 0 281474976710656 0 281474976710656 39 40
27 0 10 325115352129 325115352130 0 281474976710656 0 281474976710656 0 41
45 0 0 644857979945 644972981864 0 281474976710656 0 281474976710656 42 5
28 0 0 294068135927 294114845381 0 281474976710656 0 281474976710656 43 44
29 0 0 167574525149 167599476945 0 281474976710656 0 281474976710656 15 45
106418155251445 106533154570476
0 195216516105777 196377890728365 0 46
81788019331802 81788019331803
218101384884806 218101384884807
158590695246746 158590695246747
101437842339644 101437842339645
124276392647921 124276392647922
86212142134126 86212142134127
180037134371011 180037134371012
195262834576529 195262834576530
206909141121903 206909141121904
215477122949499 215477122949500
109804156786616 109804156786617
115286852675876 115286852675877
119249876382091 119249876382092
122046809351175 122046809351176
83762851039411 83762851039412
85133254278538 85133254278539
171670819924039 171670819924040
162225100328564 162225100328565
166188124034779 166188124034780
159428167359480 159428167359481
202485018319579 202485018319580
197712125671244 197712125671245
199686957378853 199686957378854
196341722432117 196341722432118
216922116206649 216922116206650
216111248513128 216111248513129
106634642534204 106634642534205
102912549940418 102912549940419
104493308169434 104493308169435
101779813317443 101779813317444
117766894786829 117766894786830
116136297684354 116136297684355
116814896805985 116814896805986
115662097720860 115662097720861
123419904349893 123419904349894
122509036418925 122509036418926
122884281463909 122884281463910
122249985145360 122249985145361
83028450505642 83028450505643
82214624662503 82214624662504
82554120865813 82554120865814
81976698621973 81976698621974
85799095833277 85799095833278
85357902917314 85357902917315
85539899393690 85539899393691
85232063837411 85232063837412
36 0 1 281474976710656 281474976710656 0 281474976710656 0 281474976710656 0 1
40 0 0 66602282429046 66691966496585 0 281474976710656 0 281474976710656 2 1
20 0 0 33766018489309 33778958894476 0 281474976710656 0 281474976710656 3 4
50 0 8 23765096934693 23765096934694 0 281474976710656 0 281474976710656 0 5
30 0 0 39987695395669 40041541285687 0 281474976710656 0 281474976710656 2 6
0 0 0 17344777274698 17377184126269 0 281474976710656 0 281474976710656 7 8
46 0 0 9511509947960 9531767085328 0 281474976710656 0 281474976710656 9 1
31 0 0 20272957815124 20280727173189 0 281474976710656 0 281474976710656 3 10
1 0 0 8054389211854 8059511944862 0 281474976710656 0 281474976710656 11 12
2 0 0 4232914395731 4236108545107 0 281474976710656 0 281474976710656 13 4
-1
3 0 9 4632733132081 4632733132082 0 281474976710656 0 281474976710656 0 14
4 0 0 2382585106096 2382745703301 0 281474976710656 0 281474976710656 15 5
38 0 0 9679754601488 9694664078749 0 281474976710656 0 281474976710656 16 6
15 0 0 4828045762087 4834811201360 0 281474976710656 0 281474976710656 17 18
49 0 0 3376184513374 3380730753367 0 281474976710656 0 281474976710656 2 19
39 0 0 4512699717403 4521561580556 0 281474976710656 0 281474976710656 20 8
16 0 0 2109157820031 2113167308892 0 281474976710656 0 281474976710656 21 22
17 0 0 1217219557115 1219493800993 0 281474976710656 0 281474976710656 7 23
-1
18 0 0 1176293587925 1178820012707 0 281474976710656 0 281474976710656 24 1
19 0 0 667497526373 668919129164 0 281474976710656 0 281474976710656 9 25
40 0 0 4747906856618 4750184380759 0 281474976710656 0 281474976710656 26 10
20 0 0 2424841620088 2425837764100 0 281474976710656 0 281474976710656 27 28
50 0 0 1711657687157 1712313658604 0 281474976710656 0 281474976710656 3 29
41 0 0 2063064555128 2064467183809 0 281474976710656 0 281474976710656 30 12
21 0 0 974197115369 974831401997 0 281474976710656 0 281474976710656 31 32
22 0 0 565239894062 565599396564 0 281474976710656 0 281474976710656 11 33
42 0 0 1147553993798 1148447152490 0 281474976710656 0 281474976710656 34 4
23 0 0 521970123798 522368176014 0 281474976710656 0 281474976710656 35 36
24 0 0 297056924080 297281082686 0 281474976710656 0 281474976710656 13 37
-1
-1
-1
44 0 0 1177145894357 1177175442291 0 281474976710656 0 281474976710656 38 14
26 0 0 558794052225 558798884193 0 281474976710656 0 281474976710656 39 40
27 0 10 325115352129 325115352130 0 281474976710656 0 281474976710656 0 41
45 0 0 643154305406 643206215515 0 281474976710656 0 281474976710656 42 5
28 0 0 293376007307 293397100553 0 281474976710656 0 281474976710656 43 44
29 0 0 167204752283 167216022654 0 281474976710656 0 281474976710656 15 45
104532661802273 104595664719522
0 215449982173588 216132571402826 0 46
81788019331802 81788019331803
218101384884806 218101384884807
158590695246746 158590695246747
101437842339644 101437842339645
124276392647921 124276392647922
86212142134126 86212142134127
180037134371011 180037134371012
195262834576529 195262834576530
206909141121903 206909141121904
215477122949499 215477122949500
109804156786616 109804156786617
115286852675876 115286852675877
119249876382091 119249876382092
122046809351175 122046809351176
83762851039411 83762851039412
85133254278538 85133254278539
171670819924039 171670819924040
162225100328564 162225100328565
166188124034779 166188124034780
159428167359480 159428167359481
202485018319579 202485018319580
197712125671244 197712125671245
199686957378853 199686957378854
196341722432117 196341722432118
216922116206649 216922116206650
216111248513128 216111248513129
106634642534204 106634642534205
102912549940418 102912549940419
104493308169434 104493308169435
101779813317443 101779813317444
117766894786829 117766894786830
116136297684354 116136297684355
116814896805985 116814896805986
115662097720860 115662097720861
123419904349893 123419904349894
122509036418925 122509036418926
122884281463909 122884281463910
122249985145360 122249985145361
83028450505642 83028450505643
82214624662503 82214624662504
82554120865813 82554120865814
81976698621973 81976698621974
85799095833277 85799095833278
85357902917314 85357902917315
85539899393690 85539899393691
85232063837411 85232063837412
37 0 1 281474976710656 281474976710656 0 281474976710656 0 281474976710656 0 1
43 0 0 65130086245148 65179331249345 0 281474976710656 0 281474976710656 2 1
25 0 0 33550886857119 33558166836897 0 281474976710656 0 281474976710656 3 4
51 0 8 23765096934693 23765096934694 0 281474976710656 0 281474976710656 0 5
30 0 0 39103795769149 39133362236781 0 281474976710656 0 281474976710656 2 6
0 0 0 16816419722421 16833983431925 0 281474976710656 0 281474976710656 7 8
46 0 0 9182360544966 9193268146816 0 281474976710656 0 281474976710656 9 1
31 0 0 20143793800555 20148164665985 0 281474976710656 0 281474976710656 3 10
1 0 0 7969508721190 7972372307339 0 281474976710656 0 281474976710656 11 12
2 0 0 4180072011335 4181852195096 0 281474976710656 0 281474976710656 13 4
-1
3 0 9 4632733132081 4632733132082 0 281474976710656 0 281474976710656 0 14
4 0 0 2379904013305 2379995087477 0 281474976710656 0 281474976710656 15 5
38 0 0 9435629540901 9443776625226 0 281474976710656 0 281474976710656 16 6
15 0 0 4717068163288 4720777936083 0 281474976710656 0 281474976710656 17 18
49 0 0 3301556350863 3304052665021 0 281474976710656 0 281474976710656 2 19
39 0 0 4368396161268 4373187662980 0 281474976710656 0 281474976710656 20 8
16 0 0 2043815317259 2045986594561 0 281474976710656 0 281474976710656 21 22
17 0 0 1180140548513 1181373132269 0 281474976710656 0 281474976710656 7 23
-1
18 0 0 1135252424186 1136612185487 0 281474976710656 0 281474976710656 24 1
19 0 0 644398521745 645163994031 0 281474976710656 0 281474976710656 9 25
40 0 0 4710091729553 4711369892224 0 281474976710656 0 281474976710656 26 10
20 0 0 2408286964053 2408846981524 0 281474976710656 0 281474976710656 27 28
50 0 0 1700752293852 1701121328578 0 281474976710656 0 281474976710656 3 29
41 0 0 2039837313043 2040620509393 0 281474976710656 0 281474976710656 30 12
21 0 0 963689470535 964043899286 0 281474976710656 0 281474976710656 31 32
22 0 0 559283161865 559484122247 0 281474976710656 0 281474976710656 11 33
42 0 0 1132782646322 1133280129754 0 281474976710656 0 281474976710656 34 4
23 0 0 515385644052 515607444340 0 281474976710656 0 281474976710656 35 36
24 0 0 293348557999 293473487508 0 281474976710656 0 281474976710656 13 37
-1
-1
-1
44 0 0 1176652328780 1176669103319 0 281474976710656 0 281474976710656 38 14
26 0 0 558713321914 558716066197 0 281474976710656 0 281474976710656 39 40
27 0 10 325115352129 325115352130 0 281474976710656 0 281474976710656 0 41
45 0 0 642287844243 642317272367 0 281474976710656 0 281474976710656 42 5
28 0 0 293023886763 293035847314 0 281474976710656 0 281474976710656 43 44
29 0 0 167016598897 167022990289 0 281474976710656 0 281474976710656 15 45
170456973378301 172071593843777
1 171332594519529 180948199313994 0 46
218101384884806 218101384884807
81788019331802 81788019331803
158590695246746 158590695246747
124276392647921 124276392647922
101437842339644 101437842339645
86212142134126 86212142134127
180037134371011 180037134371012
206909141121903 206909141121904
195262834576529 195262834576530
215477122949499 215477122949500
109804156786616 109804156786617
119249876382091 119249876382092
115286852675876 115286852675877
122046809351175 122046809351176
83762851039411 83762851039412
85133254278538 85133254278539
171670819924039 171670819924040
166188124034779 166188124034780
162225100328564 162225100328565
159428167359480 159428167359481
202485018319579 202485018319580
199686957378853 199686957378854
197712125671244 197712125671245
196341722432117 196341722432118
216922116206649 216922116206650
216111248513128 216111248513129
106634642534204 106634642534205
104493308169434 104493308169435
102912549940418 102912549940419
101779813317443 101779813317444
117766894786829 117766894786830
116814896805985 116814896805986
116136297684354 116136297684355
115662097720860 115662097720861
123419904349893 123419904349894
122884281463909 122884281463910
122509036418925 122509036418926
122249985145360 122249985145361
83028450505642 83028450505643
82554120865813 82554120865814
82214624662503 82214624662504
81976698621973 81976698621974
85799095833277 85799095833278
85539899393690 85539899393691
85357902917314 85357902917315
85232063837411 85232063837412
38 0 1 281474976710656 281474976710656 0 281474976710656 0 281474976710656 0 1
30 0 5 168996244868930 168996244868931 0 281474976710656 0 281474976710656 0 2
0 0 0 73823317095295 74715868115209 0 281474976710656 0 281474976710656 3 4
46 0 0 40627225557182 41368981036756 0 281474976710656 0 281474976710656 5 1
38 0 0 41016180484299 41198861855944 0 281474976710656 0 281474976710656 6 2
15 0 0 20419448358685 20445054721507 0 281474976710656 0 281474976710656 7 8
49 0 6 14268451809973 14268451809974 0 281474976710656 0 281474976710656 0 9
39 0 0 19231980247407 19507613042607 0 281474976710656 0 281474976710656 10 4
16 0 0 8981031597943 9096486851018 0 281474976710656 0 281474976710656 11 12
17 0 0 5180763287784 5243400618894 0 281474976710656 0 281474976710656 3 13
-1
18 0 0 5025623723585 5119532282330 0 281474976710656 0 281474976710656 14 1
19 0 0 2851132229394 2903187050396 0 281474976710656 0 281474976710656 5 15
30 0 0 24625920789535 24735601821136 0 281474976710656 0 281474976710656 6 16
0 0 0 10787994300638 10855056251149 0 281474976710656 0 281474976710656 17 18
46 0 0 5945451101337 5987704904136 0 281474976710656 0 281474976710656 19 2
31 0 0 12259740227139 12275114166281 0 281474976710656 0 281474976710656 7 20
1 0 0 4894005150816 4904219056541 0 281474976710656 0 281474976710656 21 22
2 0 0 2577761151404 2584152483089 0 281474976710656 0 281474976710656 23 8
-1
3 0 7 2781471063434 2781471063435 0 281474976710656 0 281474976710656 0 24
4 0 0 1432303205491 1432618007718 0 281474976710656 0 281474976710656 25 9
32 0 0 11546789988888 11712278615607 0 281474976710656 0 281474976710656 10 26
5 0 0 5243773110624 5323401214816 0 281474976710656 0 281474976710656 27 28
47 0 0 2943610827816 2989613153110 0 281474976710656 0 281474976710656 29 4
33 0 0 5392168898416 5461487686353 0 281474976710656 0 281474976710656 11 30
6 0 0 2188304490260 2217258333315 0 281474976710656 0 281474976710656 31 32
7 0 0 1161653749405 1177231796429 0 281474976710656 0 281474976710656 33 12
34 0 0 3110505777181 3148112934556 0 281474976710656 0 281474976710656 3 34
8 0 0 1193630373286 1208313052162 0 281474976710656 0 281474976710656 35 36
9 0 0 617298617258 624951342829 0 281474976710656 0 281474976710656 37 13
-1
-1
-1
36 0 0 3017360716520 3073742971079 0 281474976710656 0 281474976710656 14 38
11 0 0 1234656607314 1257990215155 0 281474976710656 0 281474976710656 39 40
12 0 0 657995914736 670498450780 0 281474976710656 0 281474976710656 41 1
37 0 0 1711806306987 1743059775340 0 281474976710656 0 281474976710656 5 42
13 0 0 659903131186 672028690307 0 281474976710656 0 281474976710656 43 44
14 0 0 341991652641 348294048954 0 281474976710656 0 281474976710656 45 15
175563730003276 176377495235299
1 202310139510784 207402614418379 0 46
218101384884806 218101384884807
81788019331802 81788019331803
158590695246746 158590695246747
124276392647921 124276392647922
101437842339644 101437842339645
86212142134126 86212142134127
180037134371011 180037134371012
206909141121903 206909141121904
195262834576529 195262834576530
215477122949499 215477122949500
109804156786616 109804156786617
119249876382091 119249876382092
115286852675876 115286852675877
122046809351175 122046809351176
83762851039411 83762851039412
85133254278538 85133254278539
171670819924039 171670819924040
166188124034779 166188124034780
162225100328564 162225100328565
159428167359480 159428167359481
202485018319579 202485018319580
199686957378853 199686957378854
197712125671244 197712125671245
196341722432117 196341722432118
216922116206649 216922116206650
216111248513128 216111248513129
106634642534204 106634642534205
104493308169434 104493308169435
102912549940418 102912549940419
101779813317443 101779813317444
117766894786829 117766894786830
116814896805985 116814896805986
116136297684354 116136297684355
115662097720860 115662097720861
123419904349893 123419904349894
122884281463909 122884281463910
122509036418925 122509036418926
122249985145360 122249985145361
83028450505642 83028450505643
82554120865813 82554120865814
82214624662503 82214624662504
81976698621973 81976698621974
85799095833277 85799095833278
85539899393690 85539899393691
85357902917314 85357902917315
85232063837411 85232063837412
39 0 1 281474976710656 281474976710656 0 281474976710656 0 281474976710656 0 1
32 0 5 168996244868930 168996244868931 0 281474976710656 0 281474976710656 0 2
5 0 0 76643625838448 77092285096580 0 281474976710656 0 281474976710656 3 4
47 0 0 42994237789683 43377076599547 0 281474976710656 0 281474976710656 5 1
38 0 0 41586470551259 41675352158734 0 281474976710656 0 281474976710656 6 2
15 0 0 20498982792551 20511272513314 0 281474976710656 0 281474976710656 7 8
49 0 6 14268451809973 14268451809974 0 281474976710656 0 281474976710656 0 9
39 0 0 20106049831683 20245937955468 0 281474976710656 0 281474976710656 10 4
16 0 0 9346295280258 9404521538307 0 281474976710656 0 281474976710656 11 12
17 0 0 5378686553382 5410172505311 0 281474976710656 0 281474976710656 3 13
-1
18 0 0 5325500481473 5374058192630 0 281474976710656 0 281474976710656 14 1
19 0 0 3017244110550 3044110923495 0 281474976710656 0 281474976710656 5 15
30 0 0 24968320248729 25021684345519 0 281474976710656 0 281474976710656 6 16
0 0 0 10997931299427 11030805828056 0 281474976710656 0 281474976710656 17 18
46 0 0 6077913121716 6098705307311 0 281474976710656 0 281474976710656 19 2
31 0 0 12307492325099 12314871015325 0 281474976710656 0 281474976710656 7 20
1 0 0 4925771679317 4930691251242 0 281474976710656 0 281474976710656 21 22
2 0 0 2597651308035 2600734872608 0 281474976710656 0 281474976710656 23 8
-1
3 0 7 2781471063434 2781471063435 0 281474976710656 0 281474976710656 0 24
4 0 0 1433279401957 1433429826571 0 281474976710656 0 281474976710656 25 9
32 0 0 12071577233648 12155565401611 0 281474976710656 0 281474976710656 10 26
5 0 0 5496628896392 5537189388579 0 281474976710656 0 281474976710656 27 28
47 0 0 3089792606440 3113269463269 0 281474976710656 0 281474976710656 29 4
33 0 0 5611471485877 5646430255847 0 281474976710656 0 281474976710656 11 30
6 0 0 2279960093849 2294585558713 0 281474976710656 0 281474976710656 31 32
7 0 0 1210981323719 1218856300589 0 281474976710656 0 281474976710656 33 12
34 0 0 3229337969829 3248241986465 0 281474976710656 0 281474976710656 3 34
8 0 0 1240040682180 1247427883800 0 281474976710656 0 281474976710656 35 36
9 0 0 641491736873 645343589352 0 281474976710656 0 281474976710656 37 13
-1
-1
-1
36 0 0 3197405303782 3226559123923 0 281474976710656 0 281474976710656 14 38
11 0 0 1309192873995 1321269108645 0 281474976710656 0 281474976710656 39 40
12 0 0 697940219762 704413701234 0 281474976710656 0 281474976710656 41 1
37 0 0 1811539094859 1827669802293 0 281474976710656 0 281474976710656 5 42
13 0 0 698604201679 704865655352 0 281474976710656 0 281474976710656 43 44
14 0 0 362108702542 365363914133 0 281474976710656 0 281474976710656 45 15
168874173998044 169605473221824
1 162061350227347 166326122601752 0 46
218101384884806 218101384884807
81788019331802 81788019331803
158590695246746 158590695246747
124276392647921 124276392647922
101437842339644 101437842339645
86212142134126 86212142134127
180037134371011 180037134371012
206909141121903 206909141121904
195262834576529 195262834576530
215477122949499 215477122949500
109804156786616 109804156786617
119249876382091 119249876382092
115286852675876 115286852675877
122046809351175 122046809351176
83762851039411 83762851039412
85133254278538 85133254278539
171670819924039 171670819924040
166188124034779 166188124034780
162225100328564 162225100328565
159428167359480 159428167359481
202485018319579 202485018319580
199686957378853 199686957378854
197712125671244 197712125671245
196341722432117 196341722432118
216922116206649 216922116206650
216111248513128 216111248513129
106634642534204 106634642534205
104493308169434 104493308169435
102912549940418 102912549940419
101779813317443 101779813317444
117766894786829 117766894786830
116814896805985 116814896805986
116136297684354 116136297684355
115662097720860 115662097720861
123419904349893 123419904349894
122884281463909 122884281463910
122509036418925 122509036418926
122249985145360 122249985145361
83028450505642 83028450505643
82554120865813 82554120865814
82214624662503 82214624662504
81976698621973 81976698621974
85799095833277 85799095833278
85539899393690 85539899393691
85357902917314 85357902917315
85232063837411 85232063837412
40 0 1 281474976710656 281474976710656 0 281474976710656 0 281474976710656 0 1
30 0 5 168996244868930 168996244868931 0 281474976710656 0 281474976710656 0 2
0 0 0 72947661592876 73352322405830 0 281474976710656 0 281474976710656 3 4
46 0 0 39906059868763 40238523728494 0 281474976710656 0 281474976710656 5 1
38 0 0 40834919019865 40918937781900 0 281474976710656 0 281474976710656 6 2
15 0 0 20393919372252 20405767764070 0 281474976710656 0 281474976710656 7 8
49 0 6 14268451809973 14268451809974 0 281474976710656 0 281474976710656 0 9
39 0 0 18962454645969 19086899110174 0 281474976710656 0 281474976710656 10 4
16 0 0 8867889311099 8920159272466 0 281474976710656 0 281474976710656 11 12
17 0 0 5119311648137 5147709882819 0 281474976710656 0 281474976710656 3 13
-1
18 0 0 4934378928356 4976436583115 0 281474976710656 0 281474976710656 14 1
19 0 0 2800522356118 2823853962267 0 281474976710656 0 281474976710656 5 15
30 0 0 24517092263508 24567536730894 0 281474976710656 0 281474976710656 6 16
0 0 0 10721627783856 10752368596663 0 281474976710656 0 281474976710656 17 18
46 0 0 5903690709656 5923027187549 0 281474976710656 0 281474976710656 19 2
31 0 0 12244412744416 12251526462831 0 281474976710656 0 281474976710656 7 20
1 0 0 4883834785932 4888553434110 0 281474976710656 0 281474976710656 21 22
2 0 0 2571400795087 2574351286691 0 281474976710656 0 281474976710656 23 8
-1
3 0 7 2781471063434 2781471063435 0 281474976710656 0 281474976710656 0 24
4 0 0 1431988868070 1432134817345 0 281474976710656 0 281474976710656 25 9
32 0 0 11384968092422 11459683960210 0 281474976710656 0 281474976710656 10 26
5 0 0 5166006707868 5201900753397 0 281474976710656 0 281474976710656 27 28
47 0 0 2898713160804 2919432645927 0 281474976710656 0 281474976710656 29 4
33 0 0 5324238804466 5355621442077 0 281474976710656 0 281474976710656 11 30
6 0 0 2159946363103 2173045439518 0 281474976710656 0 281474976710656 31 32
7 0 0 1146400230442 1153445581594 0 281474976710656 0 281474976710656 33 12
34 0 0 3073610503353 3090660669156 0 281474976710656 0 281474976710656 3 34
8 0 0 1179230092889 1185884247059 0 281474976710656 0 281474976710656 35 36
9 0 0 609794143304 613261717197 0 281474976710656 0 281474976710656 37 13
-1
-1
-1
36 0 0 2962577772978 2987828989997 0 281474976710656 0 281474976710656 14 38
11 0 0 1211991905972 1222437928686 0 281474976710656 0 281474976710656 39 40
12 0 0 645853596661 651449694822 0 281474976710656 0 281474976710656 41 1
37 0 0 1681420378416 1695428564409 0 281474976710656 0 281474976710656 5 42
13 0 0 648116170716 653549817417 0 281474976710656 0 281474976710656 43 44
14 0 0 335865727203 338689645878 0 281474976710656 0 281474976710656 45 15
174809809675684 175152983807670
1 197631366626630 199756435084982 0 46
218101384884806 218101384884807
81788019331802 81788019331803
158590695246746 158590695246747
124276392647921 124276392647922
101437842339644 101437842339645
86212142134126 86212142134127
180037134371011 180037134371012
206909141121903 206909141121904
195262834576529 195262834576530
215477122949499 215477122949500
109804156786616 109804156786617
119249876382091 119249876382092
115286852675876 115286852675877
122046809351175 122046809351176
83762851039411 83762851039412
85133254278538 85133254278539
171670819924039 171670819924040
166188124034779 166188124034780
162225100328564 162225100328565
159428167359480 159428167359481
202485018319579 202485018319580
199686957378853 199686957378854
197712125671244 197712125671245
196341722432117 196341722432118
216922116206649 216922116206650
216111248513128 216111248513129
106634642534204 106634642534205
104493308169434 104493308169435
102912549940418 102912549940419
101779813317443 101779813317444
117766894786829 117766894786830
116814896805985 116814896805986
116136297684354 116136297684355
115662097720860 115662097720861
123419904349893 123419904349894
122884281463909 122884281463910
122509036418925 122509036418926
122249985145360 122249985145361
83028450505642 83028450505643
82554120865813 82554120865814
82214624662503 82214624662504
81976698621973 81976698621974
85799095833277 85799095833278
85539899393690 85539899393691
85357902917314 85357902917315
85232063837411 85232063837412
41 0 1 281474976710656 281474976710656 0 281474976710656 0 281474976710656 0 1
32 0 5 168996244868930 168996244868931 0 281474976710656 0 281474976710656 0 2
5 0 0 76227766008602 76417082659051 0 281474976710656 0 281474976710656 3 4
47 0 0 42640937206150 42801589601672 0 281474976710656 0 281474976710656 5 1
38 0 0 41503643767592 41541403066971 0 281474976710656 0 281474976710656 6 2
15 0 0 20487504744071 20492740449422 0 281474976710656 0 281474976710656 7 8
49 0 6 14268451809973 14268451809974 0 281474976710656 0 281474976710656 0 9
39 0 0 19976593854803 20035503055488 0 281474976710656 0 281474976710656 10 4
16 0 0 9292354861212 9316907292992 0 281474976710656 0 281474976710656 11 12
17 0 0 5349502395529 5362788235167 0 281474976710656 0 281474976710656 3 13
-1
18 0 0 5280702980975 5301071609957 0 281474976710656 0 281474976710656 14 1
19 0 0 2992450227469 3003724470698 0 281474976710656 0 281474976710656 5 15
30 0 0 24918591439519 24941261944295 0 281474976710656 0 281474976710656 6 16
0 0 0 10967333965699 10981278251329 0 281474976710656 0 281474976710656 17 18
46 0 0 6058573260541 6067385675286 0 281474976710656 0 281474976710656 19 2
31 0 0 12300600959074 12303744451806 0 281474976710656 0 281474976710656 7 20
1 0 0 4921179677348 4923273998134 0 281474976710656 0 281474976710656 21 22
2 0 0 2594773847927 2596086106225 0 281474976710656 0 281474976710656 23 8
-1
3 0 7 2781471063434 2781471063435 0 281474976710656 0 281474976710656 0 24
4 0 0 1433138811300 1433202953735 0 281474976710656 0 281474976710656 25 9
32 0 0 11993852477351 12029221282850 0 281474976710656 0 281474976710656 10 26
5 0 0 5459115920644 5476183563536 0 281474976710656 0 281474976710656 27 28
47 0 0 3068086510979 3077961529470 0 281474976710656 0 281474976710656 29 4
33 0 0 5579085913376 5593827077305 0 281474976710656 0 281474976710656 11 30
6 0 0 2266414761987 2272579853791 0 281474976710656 0 281474976710656 31 32
7 0 0 1203688861191 1207007879582 0 281474976710656 0 281474976710656 33 12
34 0 0 3211815939472 3219792694760 0 281474976710656 0 281474976710656 3 34
8 0 0 1233194543490 1236311068248 0 281474976710656 0 281474976710656 35 36
9 0 0 637922249604 639547135884 0 281474976710656 0 281474976710656 37 13
-1
-1
-1
36 0 0 3170509096339 3182738324853 0 281474976710656 0 281474976710656 14 38
11 0 0 1298053492832 1303118169852 0 281474976710656 0 281474976710656 39 40
12 0 0 691969375314 694684052172 0 281474976710656 0 281474976710656 41 1
37 0 0 1796652964712 1803421967029 0 281474976710656 0 281474976710656 5 42
13 0 0 692826338546 695453583553 0 281474976710656 0 281474976710656 43 44
14 0 0 359105015812 360470804748 0 281474976710656 0 281474976710656 45 15
177872433063472 178070903912371
1 216874162383620 218143106950759 0 46
218101384884806 218101384884807
81788019331802 81788019331803
158590695246746 158590695246747
124276392647921 124276392647922
101437842339644 101437842339645
86212142134126 86212142134127
180037134371011 180037134371012
206909141121903 206909141121904
195262834576529 195262834576530
215477122949499 215477122949500
109804156786616 109804156786617
119249876382091 119249876382092
115286852675876 115286852675877
122046809351175 122046809351176
83762851039411 83762851039412
85133254278538 85133254278539
171670819924039 171670819924040
166188124034779 166188124034780
162225100328564 162225100328565
159428167359480 159428167359481
202485018319579 202485018319580
199686957378853 199686957378854
197712125671244 197712125671245
196341722432117 196341722432118
216922116206649 216922116206650
216111248513128 216111248513129
106634642534204 106634642534205
104493308169434 104493308169435
102912549940418 102912549940419
101779813317443 101779813317444
117766894786829 117766894786830
116814896805985 116814896805986
116136297684354 116136297684355
115662097720860 115662097720861
123419904349893 123419904349894
122884281463909 122884281463910
122509036418925 122509036418926
122249985145360 122249985145361
83028450505642 83028450505643
82554120865813 82554120865814
82214624662503 82214624662504
81976698621973 81976698621974
85799095833277 85799095833278
85539899393690 85539899393691
85357902917314 85357902917315
85232063837411 85232063837412
42 0 1 281474976710656 281474976710656 0 281474976710656 0 281474976710656 0 1
35 0 5 168996244868930 168996244868931 0 281474976710656 0 281474976710656 0 2
10 0 0 77915911850035 78025199407262 0 281474976710656 0 281474976710656 3 4
48 0 0 44084410847291 44178710385719 0 281474976710656 0 281474976710656 5 1
38 0 0 41837242313121 41858600929367 0 281474976710656 0 281474976710656 6 2
15 0 0 20533584668790 20536521412340 0 281474976710656 0 281474976710656 7 8
49 0 6 14268451809973 14268451809974 0 281474976710656 0 281474976710656 0 9
39 0 0 20503336359417 20537548918200 0 281474976710656 0 281474976710656 10 4
16 0 0 9511495288782 9525697939120 0 281474976710656 0 281474976710656 11 12
17 0 0 5467972878079 5475642446267 0 281474976710656 0 281474976710656 3 13
-1
18 0 0 5463814003759 5475783907919 0 281474976710656 0 281474976710656 14 1
19 0 0 3093750135698 3100367876624 0 281474976710656 0 281474976710656 5 15
30 0 0 25118882428603 25131706040789 0 281474976710656 0 281474976710656 6 16
0 0 0 11090791651542 11098716138673 0 281474976710656 0 281474976710656 17 18
46 0 0 6136679177407 6141699091842 0 281474976710656 0 281474976710656 19 2
31 0 0 12328267127955 12330030334894 0 281474976710656 0 281474976710656 7 20
1 0 0 4939630327202 4940807618649 0 281474976710656 0 281474976710656 21 22
2 0 0 2606340070057 2607078498094 0 281474976710656 0 281474976710656 23 8
-1
3 0 7 2781471063434 2781471063435 0 281474976710656 0 281474976710656 0 24
4 0 0 1433702639673 1433738520230 0 281474976710656 0 281474976710656 25 9
32 0 0 12310106186057 12330647244553 0 281474976710656 0 281474976710656 10 26
5 0 0 5611888343825 5621823548327 0 281474976710656 0 281474976710656 27 28
47 0 0 3156526019905 3162281228157 0 281474976710656 0 281474976710656 29 4
33 0 0 5710656789733 5719183993829 0 281474976710656 0 281474976710656 11 30
6 0 0 2321466064706 2325035943701 0 281474976710656 0 281474976710656 31 32
7 0 0 1233332609422 1235255404387 0 281474976710656 0 281474976710656 33 12
34 0 0 3282945056925 3287549829395 0 281474976710656 0 281474976710656 3 34
8 0 0 1260991905922 1262792011663 0 281474976710656 0 281474976710656 35 36
9 0 0 652416880231 653355657855 0 281474976710656 0 281474976710656 37 13
-1
-1
-1
36 0 0 3280448088452 3287634762302 0 281474976710656 0 281474976710656 14 38
11 0 0 1343596255458 1346574309467 0 281474976710656 0 281474976710656 39 40
12 0 0 716383483870 717980170811 0 281474976710656 0 281474976710656 41 1
37 0 0 1857472950546 1861446210902 0 281474976710656 0 281474976710656 5 42
13 0 0 716435762754 717978391526 0 281474976710656 0 281474976710656 43 44
14 0 0 371379334585 372181396682 0 281474976710656 0 281474976710656 45 15
168016859086625 168432740624362
1 157102312582691 159502486802706 0 46
218101384884806 218101384884807
81788019331802 81788019331803
158590695246746 158590695246747
124276392647921 124276392647922
101437842339644 101437842339645
86212142134126 86212142134127
180037134371011 180037134371012
206909141121903 206909141121904
195262834576529 195262834576530
215477122949499 215477122949500
109804156786616 109804156786617
119249876382091 119249876382092
115286852675876 115286852675877
122046809351175 122046809351176
83762851039411 83762851039412
85133254278538 85133254278539
171670819924039 171670819924040
166188124034779 166188124034780
162225100328564 162225100328565
159428167359480 159428167359481
202485018319579 202485018319580
199686957378853 199686957378854
197712125671244 197712125671245
196341722432117 196341722432118
216922116206649 216922116206650
216111248513128 216111248513129
106634642534204 106634642534205
104493308169434 104493308169435
102912549940418 102912549940419
101779813317443 101779813317444
117766894786829 117766894786830
116814896805985 116814896805986
116136297684354 116136297684355
115662097720860 115662097720861
123419904349893 123419904349894
122884281463909 122884281463910
122509036418925 122509036418926
122249985145360 122249985145361
83028450505642 83028450505643
82554120865813 82554120865814
82214624662503 82214624662504
81976698621973 81976698621974
85799095833277 85799095833278
85539899393690 85539899393691
85357902917314 85357902917315
85232063837411 85232063837412
43 0 1 281474976710656 281474976710656 0 281474976710656 0 281474976710656 0 1
30 0 5 168996244868930 168996244868931 0 281474976710656 0 281474976710656 0 2
0 0 0 72473096499553 72703330007854 0 281474976710656 0 281474976710656 3 4
46 0 0 39517917475450 39705987220787 0 281474976710656 0 281474976710656 5 1
38 0 0 40735824944296 40783976133168 0 281474976710656 0 281474976710656 6 2
15 0 0 20379911289848 20386722585090 0 281474976710656 0 281474976710656 7 8
49 0 6 14268451809973 14268451809974 0 281474976710656 0 281474976710656 0 9
39 0 0 18816752800871 18887407127368 0 281474976710656 0 281474976710656 10 4
16 0 0 8806624334006 8836342154742 0 281474976710656 0 281474976710656 11 12
17 0 0 5086007679826 5102164977472 0 281474976710656 0 281474976710656 3 13
-1
18 0 0 4885293023085 4909074954865 0 281474976710656 0 281474976710656 14 1
19 0 0 2773283348975 2786481683466 0 281474976710656 0 281474976710656 5 15
30 0 0 24457596649171 24486506395254 0 281474976710656 0 281474976710656 6 16
0 0 0 10685419060055 10703006915832 0 281474976710656 0 281474976710656 17 18
46 0 0 5880929968187 5891983617639 0 281474976710656 0 281474976710656 19 2
31 0 0 12236002357988 12240091827440 0 281474976710656 0 281474976710656 7 20
1 0 0 4878259549730 4880969979281 0 281474976710656 0 281474976710656 21 22
2 0 0 2567915726135 2569609870462 0 281474976710656 0 281474976710656 23 8
-1
3 0 7 2781471063434 2781471063435 0 281474976710656 0 281474976710656 0 24
4 0 0 1431816180242 1431900166367 0 281474976710656 0 281474976710656 25 9
32 0 0 11297489393677 11339909917168 0 281474976710656 0 281474976710656 10 26
5 0 0 5124007538353 5144370406408 0 281474976710656 0 281474976710656 27 28
47 0 0 2874477390863 2886226798889 0 281474976710656 0 281474976710656 29 4
33 0 0 5287455601953 5305298040982 0 281474976710656 0 281474976710656 11 30
6 0 0 2144597336037 2152042121057 0 281474976710656 0 281474976710656 31 32
7 0 0 1138145826653 1142149338571 0 281474976710656 0 281474976710656 33 12
34 0 0 3053614958280 3063315723376 0 281474976710656 0 281474976710656 3 34
8 0 0 1171427657634 1175212817070 0 281474976710656 0 281474976710656 35 36
9 0 0 605728472028 607700793486 0 281474976710656 0 281474976710656 37 13
-1
-1
-1
36 0 0 2933106827590 2947385386961 0 281474976710656 0 281474976710656 14 38
11 0 0 1199802129876 1205707775892 0 281474976710656 0 281474976710656 39 40
12 0 0 639323825154 642487273410 0 281474976710656 0 281474976710656 41 1
37 0 0 1665066207345 1672990424957 0 281474976710656 0 281474976710656 5 42
13 0 0 641773077010 644846474376 0 281474976710656 0 281474976710656 43 44
14 0 0 332569288636 334166483347 0 281474976710656 0 281474976710656 45 15
174418317971564 174606800733230
1 195216516105777 196377890728365 0 46
218101384884806 218101384884807
81788019331802 81788019331803
158590695246746 158590695246747
124276392647921 124276392647922
101437842339644 101437842339645
86212142134126 86212142134127
180037134371011 180037134371012
206909141121903 206909141121904
195262834576529 195262834576530
215477122949499 215477122949500
109804156786616 109804156786617
119249876382091 119249876382092
115286852675876 115286852675877
122046809351175 122046809351176
83762851039411 83762851039412
85133254278538 85133254278539
171670819924039 171670819924040
166188124034779 166188124034780
162225100328564 162225100328565
159428167359480 159428167359481
202485018319579 202485018319580
199686957378853 199686957378854
197712125671244 197712125671245
196341722432117 196341722432118
216922116206649 216922116206650
216111248513128 216111248513129
106634642534204 106634642534205
104493308169434 104493308169435
102912549940418 102912549940419
101779813317443 101779813317444
117766894786829 117766894786830
116814896805985 116814896805986
116136297684354 116136297684355
115662097720860 115662097720861
123419904349893 123419904349894
122884281463909 122884281463910
122509036418925 122509036418926
122249985145360 122249985145361
83028450505642 83028450505643
82554120865813 82554120865814
82214624662503 82214624662504
81976698621973 81976698621974
85799095833277 85799095833278
85539899393690 85539899393691
85357902917314 85357902917315
85232063837411 85232063837412
44 0 1 281474976710656 281474976710656 0 281474976710656 0 281474976710656 0 1
32 0 5 168996244868930 168996244868931 0 281474976710656 0 281474976710656 0 2
5 0 0 76011747977655 76115755479360 0 281474976710656 0 281474976710656 3 4
47 0 0 42458002765226 42546031252270 0 281474976710656 0 281474976710656 5 1
38 0 0 41460449905832 41481261245381 0 281474976710656 0 281474976710656 6 2
15 0 0 20481509179288 20484398757359 0 281474976710656 0 281474976710656 7 8
49 0 6 14268451809973 14268451809974 0 281474976710656 0 281474976710656 0 9
39 0 0 19909426151178 19941759122705 0 281474976710656 0 281474976710656 10 4
16 0 0 9264346656284 9277830987173 0 281474976710656 0 281474976710656 11 12
17 0 0 5334342709833 5341641734961 0 281474976710656 0 281474976710656 3 13
-1
18 0 0 5257512603717 5268671425989 0 281474976710656 0 281474976710656 14 1
19 0 0 2979612277714 2985789929599 0 281474976710656 0 281474976710656 5 15
30 0 0 24892658049190 24905153079035 0 281474976710656 0 281474976710656 6 16
0 0 0 10951391992896 10959071799573 0 281474976710656 0 281474976710656 17 18
46 0 0 6048501322703 6053352933454 0 281474976710656 0 281474976710656 19 2
31 0 0 12297001250332 12298736139341 0 281474976710656 0 281474976710656 7 20
1 0 0 4918782062883 4919937512039 0 281474976710656 0 281474976710656 21 22
2 0 0 2593271745680 2593995607222 0 281474976710656 0 281474976710656 23 8
-1
3 0 7 2781471063434 2781471063435 0 281474976710656 0 281474976710656 0 24
4 0 0 1433065334942 1433100750387 0 281474976710656 0 281474976710656 25 9
32 0 0 11953525305743 11972937868940 0 281474976710656 0 281474976710656 10 26
5 0 0 5439661090748 5449025457480 0 281474976710656 0 281474976710656 27 28
47 0 0 3056831971959 3062248998500 0 281474976710656 0 281474976710656 29 4
33 0 0 5562269919593 5570365848090 0 281474976710656 0 281474976710656 11 30
6 0 0 2259382807597 2262768169992 0 281474976710656 0 281474976710656 31 32
7 0 0 1199903387023 1201725780928 0 281474976710656 0 281474976710656 33 12
34 0 0 3202714135873 3207096436042 0 281474976710656 0 281474976710656 3 34
8 0 0 1229638710124 1231350725513 0 281474976710656 0 281474976710656 35 36
9 0 0 636068376948 636960947021 0 281474976710656 0 281474976710656 37 13
-1
-1
-1
36 0 0 3156585703505 3163285407625 0 281474976710656 0 281474976710656 14 38
11 0 0 1292287596683 1295061994946 0 281474976710656 0 281474976710656 39 40
12 0 0 688878949243 690365967303 0 281474976710656 0 281474976710656 41 1
37 0 0 1788945120392 1792654153369 0 281474976710656 0 281474976710656 5 42
13 0 0 689834819155 691274329783 0 281474976710656 0 281474976710656 43 44
14 0 0 357549884644 358298205620 0 281474976710656 0 281474976710656 45 15
177649175787674 177756246784705
1 215449982173588 216132571402826 0 46
218101384884806 218101384884807
81788019331802 81788019331803
158590695246746 158590695246747
124276392647921 124276392647922
101437842339644 101437842339645
86212142134126 86212142134127
180037134371011 180037134371012
206909141121903 206909141121904
195262834576529 195262834576530
215477122949499 215477122949500
109804156786616 109804156786617
119249876382091 119249876382092
115286852675876 115286852675877
122046809351175 122046809351176
83762851039411 83762851039412
85133254278538 85133254278539
171670819924039 171670819924040
166188124034779 166188124034780
162225100328564 162225100328565
159428167359480 159428167359481
202485018319579 202485018319580
199686957378853 199686957378854
197712125671244 197712125671245
196341722432117 196341722432118
216922116206649 216922116206650
216111248513128 216111248513129
106634642534204 106634642534205
104493308169434 104493308169435
102912549940418 102912549940419
101779813317443 101779813317444
117766894786829 117766894786830
116814896805985 116814896805986
116136297684354 116136297684355
115662097720860 115662097720861
123419904349893 123419904349894
122884281463909 122884281463910
122509036418925 122509036418926
122249985145360 122249985145361
83028450505642 83028450505643
82554120865813 82554120865814
82214624662503 82214624662504
81976698621973 81976698621974
85799095833277 85799095833278
85539899393690 85539899393691
85357902917314 85357902917315
85232063837411 85232063837412
45 0 1 281474976710656 281474976710656 0 281474976710656 0 281474976710656 0 1
35 0 5 168996244868930 168996244868931 0 281474976710656 0 281474976710656 0 2
10 0 0 77792959045546 77851927646241 0 281474976710656 0 281474976710656 3 4
48 0 0 43978444402036 44029249873831 0 281474976710656 0 281474976710656 5 1
38 0 0 41813178849854 41824724294289 0 281474976710656 0 281474976710656 6 2
15 0 0 20530274077392 20531862727534 0 281474976710656 0 281474976710656 7 8
49 0 6 14268451809973 14268451809974 0 281474976710656 0 281474976710656 0 9
39 0 0 20464862178135 20483312378569 0 281474976710656 0 281474976710656 10 4
16 0 0 9495519051904 9503181007211 0 281474976710656 0 281474976710656 11 12
17 0 0 5459344311920 5463482602825 0 281474976710656 0 281474976710656 3 13
-1
18 0 0 5450364267399 5456812579594 0 281474976710656 0 281474976710656 14 1
19 0 0 3086313636081 3089879055971 0 281474976710656 0 281474976710656 5 15
30 0 0 25104434839059 25111366669297 0 281474976710656 0 281474976710656 6 16
0 0 0 11081866513243 11086148334670 0 281474976710656 0 281474976710656 17 18
46 0 0 6131026314393 6133738143460 0 281474976710656 0 281474976710656 19 2
31 0 0 12326279464536 12327233282568 0 281474976710656 0 281474976710656 7 20
1 0 0 4938303368168 4938940107970 0 281474976710656 0 281474976710656 21 22
2 0 0 2605507826305 2605907169637 0 281474976710656 0 281474976710656 23 8
-1
3 0 7 2781471063434 2781471063435 0 281474976710656 0 281474976710656 0 24
4 0 0 1433662183902 1433681598381 0 281474976710656 0 281474976710656 25 9
32 0 0 12287006469566 12298083882653 0 281474976710656 0 281474976710656 10 26
5 0 0 5600717388402 5606074153955 0 281474976710656 0 281474976710656 27 28
47 0 0 3150055517485 3153158220816 0 281474976710656 0 281474976710656 29 4
33 0 0 5701064732666 5705664934398 0 281474976710656 0 281474976710656 11 30
6 0 0 2317450674223 2319376355546 0 281474976710656 0 281474976710656 31 32
7 0 0 1231169927887 1232207086446 0 281474976710656 0 281474976710656 33 12
34 0 0 3277764506610 3280249116899 0 281474976710656 0 281474976710656 3 34
8 0 0 1258966796370 1259938035477 0 281474976710656 0 281474976710656 35 36
9 0 0 651360779464 651867281070 0 281474976710656 0 281474976710656 37 13
-1
-1
-1
36 0 0 3272372930348 3276244466494 0 281474976710656 0 281474976710656 14 38
11 0 0 1340250163241 1341854388297 0 281474976710656 0 281474976710656 39 40
12 0 0 714589508029 715449593541 0 281474976710656 0 281474976710656 41 1
37 0 0 1853008111345 1855148772586 0 281474976710656 0 281474976710656 5 42
13 0 0 714702316161 715533409688 0 281474976710656 0 281474976710656 43 44
14 0 0 370478069487 370910175941 0 281474976710656 0 281474976710656 45 15
47514137614978 47561085036920
0 77267640665670 79164837199872 0 36
74565835588752 74565835588753
124276392647921 124276392647922
101437842339644 101437842339645
86212142134126 86212142134127
109804156786616 109804156786617
115286852675876 115286852675877
119249876382091 119249876382092
122046809351175 122046809351176
78989958391076 78989958391077
81788019331802 81788019331803
83762851039411 83762851039412
85133254278538 85133254278539
106634642534204 106634642534205
102912549940418 102912549940419
104493308169434 104493308169435
101779813317443 101779813317444
117766894786829 117766894786830
116136297684354 116136297684355
116814896805985 116814896805986
115662097720860 115662097720861
123419904349893 123419904349894
122509036418925 122509036418926
122884281463909 122884281463910
122249985145360 122249985145361
77336355595267 77336355595268
75359645121909 75359645121910
76203803876135 76203803876136
74750456689769 74750456689770
83028450505642 83028450505643
82214624662503 82214624662504
82554120865813 82554120865814
81976698621973 81976698621974
85799095833277 85799095833278
85357902917314 85357902917315
85539899393690 85539899393691
85232063837411 85232063837412
46 0 1 281474976710656 281474976710656 0 281474976710656 0 281474976710656 0 1
-1
18 0 0 34795417137209 34833350830125 0 281474976710656 0 281474976710656 2 1
19 0 2 19753314848887 19753314848888 0 281474976710656 0 281474976710656 0 3
-1
-1
-1
36 0 0 20891003895103 20913779104935 0 281474976710656 0 281474976710656 2 4
11 0 0 8545430579919 8559378491781 0 281474976710656 0 281474976710656 5 6
12 0 0 4553462933029 4562078424173 0 281474976710656 0 281474976710656 7 1
37 0 3 11859796818128 11859796818129 0 281474976710656 0 281474976710656 0 8
13 0 0 4571127336515 4572490189810 0 281474976710656 0 281474976710656 9 10
14 0 0 2368766052578 2369796327118 0 281474976710656 0 281474976710656 11 3
-1
-1
-1
-1
-1
-1
-1
-1
-1
40 0 0 4947132278237 4953539403153 0 281474976710656 0 281474976710656 12 4
20 0 0 2506672444635 2509551444282 0 281474976710656 0 281474976710656 13 14
50 0 0 1763839679221 1765762603511 0 281474976710656 0 281474976710656 2 15
41 0 0 2200032014283 2203833445824 0 281474976710656 0 281474976710656 16 6
21 0 0 1035400888234 1037124860500 0 281474976710656 0 281474976710656 17 18
22 0 0 599700132271 600678967043 0 281474976710656 0 281474976710656 5 19
42 0 0 1237885722954 1240292778947 0 281474976710656 0 281474976710656 20 1
23 0 0 562023089533 563096403547 0 281474976710656 0 281474976710656 21 22
24 0 0 319552338257 320156955091 0 281474976710656 0 281474976710656 7 23
43 0 0 2745447368302 2745762622949 0 281474976710656 0 281474976710656 24 8
25 0 0 1413829881494 1413876479881 0 281474976710656 0 281474976710656 25 26
51 0 4 1001329582836 1001329582837 0 281474976710656 0 281474976710656 0 27
44 0 0 1164767516467 1165173978798 0 281474976710656 0 281474976710656 28 10
26 0 0 551898107619 552072305729 0 281474976710656 0 281474976710656 29 30
27 0 0 320791988501 320887630646 0 281474976710656 0 281474976710656 9 31
45 0 0 640382461990 640678365257 0 281474976710656 0 281474976710656 32 3
28 0 0 291821951835 291951549637 0 281474976710656 0 281474976710656 33 34
29 0 0 166234960516 166307262992 0 281474976710656 0 281474976710656 11 35
47586797916253 47609433676299
0 75324289542288 76232806192470 0 36
74565835588752 74565835588753
124276392647921 124276392647922
101437842339644 101437842339645
86212142134126 86212142134127
109804156786616 109804156786617
115286852675876 115286852675877
119249876382091 119249876382092
122046809351175 122046809351176
78989958391076 78989958391077
81788019331802 81788019331803
83762851039411 83762851039412
85133254278538 85133254278539
106634642534204 106634642534205
102912549940418 102912549940419
104493308169434 104493308169435
101779813317443 101779813317444
117766894786829 117766894786830
116136297684354 116136297684355
116814896805985 116814896805986
115662097720860 115662097720861
123419904349893 123419904349894
122509036418925 122509036418926
122884281463909 122884281463910
122249985145360 122249985145361
77336355595267 77336355595268
75359645121909 75359645121910
76203803876135 76203803876136
74750456689769 74750456689770
83028450505642 83028450505643
82214624662503 82214624662504
82554120865813 82554120865814
81976698621973 81976698621974
85799095833277 85799095833278
85357902917314 85357902917315
85539899393690 85539899393691
85232063837411 85232063837412
47 0 1 281474976710656 281474976710656 0 281474976710656 0 281474976710656 0 1
-1
18 0 0 34854121452717 34872403195285 0 281474976710656 0 281474976710656 2 1
19 0 2 19753314848887 19753314848888 0 281474976710656 0 281474976710656 0 3
-1
-1
-1
36 0 0 20926249688510 20937225960290 0 281474976710656 0 281474976710656 2 4
11 0 0 8567020480496 8573749564033 0 281474976710656 0 281474976710656 5 6
12 0 0 4566800228596 4570958803419 0 281474976710656 0 281474976710656 7 1
37 0 3 11859796818128 11859796818129 0 281474976710656 0 281474976710656 0 8
13 0 0 4573235736147 4573891545430 0 281474976710656 0 281474976710656 9 10
14 0 0 2370360026301 2370855928599 0 281474976710656 0 281474976710656 11 3
-1
-1
-1
-1
-1
-1
-1
-1
-1
40 0 0 4957048462705 4960137530343 0 281474976710656 0 281474976710656 12 4
20 0 0 2511127949352 2512515609061 0 281474976710656 0 281474976710656 13 14
50 0 0 1766815502176 1767742235224 0 281474976710656 0 281474976710656 2 15
41 0 0 2205916461427 2207750777139 0 281474976710656 0 281474976710656 16 6
21 0 0 1038069451902 1038901224300 0 281474976710656 0 281474976710656 17 18
22 0 0 601215265547 601687498310 0 281474976710656 0 281474976710656 5 19
42 0 0 1241612069696 1242774038827 0 281474976710656 0 281474976710656 20 1
23 0 0 563684655852 564202746885 0 281474976710656 0 281474976710656 21 22
24 0 0 320488321276 320780161208 0 281474976710656 0 281474976710656 7 23
43 0 0 2745935045744 2746086693585 0 281474976710656 0 281474976710656 24 8
25 0 0 1413901963599 1413924375411 0 281474976710656 0 281474976710656 25 26
51 0 4 1001329582836 1001329582837 0 281474976710656 0 281474976710656 0 27
44 0 0 1165396346359 1165591956502 0 281474976710656 0 281474976710656 28 10
26 0 0 552167602410 552251429919 0 281474976710656 0 281474976710656 29 30
27 0 0 320939951501 320985974801 0 281474976710656 0 281474976710656 9 31
45 0 0 640840269362 640982704015 0 281474976710656 0 281474976710656 32 3
28 0 0 292022457873 292084838318 0 281474976710656 0 281474976710656 33 34
29 0 0 166346822200 166381623569 0 281474976710656 0 281474976710656 11 35
47623352390349 47636645613650
0 74235158692920 74766790688768 0 36
74565835588752 74565835588753
124276392647921 124276392647922
101437842339644 101437842339645
86212142134126 86212142134127
109804156786616 109804156786617
115286852675876 115286852675877
119249876382091 119249876382092
122046809351175 122046809351176
78989958391076 78989958391077
81788019331802 81788019331803
83762851039411 83762851039412
85133254278538 85133254278539
106634642534204 106634642534205
102912549940418 102912549940419
104493308169434 104493308169435
101779813317443 101779813317444
117766894786829 117766894786830
116136297684354 116136297684355
116814896805985 116814896805986
115662097720860 115662097720861
123419904349893 123419904349894
122509036418925 122509036418926
122884281463909 122884281463910
122249985145360 122249985145361
77336355595267 77336355595268
75359645121909 75359645121910
76203803876135 76203803876136
74750456689769 74750456689770
83028450505642 83028450505643
82214624662503 82214624662504
82554120865813 82554120865814
81976698621973 81976698621974
85799095833277 85799095833278
85357902917314 85357902917315
85539899393690 85539899393691
85232063837411 85232063837412
48 0 1 281474976710656 281474976710656 0 281474976710656 0 281474976710656 0 1
-1
18 0 0 34883643133078 34894376898890 0 281474976710656 0 281474976710656 2 1
19 0 2 19753314848887 19753314848888 0 281474976710656 0 281474976710656 0 3
-1
-1
-1
36 0 0 20943974365785 20950418868017 0 281474976710656 0 281474976710656 2 4
11 0 0 8577888030019 8581841056058 0 281474976710656 0 281474976710656 5 6
12 0 0 4573516763475 4575960379700 0 281474976710656 0 281474976710656 7 1
37 0 3 11859796818128 11859796818129 0 281474976710656 0 281474976710656 0 8
13 0 0 4574294562566 4574679298401 0 281474976710656 0 281474976710656 9 10
14 0 0 2371160701728 2371451667258 0 281474976710656 0 281474976710656 11 3
-1
-1
-1
-1
-1
-1
-1
-1
-1
40 0 0 4962036970377 4963851033453 0 281474976710656 0 281474976710656 12 4
20 0 0 2513368795723 2514183581149 0 281474976710656 0 281474976710656 13 14
50 0 0 1768312007046 1768856120140 0 281474976710656 0 281474976710656 2 15
41 0 0 2208878965911 2209956646560 0 281474976710656 0 281474976710656 16 6
21 0 0 1039412783948 1039901428149 0 281474976710656 0 281474976710656 17 18
22 0 0 601977927045 602255342001 0 281474976710656 0 281474976710656 5 19
42 0 0 1243488793650 1244171613617 0 281474976710656 0 281474976710656 20 1
23 0 0 564521430534 564825870982 0 281474976710656 0 281474976710656 21 22
24 0 0 320959673400 321131161188 0 281474976710656 0 281474976710656 7 23
43 0 0 2746179876398 2746268825272 0 281474976710656 0 281474976710656 24 8
25 0 0 1413938146104 1413951290636 0 281474976710656 0 281474976710656 25 26
51 0 4 1001329582836 1001329582837 0 281474976710656 0 281474976710656 0 27
44 0 0 1165712169152 1165826931352 0 281474976710656 0 281474976710656 28 10
26 0 0 552302945301 552352124262 0 281474976710656 0 281474976710656 29 30
27 0 0 321014257685 321041257628 0 281474976710656 0 281474976710656 9 31
45 0 0 641070243316 641153817675 0 281474976710656 0 281474976710656 32 3
28 0 0 292123176484 292159777904 0 281474976710656 0 281474976710656 33 34
29 0 0 166403011897 166423431240 0 281474976710656 0 281474976710656 11 35
51957172154811 52008509617859
1 77267640665670 79164837199872 0 36
124276392647921 124276392647922
74565835588752 74565835588753
101437842339644 101437842339645
86212142134126 86212142134127
109804156786616 109804156786617
119249876382091 119249876382092
115286852675876 115286852675877
122046809351175 122046809351176
78989958391076 78989958391077
83762851039411 83762851039412
81788019331802 81788019331803
85133254278538 85133254278539
106634642534204 106634642534205
104493308169434 104493308169435
102912549940418 102912549940419
101779813317443 101779813317444
117766894786829 117766894786830
116814896805985 116814896805986
116136297684354 116136297684355
115662097720860 115662097720861
123419904349893 123419904349894
122884281463909 122884281463910
122509036418925 122509036418926
122249985145360 122249985145361
77336355595267 77336355595268
76203803876135 76203803876136
75359645121909 75359645121910
74750456689769 74750456689770
83028450505642 83028450505643
82554120865813 82554120865814
82214624662503 82214624662504
81976698621973 81976698621974
85799095833277 85799095833278
85539899393690 85539899393691
85357902917314 85357902917315
85232063837411 85232063837412
49 0 1 281474976710656 281474976710656 0 281474976710656 0 281474976710656 0 1
-1
3 0 11 54870319024688 54870319024689 0 281474976710656 0 281474976710656 0 2
4 0 0 28245055947174 28287353410661 0 281474976710656 0 281474976710656 3 1
-1
-1
-1
44 0 0 13946882230486 13954652578062 0 281474976710656 0 281474976710656 4 2
26 0 0 6619154073443 6620424002751 0 281474976710656 0 281474976710656 5 6
27 0 12 3850682217722 3850682217723 0 281474976710656 0 281474976710656 0 7
45 0 0 7625827235440 7639505686468 0 281474976710656 0 281474976710656 8 1
28 0 0 3478122470979 3483678828693 0 281474976710656 0 281474976710656 9 10
29 0 0 1982177917088 1985146263062 0 281474976710656 0 281474976710656 3 11
-1
-1
-1
-1
-1
-1
-1
-1
-1
32 0 0 8373642133752 8378307413690 0 281474976710656 0 281474976710656 4 12
5 0 0 3767655313725 3770538662594 0 281474976710656 0 281474976710656 13 14
47 0 0 2104886958357 2106723312404 0 281474976710656 0 281474976710656 15 2
33 0 0 3974108802470 3974871262021 0 281474976710656 0 281474976710656 5 16
6 0 0 1606164650553 1606623089247 0 281474976710656 0 281474976710656 17 18
7 0 0 850953294434 851233995321 0 281474976710656 0 281474976710656 19 6
34 0 13 2311931392919 2311931392920 0 281474976710656 0 281474976710656 0 20
8 0 0 885121276898 885168154421 0 281474976710656 0 281474976710656 21 22
9 0 0 457263320215 457298592123 0 281474976710656 0 281474976710656 23 7
35 0 0 4578510608186 4586723085495 0 281474976710656 0 281474976710656 8 24
10 0 0 2108007043507 2112031302758 0 281474976710656 0 281474976710656 25 26
48 0 0 1191834423151 1194181665849 0 281474976710656 0 281474976710656 27 1
36 0 0 2088248282879 2091584293774 0 281474976710656 0 281474976710656 9 28
11 0 0 852557806561 853961998759 0 281474976710656 0 281474976710656 29 30
12 0 0 453871448281 454629744639 0 281474976710656 0 281474976710656 31 10
37 0 0 1190090247327 1191872428212 0 281474976710656 0 281474976710656 3 32
13 0 0 458211490541 458910225571 0 281474976710656 0 281474976710656 33 34
14 0 0 237330699241 237695589748 0 281474976710656 0 281474976710656 35 11
51904408271990 51929097803172
1 75324289542288 76232806192470 0 36
124276392647921 124276392647922
74565835588752 74565835588753
101437842339644 101437842339645
86212142134126 86212142134127
109804156786616 109804156786617
119249876382091 119249876382092
115286852675876 115286852675877
122046809351175 122046809351176
78989958391076 78989958391077
83762851039411 83762851039412
81788019331802 81788019331803
85133254278538 85133254278539
106634642534204 106634642534205
104493308169434 104493308169435
102912549940418 102912549940419
101779813317443 101779813317444
117766894786829 117766894786830
116814896805985 116814896805986
116136297684354 116136297684355
115662097720860 115662097720861
123419904349893 123419904349894
122884281463909 122884281463910
122509036418925 122509036418926
122249985145360 122249985145361
77336355595267 77336355595268
76203803876135 76203803876136
75359645121909 75359645121910
74750456689769 74750456689770
83028450505642 83028450505643
82554120865813 82554120865814
82214624662503 82214624662504
81976698621973 81976698621974
85799095833277 85799095833278
85539899393690 85539899393691
85357902917314 85357902917315
85232063837411 85232063837412
50 0 1 281474976710656 281474976710656 0 281474976710656 0 281474976710656 0 1
-1
3 0 11 54870319024688 54870319024689 0 281474976710656 0 281474976710656 0 2
4 0 0 28201595133589 28221930024888 0 281474976710656 0 281474976710656 3 1
-1
-1
-1
44 0 0 13938886746647 13942629198562 0 281474976710656 0 281474976710656 4 2
26 0 0 6617846623039 6618458694074 0 281474976710656 0 281474976710656 5 6
27 0 12 3850682217722 3850682217723 0 281474976710656 0 281474976710656 0 7
45 0 0 7611778892190 7618351177652 0 281474976710656 0 281474976710656 8 1
28 0 0 3472414158162 3475084912693 0 281474976710656 0 281474976710656 9 10
29 0 0 1979127929682 1980554989078 0 281474976710656 0 281474976710656 3 11
-1
-1
-1
-1
-1
-1
-1
-1
-1
32 0 0 8368841683067 8371088633499 0 281474976710656 0 281474976710656 4 12
5 0 0 3764689362446 3766077518844 0 281474976710656 0 281474976710656 13 14
47 0 0 2102998303974 2103882213453 0 281474976710656 0 281474976710656 15 2
33 0 0 3973323815430 3973691299985 0 281474976710656 0 281474976710656 5 16
6 0 0 1605692734118 1605913649025 0 281474976710656 0 281474976710656 17 18
7 0 0 850664360700 850799614740 0 281474976710656 0 281474976710656 19 6
34 0 13 2311931392919 2311931392920 0 281474976710656 0 281474976710656 0 20
8 0 0 885073004137 885095603882 0 281474976710656 0 281474976710656 21 22
9 0 0 457226999830 457244003690 0 281474976710656 0 281474976710656 23 7
35 0 0 4570076049336 4574022018446 0 281474976710656 0 281474976710656 8 24
10 0 0 2103874683974 2105807848851 0 281474976710656 0 281474976710656 25 26
48 0 0 1189424349430 1190551781495 0 281474976710656 0 281474976710656 27 1
36 0 0 2084821038860 2086424547250 0 281474976710656 0 281474976710656 9 28
11 0 0 851115321038 851790204619 0 281474976710656 0 281474976710656 29 30
12 0 0 453092500669 453456936806 0 281474976710656 0 281474976710656 31 10
37 0 0 1188259049312 1189115849026 0 281474976710656 0 281474976710656 3 32
13 0 0 457493567372 457829472858 0 281474976710656 0 281474976710656 33 34
14 0 0 236955795536 237131206456 0 281474976710656 0 281474976710656 35 11
51874758419698 51889238348404
1 74235158692920 74766790688768 0 36
124276392647921 124276392647922
74565835588752 74565835588753
101437842339644 101437842339645
86212142134126 86212142134127
109804156786616 109804156786617
119249876382091 119249876382092
115286852675876 115286852675877
122046809351175 122046809351176
78989958391076 78989958391077
83762851039411 83762851039412
81788019331802 81788019331803
85133254278538 85133254278539
106634642534204 106634642534205
104493308169434 104493308169435
102912549940418 102912549940419
101779813317443 101779813317444
117766894786829 117766894786830
116814896805985 116814896805986
116136297684354 116136297684355
115662097720860 115662097720861
123419904349893 123419904349894
122884281463909 122884281463910
122509036418925 122509036418926
122249985145360 122249985145361
77336355595267 77336355595268
76203803876135 76203803876136
75359645121909 75359645121910
74750456689769 74750456689770
83028450505642 83028450505643
82554120865813 82554120865814
82214624662503 82214624662504
81976698621973 81976698621974
85799095833277 85799095833278
85539899393690 85539899393691
85357902917314 85357902917315
85232063837411 85232063837412
51 0 1 281474976710656 281474976710656 0 281474976710656 0 281474976710656 0 1
-1
3 0 11 54870319024688 54870319024689 0 281474976710656 0 281474976710656 0 2
4 0 0 28177178300673 28189102132400 0 281474976710656 0 281474976710656 3 1
-1
-1
-1
44 0 0 13934389693024 13936586263496 0 281474976710656 0 281474976710656 4 2
26 0 0 6617110924535 6617470303116 0 281474976710656 0 281474976710656 5 6
27 0 12 3850682217722 3850682217723 0 281474976710656 0 281474976710656 0 7
45 0 0 7603889166641 7607741819899 0 281474976710656 0 281474976710656 8 1
28 0 0 3469207541803 3470773441332 0 281474976710656 0 281474976710656 9 10
29 0 0 1977414408310 1978251197446 0 281474976710656 0 281474976710656 3 11
-1
-1
-1
-1
-1
-1
-1
-1
-1
32 0 0 8366141673339 8367460483864 0 281474976710656 0 281474976710656 4 12
5 0 0 3763021583944 3763836167016 0 281474976710656 0 281474976710656 13 14
47 0 0 2101936435346 2102455065156 0 281474976710656 0 281474976710656 15 2
33 0 0 3972882105528 3973097874728 0 281474976710656 0 281474976710656 5 16
6 0 0 1605427218100 1605556916320 0 281474976710656 0 281474976710656 17 18
7 0 0 850501805603 850581209093 0 281474976710656 0 281474976710656 19 6
34 0 13 2311931392919 2311931392920 0 281474976710656 0 281474976710656 0 20
8 0 0 885045836643 885059108000 0 281474976710656 0 281474976710656 21 22
9 0 0 457206559626 457216544640 0 281474976710656 0 281474976710656 23 7
35 0 0 4565339095428 4567652210225 0 281474976710656 0 281474976710656 8 24
10 0 0 2101554220823 2102687303553 0 281474976710656 0 281474976710656 25 26
48 0 0 1188071107715 1188731887149 0 281474976710656 0 281474976710656 27 1
36 0 0 2082895801563 2083835960235 0 281474976710656 0 281474976710656 9 28
11 0 0 850305060219 850700733722 0 281474976710656 0 281474976710656 29 30
12 0 0 452654969244 452868627216 0 281474976710656 0 281474976710656 31 10
37 0 0 1187230259184 1187732663424 0 281474976710656 0 281474976710656 3 32
13 0 0 457090242381 457287202821 0 281474976710656 0 281474976710656 33 34
14 0 0 236745180033 236848032095 0 281474976710656 0 281474976710656 35 11
