BERSTEIN_T_GRAPH_V1 68 13 -140 140 5 37 58271
0 1 0
0 2 0
0 3 0
0 4 0
0 5 0
0 6 0
0 7 0
0 8 0
0 9 0
0 10 0
0 11 0
0 12 0
1 0 0
1 1 0
1 2 0
1 3 0
2 0 0
2 1 0
2 2 0
2 3 0
3 0 0
3 1 0
3 2 0
3 3 0
4 0 0
5 0 0
5 5 0
5 7 0
6 0 0
7 0 0
7 5 0
7 7 0
8 0 0
9 0 0
10 0 0
11 0 0
12 0 0
17596072601196 17596072601197
17947994053220 17947994053221
18306953934284 18306953934285
18673093012970 18673093012971
19046554873229 19046554873230
19427485970694 19427485970695
19816035690108 19816035690109
20212356403910 20212356403911
20616603531988 20616603531989
21028935602628 21028935602629
21449514314681 21449514314682
21878504600974 21878504600975
22316074692994 22316074692995
22762396186854 22762396186855
23217644110591 23217644110592
23681996992802 23681996992803
24155636932658 24155636932659
24638749671312 24638749671313
25131524664738 25131524664739
25634155158033 25634155158034
26146838261193 26146838261194
26669775026417 26669775026418
27203170526946 27203170526947
27747233937485 27747233937486
28302178616234 28302178616235
28868222188559 28868222188560
29445586632330 29445586632331
30034498364977 30034498364978
30635188332276 30635188332277
31247892098922 31247892098923
31872849940900 31872849940901
32510306939718 32510306939719
33160513078513 33160513078514
33823723340083 33823723340084
34500197806885 34500197806886
35190201763022 35190201763023
35894005798283 35894005798284
36611885914248 36611885914249
37344123632533 37344123632534
38091006105184 38091006105185
38852826227288 38852826227289
39629882751833 39629882751834
40422480406870 40422480406871
41230930015008 41230930015009
42055548615308 42055548615309
42896659587614 42896659587615
43754592779366 43754592779367
44629684634954 44629684634955
45522278327653 45522278327654
46432723894206 46432723894207
47361378372090 47361378372091
48308605939532 48308605939533
49274778058322 49274778058323
50260273619489 50260273619490
51265479091878 51265479091879
52290788673716 52290788673717
53336604447190 53336604447191
54403336536134 54403336536135
55491403266857 55491403266858
56601231332194 56601231332195
57733255958838 57733255958839
58887921078015 58887921078016
60065679499575 60065679499576
61266993089566 61266993089567
62492332951358 62492332951359
63742179610385 63742179610386
65017023202593 65017023202594
66317363666645 66317363666646
67643710939977 67643710939978
68996585158777 68996585158778
70376516861953 70376516861954
71784047199192 71784047199193
73219728143175 73219728143176
74684122706039 74684122706040
76177805160160 76177805160161
77701361263363 77701361263364
79255388488630 79255388488631
80840496258403 80840496258404
82457306183571 82457306183572
84106452307242 84106452307243
85788581353387 85788581353388
87504352980455 87504352980456
89254440040064 89254440040065
91039528840865 91039528840866
92860319417683 92860319417684
94717525806036 94717525806037
96611876322157 96611876322158
98544113848600 98544113848601
100514996125572 100514996125573
102525296048084 102525296048085
104575801969045 104575801969046
106667318008426 106667318008427
108800664368595 108800664368596
110976677655967 110976677655968
113196211209086 113196211209087
115460135433268 115460135433269
117769338141933 117769338141934
120124724904772 120124724904773
122527219402867 122527219402868
124977763790925 124977763790926
127477319066743 127477319066744
130026865448078 130026865448079
132627402757040 132627402757041
135279950812180 135279950812181
137985549828424 137985549828425
140745260824993 140745260824994
143560166041492 143560166041493
146431369362322 146431369362323
149359996749569 149359996749570
152347196684560 152347196684561
155394140618251 155394140618252
158502023430616 158502023430617
161672063899229 161672063899230
164905505177213 164905505177214
168203615280758 168203615280759
171567687586373 171567687586374
174999041338100 174999041338101
178499022164862 178499022164863
182069002608159 182069002608160
185710382660323 185710382660324
189424590313529 189424590313530
193213082119800 193213082119801
197077343762196 197077343762197
201018890637440 201018890637441
205039268450188 205039268450189
209140053819192 209140053819193
213322854895576 213322854895577
217589311993488 217589311993489
221941098233357 221941098233358
226379920198025 226379920198026
230907518601985 230907518601986
235525668974025 235525668974026
240236182353505 240236182353506
245040906000575 245040906000576
249941724120587 249941724120588
254940558602999 254940558603000
260039369775059 260039369775060
265240157170560 265240157170561
270544960313971 270544960313972
275955859520250 275955859520251
281474976710656 281474976710656
287104476244869 287104476244870
292846565769766 292846565769767
298703497085161 298703497085162
304677567026865 304677567026866
310771118367402 310771118367403
316986540734750 316986540734751
323326271549445 323326271549446
329792796980434 329792796980435
336388652920043 336388652920044
343116425978443 343116425978444
349978754498012 349978754498013
356978329587973 356978329587974
364117896179732 364117896179733
371400254103327 371400254103328
378828259185393 378828259185394
386404824369101 386404824369102
394132920856483 394132920856484
402015579273613 402015579273614
410055890859085 410055890859086
418257008676267 418257008676268
426622148849792 426622148849793
435154591826788 435154591826789
443857683663324 443857683663325
452734837336590 452734837336591
461789534083322 461789534083323
471025324764988 471025324764989
480445831260288 480445831260289
490054747885494 490054747885495
499855842843204 499855842843205
509852959700068 509852959700069
520050018894069 520050018894070
530451019271951 530451019271952
541060039657390 541060039657391
551881240450538 551881240450539
562918865259548 562918865259549
574177242564739 574177242564740
585660787416034 585660787416035
597374003164355 597374003164356
609321483227642 609321483227643
621507912892195 621507912892196
633938071150039 633938071150040
646616832573039 646616832573040
659549169224500 659549169224501
672740152608990 672740152608991
686194955661170 686194955661171
699918854774393 699918854774394
713917231869881 713917231869882
728195576507279 728195576507280
742759488037425 742759488037426
757614677798173 757614677798174
772766971354137 772766971354138
788222310781219 788222310781220
803986756996844 803986756996845
820066492136781 820066492136782
836467821979516 836467821979517
853197178419107 853197178419108
870261121987489 870261121987490
887666344427238 887666344427239
905419671315783 905419671315784
923528064742099 923528064742100
941998626036941 941998626036942
960838598557680 960838598557681
980055370528833 980055370528834
999656477939410 999656477939411
1019649607498198 1019649607498199
1040042599648162 1040042599648163
1060843451641125 1060843451641126
1082060320673948 1082060320673949
1103701527087427 1103701527087428
1125775557629175 1125775557629176
1148291068781759 1148291068781760
1171256890157394 1171256890157395
1194682027960542 1194682027960543
1218575668519753 1218575668519754
1242947181890148 1242947181890149
1267806125527951 1267806125527952
1293162248038510 1293162248038511
1319025492999280 1319025492999281
1345406002859266 1345406002859267
1372314122916451 1372314122916452
1399760405374780 1399760405374781
1427755613482276 1427755613482277
1456310725751921 1456310725751922
1485436940266960 1485436940266961
1515145679072299 1515145679072300
1545448592653745 1545448592653746
1576357564506820 1576357564506821
1607884715796956 1607884715796957
1640042410112895 1640042410112896
1672843258315153 1672843258315154
1706300123481456 1706300123481457
1740426125951085 1740426125951086
1775234648470107 1775234648470108
1810739341439509 1810739341439510
1846954128268300 1846954128268301
1883893210833666 1883893210833667
1921571075050339 1921571075050340
1960002496551346 1960002496551347
1999202546482373 1999202546482374
2039186597412020 2039186597412021
2079970329360260 2079970329360261
2121569735947466 2121569735947467
2164001130666415 2164001130666416
2207281153279743 2207281153279744
2251426776345338 2251426776345339
2296455311872245 2296455311872246
2342384418109690 2342384418109691
2389232106471884 2389232106471885
2437016748601321 2437016748601322
2485757083573348 2485757083573349
2535472225244815 2535472225244816
2586181669749711 2586181669749712
2637905303144705 2637905303144706
2690663409207599 2690663409207600
2744476677391751 2744476677391752
2799366210939586 2799366210939587
2855353535158378 2855353535158379
2912460605861546 2912460605861547
2970709817978777 2970709817978778
3030124014338352 3030124014338353
3090726494625119 3090726494625120
3152541024517622 3152541024517623
3215591845007974 3215591845007975
3279903681908134 3279903681908135
3345501755546296 3345501755546297
3412411790657222 3412411790657223
3480660026470367 3480660026470368
3550273226999774 3550273226999775
3621278691539770 3621278691539771
3693704265370565 3693704265370566
3767578350677976 3767578350677977
3842929917691536 3842929917691537
3919788516045367 3919788516045368
3998184286366274 3998184286366275
4078147972093599 4078147972093600
4159710931535471 4159710931535472
4242905150166181 4242905150166182
4327763253169504 4327763253169505
4414318518232895 4414318518232896
4502604888597552 4502604888597553
4592656986369503 4592656986369504
281474976710656 281474976710656
0 106504045241869 110142382191127 0 26
103026992005733 103026992005734
74565835588752 74565835588753
218101384884806 218101384884807
206053984011466 206053984011467
158590695246746 158590695246747
162509653574040 162509653574041
101437842339644 101437842339645
124276392647921 124276392647922
118965323136615 118965323136616
86212142134126 86212142134127
180037134371011 180037134371012
178447984704922 178447984704923
195262834576529 195262834576530
206909141121903 206909141121904
197852620089641 197852620089642
215477122949499 215477122949500
109804156786616 109804156786617
109210990867437 109210990867438
115286852675876 115286852675877
119249876382091 119249876382092
116184759658385 116184759658386
122046809351175 122046809351176
78989958391076 78989958391077
81788019331802 81788019331803
83762851039411 83762851039412
85133254278538 85133254278539
0 0 1 281474976710656 281474976710656 0 281474976710656 0 281474976710656 1 2 0 3
51 0 0 81594278728711 81914600372409 0 281474976710656 0 281474976710656 4 2 5 3
20 0 2 37710496349594 37710496349595 0 281474976710656 0 281474976710656 6 7 0 8
25 0 0 21593773622244 21637321740941 0 281474976710656 0 281474976710656 1 9 -1 -1
40 0 0 43726242184716 43897902036211 0 281474976710656 0 281474976710656 4 10 5 11
2 0 0 19971634349662 20091996634051 0 281474976710656 0 281474976710656 12 13 14 3
63 0 0 11390016159892 11470901713620 0 281474976710656 0 281474976710656 15 2 -1 -1
41 0 3 20208994086101 20208994086102 0 281474976710656 0 281474976710656 6 16 0 17
3 0 0 8299122429156 8306711830677 0 281474976710656 0 281474976710656 18 19 20 8
11 0 0 4492472861504 4498520111159 0 281474976710656 0 281474976710656 21 7 -1 -1
46 0 0 11572068407241 11595405773715 0 281474976710656 0 281474976710656 1 22 -1 -1
12 0 0 4510886670631 4517677901950 0 281474976710656 0 281474976710656 23 24 -1 -1
13 0 0 2383656121800 2386692063542 0 281474976710656 0 281474976710656 25 9 -1 -1
281474976710656 281474976710656
0 117707717533547 119413626483309 0 26
103026992005733 103026992005734
74565835588752 74565835588753
218101384884806 218101384884807
206053984011466 206053984011467
158590695246746 158590695246747
162509653574040 162509653574041
101437842339644 101437842339645
124276392647921 124276392647922
118965323136615 118965323136616
86212142134126 86212142134127
180037134371011 180037134371012
178447984704922 178447984704923
195262834576529 195262834576530
206909141121903 206909141121904
197852620089641 197852620089642
215477122949499 215477122949500
109804156786616 109804156786617
109210990867437 109210990867438
115286852675876 115286852675877
119249876382091 119249876382092
116184759658385 116184759658386
122046809351175 122046809351176
78989958391076 78989958391077
81788019331802 81788019331803
83762851039411 83762851039412
85133254278538 85133254278539
1 0 1 281474976710656 281474976710656 0 281474976710656 0 281474976710656 1 2 0 3
53 0 0 80798127722727 80942498211746 0 281474976710656 0 281474976710656 4 2 5 3
22 0 2 37710496349594 37710496349595 0 281474976710656 0 281474976710656 6 7 0 8
30 0 0 21727142783428 21747261504339 0 281474976710656 0 281474976710656 1 9 -1 -1
40 0 0 43299586146503 43376954058390 0 281474976710656 0 281474976710656 4 10 5 11
2 0 0 19674108268856 19727888033189 0 281474976710656 0 281474976710656 12 13 14 3
63 0 0 11190629853789 11226611503267 0 281474976710656 0 281474976710656 15 2 -1 -1
41 0 3 20208994086101 20208994086102 0 281474976710656 0 281474976710656 6 16 0 17
3 0 0 8280109856457 8283573447072 0 281474976710656 0 281474976710656 18 19 20 8
11 0 0 4477340769513 4480095611905 0 281474976710656 0 281474976710656 21 7 -1 -1
46 0 0 11643540725310 11654322315352 0 281474976710656 0 281474976710656 1 22 -1 -1
12 0 0 4531668902499 4534799681946 0 281474976710656 0 281474976710656 23 24 -1 -1
13 0 0 2392943258779 2394341483388 0 281474976710656 0 281474976710656 25 9 -1 -1
281474976710656 281474976710656
0 102846626105816 104547848492530 0 26
103026992005733 103026992005734
74565835588752 74565835588753
218101384884806 218101384884807
206053984011466 206053984011467
158590695246746 158590695246747
162509653574040 162509653574041
101437842339644 101437842339645
124276392647921 124276392647922
118965323136615 118965323136616
86212142134126 86212142134127
180037134371011 180037134371012
178447984704922 178447984704923
195262834576529 195262834576530
206909141121903 206909141121904
197852620089641 197852620089642
215477122949499 215477122949500
109804156786616 109804156786617
109210990867437 109210990867438
115286852675876 115286852675877
119249876382091 119249876382092
116184759658385 116184759658386
122046809351175 122046809351176
78989958391076 78989958391077
81788019331802 81788019331803
83762851039411 83762851039412
85133254278538 85133254278539
2 0 1 281474976710656 281474976710656 0 281474976710656 0 281474976710656 1 2 0 3
51 0 0 82088715326656 82241225517588 0 281474976710656 0 281474976710656 4 2 5 3
20 0 2 37710496349594 37710496349595 0 281474976710656 0 281474976710656 6 7 0 8
25 0 0 21549764814926 21570264281335 0 281474976710656 0 281474976710656 1 9 -1 -1
40 0 0 43991209958972 44072939923967 0 281474976710656 0 281474976710656 4 10 5 11
2 0 0 20157579558782 20215116560291 0 281474976710656 0 281474976710656 12 13 14 3
63 0 0 11515029092362 11553774429248 0 281474976710656 0 281474976710656 15 2 -1 -1
41 0 3 20208994086101 20208994086102 0 281474976710656 0 281474976710656 6 16 0 17
3 0 0 8310822840685 8314415508656 0 281474976710656 0 281474976710656 18 19 20 8
11 0 0 4501797404883 4504662416693 0 281474976710656 0 281474976710656 21 7 -1 -1
46 0 0 11548484158480 11559469789419 0 281474976710656 0 281474976710656 1 22 -1 -1
12 0 0 4504018309646 4507218279630 0 281474976710656 0 281474976710656 23 24 -1 -1
13 0 0 2380584626986 2382015771046 0 281474976710656 0 281474976710656 25 9 -1 -1
281474976710656 281474976710656
0 116108427893145 116838669578009 0 26
103026992005733 103026992005734
74565835588752 74565835588753
218101384884806 218101384884807
206053984011466 206053984011467
158590695246746 158590695246747
162509653574040 162509653574041
101437842339644 101437842339645
124276392647921 124276392647922
118965323136615 118965323136616
86212142134126 86212142134127
180037134371011 180037134371012
178447984704922 178447984704923
195262834576529 195262834576530
206909141121903 206909141121904
197852620089641 197852620089642
215477122949499 215477122949500
109804156786616 109804156786617
109210990867437 109210990867438
115286852675876 115286852675877
119249876382091 119249876382092
116184759658385 116184759658386
122046809351175 122046809351176
78989958391076 78989958391077
81788019331802 81788019331803
83762851039411 83762851039412
85133254278538 85133254278539
3 0 1 281474976710656 281474976710656 0 281474976710656 0 281474976710656 1 2 0 3
53 0 0 81016408624675 81078704624472 0 281474976710656 0 281474976710656 4 2 5 3
22 0 2 37710496349594 37710496349595 0 281474976710656 0 281474976710656 6 7 0 8
30 0 0 21708236535653 21716874605559 0 281474976710656 0 281474976710656 1 9 -1 -1
40 0 0 43416562529303 43449946854978 0 281474976710656 0 281474976710656 4 10 5 11
2 0 0 19755450062411 19778696471259 0 281474976710656 0 281474976710656 12 13 14 3
63 0 0 11245062079122 11260628983882 0 281474976710656 0 281474976710656 15 2 -1 -1
41 0 3 20208994086101 20208994086102 0 281474976710656 0 281474976710656 6 16 0 17
3 0 0 8285343885581 8286834673777 0 281474976710656 0 281474976710656 18 19 20 8
11 0 0 4481504083048 4482690243462 0 281474976710656 0 281474976710656 21 7 -1 -1
46 0 0 11633408897664 11638038025375 0 281474976710656 0 281474976710656 1 22 -1 -1
12 0 0 4528725796417 4530070592263 0 281474976710656 0 281474976710656 23 24 -1 -1
13 0 0 2391628646490 2392229357850 0 281474976710656 0 281474976710656 25 9 -1 -1
281474976710656 281474976710656
0 106504045241869 110142382191127 0 19
103026992005733 103026992005734
74565835588752 74565835588753
218101384884806 218101384884807
158590695246746 158590695246747
101437842339644 101437842339645
124276392647921 124276392647922
86212142134126 86212142134127
180037134371011 180037134371012
195262834576529 195262834576530
206909141121903 206909141121904
215477122949499 215477122949500
109804156786616 109804156786617
115286852675876 115286852675877
119249876382091 119249876382092
122046809351175 122046809351176
78989958391076 78989958391077
81788019331802 81788019331803
83762851039411 83762851039412
85133254278538 85133254278539
4 0 1 281474976710656 281474976710656 0 281474976710656 0 281474976710656 1 2 -1 -1
55 0 0 81594278728711 81914600372409 0 281474976710656 0 281474976710656 3 2 -1 -1
24 0 2 37710496349594 37710496349595 0 281474976710656 0 281474976710656 4 5 -1 -1
25 0 0 21593773622244 21637321740941 0 281474976710656 0 281474976710656 1 6 -1 -1
44 0 0 43726242184716 43897902036211 0 281474976710656 0 281474976710656 3 7 -1 -1
9 0 0 19971634349662 20091996634051 0 281474976710656 0 281474976710656 8 9 -1 -1
63 0 0 11390016159892 11470901713620 0 281474976710656 0 281474976710656 10 2 -1 -1
45 0 3 20208994086101 20208994086102 0 281474976710656 0 281474976710656 4 11 -1 -1
10 0 0 8299122429156 8306711830677 0 281474976710656 0 281474976710656 12 13 -1 -1
11 0 0 4492472861504 4498520111159 0 281474976710656 0 281474976710656 14 5 -1 -1
46 0 0 11572068407241 11595405773715 0 281474976710656 0 281474976710656 1 15 -1 -1
12 0 0 4510886670631 4517677901950 0 281474976710656 0 281474976710656 16 17 -1 -1
13 0 0 2383656121800 2386692063542 0 281474976710656 0 281474976710656 18 6 -1 -1
281474976710656 281474976710656
0 117707717533547 119413626483309 0 19
103026992005733 103026992005734
74565835588752 74565835588753
218101384884806 218101384884807
158590695246746 158590695246747
101437842339644 101437842339645
124276392647921 124276392647922
86212142134126 86212142134127
180037134371011 180037134371012
195262834576529 195262834576530
206909141121903 206909141121904
215477122949499 215477122949500
109804156786616 109804156786617
115286852675876 115286852675877
119249876382091 119249876382092
122046809351175 122046809351176
78989958391076 78989958391077
81788019331802 81788019331803
83762851039411 83762851039412
85133254278538 85133254278539
5 0 1 281474976710656 281474976710656 0 281474976710656 0 281474976710656 1 2 -1 -1
57 0 0 80798127722727 80942498211746 0 281474976710656 0 281474976710656 3 2 -1 -1
29 0 2 37710496349594 37710496349595 0 281474976710656 0 281474976710656 4 5 -1 -1
30 0 0 21727142783428 21747261504339 0 281474976710656 0 281474976710656 1 6 -1 -1
44 0 0 43299586146503 43376954058390 0 281474976710656 0 281474976710656 3 7 -1 -1
9 0 0 19674108268856 19727888033189 0 281474976710656 0 281474976710656 8 9 -1 -1
63 0 0 11190629853789 11226611503267 0 281474976710656 0 281474976710656 10 2 -1 -1
45 0 3 20208994086101 20208994086102 0 281474976710656 0 281474976710656 4 11 -1 -1
10 0 0 8280109856457 8283573447072 0 281474976710656 0 281474976710656 12 13 -1 -1
11 0 0 4477340769513 4480095611905 0 281474976710656 0 281474976710656 14 5 -1 -1
46 0 0 11643540725310 11654322315352 0 281474976710656 0 281474976710656 1 15 -1 -1
12 0 0 4531668902499 4534799681946 0 281474976710656 0 281474976710656 16 17 -1 -1
13 0 0 2392943258779 2394341483388 0 281474976710656 0 281474976710656 18 6 -1 -1
281474976710656 281474976710656
0 82999031594167 83843610084026 0 19
103026992005733 103026992005734
74565835588752 74565835588753
218101384884806 218101384884807
158590695246746 158590695246747
101437842339644 101437842339645
124276392647921 124276392647922
86212142134126 86212142134127
180037134371011 180037134371012
195262834576529 195262834576530
206909141121903 206909141121904
215477122949499 215477122949500
109804156786616 109804156786617
115286852675876 115286852675877
119249876382091 119249876382092
122046809351175 122046809351176
78989958391076 78989958391077
81788019331802 81788019331803
83762851039411 83762851039412
85133254278538 85133254278539
6 0 1 281474976710656 281474976710656 0 281474976710656 0 281474976710656 1 2 -1 -1
58 0 0 84016828331178 84098945469075 0 281474976710656 0 281474976710656 3 2 -1 -1
31 0 2 37710496349594 37710496349595 0 281474976710656 0 281474976710656 4 5 -1 -1
32 0 0 21306804263750 21317287705030 0 281474976710656 0 281474976710656 1 6 -1 -1
47 0 0 45024482603926 45068489045495 0 281474976710656 0 281474976710656 3 7 -1 -1
14 0 0 20891333968311 20922891221636 0 281474976710656 0 281474976710656 8 9 -1 -1
64 0 0 12011350775143 12032804059169 0 281474976710656 0 281474976710656 10 2 -1 -1
48 0 3 20208994086101 20208994086102 0 281474976710656 0 281474976710656 4 11 -1 -1
15 0 0 8355686957101 8357571274590 0 281474976710656 0 281474976710656 12 13 -1 -1
16 0 0 4537637715045 4539146024203 0 281474976710656 0 281474976710656 14 5 -1 -1
49 0 0 11418281991519 11423900050770 0 281474976710656 0 281474976710656 1 15 -1 -1
17 0 0 4466003826951 4467647479283 0 281474976710656 0 281474976710656 16 17 -1 -1
18 0 0 2363565174080 2364301740884 0 281474976710656 0 281474976710656 18 6 -1 -1
281474976710656 281474976710656
0 123386291160835 124372664127965 0 19
103026992005733 103026992005734
74565835588752 74565835588753
218101384884806 218101384884807
158590695246746 158590695246747
101437842339644 101437842339645
124276392647921 124276392647922
86212142134126 86212142134127
180037134371011 180037134371012
195262834576529 195262834576530
206909141121903 206909141121904
215477122949499 215477122949500
109804156786616 109804156786617
115286852675876 115286852675877
119249876382091 119249876382092
122046809351175 122046809351176
78989958391076 78989958391077
81788019331802 81788019331803
83762851039411 83762851039412
85133254278538 85133254278539
7 0 1 281474976710656 281474976710656 0 281474976710656 0 281474976710656 1 2 -1 -1
60 0 0 80383735278774 80465539184650 0 281474976710656 0 281474976710656 3 2 -1 -1
34 0 2 37710496349594 37710496349595 0 281474976710656 0 281474976710656 4 5 -1 -1
35 0 0 21793922465015 21805466723426 0 281474976710656 0 281474976710656 1 6 -1 -1
44 0 0 43077513905089 43121352486124 0 281474976710656 0 281474976710656 3 7 -1 -1
9 0 0 19520164825560 19550504691994 0 281474976710656 0 281474976710656 8 9 -1 -1
63 0 0 11087776533969 11108030505147 0 281474976710656 0 281474976710656 10 2 -1 -1
45 0 3 20208994086101 20208994086102 0 281474976710656 0 281474976710656 4 11 -1 -1
10 0 0 8270128561898 8272103610738 0 281474976710656 0 281474976710656 12 13 -1 -1
11 0 0 4469406478526 4470975940531 0 281474976710656 0 281474976710656 14 5 -1 -1
46 0 0 11679327848814 11685514398252 0 281474976710656 0 281474976710656 1 15 -1 -1
12 0 0 4542056595529 4543851094532 0 281474976710656 0 281474976710656 16 17 -1 -1
13 0 0 2397581605523 2398382642308 0 281474976710656 0 281474976710656 18 6 -1 -1
281474976710656 281474976710656
0 85782850045152 86258460604879 0 19
103026992005733 103026992005734
74565835588752 74565835588753
218101384884806 218101384884807
158590695246746 158590695246747
101437842339644 101437842339645
124276392647921 124276392647922
86212142134126 86212142134127
180037134371011 180037134371012
195262834576529 195262834576530
206909141121903 206909141121904
215477122949499 215477122949500
109804156786616 109804156786617
115286852675876 115286852675877
119249876382091 119249876382092
122046809351175 122046809351176
78989958391076 78989958391077
81788019331802 81788019331803
83762851039411 83762851039412
85133254278538 85133254278539
8 0 1 281474976710656 281474976710656 0 281474976710656 0 281474976710656 1 2 -1 -1
61 0 0 83783588795015 83829344921323 0 281474976710656 0 281474976710656 3 2 -1 -1
36 0 2 37710496349594 37710496349595 0 281474976710656 0 281474976710656 4 5 -1 -1
37 0 0 21341309518212 21347190560703 0 281474976710656 0 281474976710656 1 6 -1 -1
47 0 0 44899489913211 44924010547397 0 281474976710656 0 281474976710656 3 7 -1 -1
14 0 0 20801838427265 20819379340569 0 281474976710656 0 281474976710656 8 9 -1 -1
64 0 0 11950557987380 11962467617033 0 281474976710656 0 281474976710656 10 2 -1 -1
48 0 3 20208994086101 20208994086102 0 281474976710656 0 281474976710656 4 11 -1 -1
15 0 0 8350323269813 8351376856380 0 281474976710656 0 281474976710656 12 13 -1 -1
16 0 0 4533345654354 4534188587251 0 281474976710656 0 281474976710656 14 5 -1 -1
49 0 0 11436773301655 11439924942828 0 281474976710656 0 281474976710656 1 15 -1 -1
17 0 0 4471412601277 4472334137723 0 281474976710656 0 281474976710656 16 17 -1 -1
18 0 0 2365988763138 2366401622306 0 281474976710656 0 281474976710656 18 6 -1 -1
281474976710656 281474976710656
0 102846626105816 104547848492530 0 19
103026992005733 103026992005734
74565835588752 74565835588753
218101384884806 218101384884807
158590695246746 158590695246747
101437842339644 101437842339645
124276392647921 124276392647922
86212142134126 86212142134127
180037134371011 180037134371012
195262834576529 195262834576530
206909141121903 206909141121904
215477122949499 215477122949500
109804156786616 109804156786617
115286852675876 115286852675877
119249876382091 119249876382092
122046809351175 122046809351176
78989958391076 78989958391077
81788019331802 81788019331803
83762851039411 83762851039412
85133254278538 85133254278539
9 0 1 281474976710656 281474976710656 0 281474976710656 0 281474976710656 1 2 -1 -1
55 0 0 82088715326656 82241225517588 0 281474976710656 0 281474976710656 3 2 -1 -1
24 0 2 37710496349594 37710496349595 0 281474976710656 0 281474976710656 4 5 -1 -1
25 0 0 21549764814926 21570264281335 0 281474976710656 0 281474976710656 1 6 -1 -1
44 0 0 43991209958972 44072939923967 0 281474976710656 0 281474976710656 3 7 -1 -1
9 0 0 20157579558782 20215116560291 0 281474976710656 0 281474976710656 8 9 -1 -1
63 0 0 11515029092362 11553774429248 0 281474976710656 0 281474976710656 10 2 -1 -1
45 0 3 20208994086101 20208994086102 0 281474976710656 0 281474976710656 4 11 -1 -1
10 0 0 8310822840685 8314415508656 0 281474976710656 0 281474976710656 12 13 -1 -1
11 0 0 4501797404883 4504662416693 0 281474976710656 0 281474976710656 14 5 -1 -1
46 0 0 11548484158480 11559469789419 0 281474976710656 0 281474976710656 1 15 -1 -1
12 0 0 4504018309646 4507218279630 0 281474976710656 0 281474976710656 16 17 -1 -1
13 0 0 2380584626986 2382015771046 0 281474976710656 0 281474976710656 18 6 -1 -1
281474976710656 281474976710656
0 116108427893145 116838669578009 0 19
103026992005733 103026992005734
74565835588752 74565835588753
218101384884806 218101384884807
158590695246746 158590695246747
101437842339644 101437842339645
124276392647921 124276392647922
86212142134126 86212142134127
180037134371011 180037134371012
195262834576529 195262834576530
206909141121903 206909141121904
215477122949499 215477122949500
109804156786616 109804156786617
115286852675876 115286852675877
119249876382091 119249876382092
122046809351175 122046809351176
78989958391076 78989958391077
81788019331802 81788019331803
83762851039411 83762851039412
85133254278538 85133254278539
10 0 1 281474976710656 281474976710656 0 281474976710656 0 281474976710656 1 2 -1 -1
57 0 0 81016408624675 81078704624472 0 281474976710656 0 281474976710656 3 2 -1 -1
29 0 2 37710496349594 37710496349595 0 281474976710656 0 281474976710656 4 5 -1 -1
30 0 0 21708236535653 21716874605559 0 281474976710656 0 281474976710656 1 6 -1 -1
44 0 0 43416562529303 43449946854978 0 281474976710656 0 281474976710656 3 7 -1 -1
9 0 0 19755450062411 19778696471259 0 281474976710656 0 281474976710656 8 9 -1 -1
63 0 0 11245062079122 11260628983882 0 281474976710656 0 281474976710656 10 2 -1 -1
45 0 3 20208994086101 20208994086102 0 281474976710656 0 281474976710656 4 11 -1 -1
10 0 0 8285343885581 8286834673777 0 281474976710656 0 281474976710656 12 13 -1 -1
11 0 0 4481504083048 4482690243462 0 281474976710656 0 281474976710656 14 5 -1 -1
46 0 0 11633408897664 11638038025375 0 281474976710656 0 281474976710656 1 15 -1 -1
12 0 0 4528725796417 4530070592263 0 281474976710656 0 281474976710656 16 17 -1 -1
13 0 0 2391628646490 2392229357850 0 281474976710656 0 281474976710656 18 6 -1 -1
281474976710656 281474976710656
0 82200656915501 82565993168460 0 19
103026992005733 103026992005734
74565835588752 74565835588753
218101384884806 218101384884807
158590695246746 158590695246747
101437842339644 101437842339645
124276392647921 124276392647922
86212142134126 86212142134127
180037134371011 180037134371012
195262834576529 195262834576530
206909141121903 206909141121904
215477122949499 215477122949500
109804156786616 109804156786617
115286852675876 115286852675877
119249876382091 119249876382092
122046809351175 122046809351176
78989958391076 78989958391077
81788019331802 81788019331803
83762851039411 83762851039412
85133254278538 85133254278539
11 0 1 281474976710656 281474976710656 0 281474976710656 0 281474976710656 1 2 -1 -1
58 0 0 84141159124059 84176831164881 0 281474976710656 0 281474976710656 3 2 -1 -1
31 0 2 37710496349594 37710496349595 0 281474976710656 0 281474976710656 4 5 -1 -1
32 0 0 21296882334771 21301424057942 0 281474976710656 0 281474976710656 1 6 -1 -1
47 0 0 45091111275020 45110227864082 0 281474976710656 0 281474976710656 3 7 -1 -1
14 0 0 20939123553946 20952845648079 0 281474976710656 0 281474976710656 8 9 -1 -1
64 0 0 12043842587381 12053175896290 0 281474976710656 0 281474976710656 10 2 -1 -1
48 0 3 20208994086101 20208994086102 0 281474976710656 0 281474976710656 4 11 -1 -1
15 0 0 8358539112763 8359356533784 0 281474976710656 0 281474976710656 12 13 -1 -1
16 0 0 4539920827958 4540575264808 0 281474976710656 0 281474976710656 14 5 -1 -1
49 0 0 11412964845805 11415398747917 0 281474976710656 0 281474976710656 1 15 -1 -1
17 0 0 4464447930136 4465160169645 0 281474976710656 0 281474976710656 16 17 -1 -1
18 0 0 2362867875586 2363187083335 0 281474976710656 0 281474976710656 18 6 -1 -1
281474976710656 281474976710656
0 122493739864822 122897525042681 0 19
103026992005733 103026992005734
74565835588752 74565835588753
218101384884806 218101384884807
158590695246746 158590695246747
101437842339644 101437842339645
124276392647921 124276392647922
86212142134126 86212142134127
180037134371011 180037134371012
195262834576529 195262834576530
206909141121903 206909141121904
215477122949499 215477122949500
109804156786616 109804156786617
115286852675876 115286852675877
119249876382091 119249876382092
122046809351175 122046809351176
78989958391076 78989958391077
81788019331802 81788019331803
83762851039411 83762851039412
85133254278538 85133254278539
12 0 1 281474976710656 281474976710656 0 281474976710656 0 281474976710656 1 2 -1 -1
60 0 0 80506187960229 80539826095227 0 281474976710656 0 281474976710656 3 2 -1 -1
34 0 2 37710496349594 37710496349595 0 281474976710656 0 281474976710656 4 5 -1 -1
35 0 0 21783462178998 21788196013596 0 281474976710656 0 281474976710656 1 6 -1 -1
44 0 0 43143136099303 43161162721518 0 281474976710656 0 281474976710656 3 7 -1 -1
9 0 0 19565589797998 19578077752026 0 281474976710656 0 281474976710656 8 9 -1 -1
63 0 0 11118103937661 11126444606116 0 281474976710656 0 281474976710656 10 2 -1 -1
45 0 3 20208994086101 20208994086102 0 281474976710656 0 281474976710656 4 11 -1 -1
10 0 0 8273084165500 8273895175598 0 281474976710656 0 281474976710656 12 13 -1 -1
11 0 0 4471755231351 4472399826673 0 281474976710656 0 281474976710656 14 5 -1 -1
46 0 0 11673722198433 11676259052749 0 281474976710656 0 281474976710656 1 15 -1 -1
12 0 0 4540430281934 4541166312007 0 281474976710656 0 281474976710656 16 17 -1 -1
13 0 0 2396855580839 2397184169451 0 281474976710656 0 281474976710656 18 6 -1 -1
281474976710656 281474976710656
0 85350476809037 85546316451278 0 19
103026992005733 103026992005734
74565835588752 74565835588753
218101384884806 218101384884807
158590695246746 158590695246747
101437842339644 101437842339645
124276392647921 124276392647922
86212142134126 86212142134127
180037134371011 180037134371012
195262834576529 195262834576530
206909141121903 206909141121904
215477122949499 215477122949500
109804156786616 109804156786617
115286852675876 115286852675877
119249876382091 119249876382092
122046809351175 122046809351176
78989958391076 78989958391077
81788019331802 81788019331803
83762851039411 83762851039412
85133254278538 85133254278539
13 0 1 281474976710656 281474976710656 0 281474976710656 0 281474976710656 1 2 -1 -1
61 0 0 83852133578176 83871018192531 0 281474976710656 0 281474976710656 3 2 -1 -1
36 0 2 37710496349594 37710496349595 0 281474976710656 0 281474976710656 4 5 -1 -1
37 0 0 21335959545931 21338383190120 0 281474976710656 0 281474976710656 1 6 -1 -1
47 0 0 44936222951798 44946343186129 0 281474976710656 0 281474976710656 3 7 -1 -1
14 0 0 20828118437322 20835361863001 0 281474976710656 0 281474976710656 8 9 -1 -1
64 0 0 11968402161006 11973321539788 0 281474976710656 0 281474976710656 10 2 -1 -1
48 0 3 20208994086101 20208994086102 0 281474976710656 0 281474976710656 4 11 -1 -1
15 0 0 8351901343572 8352335853595 0 281474976710656 0 281474976710656 12 13 -1 -1
16 0 0 4534608236856 4534955908641 0 281474976710656 0 281474976710656 14 5 -1 -1
49 0 0 11433906260150 11435205087157 0 281474976710656 0 281474976710656 1 15 -1 -1
17 0 0 4470574198054 4470954021290 0 281474976710656 0 281474976710656 16 17 -1 -1
18 0 0 2365613131634 2365783306619 0 281474976710656 0 281474976710656 18 6 -1 -1
281474976710656 281474976710656
0 100826857329190 101810097959174 0 19
103026992005733 103026992005734
74565835588752 74565835588753
218101384884806 218101384884807
158590695246746 158590695246747
101437842339644 101437842339645
124276392647921 124276392647922
86212142134126 86212142134127
180037134371011 180037134371012
195262834576529 195262834576530
206909141121903 206909141121904
215477122949499 215477122949500
109804156786616 109804156786617
115286852675876 115286852675877
119249876382091 119249876382092
122046809351175 122046809351176
78989958391076 78989958391077
81788019331802 81788019331803
83762851039411 83762851039412
85133254278538 85133254278539
14 0 1 281474976710656 281474976710656 0 281474976710656 0 281474976710656 1 2 -1 -1
55 0 0 82334649089268 82423623281074 0 281474976710656 0 281474976710656 3 2 -1 -1
24 0 2 37710496349594 37710496349595 0 281474976710656 0 281474976710656 4 5 -1 -1
25 0 0 21525360971120 21537249929393 0 281474976710656 0 281474976710656 1 6 -1 -1
44 0 0 44123005465138 44170686590822 0 281474976710656 0 281474976710656 3 7 -1 -1
9 0 0 20250404548003 20284041881923 0 281474976710656 0 281474976710656 8 9 -1 -1
63 0 0 11577551938857 11600227566630 0 281474976710656 0 281474976710656 10 2 -1 -1
45 0 3 20208994086101 20208994086102 0 281474976710656 0 281474976710656 4 11 -1 -1
10 0 0 8316612493991 8318702180012 0 281474976710656 0 281474976710656 12 13 -1 -1
11 0 0 4506414858386 4508082016292 0 281474976710656 0 281474976710656 14 5 -1 -1
46 0 0 11535406178000 11541777451537 0 281474976710656 0 281474976710656 1 15 -1 -1
12 0 0 4500207359212 4502064166096 0 281474976710656 0 281474976710656 16 17 -1 -1
13 0 0 2378879924036 2379710546908 0 281474976710656 0 281474976710656 18 6 -1 -1
281474976710656 281474976710656
0 115270704748173 115674647963284 0 19
103026992005733 103026992005734
74565835588752 74565835588753
218101384884806 218101384884807
158590695246746 158590695246747
101437842339644 101437842339645
124276392647921 124276392647922
86212142134126 86212142134127
180037134371011 180037134371012
195262834576529 195262834576530
206909141121903 206909141121904
215477122949499 215477122949500
109804156786616 109804156786617
115286852675876 115286852675877
119249876382091 119249876382092
122046809351175 122046809351176
78989958391076 78989958391077
81788019331802 81788019331803
83762851039411 83762851039412
85133254278538 85133254278539
15 0 1 281474976710656 281474976710656 0 281474976710656 0 281474976710656 1 2 -1 -1
57 0 0 81115792619889 81150385227373 0 281474976710656 0 281474976710656 3 2 -1 -1
29 0 2 37710496349594 37710496349595 0 281474976710656 0 281474976710656 4 5 -1 -1
30 0 0 21698315853624 21703101021293 0 281474976710656 0 281474976710656 1 6 -1 -1
44 0 0 43469822251819 43488360374299 0 281474976710656 0 281474976710656 3 7 -1 -1
9 0 0 19792542994699 19805462424182 0 281474976710656 0 281474976710656 8 9 -1 -1
63 0 0 11269903577572 11278558739736 0 281474976710656 0 281474976710656 10 2 -1 -1
45 0 3 20208994086101 20208994086102 0 281474976710656 0 281474976710656 4 11 -1 -1
10 0 0 8287721591410 8288548414781 0 281474976710656 0 281474976710656 12 13 -1 -1
11 0 0 4483395999800 4484053984757 0 281474976710656 0 281474976710656 14 5 -1 -1
46 0 0 11628092420188 11630656783814 0 281474976710656 0 281474976710656 1 15 -1 -1
12 0 0 4527181069129 4527926190465 0 281474976710656 0 281474976710656 16 17 -1 -1
13 0 0 2390938576193 2391271448281 0 281474976710656 0 281474976710656 18 6 -1 -1
281474976710656 281474976710656
0 81779891882150 81983002925434 0 19
103026992005733 103026992005734
74565835588752 74565835588753
218101384884806 218101384884807
158590695246746 158590695246747
101437842339644 101437842339645
124276392647921 124276392647922
86212142134126 86212142134127
180037134371011 180037134371012
195262834576529 195262834576530
206909141121903 206909141121904
215477122949499 215477122949500
109804156786616 109804156786617
115286852675876 115286852675877
119249876382091 119249876382092
122046809351175 122046809351176
78989958391076 78989958391077
81788019331802 81788019331803
83762851039411 83762851039412
85133254278538 85133254278539
16 0 1 281474976710656 281474976710656 0 281474976710656 0 281474976710656 1 2 -1 -1
58 0 0 84198108617117 84217981480725 0 281474976710656 0 281474976710656 3 2 -1 -1
31 0 2 37710496349594 37710496349595 0 281474976710656 0 281474976710656 4 5 -1 -1
32 0 0 21291648510830 21294175379463 0 281474976710656 0 281474976710656 1 6 -1 -1
47 0 0 45121630416369 45132280251879 0 281474976710656 0 281474976710656 3 7 -1 -1
14 0 0 20961032789822 20968681003619 0 281474976710656 0 281474976710656 8 9 -1 -1
64 0 0 12058745312946 12063948654501 0 281474976710656 0 281474976710656 10 2 -1 -1
48 0 3 20208994086101 20208994086102 0 281474976710656 0 281474976710656 4 11 -1 -1
15 0 0 8359843914036 8360298992503 0 281474976710656 0 281474976710656 12 13 -1 -1
16 0 0 4540965488804 4541329864781 0 281474976710656 0 281474976710656 14 5 -1 -1
49 0 0 11410160048008 11411514192828 0 281474976710656 0 281474976710656 1 15 -1 -1
17 0 0 4463627083223 4464023394248 0 281474976710656 0 281474976710656 16 17 -1 -1
18 0 0 2362499978229 2362677603764 0 281474976710656 0 281474976710656 18 6 -1 -1
281474976710656 281474976710656
0 122038101790634 122256808066245 0 19
103026992005733 103026992005734
74565835588752 74565835588753
218101384884806 218101384884807
158590695246746 158590695246747
101437842339644 101437842339645
124276392647921 124276392647922
86212142134126 86212142134127
180037134371011 180037134371012
195262834576529 195262834576530
206909141121903 206909141121904
215477122949499 215477122949500
109804156786616 109804156786617
115286852675876 115286852675877
119249876382091 119249876382092
122046809351175 122046809351176
78989958391076 78989958391077
81788019331802 81788019331803
83762851039411 83762851039412
85133254278538 85133254278539
17 0 1 281474976710656 281474976710656 0 281474976710656 0 281474976710656 1 2 -1 -1
60 0 0 80559588189376 80577845911941 0 281474976710656 0 281474976710656 3 2 -1 -1
34 0 2 37710496349594 37710496349595 0 281474976710656 0 281474976710656 4 5 -1 -1
35 0 0 21778117142345 21780683196430 0 281474976710656 0 281474976710656 1 6 -1 -1
44 0 0 43171753195854 43181537479888 0 281474976710656 0 281474976710656 3 7 -1 -1
9 0 0 19585416234465 19592197347719 0 281474976710656 0 281474976710656 8 9 -1 -1
63 0 0 11131346610110 11135876728786 0 281474976710656 0 281474976710656 10 2 -1 -1
45 0 3 20208994086101 20208994086102 0 281474976710656 0 281474976710656 4 11 -1 -1
10 0 0 8274371455234 8274811359321 0 281474976710656 0 281474976710656 12 13 -1 -1
11 0 0 4472778397148 4473128068210 0 281474976710656 0 281474976710656 14 5 -1 -1
46 0 0 11670857801923 11672232946163 0 281474976710656 0 281474976710656 1 15 -1 -1
12 0 0 4539599147169 4539998169428 0 281474976710656 0 281474976710656 16 17 -1 -1
13 0 0 2396484519471 2396662665522 0 281474976710656 0 281474976710656 18 6 -1 -1
281474976710656 281474976710656
0 85129017346637 85235380271537 0 19
103026992005733 103026992005734
74565835588752 74565835588753
218101384884806 218101384884807
158590695246746 158590695246747
101437842339644 101437842339645
124276392647921 124276392647922
86212142134126 86212142134127
180037134371011 180037134371012
195262834576529 195262834576530
206909141121903 206909141121904
215477122949499 215477122949500
109804156786616 109804156786617
115286852675876 115286852675877
119249876382091 119249876382092
122046809351175 122046809351176
78989958391076 78989958391077
81788019331802 81788019331803
83762851039411 83762851039412
85133254278538 85133254278539
18 0 1 281474976710656 281474976710656 0 281474976710656 0 281474976710656 1 2 -1 -1
61 0 0 83882123850600 83892391425848 0 281474976710656 0 281474976710656 3 2 -1 -1
36 0 2 37710496349594 37710496349595 0 281474976710656 0 281474976710656 4 5 -1 -1
37 0 0 21333217998452 21334534824965 0 281474976710656 0 281474976710656 1 6 -1 -1
47 0 0 44952294690351 44957797067344 0 281474976710656 0 281474976710656 3 7 -1 -1
14 0 0 20839622196155 20843561435085 0 281474976710656 0 281474976710656 8 9 -1 -1
64 0 0 11976215166645 11978890849282 0 281474976710656 0 281474976710656 10 2 -1 -1
48 0 3 20208994086101 20208994086102 0 281474976710656 0 281474976710656 4 11 -1 -1
15 0 0 8352591327418 8352827487333 0 281474976710656 0 281474976710656 12 13 -1 -1
16 0 0 4535160331191 4535349303279 0 281474976710656 0 281474976710656 14 5 -1 -1
49 0 0 11432437069284 11433142754486 0 281474976710656 0 281474976710656 1 15 -1 -1
17 0 0 4470144534701 4470350914216 0 281474976710656 0 281474976710656 16 17 -1 -1
18 0 0 2365420622409 2365513090591 0 281474976710656 0 281474976710656 18 6 -1 -1
281474976710656 281474976710656
1 106504045241869 110142382191127 0 26
206053984011466 206053984011467
218101384884806 218101384884807
74565835588752 74565835588753
103026992005733 103026992005734
158590695246746 158590695246747
162509653574040 162509653574041
124276392647921 124276392647922
101437842339644 101437842339645
118965323136615 118965323136616
86212142134126 86212142134127
180037134371011 180037134371012
178447984704922 178447984704923
206909141121903 206909141121904
195262834576529 195262834576530
197852620089641 197852620089642
215477122949499 215477122949500
109804156786616 109804156786617
109210990867437 109210990867438
119249876382091 119249876382092
115286852675876 115286852675877
116184759658385 116184759658386
122046809351175 122046809351176
78989958391076 78989958391077
83762851039411 83762851039412
81788019331802 81788019331803
85133254278538 85133254278539
19 0 1 281474976710656 281474976710656 0 281474976710656 0 281474976710656 1 2 0 3
39 0 4 150841985398378 150841985398379 0 281474976710656 0 281474976710656 1 4 0 5
1 0 0 60942499285892 61270489448639 0 281474976710656 0 281474976710656 6 7 8 3
6 0 0 32737908365745 32996672069305 0 281474976710656 0 281474976710656 9 2 -1 -1
52 0 0 40001643018332 40065304639140 0 281474976710656 0 281474976710656 10 4 11 5
21 0 3 20208994086101 20208994086102 0 281474976710656 0 281474976710656 12 13 0 14
66 0 0 12148094522907 12158743075771 0 281474976710656 0 281474976710656 1 15 -1 -1
53 0 0 17513215945995 17619280195296 0 281474976710656 0 281474976710656 16 7 17 3
22 0 0 8164746734194 8208689083812 0 281474976710656 0 281474976710656 18 19 8 20
30 0 0 4705805588336 4729488525830 0 281474976710656 0 281474976710656 6 21 -1 -1
58 0 0 9777820032811 9858728322660 0 281474976710656 0 281474976710656 22 2 -1 -1
31 0 0 4386048054242 4420715816943 0 281474976710656 0 281474976710656 23 24 -1 -1
32 0 0 2478619269177 2497748259373 0 281474976710656 0 281474976710656 9 25 -1 -1
281474976710656 281474976710656
1 117707717533547 119413626483309 0 26
206053984011466 206053984011467
218101384884806 218101384884807
74565835588752 74565835588753
103026992005733 103026992005734
158590695246746 158590695246747
162509653574040 162509653574041
124276392647921 124276392647922
101437842339644 101437842339645
118965323136615 118965323136616
86212142134126 86212142134127
180037134371011 180037134371012
178447984704922 178447984704923
206909141121903 206909141121904
195262834576529 195262834576530
197852620089641 197852620089642
215477122949499 215477122949500
109804156786616 109804156786617
109210990867437 109210990867438
119249876382091 119249876382092
115286852675876 115286852675877
116184759658385 116184759658386
122046809351175 122046809351176
78989958391076 78989958391077
83762851039411 83762851039412
81788019331802 81788019331803
85133254278538 85133254278539
20 0 1 281474976710656 281474976710656 0 281474976710656 0 281474976710656 1 2 0 3
41 0 4 150841985398378 150841985398379 0 281474976710656 0 281474976710656 1 4 0 5
3 0 0 61945493127693 62096406891608 0 281474976710656 0 281474976710656 6 7 8 3
11 0 0 33532273941518 33652587036035 0 281474976710656 0 281474976710656 9 2 -1 -1
52 0 0 40195195030480 40224030542085 0 281474976710656 0 281474976710656 10 4 11 5
21 0 3 20208994086101 20208994086102 0 281474976710656 0 281474976710656 12 13 0 14
66 0 0 12121715341488 12126489614467 0 281474976710656 0 281474976710656 1 15 -1 -1
53 0 0 17837895655715 17886834174184 0 281474976710656 0 281474976710656 16 7 17 3
22 0 0 8299122429156 8319341039741 0 281474976710656 0 281474976710656 18 19 8 20
30 0 0 4778189278181 4789070433792 0 281474976710656 0 281474976710656 6 21 -1 -1
58 0 0 10026337642914 10064014109879 0 281474976710656 0 281474976710656 22 2 -1 -1
31 0 0 4492472861504 4508591759762 0 281474976710656 0 281474976710656 23 24 -1 -1
32 0 0 2537325578398 2546212792137 0 281474976710656 0 281474976710656 9 25 -1 -1
281474976710656 281474976710656
1 102846626105816 104547848492530 0 26
206053984011466 206053984011467
218101384884806 218101384884807
74565835588752 74565835588753
103026992005733 103026992005734
158590695246746 158590695246747
162509653574040 162509653574041
124276392647921 124276392647922
101437842339644 101437842339645
118965323136615 118965323136616
86212142134126 86212142134127
180037134371011 180037134371012
178447984704922 178447984704923
206909141121903 206909141121904
195262834576529 195262834576530
197852620089641 197852620089642
215477122949499 215477122949500
109804156786616 109804156786617
109210990867437 109210990867438
119249876382091 119249876382092
115286852675876 115286852675877
116184759658385 116184759658386
122046809351175 122046809351176
78989958391076 78989958391077
83762851039411 83762851039412
81788019331802 81788019331803
85133254278538 85133254278539
21 0 1 281474976710656 281474976710656 0 281474976710656 0 281474976710656 1 2 0 3
39 0 4 150841985398378 150841985398379 0 281474976710656 0 281474976710656 1 4 0 5
1 0 0 60610559970837 60765238364162 0 281474976710656 0 281474976710656 6 7 8 3
6 0 0 32477018000226 32598465085275 0 281474976710656 0 281474976710656 9 2 -1 -1
52 0 0 39936845730607 39967086675963 0 281474976710656 0 281474976710656 10 4 11 5
21 0 3 20208994086101 20208994086102 0 281474976710656 0 281474976710656 12 13 0 14
66 0 0 12164539775344 12169622162578 0 281474976710656 0 281474976710656 1 15 -1 -1
53 0 0 17405983307682 17455938384462 0 281474976710656 0 281474976710656 16 7 17 3
22 0 0 8120275298491 8140998273781 0 281474976710656 0 281474976710656 18 19 8 20
30 0 0 4681824909319 4693001099204 0 281474976710656 0 281474976710656 6 21 -1 -1
58 0 0 9696292031822 9734238474846 0 281474976710656 0 281474976710656 22 2 -1 -1
31 0 0 4351095372865 4367366197047 0 281474976710656 0 281474976710656 23 24 -1 -1
32 0 0 2459327679246 2468308782523 0 281474976710656 0 281474976710656 9 25 -1 -1
281474976710656 281474976710656
1 116108427893145 116838669578009 0 26
206053984011466 206053984011467
218101384884806 218101384884807
74565835588752 74565835588753
103026992005733 103026992005734
158590695246746 158590695246747
162509653574040 162509653574041
124276392647921 124276392647922
101437842339644 101437842339645
118965323136615 118965323136616
86212142134126 86212142134127
180037134371011 180037134371012
178447984704922 178447984704923
206909141121903 206909141121904
195262834576529 195262834576530
197852620089641 197852620089642
215477122949499 215477122949500
109804156786616 109804156786617
109210990867437 109210990867438
119249876382091 119249876382092
115286852675876 115286852675877
116184759658385 116184759658386
122046809351175 122046809351176
78989958391076 78989958391077
83762851039411 83762851039412
81788019331802 81788019331803
85133254278538 85133254278539
22 0 1 281474976710656 281474976710656 0 281474976710656 0 281474976710656 1 2 0 3
41 0 4 150841985398378 150841985398379 0 281474976710656 0 281474976710656 1 4 0 5
3 0 0 61803581353103 61868430547365 0 281474976710656 0 281474976710656 6 7 8 3
11 0 0 33419326469248 33470917181198 0 281474976710656 0 281474976710656 9 2 -1 -1
52 0 0 40168011683239 40180441794760 0 281474976710656 0 281474976710656 10 4 11 5
21 0 3 20208994086101 20208994086102 0 281474976710656 0 281474976710656 12 13 0 14
66 0 0 12128935375267 12130997633959 0 281474976710656 0 281474976710656 1 15 -1 -1
53 0 0 17791896845825 17812914377781 0 281474976710656 0 281474976710656 16 7 17 3
22 0 0 8280109856457 8288798001074 0 281474976710656 0 281474976710656 18 19 8 20
30 0 0 4767954818855 4772631927639 0 281474976710656 0 281474976710656 6 21 -1 -1
58 0 0 9990976451920 10007127240934 0 281474976710656 0 281474976710656 22 2 -1 -1
31 0 0 4477340769513 4484252614316 0 281474976710656 0 281474976710656 23 24 -1 -1
32 0 0 2528981410710 2532792877917 0 281474976710656 0 281474976710656 9 25 -1 -1
281474976710656 281474976710656
1 106504045241869 110142382191127 0 19
206053984011466 206053984011467
218101384884806 218101384884807
74565835588752 74565835588753
158590695246746 158590695246747
124276392647921 124276392647922
101437842339644 101437842339645
86212142134126 86212142134127
180037134371011 180037134371012
206909141121903 206909141121904
195262834576529 195262834576530
215477122949499 215477122949500
109804156786616 109804156786617
119249876382091 119249876382092
115286852675876 115286852675877
122046809351175 122046809351176
78989958391076 78989958391077
83762851039411 83762851039412
81788019331802 81788019331803
85133254278538 85133254278539
23 0 1 281474976710656 281474976710656 0 281474976710656 0 281474976710656 1 2 -1 -1
43 0 4 150841985398378 150841985398379 0 281474976710656 0 281474976710656 1 3 -1 -1
5 0 0 60942499285892 61270489448639 0 281474976710656 0 281474976710656 4 5 -1 -1
6 0 0 32737908365745 32996672069305 0 281474976710656 0 281474976710656 6 2 -1 -1
56 0 0 40001643018332 40065304639140 0 281474976710656 0 281474976710656 7 3 -1 -1
28 0 3 20208994086101 20208994086102 0 281474976710656 0 281474976710656 8 9 -1 -1
66 0 0 12148094522907 12158743075771 0 281474976710656 0 281474976710656 1 10 -1 -1
57 0 0 17513215945995 17619280195296 0 281474976710656 0 281474976710656 11 5 -1 -1
29 0 0 8164746734194 8208689083812 0 281474976710656 0 281474976710656 12 13 -1 -1
30 0 0 4705805588336 4729488525830 0 281474976710656 0 281474976710656 4 14 -1 -1
58 0 0 9777820032811 9858728322660 0 281474976710656 0 281474976710656 15 2 -1 -1
31 0 0 4386048054242 4420715816943 0 281474976710656 0 281474976710656 16 17 -1 -1
32 0 0 2478619269177 2497748259373 0 281474976710656 0 281474976710656 6 18 -1 -1
281474976710656 281474976710656
1 117707717533547 119413626483309 0 19
206053984011466 206053984011467
218101384884806 218101384884807
74565835588752 74565835588753
158590695246746 158590695246747
124276392647921 124276392647922
101437842339644 101437842339645
86212142134126 86212142134127
180037134371011 180037134371012
206909141121903 206909141121904
195262834576529 195262834576530
215477122949499 215477122949500
109804156786616 109804156786617
119249876382091 119249876382092
115286852675876 115286852675877
122046809351175 122046809351176
78989958391076 78989958391077
83762851039411 83762851039412
81788019331802 81788019331803
85133254278538 85133254278539
24 0 1 281474976710656 281474976710656 0 281474976710656 0 281474976710656 1 2 -1 -1
45 0 4 150841985398378 150841985398379 0 281474976710656 0 281474976710656 1 3 -1 -1
10 0 0 61945493127693 62096406891608 0 281474976710656 0 281474976710656 4 5 -1 -1
11 0 0 33532273941518 33652587036035 0 281474976710656 0 281474976710656 6 2 -1 -1
56 0 0 40195195030480 40224030542085 0 281474976710656 0 281474976710656 7 3 -1 -1
28 0 3 20208994086101 20208994086102 0 281474976710656 0 281474976710656 8 9 -1 -1
66 0 0 12121715341488 12126489614467 0 281474976710656 0 281474976710656 1 10 -1 -1
57 0 0 17837895655715 17886834174184 0 281474976710656 0 281474976710656 11 5 -1 -1
29 0 0 8299122429156 8319341039741 0 281474976710656 0 281474976710656 12 13 -1 -1
30 0 0 4778189278181 4789070433792 0 281474976710656 0 281474976710656 4 14 -1 -1
58 0 0 10026337642914 10064014109879 0 281474976710656 0 281474976710656 15 2 -1 -1
31 0 0 4492472861504 4508591759762 0 281474976710656 0 281474976710656 16 17 -1 -1
32 0 0 2537325578398 2546212792137 0 281474976710656 0 281474976710656 6 18 -1 -1
281474976710656 281474976710656
1 82999031594167 83843610084026 0 19
206053984011466 206053984011467
218101384884806 218101384884807
74565835588752 74565835588753
158590695246746 158590695246747
124276392647921 124276392647922
101437842339644 101437842339645
86212142134126 86212142134127
180037134371011 180037134371012
206909141121903 206909141121904
195262834576529 195262834576530
215477122949499 215477122949500
109804156786616 109804156786617
119249876382091 119249876382092
115286852675876 115286852675877
122046809351175 122046809351176
78989958391076 78989958391077
83762851039411 83762851039412
81788019331802 81788019331803
85133254278538 85133254278539
25 0 1 281474976710656 281474976710656 0 281474976710656 0 281474976710656 1 2 -1 -1
46 0 4 150841985398378 150841985398379 0 281474976710656 0 281474976710656 1 3 -1 -1
12 0 0 58769440019533 58849178638264 0 281474976710656 0 281474976710656 4 5 -1 -1
13 0 0 31047931950363 31109198141889 0 281474976710656 0 281474976710656 6 2 -1 -1
59 0 0 39570521358289 39586635278799 0 281474976710656 0 281474976710656 7 3 -1 -1
33 0 3 20208994086101 20208994086102 0 281474976710656 0 281474976710656 8 9 -1 -1
67 0 0 12229139205853 12231907284950 0 281474976710656 0 281474976710656 1 10 -1 -1
60 0 0 16813203221180 16838806307976 0 281474976710656 0 281474976710656 11 5 -1 -1
34 0 0 7873611996431 7884294945679 0 281474976710656 0 281474976710656 12 13 -1 -1
35 0 0 4548582817559 4554361713118 0 281474976710656 0 281474976710656 4 14 -1 -1
61 0 0 9250516453937 9269598860277 0 281474976710656 0 281474976710656 15 2 -1 -1
36 0 0 4159634146378 4167842259650 0 281474976710656 0 281474976710656 16 17 -1 -1
37 0 0 2353556596151 2358094495001 0 281474976710656 0 281474976710656 6 18 -1 -1
281474976710656 281474976710656
1 123386291160835 124372664127965 0 19
206053984011466 206053984011467
218101384884806 218101384884807
74565835588752 74565835588753
158590695246746 158590695246747
124276392647921 124276392647922
101437842339644 101437842339645
86212142134126 86212142134127
180037134371011 180037134371012
206909141121903 206909141121904
195262834576529 195262834576530
215477122949499 215477122949500
109804156786616 109804156786617
119249876382091 119249876382092
115286852675876 115286852675877
122046809351175 122046809351176
78989958391076 78989958391077
83762851039411 83762851039412
81788019331802 81788019331803
85133254278538 85133254278539
26 0 1 281474976710656 281474976710656 0 281474976710656 0 281474976710656 1 2 -1 -1
48 0 4 150841985398378 150841985398379 0 281474976710656 0 281474976710656 1 3 -1 -1
15 0 0 62446024648112 62532437531025 0 281474976710656 0 281474976710656 4 5 -1 -1
16 0 0 33932110017239 34001369838330 0 281474976710656 0 281474976710656 6 2 -1 -1
56 0 0 40290549042091 40306929244252 0 281474976710656 0 281474976710656 7 3 -1 -1
28 0 3 20208994086101 20208994086102 0 281474976710656 0 281474976710656 8 9 -1 -1
66 0 0 12108034052918 12110732196816 0 281474976710656 0 281474976710656 1 10 -1 -1
57 0 0 18000295076891 18028357099984 0 281474976710656 0 281474976710656 11 5 -1 -1
29 0 0 8366180937497 8377758068594 0 281474976710656 0 281474976710656 12 13 -1 -1
30 0 0 4814268575895 4820494512520 0 281474976710656 0 281474976710656 4 14 -1 -1
58 0 0 10151584564443 10173290602338 0 281474976710656 0 281474976710656 15 2 -1 -1
31 0 0 4546040738301 4555319794867 0 281474976710656 0 281474976710656 16 17 -1 -1
32 0 0 2566856053155 2571970069754 0 281474976710656 0 281474976710656 6 18 -1 -1
281474976710656 281474976710656
1 85782850045152 86258460604879 0 19
206053984011466 206053984011467
218101384884806 218101384884807
74565835588752 74565835588753
158590695246746 158590695246747
124276392647921 124276392647922
101437842339644 101437842339645
86212142134126 86212142134127
180037134371011 180037134371012
206909141121903 206909141121904
195262834576529 195262834576530
215477122949499 215477122949500
109804156786616 109804156786617
119249876382091 119249876382092
115286852675876 115286852675877
122046809351175 122046809351176
78989958391076 78989958391077
83762851039411 83762851039412
81788019331802 81788019331803
85133254278538 85133254278539
27 0 1 281474976710656 281474976710656 0 281474976710656 0 281474976710656 1 2 -1 -1
49 0 4 150841985398378 150841985398379 0 281474976710656 0 281474976710656 1 3 -1 -1
17 0 0 59031792081550 59076478410573 0 281474976710656 0 281474976710656 4 5 -1 -1
18 0 0 31249720140636 31284151735956 0 281474976710656 0 281474976710656 6 2 -1 -1
59 0 0 39623452393650 39632443494043 0 281474976710656 0 281474976710656 7 3 -1 -1
33 0 3 20208994086101 20208994086102 0 281474976710656 0 281474976710656 8 9 -1 -1
67 0 0 12221284528730 12222824550286 0 281474976710656 0 281474976710656 1 10 -1 -1
60 0 0 16897465206747 16911824383169 0 281474976710656 0 281474976710656 11 5 -1 -1
34 0 0 7908760508006 7914747340894 0 281474976710656 0 281474976710656 12 13 -1 -1
35 0 0 4567593440945 4570830708356 0 281474976710656 0 281474976710656 4 14 -1 -1
61 0 0 9313376504622 9324105231409 0 281474976710656 0 281474976710656 15 2 -1 -1
36 0 0 4186668637691 4191281596771 0 281474976710656 0 281474976710656 16 17 -1 -1
37 0 0 2368501599642 2371051369039 0 281474976710656 0 281474976710656 6 18 -1 -1
281474976710656 281474976710656
1 102846626105816 104547848492530 0 19
206053984011466 206053984011467
218101384884806 218101384884807
74565835588752 74565835588753
158590695246746 158590695246747
124276392647921 124276392647922
101437842339644 101437842339645
86212142134126 86212142134127
180037134371011 180037134371012
206909141121903 206909141121904
195262834576529 195262834576530
215477122949499 215477122949500
109804156786616 109804156786617
119249876382091 119249876382092
115286852675876 115286852675877
122046809351175 122046809351176
78989958391076 78989958391077
83762851039411 83762851039412
81788019331802 81788019331803
85133254278538 85133254278539
28 0 1 281474976710656 281474976710656 0 281474976710656 0 281474976710656 1 2 -1 -1
43 0 4 150841985398378 150841985398379 0 281474976710656 0 281474976710656 1 3 -1 -1
5 0 0 60610559970837 60765238364162 0 281474976710656 0 281474976710656 4 5 -1 -1
6 0 0 32477018000226 32598465085275 0 281474976710656 0 281474976710656 6 2 -1 -1
56 0 0 39936845730607 39967086675963 0 281474976710656 0 281474976710656 7 3 -1 -1
28 0 3 20208994086101 20208994086102 0 281474976710656 0 281474976710656 8 9 -1 -1
66 0 0 12164539775344 12169622162578 0 281474976710656 0 281474976710656 1 10 -1 -1
57 0 0 17405983307682 17455938384462 0 281474976710656 0 281474976710656 11 5 -1 -1
29 0 0 8120275298491 8140998273781 0 281474976710656 0 281474976710656 12 13 -1 -1
30 0 0 4681824909319 4693001099204 0 281474976710656 0 281474976710656 4 14 -1 -1
58 0 0 9696292031822 9734238474846 0 281474976710656 0 281474976710656 15 2 -1 -1
31 0 0 4351095372865 4367366197047 0 281474976710656 0 281474976710656 16 17 -1 -1
32 0 0 2459327679246 2468308782523 0 281474976710656 0 281474976710656 6 18 -1 -1
281474976710656 281474976710656
1 116108427893145 116838669578009 0 19
206053984011466 206053984011467
218101384884806 218101384884807
74565835588752 74565835588753
158590695246746 158590695246747
124276392647921 124276392647922
101437842339644 101437842339645
86212142134126 86212142134127
180037134371011 180037134371012
206909141121903 206909141121904
195262834576529 195262834576530
215477122949499 215477122949500
109804156786616 109804156786617
119249876382091 119249876382092
115286852675876 115286852675877
122046809351175 122046809351176
78989958391076 78989958391077
83762851039411 83762851039412
81788019331802 81788019331803
85133254278538 85133254278539
29 0 1 281474976710656 281474976710656 0 281474976710656 0 281474976710656 1 2 -1 -1
45 0 4 150841985398378 150841985398379 0 281474976710656 0 281474976710656 1 3 -1 -1
10 0 0 61803581353103 61868430547365 0 281474976710656 0 281474976710656 4 5 -1 -1
11 0 0 33419326469248 33470917181198 0 281474976710656 0 281474976710656 6 2 -1 -1
56 0 0 40168011683239 40180441794760 0 281474976710656 0 281474976710656 7 3 -1 -1
28 0 3 20208994086101 20208994086102 0 281474976710656 0 281474976710656 8 9 -1 -1
66 0 0 12128935375267 12130997633959 0 281474976710656 0 281474976710656 1 10 -1 -1
57 0 0 17791896845825 17812914377781 0 281474976710656 0 281474976710656 11 5 -1 -1
29 0 0 8280109856457 8288798001074 0 281474976710656 0 281474976710656 12 13 -1 -1
30 0 0 4767954818855 4772631927639 0 281474976710656 0 281474976710656 4 14 -1 -1
58 0 0 9990976451920 10007127240934 0 281474976710656 0 281474976710656 15 2 -1 -1
31 0 0 4477340769513 4484252614316 0 281474976710656 0 281474976710656 16 17 -1 -1
32 0 0 2528981410710 2532792877917 0 281474976710656 0 281474976710656 6 18 -1 -1
281474976710656 281474976710656
1 82200656915501 82565993168460 0 19
206053984011466 206053984011467
218101384884806 218101384884807
74565835588752 74565835588753
158590695246746 158590695246747
124276392647921 124276392647922
101437842339644 101437842339645
86212142134126 86212142134127
180037134371011 180037134371012
206909141121903 206909141121904
195262834576529 195262834576530
215477122949499 215477122949500
109804156786616 109804156786617
119249876382091 119249876382092
115286852675876 115286852675877
122046809351175 122046809351176
78989958391076 78989958391077
83762851039411 83762851039412
81788019331802 81788019331803
85133254278538 85133254278539
30 0 1 281474976710656 281474976710656 0 281474976710656 0 281474976710656 1 2 -1 -1
46 0 4 150841985398378 150841985398379 0 281474976710656 0 281474976710656 1 3 -1 -1
12 0 0 58693947953335 58728507085858 0 281474976710656 0 281474976710656 4 5 -1 -1
13 0 0 30989980652935 31016503596992 0 281474976710656 0 281474976710656 6 2 -1 -1
59 0 0 39555244440293 39562240541090 0 281474976710656 0 281474976710656 7 3 -1 -1
33 0 3 20208994086101 20208994086102 0 281474976710656 0 281474976710656 8 9 -1 -1
67 0 0 12233330802689 12234534012760 0 281474976710656 0 281474976710656 1 10 -1 -1
60 0 0 16788969517217 16800062634047 0 281474976710656 0 281474976710656 11 5 -1 -1
34 0 0 7863497977345 7868128023171 0 281474976710656 0 281474976710656 12 13 -1 -1
35 0 0 4543110993400 4545615995405 0 281474976710656 0 281474976710656 4 14 -1 -1
61 0 0 9232468883886 9240728547337 0 281474976710656 0 281474976710656 15 2 -1 -1
36 0 0 4151870144705 4155423545426 0 281474976710656 0 281474976710656 16 17 -1 -1
37 0 0 2349263944162 2351228623998 0 281474976710656 0 281474976710656 6 18 -1 -1
281474976710656 281474976710656
1 122493739864822 122897525042681 0 19
206053984011466 206053984011467
218101384884806 218101384884807
74565835588752 74565835588753
158590695246746 158590695246747
124276392647921 124276392647922
101437842339644 101437842339645
86212142134126 86212142134127
180037134371011 180037134371012
206909141121903 206909141121904
195262834576529 195262834576530
215477122949499 215477122949500
109804156786616 109804156786617
119249876382091 119249876382092
115286852675876 115286852675877
122046809351175 122046809351176
78989958391076 78989958391077
83762851039411 83762851039412
81788019331802 81788019331803
85133254278538 85133254278539
31 0 1 281474976710656 281474976710656 0 281474976710656 0 281474976710656 1 2 -1 -1
48 0 4 150841985398378 150841985398379 0 281474976710656 0 281474976710656 1 3 -1 -1
15 0 0 62367696512087 62403147584866 0 281474976710656 0 281474976710656 4 5 -1 -1
16 0 0 33869388997783 33897769403190 0 281474976710656 0 281474976710656 6 2 -1 -1
56 0 0 40275680609755 40282412464345 0 281474976710656 0 281474976710656 7 3 -1 -1
28 0 3 20208994086101 20208994086102 0 281474976710656 0 281474976710656 8 9 -1 -1
66 0 0 12112073399630 12113183528890 0 281474976710656 0 281474976710656 1 10 -1 -1
57 0 0 17974864885648 17986373762130 0 281474976710656 0 281474976710656 11 5 -1 -1
29 0 0 8355686957101 8360436500263 0 281474976710656 0 281474976710656 12 13 -1 -1
30 0 0 4808624404655 4811179025202 0 281474976710656 0 281474976710656 4 14 -1 -1
58 0 0 10131930510109 10140823380868 0 281474976710656 0 281474976710656 15 2 -1 -1
31 0 0 4537637715045 4541439968401 0 281474976710656 0 281474976710656 16 17 -1 -1
32 0 0 2562224526994 2564320267375 0 281474976710656 0 281474976710656 6 18 -1 -1
281474976710656 281474976710656
1 85350476809037 85546316451278 0 19
206053984011466 206053984011467
218101384884806 218101384884807
74565835588752 74565835588753
158590695246746 158590695246747
124276392647921 124276392647922
101437842339644 101437842339645
86212142134126 86212142134127
180037134371011 180037134371012
206909141121903 206909141121904
195262834576529 195262834576530
215477122949499 215477122949500
109804156786616 109804156786617
119249876382091 119249876382092
115286852675876 115286852675877
122046809351175 122046809351176
78989958391076 78989958391077
83762851039411 83762851039412
81788019331802 81788019331803
85133254278538 85133254278539
32 0 1 281474976710656 281474976710656 0 281474976710656 0 281474976710656 1 2 -1 -1
49 0 4 150841985398378 150841985398379 0 281474976710656 0 281474976710656 1 3 -1 -1
17 0 0 58991133749433 59009553642985 0 281474976710656 0 281474976710656 4 5 -1 -1
18 0 0 31218407644569 31232591666261 0 281474976710656 0 281474976710656 6 2 -1 -1
59 0 0 39615265532745 39618975250735 0 281474976710656 0 281474976710656 7 3 -1 -1
33 0 3 20208994086101 20208994086102 0 281474976710656 0 281474976710656 8 9 -1 -1
67 0 0 12223591712323 12224227528736 0 281474976710656 0 281474976710656 1 10 -1 -1
60 0 0 16884402092575 16890320014686 0 281474976710656 0 281474976710656 11 5 -1 -1
34 0 0 7903313324378 7905781122180 0 281474976710656 0 281474976710656 12 13 -1 -1
35 0 0 4564647775306 4565982306787 0 281474976710656 0 281474976710656 4 14 -1 -1
61 0 0 9303620374876 9308039651069 0 281474976710656 0 281474976710656 15 2 -1 -1
36 0 0 4182473558674 4184373857253 0 281474976710656 0 281474976710656 16 17 -1 -1
37 0 0 2366182725584 2367233145520 0 281474976710656 0 281474976710656 6 18 -1 -1
281474976710656 281474976710656
1 100826857329190 101810097959174 0 19
206053984011466 206053984011467
218101384884806 218101384884807
74565835588752 74565835588753
158590695246746 158590695246747
124276392647921 124276392647922
101437842339644 101437842339645
86212142134126 86212142134127
180037134371011 180037134371012
206909141121903 206909141121904
195262834576529 195262834576530
215477122949499 215477122949500
109804156786616 109804156786617
119249876382091 119249876382092
115286852675876 115286852675877
122046809351175 122046809351176
78989958391076 78989958391077
83762851039411 83762851039412
81788019331802 81788019331803
85133254278538 85133254278539
33 0 1 281474976710656 281474976710656 0 281474976710656 0 281474976710656 1 2 -1 -1
43 0 4 150841985398378 150841985398379 0 281474976710656 0 281474976710656 1 3 -1 -1
5 0 0 60426285451019 60516077914084 0 281474976710656 0 281474976710656 4 5 -1 -1
6 0 0 32332614569880 32402940639911 0 281474976710656 0 281474976710656 6 2 -1 -1
56 0 0 39900712103237 39918333623350 0 281474976710656 0 281474976710656 7 3 -1 -1
28 0 3 20208994086101 20208994086102 0 281474976710656 0 281474976710656 8 9 -1 -1
66 0 0 12172737788107 12175706652855 0 281474976710656 0 281474976710656 1 10 -1 -1
57 0 0 17346500868539 17375480989049 0 281474976710656 0 281474976710656 11 5 -1 -1
29 0 0 8095587194106 8107617103089 0 281474976710656 0 281474976710656 12 13 -1 -1
30 0 0 4668506668007 4674996810674 0 281474976710656 0 281474976710656 4 14 -1 -1
58 0 0 9651185674405 9673151224519 0 281474976710656 0 281474976710656 15 2 -1 -1
31 0 0 4331748981593 4341170888429 0 281474976710656 0 281474976710656 16 17 -1 -1
32 0 0 2448647404628 2453849024836 0 281474976710656 0 281474976710656 6 18 -1 -1
281474976710656 281474976710656
1 115270704748173 115674647963284 0 19
206053984011466 206053984011467
218101384884806 218101384884807
74565835588752 74565835588753
158590695246746 158590695246747
124276392647921 124276392647922
101437842339644 101437842339645
86212142134126 86212142134127
180037134371011 180037134371012
206909141121903 206909141121904
195262834576529 195262834576530
215477122949499 215477122949500
109804156786616 109804156786617
119249876382091 119249876382092
115286852675876 115286852675877
122046809351175 122046809351176
78989958391076 78989958391077
83762851039411 83762851039412
81788019331802 81788019331803
85133254278538 85133254278539
34 0 1 281474976710656 281474976710656 0 281474976710656 0 281474976710656 1 2 -1 -1
45 0 4 150841985398378 150841985398379 0 281474976710656 0 281474976710656 1 3 -1 -1
10 0 0 61729079956266 61765018244117 0 281474976710656 0 281474976710656 4 5 -1 -1
11 0 0 33360104115073 33388665742301 0 281474976710656 0 281474976710656 6 2 -1 -1
56 0 0 40153714430752 40160613474069 0 281474976710656 0 281474976710656 7 3 -1 -1
28 0 3 20208994086101 20208994086102 0 281474976710656 0 281474976710656 8 9 -1 -1
66 0 0 12132225762577 12133371501870 0 281474976710656 0 281474976710656 1 10 -1 -1
57 0 0 17767756181111 17779400568243 0 281474976710656 0 281474976710656 11 5 -1 -1
29 0 0 8270128561898 8274943379503 0 281474976710656 0 281474976710656 12 13 -1 -1
30 0 0 4762580974349 4765173310362 0 281474976710656 0 281474976710656 4 14 -1 -1
58 0 0 9972438702052 9981378757573 0 281474976710656 0 281474976710656 15 2 -1 -1
31 0 0 4469406478526 4473233011002 0 281474976710656 0 281474976710656 16 17 -1 -1
32 0 0 2524605867992 2526716129573 0 281474976710656 0 281474976710656 6 18 -1 -1
281474976710656 281474976710656
1 81779891882150 81983002925434 0 19
206053984011466 206053984011467
218101384884806 218101384884807
74565835588752 74565835588753
158590695246746 158590695246747
124276392647921 124276392647922
101437842339644 101437842339645
86212142134126 86212142134127
180037134371011 180037134371012
206909141121903 206909141121904
195262834576529 195262834576530
215477122949499 215477122949500
109804156786616 109804156786617
119249876382091 119249876382092
115286852675876 115286852675877
122046809351175 122046809351176
78989958391076 78989958391077
83762851039411 83762851039412
81788019331802 81788019331803
85133254278538 85133254278539
35 0 1 281474976710656 281474976710656 0 281474976710656 0 281474976710656 1 2 -1 -1
46 0 4 150841985398378 150841985398379 0 281474976710656 0 281474976710656 1 3 -1 -1
12 0 0 58654116292582 58673347677092 0 281474976710656 0 281474976710656 4 5 -1 -1
13 0 0 30959424393401 30974175700411 0 281474976710656 0 281474976710656 6 2 -1 -1
59 0 0 39547175612773 39551072093701 0 281474976710656 0 281474976710656 7 3 -1 -1
33 0 3 20208994086101 20208994086102 0 281474976710656 0 281474976710656 8 9 -1 -1
67 0 0 12235251821738 12235922330525 0 281474976710656 0 281474976710656 1 10 -1 -1
60 0 0 16776185458517 16782357615033 0 281474976710656 0 281474976710656 11 5 -1 -1
34 0 0 7858161546679 7860738063654 0 281474976710656 0 281474976710656 12 13 -1 -1
35 0 0 4540223640394 4541617725490 0 281474976710656 0 281474976710656 4 14 -1 -1
61 0 0 9222953777487 9227547200454 0 281474976710656 0 281474976710656 15 2 -1 -1
36 0 0 4147776382172 4149752682573 0 281474976710656 0 281474976710656 16 17 -1 -1
37 0 0 2347000426168 2348093169231 0 281474976710656 0 281474976710656 6 18 -1 -1
281474976710656 281474976710656
1 122038101790634 122256808066245 0 19
206053984011466 206053984011467
218101384884806 218101384884807
74565835588752 74565835588753
158590695246746 158590695246747
124276392647921 124276392647922
101437842339644 101437842339645
86212142134126 86212142134127
180037134371011 180037134371012
206909141121903 206909141121904
195262834576529 195262834576530
215477122949499 215477122949500
109804156786616 109804156786617
119249876382091 119249876382092
115286852675876 115286852675877
122046809351175 122046809351176
78989958391076 78989958391077
83762851039411 83762851039412
81788019331802 81788019331803
85133254278538 85133254278539
36 0 1 281474976710656 281474976710656 0 281474976710656 0 281474976710656 1 2 -1 -1
48 0 4 150841985398378 150841985398379 0 281474976710656 0 281474976710656 1 3 -1 -1
15 0 0 62327661405134 62346882428591 0 281474976710656 0 281474976710656 4 5 -1 -1
16 0 0 33837352620646 33852731595848 0 281474976710656 0 281474976710656 6 2 -1 -1
56 0 0 40268073413525 40271726305921 0 281474976710656 0 281474976710656 7 3 -1 -1
28 0 3 20208994086101 20208994086102 0 281474976710656 0 281474976710656 8 9 -1 -1
66 0 0 12113835821818 12114438526807 0 281474976710656 0 281474976710656 1 10 -1 -1
57 0 0 17961869333763 17968108355606 0 281474976710656 0 281474976710656 11 5 -1 -1
29 0 0 8350323269813 8352898398670 0 281474976710656 0 281474976710656 12 13 -1 -1
30 0 0 4805739285351 4807124465942 0 281474976710656 0 281474976710656 4 14 -1 -1
58 0 0 10121892694259 10126711235974 0 281474976710656 0 281474976710656 15 2 -1 -1
31 0 0 4533345654354 4535406046348 0 281474976710656 0 281474976710656 16 17 -1 -1
32 0 0 2559858737259 2560994438144 0 281474976710656 0 281474976710656 6 18 -1 -1
281474976710656 281474976710656
1 85129017346637 85235380271537 0 19
206053984011466 206053984011467
218101384884806 218101384884807
74565835588752 74565835588753
158590695246746 158590695246747
124276392647921 124276392647922
101437842339644 101437842339645
86212142134126 86212142134127
180037134371011 180037134371012
206909141121903 206909141121904
195262834576529 195262834576530
215477122949499 215477122949500
109804156786616 109804156786617
119249876382091 119249876382092
115286852675876 115286852675877
122046809351175 122046809351176
78989958391076 78989958391077
83762851039411 83762851039412
81788019331802 81788019331803
85133254278538 85133254278539
37 0 1 281474976710656 281474976710656 0 281474976710656 0 281474976710656 1 2 -1 -1
49 0 4 150841985398378 150841985398379 0 281474976710656 0 281474976710656 1 3 -1 -1
17 0 0 58970296052685 58980305090855 0 281474976710656 0 281474976710656 4 5 -1 -1
18 0 0 31202365465026 31210070574295 0 281474976710656 0 281474976710656 6 2 -1 -1
59 0 0 39611067408963 39613084101693 0 281474976710656 0 281474976710656 7 3 -1 -1
33 0 3 20208994086101 20208994086102 0 281474976710656 0 281474976710656 8 9 -1 -1
67 0 0 12224601473684 12224947221631 0 281474976710656 0 281474976710656 1 10 -1 -1
60 0 0 16877707790627 16880923232085 0 281474976710656 0 281474976710656 11 5 -1 -1
34 0 0 7900521602370 7901862559218 0 281474976710656 0 281474976710656 12 13 -1 -1
35 0 0 4563138024668 4563863214426 0 281474976710656 0 281474976710656 4 14 -1 -1
61 0 0 9298622322575 9301022880953 0 281474976710656 0 281474976710656 15 2 -1 -1
36 0 0 4180324314147 4181356603051 0 281474976710656 0 281474976710656 16 17 -1 -1
37 0 0 2364994677084 2365565303135 0 281474976710656 0 281474976710656 6 18 -1 -1
281474976710656 281474976710656
0 171332594519529 180948199313994 0 24
103026992005733 103026992005734
81788019331802 81788019331803
218101384884806 218101384884807
206053984011466 206053984011467
158590695246746 158590695246747
162509653574040 162509653574041
101437842339644 101437842339645
124276392647921 124276392647922
118965323136615 118965323136616
86212142134126 86212142134127
180037134371011 180037134371012
178447984704922 178447984704923
195262834576529 195262834576530
206909141121903 206909141121904
197852620089641 197852620089642
215477122949499 215477122949500
109804156786616 109804156786617
109210990867437 109210990867438
115286852675876 115286852675877
119249876382091 119249876382092
116184759658385 116184759658386
122046809351175 122046809351176
83762851039411 83762851039412
85133254278538 85133254278539
38 0 1 281474976710656 281474976710656 0 281474976710656 0 281474976710656 1 2 0 3
50 0 0 76153970266903 76814026684817 0 281474976710656 0 281474976710656 4 2 5 3
19 0 2 37710496349594 37710496349595 0 281474976710656 0 281474976710656 6 7 0 8
65 0 0 22336773631746 22441313529011 0 281474976710656 0 281474976710656 1 9 -1 -1
38 0 0 40810789666880 41164512835159 0 281474976710656 0 281474976710656 4 10 5 11
0 0 0 17984319818383 18219771795511 0 281474976710656 0 281474976710656 12 13 14 3
62 0 0 10073333238489 10227467038028 0 281474976710656 0 281474976710656 15 2 -1 -1
39 0 3 20208994086101 20208994086102 0 281474976710656 0 281474976710656 6 16 0 17
1 0 0 8164746734194 8181626183777 0 281474976710656 0 281474976710656 18 19 20 8
6 0 0 4386048054242 4399349472999 0 281474976710656 0 281474976710656 21 7 -1 -1
-1
7 0 0 4626051470020 4642136503718 0 281474976710656 0 281474976710656 1 22 -1 -1
8 0 0 2434997486761 2442144521150 0 281474976710656 0 281474976710656 23 9 -1 -1
281474976710656 281474976710656
0 202310139510784 207402614418379 0 24
103026992005733 103026992005734
81788019331802 81788019331803
218101384884806 218101384884807
206053984011466 206053984011467
158590695246746 158590695246747
162509653574040 162509653574041
101437842339644 101437842339645
124276392647921 124276392647922
118965323136615 118965323136616
86212142134126 86212142134127
180037134371011 180037134371012
178447984704922 178447984704923
195262834576529 195262834576530
206909141121903 206909141121904
197852620089641 197852620089642
215477122949499 215477122949500
109804156786616 109804156786617
109210990867437 109210990867438
115286852675876 115286852675877
119249876382091 119249876382092
116184759658385 116184759658386
122046809351175 122046809351176
83762851039411 83762851039412
85133254278538 85133254278539
39 0 1 281474976710656 281474976710656 0 281474976710656 0 281474976710656 1 2 0 3
52 0 0 74445684733966 74762876266997 0 281474976710656 0 281474976710656 4 2 5 3
21 0 2 37710496349594 37710496349595 0 281474976710656 0 281474976710656 6 7 0 8
66 0 0 22668652987319 22721873574013 0 281474976710656 0 281474976710656 1 9 -1 -1
38 0 0 39895322208896 40065304639140 0 281474976710656 0 281474976710656 4 10 5 11
0 0 0 17382094037804 17493138579070 0 281474976710656 0 281474976710656 12 13 14 3
62 0 0 9681394944378 9753415670084 0 281474976710656 0 281474976710656 15 2 -1 -1
39 0 3 20208994086101 20208994086102 0 281474976710656 0 281474976710656 6 16 0 17
1 0 0 8120275298491 8128619967427 0 281474976710656 0 281474976710656 18 19 20 8
6 0 0 4351095372865 4357643787802 0 281474976710656 0 281474976710656 21 7 -1 -1
-1
7 0 0 4677016717157 4685162685780 0 281474976710656 0 281474976710656 1 22 -1 -1
8 0 0 2457622938882 2461233888564 0 281474976710656 0 281474976710656 23 9 -1 -1
281474976710656 281474976710656
0 162061350227347 166326122601752 0 24
103026992005733 103026992005734
81788019331802 81788019331803
218101384884806 218101384884807
206053984011466 206053984011467
158590695246746 158590695246747
162509653574040 162509653574041
101437842339644 101437842339645
124276392647921 124276392647922
118965323136615 118965323136616
86212142134126 86212142134127
180037134371011 180037134371012
178447984704922 178447984704923
195262834576529 195262834576530
206909141121903 206909141121904
197852620089641 197852620089642
215477122949499 215477122949500
109804156786616 109804156786617
109210990867437 109210990867438
115286852675876 115286852675877
119249876382091 119249876382092
116184759658385 116184759658386
122046809351175 122046809351176
83762851039411 83762851039412
85133254278538 85133254278539
40 0 1 281474976710656 281474976710656 0 281474976710656 0 281474976710656 1 2 0 3
50 0 0 77166539328270 77471763590985 0 281474976710656 0 281474976710656 4 2 5 3
19 0 2 37710496349594 37710496349595 0 281474976710656 0 281474976710656 6 7 0 8
65 0 0 22234644063218 22281787877328 0 281474976710656 0 281474976710656 1 9 -1 -1
38 0 0 41353423791428 41516992980839 0 281474976710656 0 281474976710656 4 10 5 11
0 0 0 18346152549617 18455937524267 0 281474976710656 0 281474976710656 12 13 14 3
62 0 0 10310407148950 10382573429784 0 281474976710656 0 281474976710656 15 2 -1 -1
39 0 3 20208994086101 20208994086102 0 281474976710656 0 281474976710656 6 16 0 17
1 0 0 8190573214616 8198282402076 0 281474976710656 0 281474976710656 18 19 20 8
6 0 0 4406407744499 4412493819943 0 281474976710656 0 281474976710656 21 7 -1 -1
-1
7 0 0 4610309318246 4617579464668 0 281474976710656 0 281474976710656 1 22 -1 -1
8 0 0 2427997189386 2431230805079 0 281474976710656 0 281474976710656 23 9 -1 -1
281474976710656 281474976710656
0 197631366626630 199756435084982 0 24
103026992005733 103026992005734
81788019331802 81788019331803
218101384884806 218101384884807
206053984011466 206053984011467
158590695246746 158590695246747
162509653574040 162509653574041
101437842339644 101437842339645
124276392647921 124276392647922
118965323136615 118965323136616
86212142134126 86212142134127
180037134371011 180037134371012
178447984704922 178447984704923
195262834576529 195262834576530
206909141121903 206909141121904
197852620089641 197852620089642
215477122949499 215477122949500
109804156786616 109804156786617
109210990867437 109210990867438
115286852675876 115286852675877
119249876382091 119249876382092
116184759658385 116184759658386
122046809351175 122046809351176
83762851039411 83762851039412
85133254278538 85133254278539
41 0 1 281474976710656 281474976710656 0 281474976710656 0 281474976710656 1 2 0 3
52 0 0 74923964333572 75059062834132 0 281474976710656 0 281474976710656 4 2 5 3
21 0 2 37710496349594 37710496349595 0 281474976710656 0 281474976710656 6 7 0 8
66 0 0 22619428764661 22641825121687 0 281474976710656 0 281474976710656 1 9 -1 -1
38 0 0 40151631473837 40224030542085 0 281474976710656 0 281474976710656 4 10 5 11
0 0 0 17549668447118 17597148169567 0 281474976710656 0 281474976710656 12 13 14 3
62 0 0 9790122818026 9820975885209 0 281474976710656 0 281474976710656 15 2 -1 -1
39 0 3 20208994086101 20208994086102 0 281474976710656 0 281474976710656 6 16 0 17
1 0 0 8132842459629 8136375745804 0 281474976710656 0 281474976710656 18 19 20 8
6 0 0 4360959140825 4363734275293 0 281474976710656 0 281474976710656 21 7 -1 -1
-1
7 0 0 4669475847759 4672907627254 0 281474976710656 0 281474976710656 1 22 -1 -1
8 0 0 2454278903974 2455800899892 0 281474976710656 0 281474976710656 23 9 -1 -1
281474976710656 281474976710656
0 171332594519529 180948199313994 0 17
103026992005733 103026992005734
81788019331802 81788019331803
218101384884806 218101384884807
158590695246746 158590695246747
101437842339644 101437842339645
124276392647921 124276392647922
86212142134126 86212142134127
180037134371011 180037134371012
195262834576529 195262834576530
206909141121903 206909141121904
215477122949499 215477122949500
109804156786616 109804156786617
115286852675876 115286852675877
119249876382091 119249876382092
122046809351175 122046809351176
83762851039411 83762851039412
85133254278538 85133254278539
42 0 1 281474976710656 281474976710656 0 281474976710656 0 281474976710656 1 2 -1 -1
54 0 0 76153970266903 76814026684817 0 281474976710656 0 281474976710656 3 2 -1 -1
23 0 2 37710496349594 37710496349595 0 281474976710656 0 281474976710656 4 5 -1 -1
65 0 0 22336773631746 22441313529011 0 281474976710656 0 281474976710656 1 6 -1 -1
42 0 0 40810789666880 41164512835159 0 281474976710656 0 281474976710656 3 7 -1 -1
4 0 0 17984319818383 18219771795511 0 281474976710656 0 281474976710656 8 9 -1 -1
62 0 0 10073333238489 10227467038028 0 281474976710656 0 281474976710656 10 2 -1 -1
43 0 3 20208994086101 20208994086102 0 281474976710656 0 281474976710656 4 11 -1 -1
5 0 0 8164746734194 8181626183777 0 281474976710656 0 281474976710656 12 13 -1 -1
6 0 0 4386048054242 4399349472999 0 281474976710656 0 281474976710656 14 5 -1 -1
-1
7 0 0 4626051470020 4642136503718 0 281474976710656 0 281474976710656 1 15 -1 -1
8 0 0 2434997486761 2442144521150 0 281474976710656 0 281474976710656 16 6 -1 -1
281474976710656 281474976710656
0 202310139510784 207402614418379 0 17
103026992005733 103026992005734
81788019331802 81788019331803
218101384884806 218101384884807
158590695246746 158590695246747
101437842339644 101437842339645
124276392647921 124276392647922
86212142134126 86212142134127
180037134371011 180037134371012
195262834576529 195262834576530
206909141121903 206909141121904
215477122949499 215477122949500
109804156786616 109804156786617
115286852675876 115286852675877
119249876382091 119249876382092
122046809351175 122046809351176
83762851039411 83762851039412
85133254278538 85133254278539
43 0 1 281474976710656 281474976710656 0 281474976710656 0 281474976710656 1 2 -1 -1
56 0 0 74445684733966 74762876266997 0 281474976710656 0 281474976710656 3 2 -1 -1
28 0 2 37710496349594 37710496349595 0 281474976710656 0 281474976710656 4 5 -1 -1
66 0 0 22668652987319 22721873574013 0 281474976710656 0 281474976710656 1 6 -1 -1
42 0 0 39895322208896 40065304639140 0 281474976710656 0 281474976710656 3 7 -1 -1
4 0 0 17382094037804 17493138579070 0 281474976710656 0 281474976710656 8 9 -1 -1
62 0 0 9681394944378 9753415670084 0 281474976710656 0 281474976710656 10 2 -1 -1
43 0 3 20208994086101 20208994086102 0 281474976710656 0 281474976710656 4 11 -1 -1
5 0 0 8120275298491 8128619967427 0 281474976710656 0 281474976710656 12 13 -1 -1
6 0 0 4351095372865 4357643787802 0 281474976710656 0 281474976710656 14 5 -1 -1
-1
7 0 0 4677016717157 4685162685780 0 281474976710656 0 281474976710656 1 15 -1 -1
8 0 0 2457622938882 2461233888564 0 281474976710656 0 281474976710656 16 6 -1 -1
281474976710656 281474976710656
0 162061350227347 166326122601752 0 17
103026992005733 103026992005734
81788019331802 81788019331803
218101384884806 218101384884807
158590695246746 158590695246747
101437842339644 101437842339645
124276392647921 124276392647922
86212142134126 86212142134127
180037134371011 180037134371012
195262834576529 195262834576530
206909141121903 206909141121904
215477122949499 215477122949500
109804156786616 109804156786617
115286852675876 115286852675877
119249876382091 119249876382092
122046809351175 122046809351176
83762851039411 83762851039412
85133254278538 85133254278539
44 0 1 281474976710656 281474976710656 0 281474976710656 0 281474976710656 1 2 -1 -1
54 0 0 77166539328270 77471763590985 0 281474976710656 0 281474976710656 3 2 -1 -1
23 0 2 37710496349594 37710496349595 0 281474976710656 0 281474976710656 4 5 -1 -1
65 0 0 22234644063218 22281787877328 0 281474976710656 0 281474976710656 1 6 -1 -1
42 0 0 41353423791428 41516992980839 0 281474976710656 0 281474976710656 3 7 -1 -1
4 0 0 18346152549617 18455937524267 0 281474976710656 0 281474976710656 8 9 -1 -1
62 0 0 10310407148950 10382573429784 0 281474976710656 0 281474976710656 10 2 -1 -1
43 0 3 20208994086101 20208994086102 0 281474976710656 0 281474976710656 4 11 -1 -1
5 0 0 8190573214616 8198282402076 0 281474976710656 0 281474976710656 12 13 -1 -1
6 0 0 4406407744499 4412493819943 0 281474976710656 0 281474976710656 14 5 -1 -1
-1
7 0 0 4610309318246 4617579464668 0 281474976710656 0 281474976710656 1 15 -1 -1
8 0 0 2427997189386 2431230805079 0 281474976710656 0 281474976710656 16 6 -1 -1
281474976710656 281474976710656
0 197631366626630 199756435084982 0 17
103026992005733 103026992005734
81788019331802 81788019331803
218101384884806 218101384884807
158590695246746 158590695246747
101437842339644 101437842339645
124276392647921 124276392647922
86212142134126 86212142134127
180037134371011 180037134371012
195262834576529 195262834576530
206909141121903 206909141121904
215477122949499 215477122949500
109804156786616 109804156786617
115286852675876 115286852675877
119249876382091 119249876382092
122046809351175 122046809351176
83762851039411 83762851039412
85133254278538 85133254278539
45 0 1 281474976710656 281474976710656 0 281474976710656 0 281474976710656 1 2 -1 -1
56 0 0 74923964333572 75059062834132 0 281474976710656 0 281474976710656 3 2 -1 -1
28 0 2 37710496349594 37710496349595 0 281474976710656 0 281474976710656 4 5 -1 -1
66 0 0 22619428764661 22641825121687 0 281474976710656 0 281474976710656 1 6 -1 -1
42 0 0 40151631473837 40224030542085 0 281474976710656 0 281474976710656 3 7 -1 -1
4 0 0 17549668447118 17597148169567 0 281474976710656 0 281474976710656 8 9 -1 -1
62 0 0 9790122818026 9820975885209 0 281474976710656 0 281474976710656 10 2 -1 -1
43 0 3 20208994086101 20208994086102 0 281474976710656 0 281474976710656 4 11 -1 -1
5 0 0 8132842459629 8136375745804 0 281474976710656 0 281474976710656 12 13 -1 -1
6 0 0 4360959140825 4363734275293 0 281474976710656 0 281474976710656 14 5 -1 -1
-1
7 0 0 4669475847759 4672907627254 0 281474976710656 0 281474976710656 1 15 -1 -1
8 0 0 2454278903974 2455800899892 0 281474976710656 0 281474976710656 16 6 -1 -1
281474976710656 281474976710656
0 216874162383620 218143106950759 0 17
103026992005733 103026992005734
81788019331802 81788019331803
218101384884806 218101384884807
158590695246746 158590695246747
101437842339644 101437842339645
124276392647921 124276392647922
86212142134126 86212142134127
180037134371011 180037134371012
195262834576529 195262834576530
206909141121903 206909141121904
215477122949499 215477122949500
109804156786616 109804156786617
115286852675876 115286852675877
119249876382091 119249876382092
122046809351175 122046809351176
83762851039411 83762851039412
85133254278538 85133254278539
46 0 1 281474976710656 281474976710656 0 281474976710656 0 281474976710656 1 2 -1 -1
59 0 0 73793837101623 73869667080588 0 281474976710656 0 281474976710656 3 2 -1 -1
33 0 2 37710496349594 37710496349595 0 281474976710656 0 281474976710656 4 5 -1 -1
67 0 0 22819884424538 22832920066454 0 281474976710656 0 281474976710656 1 6 -1 -1
42 0 0 39545998115547 39586635278799 0 281474976710656 0 281474976710656 3 7 -1 -1
4 0 0 17154995520597 17181337843192 0 281474976710656 0 281474976710656 8 9 -1 -1
62 0 0 9534455823128 9551475826179 0 281474976710656 0 281474976710656 10 2 -1 -1
43 0 3 20208994086101 20208994086102 0 281474976710656 0 281474976710656 4 11 -1 -1
5 0 0 8102998868269 8105017547307 0 281474976710656 0 281474976710656 12 13 -1 -1
6 0 0 4337552705744 4339134075187 0 281474976710656 0 281474976710656 14 5 -1 -1
-1
7 0 0 4700144972616 4702135766791 0 281474976710656 0 281474976710656 1 15 -1 -1
8 0 0 2467871403167 2468752998905 0 281474976710656 0 281474976710656 16 6 -1 -1
281474976710656 281474976710656
0 157102312582691 159502486802706 0 17
103026992005733 103026992005734
81788019331802 81788019331803
218101384884806 218101384884807
158590695246746 158590695246747
101437842339644 101437842339645
124276392647921 124276392647922
86212142134126 86212142134127
180037134371011 180037134371012
195262834576529 195262834576530
206909141121903 206909141121904
215477122949499 215477122949500
109804156786616 109804156786617
115286852675876 115286852675877
119249876382091 119249876382092
122046809351175 122046809351176
83762851039411 83762851039412
85133254278538 85133254278539
47 0 1 281474976710656 281474976710656 0 281474976710656 0 281474976710656 1 2 -1 -1
54 0 0 77657122879246 77832528132563 0 281474976710656 0 281474976710656 3 2 -1 -1
23 0 2 37710496349594 37710496349595 0 281474976710656 0 281474976710656 4 5 -1 -1
65 0 0 22179470476465 22206222406228 0 281474976710656 0 281474976710656 1 6 -1 -1
42 0 0 41616326724037 41710326115986 0 281474976710656 0 281474976710656 3 7 -1 -1
4 0 0 18522771077153 18586128737644 0 281474976710656 0 281474976710656 8 9 -1 -1
62 0 0 10426559386255 10468295038179 0 281474976710656 0 281474976710656 10 2 -1 -1
43 0 3 20208994086101 20208994086102 0 281474976710656 0 281474976710656 4 11 -1 -1
5 0 0 8202947186112 8207349759180 0 281474976710656 0 281474976710656 12 13 -1 -1
6 0 0 4416178416920 4419657247917 0 281474976710656 0 281474976710656 14 5 -1 -1
-1
7 0 0 4601793363447 4605923495029 0 281474976710656 0 281474976710656 1 15 -1 -1
8 0 0 2424207952121 2426045888536 0 281474976710656 0 281474976710656 16 6 -1 -1
281474976710656 281474976710656
0 195216516105777 196377890728365 0 17
103026992005733 103026992005734
81788019331802 81788019331803
218101384884806 218101384884807
158590695246746 158590695246747
101437842339644 101437842339645
124276392647921 124276392647922
86212142134126 86212142134127
180037134371011 180037134371012
195262834576529 195262834576530
206909141121903 206909141121904
215477122949499 215477122949500
109804156786616 109804156786617
115286852675876 115286852675877
119249876382091 119249876382092
122046809351175 122046809351176
83762851039411 83762851039412
85133254278538 85133254278539
48 0 1 281474976710656 281474976710656 0 281474976710656 0 281474976710656 1 2 -1 -1
56 0 0 75139202067118 75213753918316 0 281474976710656 0 281474976710656 3 2 -1 -1
28 0 2 37710496349594 37710496349595 0 281474976710656 0 281474976710656 4 5 -1 -1
66 0 0 22593899132632 22606187648234 0 281474976710656 0 281474976710656 1 6 -1 -1
42 0 0 40266977027606 40306929244252 0 281474976710656 0 281474976710656 3 7 -1 -1
4 0 0 17625343027600 17651592390318 0 281474976710656 0 281474976710656 8 9 -1 -1
62 0 0 9839307083163 9856379916109 0 281474976710656 0 281474976710656 10 2 -1 -1
43 0 3 20208994086101 20208994086102 0 281474976710656 0 281474976710656 4 11 -1 -1
5 0 0 8138468240451 8140412564185 0 281474976710656 0 281474976710656 12 13 -1 -1
6 0 0 4365378170870 4366905925255 0 281474976710656 0 281474976710656 14 5 -1 -1
-1
7 0 0 4665562356822 4667446302321 0 281474976710656 0 281474976710656 1 15 -1 -1
8 0 0 2452542949054 2453378676287 0 281474976710656 0 281474976710656 16 6 -1 -1
281474976710656 281474976710656
0 215449982173588 216132571402826 0 17
103026992005733 103026992005734
81788019331802 81788019331803
218101384884806 218101384884807
158590695246746 158590695246747
101437842339644 101437842339645
124276392647921 124276392647922
86212142134126 86212142134127
180037134371011 180037134371012
195262834576529 195262834576530
206909141121903 206909141121904
215477122949499 215477122949500
109804156786616 109804156786617
115286852675876 115286852675877
119249876382091 119249876382092
122046809351175 122046809351176
83762851039411 83762851039412
85133254278538 85133254278539
49 0 1 281474976710656 281474976710656 0 281474976710656 0 281474976710656 1 2 -1 -1
59 0 0 73914128023982 73955146373934 0 281474976710656 0 281474976710656 3 2 -1 -1
33 0 2 37710496349594 37710496349595 0 281474976710656 0 281474976710656 4 5 -1 -1
67 0 0 22805227397488 22812255826607 0 281474976710656 0 281474976710656 1 6 -1 -1
42 0 0 39610461826553 39632443494043 0 281474976710656 0 281474976710656 3 7 -1 -1
4 0 0 17196792305323 17211056249207 0 281474976710656 0 281474976710656 8 9 -1 -1
62 0 0 9561464048337 9570684780533 0 281474976710656 0 281474976710656 10 2 -1 -1
43 0 3 20208994086101 20208994086102 0 281474976710656 0 281474976710656 4 11 -1 -1
5 0 0 8106200052756 8107290280659 0 281474976710656 0 281474976710656 12 13 -1 -1
6 0 0 4340060539792 4340914790396 0 281474976710656 0 281474976710656 14 5 -1 -1
-1
7 0 0 4697906035035 4698979733946 0 281474976710656 0 281474976710656 1 15 -1 -1
8 0 0 2466879815769 2467355352611 0 281474976710656 0 281474976710656 16 6 -1 -1
281474976710656 281474976710656
1 171332594519529 180948199313994 0 24
206053984011466 206053984011467
218101384884806 218101384884807
81788019331802 81788019331803
103026992005733 103026992005734
158590695246746 158590695246747
162509653574040 162509653574041
124276392647921 124276392647922
101437842339644 101437842339645
118965323136615 118965323136616
86212142134126 86212142134127
180037134371011 180037134371012
178447984704922 178447984704923
206909141121903 206909141121904
195262834576529 195262834576530
197852620089641 197852620089642
215477122949499 215477122949500
109804156786616 109804156786617
109210990867437 109210990867438
119249876382091 119249876382092
115286852675876 115286852675877
116184759658385 116184759658386
122046809351175 122046809351176
83762851039411 83762851039412
85133254278538 85133254278539
50 0 1 281474976710656 281474976710656 0 281474976710656 0 281474976710656 1 2 0 3
38 0 4 150841985398378 150841985398379 0 281474976710656 0 281474976710656 1 4 0 5
0 0 0 66472384621506 67238940397910 0 281474976710656 0 281474976710656 6 7 8 3
62 0 0 37232349525114 37877793012835 0 281474976710656 0 281474976710656 9 2 -1 -1
50 0 0 41029283955423 41164512835159 0 281474976710656 0 281474976710656 10 4 11 5
19 0 3 20208994086101 20208994086102 0 281474976710656 0 281474976710656 12 13 0 14
65 0 0 11970240912286 11991526697971 0 281474976710656 0 281474976710656 1 15 -1 -1
51 0 0 19315610399122 19567817347476 0 281474976710656 0 281474976710656 16 7 17 3
20 0 0 8905610889151 9008309889773 0 281474976710656 0 281474976710656 18 19 8 20
25 0 0 5103477047686 5158335829777 0 281474976710656 0 281474976710656 6 21 -1 -1
-1
26 0 0 4988188993783 5074662024432 0 281474976710656 0 281474976710656 22 2 -1 -1
27 0 0 2810131403252 2857614336346 0 281474976710656 0 281474976710656 9 23 -1 -1
281474976710656 281474976710656
1 202310139510784 207402614418379 0 24
206053984011466 206053984011467
218101384884806 218101384884807
81788019331802 81788019331803
103026992005733 103026992005734
158590695246746 158590695246747
162509653574040 162509653574041
124276392647921 124276392647922
101437842339644 101437842339645
118965323136615 118965323136616
86212142134126 86212142134127
180037134371011 180037134371012
178447984704922 178447984704923
206909141121903 206909141121904
195262834576529 195262834576530
197852620089641 197852620089642
215477122949499 215477122949500
109804156786616 109804156786617
109210990867437 109210990867438
119249876382091 119249876382092
115286852675876 115286852675877
116184759658385 116184759658386
122046809351175 122046809351176
83762851039411 83762851039412
85133254278538 85133254278539
51 0 1 281474976710656 281474976710656 0 281474976710656 0 281474976710656 1 2 0 3
40 0 4 150841985398378 150841985398379 0 281474976710656 0 281474976710656 1 4 0 5
2 0 0 68895949581656 69281869492581 0 281474976710656 0 281474976710656 6 7 8 3
63 0 0 39292026148049 39625164309431 0 281474976710656 0 281474976710656 9 2 -1 -1
50 0 0 41451269455098 41516992980839 0 281474976710656 0 281474976710656 10 4 11 5
19 0 3 20208994086101 20208994086102 0 281474976710656 0 281474976710656 12 13 0 14
65 0 0 11915509841465 11925633642571 0 281474976710656 0 281474976710656 1 15 -1 -1
51 0 0 20114938312868 20242743848156 0 281474976710656 0 281474976710656 16 7 17 3
20 0 0 9230307026090 9282010490328 0 281474976710656 0 281474976710656 18 19 8 20
25 0 0 5276703905432 5304229921079 0 281474976710656 0 281474976710656 6 21 -1 -1
-1
26 0 0 5264133337676 5308765388332 0 281474976710656 0 281474976710656 22 2 -1 -1
27 0 0 2961547875896 2986009530683 0 281474976710656 0 281474976710656 9 23 -1 -1
281474976710656 281474976710656
1 162061350227347 166326122601752 0 24
206053984011466 206053984011467
218101384884806 218101384884807
81788019331802 81788019331803
103026992005733 103026992005734
158590695246746 158590695246747
162509653574040 162509653574041
124276392647921 124276392647922
101437842339644 101437842339645
118965323136615 118965323136616
86212142134126 86212142134127
180037134371011 180037134371012
178447984704922 178447984704923
206909141121903 206909141121904
195262834576529 195262834576530
197852620089641 197852620089642
215477122949499 215477122949500
109804156786616 109804156786617
109210990867437 109210990867438
119249876382091 119249876382092
115286852675876 115286852675877
116184759658385 116184759658386
122046809351175 122046809351176
83762851039411 83762851039412
85133254278538 85133254278539
52 0 1 281474976710656 281474976710656 0 281474976710656 0 281474976710656 1 2 0 3
38 0 4 150841985398378 150841985398379 0 281474976710656 0 281474976710656 1 4 0 5
0 0 0 65720726889105 66068037989977 0 281474976710656 0 281474976710656 6 7 8 3
62 0 0 36604813646803 36894114870171 0 281474976710656 0 281474976710656 9 2 -1 -1
50 0 0 40895055192439 40957279582371 0 281474976710656 0 281474976710656 10 4 11 5
19 0 3 20208994086101 20208994086102 0 281474976710656 0 281474976710656 12 13 0 14
65 0 0 12002926867045 12012815999365 0 281474976710656 0 281474976710656 1 15 -1 -1
51 0 0 19068859338191 19182804875643 0 281474976710656 0 281474976710656 16 7 17 3
20 0 0 8804907847961 8851438712462 0 281474976710656 0 281474976710656 18 19 8 20
25 0 0 5049622376467 5074514142240 0 281474976710656 0 281474976710656 6 21 -1 -1
-1
26 0 0 4904115127876 4942874142462 0 281474976710656 0 281474976710656 22 2 -1 -1
27 0 0 2763936289549 2785236406497 0 281474976710656 0 281474976710656 9 23 -1 -1
281474976710656 281474976710656
1 197631366626630 199756435084982 0 24
206053984011466 206053984011467
218101384884806 218101384884807
81788019331802 81788019331803
103026992005733 103026992005734
158590695246746 158590695246747
162509653574040 162509653574041
124276392647921 124276392647922
101437842339644 101437842339645
118965323136615 118965323136616
86212142134126 86212142134127
180037134371011 180037134371012
178447984704922 178447984704923
206909141121903 206909141121904
195262834576529 195262834576530
197852620089641 197852620089642
215477122949499 215477122949500
109804156786616 109804156786617
109210990867437 109210990867438
119249876382091 119249876382092
115286852675876 115286852675877
116184759658385 116184759658386
122046809351175 122046809351176
83762851039411 83762851039412
85133254278538 85133254278539
53 0 1 281474976710656 281474976710656 0 281474976710656 0 281474976710656 1 2 0 3
40 0 4 150841985398378 150841985398379 0 281474976710656 0 281474976710656 1 4 0 5
2 0 0 68538335266667 68701125101533 0 281474976710656 0 281474976710656 6 7 8 3
63 0 0 38984594894107 39124389293611 0 281474976710656 0 281474976710656 9 2 -1 -1
50 0 0 41390012500955 41417939767326 0 281474976710656 0 281474976710656 10 4 11 5
19 0 3 20208994086101 20208994086102 0 281474976710656 0 281474976710656 12 13 0 14
65 0 0 11930781769752 11935102793818 0 281474976710656 0 281474976710656 1 15 -1 -1
51 0 0 19996634826511 20050472546494 0 281474976710656 0 281474976710656 16 7 17 3
20 0 0 9182395792638 9204205495033 0 281474976710656 0 281474976710656 18 19 8 20
25 0 0 5251182670075 5262801896705 0 281474976710656 0 281474976710656 6 21 -1 -1
-1
26 0 0 5222945359565 5241674257792 0 281474976710656 0 281474976710656 22 2 -1 -1
27 0 0 2938966748461 2949235628651 0 281474976710656 0 281474976710656 9 23 -1 -1
281474976710656 281474976710656
1 171332594519529 180948199313994 0 17
206053984011466 206053984011467
218101384884806 218101384884807
81788019331802 81788019331803
158590695246746 158590695246747
124276392647921 124276392647922
101437842339644 101437842339645
86212142134126 86212142134127
180037134371011 180037134371012
206909141121903 206909141121904
195262834576529 195262834576530
215477122949499 215477122949500
109804156786616 109804156786617
119249876382091 119249876382092
115286852675876 115286852675877
122046809351175 122046809351176
83762851039411 83762851039412
85133254278538 85133254278539
54 0 1 281474976710656 281474976710656 0 281474976710656 0 281474976710656 1 2 -1 -1
42 0 4 150841985398378 150841985398379 0 281474976710656 0 281474976710656 1 3 -1 -1
4 0 0 66472384621506 67238940397910 0 281474976710656 0 281474976710656 4 5 -1 -1
62 0 0 37232349525114 37877793012835 0 281474976710656 0 281474976710656 6 2 -1 -1
54 0 0 41029283955423 41164512835159 0 281474976710656 0 281474976710656 7 3 -1 -1
23 0 3 20208994086101 20208994086102 0 281474976710656 0 281474976710656 8 9 -1 -1
65 0 0 11970240912286 11991526697971 0 281474976710656 0 281474976710656 1 10 -1 -1
55 0 0 19315610399122 19567817347476 0 281474976710656 0 281474976710656 11 5 -1 -1
24 0 0 8905610889151 9008309889773 0 281474976710656 0 281474976710656 12 13 -1 -1
25 0 0 5103477047686 5158335829777 0 281474976710656 0 281474976710656 4 14 -1 -1
-1
26 0 0 4988188993783 5074662024432 0 281474976710656 0 281474976710656 15 2 -1 -1
27 0 0 2810131403252 2857614336346 0 281474976710656 0 281474976710656 6 16 -1 -1
281474976710656 281474976710656
1 202310139510784 207402614418379 0 17
206053984011466 206053984011467
218101384884806 218101384884807
81788019331802 81788019331803
158590695246746 158590695246747
124276392647921 124276392647922
101437842339644 101437842339645
86212142134126 86212142134127
180037134371011 180037134371012
206909141121903 206909141121904
195262834576529 195262834576530
215477122949499 215477122949500
109804156786616 109804156786617
119249876382091 119249876382092
115286852675876 115286852675877
122046809351175 122046809351176
83762851039411 83762851039412
85133254278538 85133254278539
55 0 1 281474976710656 281474976710656 0 281474976710656 0 281474976710656 1 2 -1 -1
44 0 4 150841985398378 150841985398379 0 281474976710656 0 281474976710656 1 3 -1 -1
9 0 0 68895949581656 69281869492581 0 281474976710656 0 281474976710656 4 5 -1 -1
63 0 0 39292026148049 39625164309431 0 281474976710656 0 281474976710656 6 2 -1 -1
54 0 0 41451269455098 41516992980839 0 281474976710656 0 281474976710656 7 3 -1 -1
23 0 3 20208994086101 20208994086102 0 281474976710656 0 281474976710656 8 9 -1 -1
65 0 0 11915509841465 11925633642571 0 281474976710656 0 281474976710656 1 10 -1 -1
55 0 0 20114938312868 20242743848156 0 281474976710656 0 281474976710656 11 5 -1 -1
24 0 0 9230307026090 9282010490328 0 281474976710656 0 281474976710656 12 13 -1 -1
25 0 0 5276703905432 5304229921079 0 281474976710656 0 281474976710656 4 14 -1 -1
-1
26 0 0 5264133337676 5308765388332 0 281474976710656 0 281474976710656 15 2 -1 -1
27 0 0 2961547875896 2986009530683 0 281474976710656 0 281474976710656 6 16 -1 -1
281474976710656 281474976710656
1 162061350227347 166326122601752 0 17
206053984011466 206053984011467
218101384884806 218101384884807
81788019331802 81788019331803
158590695246746 158590695246747
124276392647921 124276392647922
101437842339644 101437842339645
86212142134126 86212142134127
180037134371011 180037134371012
206909141121903 206909141121904
195262834576529 195262834576530
215477122949499 215477122949500
109804156786616 109804156786617
119249876382091 119249876382092
115286852675876 115286852675877
122046809351175 122046809351176
83762851039411 83762851039412
85133254278538 85133254278539
56 0 1 281474976710656 281474976710656 0 281474976710656 0 281474976710656 1 2 -1 -1
42 0 4 150841985398378 150841985398379 0 281474976710656 0 281474976710656 1 3 -1 -1
4 0 0 65720726889105 66068037989977 0 281474976710656 0 281474976710656 4 5 -1 -1
62 0 0 36604813646803 36894114870171 0 281474976710656 0 281474976710656 6 2 -1 -1
54 0 0 40895055192439 40957279582371 0 281474976710656 0 281474976710656 7 3 -1 -1
23 0 3 20208994086101 20208994086102 0 281474976710656 0 281474976710656 8 9 -1 -1
65 0 0 12002926867045 12012815999365 0 281474976710656 0 281474976710656 1 10 -1 -1
55 0 0 19068859338191 19182804875643 0 281474976710656 0 281474976710656 11 5 -1 -1
24 0 0 8804907847961 8851438712462 0 281474976710656 0 281474976710656 12 13 -1 -1
25 0 0 5049622376467 5074514142240 0 281474976710656 0 281474976710656 4 14 -1 -1
-1
26 0 0 4904115127876 4942874142462 0 281474976710656 0 281474976710656 15 2 -1 -1
27 0 0 2763936289549 2785236406497 0 281474976710656 0 281474976710656 6 16 -1 -1
281474976710656 281474976710656
1 197631366626630 199756435084982 0 17
206053984011466 206053984011467
218101384884806 218101384884807
81788019331802 81788019331803
158590695246746 158590695246747
124276392647921 124276392647922
101437842339644 101437842339645
86212142134126 86212142134127
180037134371011 180037134371012
206909141121903 206909141121904
195262834576529 195262834576530
215477122949499 215477122949500
109804156786616 109804156786617
119249876382091 119249876382092
115286852675876 115286852675877
122046809351175 122046809351176
83762851039411 83762851039412
85133254278538 85133254278539
57 0 1 281474976710656 281474976710656 0 281474976710656 0 281474976710656 1 2 -1 -1
44 0 4 150841985398378 150841985398379 0 281474976710656 0 281474976710656 1 3 -1 -1
9 0 0 68538335266667 68701125101533 0 281474976710656 0 281474976710656 4 5 -1 -1
63 0 0 38984594894107 39124389293611 0 281474976710656 0 281474976710656 6 2 -1 -1
54 0 0 41390012500955 41417939767326 0 281474976710656 0 281474976710656 7 3 -1 -1
23 0 3 20208994086101 20208994086102 0 281474976710656 0 281474976710656 8 9 -1 -1
65 0 0 11930781769752 11935102793818 0 281474976710656 0 281474976710656 1 10 -1 -1
55 0 0 19996634826511 20050472546494 0 281474976710656 0 281474976710656 11 5 -1 -1
24 0 0 9182395792638 9204205495033 0 281474976710656 0 281474976710656 12 13 -1 -1
25 0 0 5251182670075 5262801896705 0 281474976710656 0 281474976710656 4 14 -1 -1
-1
26 0 0 5222945359565 5241674257792 0 281474976710656 0 281474976710656 15 2 -1 -1
27 0 0 2938966748461 2949235628651 0 281474976710656 0 281474976710656 6 16 -1 -1
281474976710656 281474976710656
1 216874162383620 218143106950759 0 17
206053984011466 206053984011467
218101384884806 218101384884807
81788019331802 81788019331803
158590695246746 158590695246747
124276392647921 124276392647922
101437842339644 101437842339645
86212142134126 86212142134127
180037134371011 180037134371012
206909141121903 206909141121904
195262834576529 195262834576530
215477122949499 215477122949500
109804156786616 109804156786617
119249876382091 119249876382092
115286852675876 115286852675877
122046809351175 122046809351176
83762851039411 83762851039412
85133254278538 85133254278539
58 0 1 281474976710656 281474976710656 0 281474976710656 0 281474976710656 1 2 -1 -1
47 0 4 150841985398378 150841985398379 0 281474976710656 0 281474976710656 1 3 -1 -1
14 0 0 69990594253400 70084661956902 0 281474976710656 0 281474976710656 4 5 -1 -1
64 0 0 40240684477759 40322745166759 0 281474976710656 0 281474976710656 6 2 -1 -1
54 0 0 41636672410247 41652459142565 0 281474976710656 0 281474976710656 7 3 -1 -1
23 0 3 20208994086101 20208994086102 0 281474976710656 0 281474976710656 8 9 -1 -1
65 0 0 11894759175843 11897169382170 0 281474976710656 0 281474976710656 1 10 -1 -1
55 0 0 20477826040159 20509064317959 0 281474976710656 0 281474976710656 11 5 -1 -1
24 0 0 9376961603986 9389564286581 0 281474976710656 0 281474976710656 12 13 -1 -1
25 0 0 5354739162435 5361439176399 0 281474976710656 0 281474976710656 4 14 -1 -1
-1
26 0 0 5391229454345 5402223502020 0 281474976710656 0 281474976710656 15 2 -1 -1
27 0 0 3031185053704 3037205784827 0 281474976710656 0 281474976710656 6 16 -1 -1
281474976710656 281474976710656
1 157102312582691 159502486802706 0 17
206053984011466 206053984011467
218101384884806 218101384884807
81788019331802 81788019331803
158590695246746 158590695246747
124276392647921 124276392647922
101437842339644 101437842339645
86212142134126 86212142134127
180037134371011 180037134371012
206909141121903 206909141121904
195262834576529 195262834576530
215477122949499 215477122949500
109804156786616 109804156786617
119249876382091 119249876382092
115286852675876 115286852675877
122046809351175 122046809351176
83762851039411 83762851039412
85133254278538 85133254278539
59 0 1 281474976710656 281474976710656 0 281474976710656 0 281474976710656 1 2 -1 -1
42 0 4 150841985398378 150841985398379 0 281474976710656 0 281474976710656 1 3 -1 -1
4 0 0 65313521870415 65511061993241 0 281474976710656 0 281474976710656 4 5 -1 -1
62 0 0 36267058045828 36430714134945 0 281474976710656 0 281474976710656 6 2 -1 -1
54 0 0 40821651855401 40857321474962 0 281474976710656 0 281474976710656 7 3 -1 -1
23 0 3 20208994086101 20208994086102 0 281474976710656 0 281474976710656 8 9 -1 -1
65 0 0 12018829873397 12024526604914 0 281474976710656 0 281474976710656 1 10 -1 -1
55 0 0 18935413491277 19000129514532 0 281474976710656 0 281474976710656 11 5 -1 -1
24 0 0 8750352720005 8776818078198 0 281474976710656 0 281474976710656 12 13 -1 -1
25 0 0 5020421180491 5034589310648 0 281474976710656 0 281474976710656 4 14 -1 -1
-1
26 0 0 4858864457616 4880790216074 0 281474976710656 0 281474976710656 15 2 -1 -1
27 0 0 2739060748321 2751115010045 0 281474976710656 0 281474976710656 6 16 -1 -1
281474976710656 281474976710656
1 195216516105777 196377890728365 0 17
206053984011466 206053984011467
218101384884806 218101384884807
81788019331802 81788019331803
158590695246746 158590695246747
124276392647921 124276392647922
101437842339644 101437842339645
86212142134126 86212142134127
180037134371011 180037134371012
206909141121903 206909141121904
195262834576529 195262834576530
215477122949499 215477122949500
109804156786616 109804156786617
119249876382091 119249876382092
115286852675876 115286852675877
122046809351175 122046809351176
83762851039411 83762851039412
85133254278538 85133254278539
60 0 1 281474976710656 281474976710656 0 281474976710656 0 281474976710656 1 2 -1 -1
44 0 4 150841985398378 150841985398379 0 281474976710656 0 281474976710656 1 3 -1 -1
9 0 0 68352607907655 68442028187681 0 281474976710656 0 281474976710656 4 5 -1 -1
63 0 0 38825412017101 38902011118681 0 281474976710656 0 281474976710656 6 2 -1 -1
54 0 0 41358063127103 41373457083954 0 281474976710656 0 281474976710656 7 3 -1 -1
23 0 3 20208994086101 20208994086102 0 281474976710656 0 281474976710656 8 9 -1 -1
65 0 0 11937667492374 11940054386188 0 281474976710656 0 281474976710656 1 10 -1 -1
55 0 0 19935242439633 19964796259707 0 281474976710656 0 281474976710656 11 5 -1 -1
24 0 0 9157513044708 9169493090619 0 281474976710656 0 281474976710656 12 13 -1 -1
25 0 0 5237922809917 5244307360987 0 281474976710656 0 281474976710656 4 14 -1 -1
-1
26 0 0 5201618897893 5211881231599 0 281474976710656 0 281474976710656 15 2 -1 -1
27 0 0 2927271930070 2932899727452 0 281474976710656 0 281474976710656 6 16 -1 -1
281474976710656 281474976710656
1 215449982173588 216132571402826 0 17
206053984011466 206053984011467
218101384884806 218101384884807
81788019331802 81788019331803
158590695246746 158590695246747
124276392647921 124276392647922
101437842339644 101437842339645
86212142134126 86212142134127
180037134371011 180037134371012
206909141121903 206909141121904
195262834576529 195262834576530
215477122949499 215477122949500
109804156786616 109804156786617
119249876382091 119249876382092
115286852675876 115286852675877
122046809351175 122046809351176
83762851039411 83762851039412
85133254278538 85133254278539
61 0 1 281474976710656 281474976710656 0 281474976710656 0 281474976710656 1 2 -1 -1
47 0 4 150841985398378 150841985398379 0 281474976710656 0 281474976710656 1 3 -1 -1
14 0 0 69884771839728 69935523659594 0 281474976710656 0 281474976710656 4 5 -1 -1
64 0 0 40148471550998 40192682857315 0 281474976710656 0 281474976710656 6 2 -1 -1
54 0 0 41618885642496 41627419689079 0 281474976710656 0 281474976710656 7 3 -1 -1
23 0 3 20208994086101 20208994086102 0 281474976710656 0 281474976710656 8 9 -1 -1
65 0 0 11898582999993 11899887461081 0 281474976710656 0 281474976710656 1 10 -1 -1
55 0 0 20442694374092 20459541977344 0 281474976710656 0 281474976710656 11 5 -1 -1
24 0 0 9362784088844 9369583543418 0 281474976710656 0 281474976710656 12 13 -1 -1
25 0 0 5347200800518 5350816302653 0 281474976710656 0 281474976710656 4 14 -1 -1
-1
26 0 0 5378875264716 5384798456629 0 281474976710656 0 281474976710656 15 2 -1 -1
27 0 0 3024418890361 3027662989405 0 281474976710656 0 281474976710656 6 16 -1 -1
281474976710656 281474976710656
0 77267640665670 79164837199872 0 13
103026992005733 103026992005734
74565835588752 74565835588753
124276392647921 124276392647922
101437842339644 101437842339645
86212142134126 86212142134127
109804156786616 109804156786617
115286852675876 115286852675877
119249876382091 119249876382092
122046809351175 122046809351176
78989958391076 78989958391077
81788019331802 81788019331803
83762851039411 83762851039412
85133254278538 85133254278539
62 0 1 281474976710656 281474976710656 0 281474976710656 0 281474976710656 1 2 -1 -1
-1
26 0 2 37710496349594 37710496349595 0 281474976710656 0 281474976710656 3 2 -1 -1
27 0 0 21235316653704 21259047371421 0 281474976710656 0 281474976710656 1 4 -1 -1
-1
-1
-1
48 0 3 20208994086101 20208994086102 0 281474976710656 0 281474976710656 3 5 -1 -1
15 0 0 8366180937497 8370474899448 0 281474976710656 0 281474976710656 6 7 -1 -1
16 0 0 4546040738301 4549481278070 0 281474976710656 0 281474976710656 8 2 -1 -1
49 0 0 11379971896758 11392689150055 0 281474976710656 0 281474976710656 1 9 -1 -1
17 0 0 4454787445359 4458512365636 0 281474976710656 0 281474976710656 10 11 -1 -1
18 0 0 2358537134021 2360207250311 0 281474976710656 0 281474976710656 12 4 -1 -1
281474976710656 281474976710656
0 75324289542288 76232806192470 0 13
103026992005733 103026992005734
74565835588752 74565835588753
124276392647921 124276392647922
101437842339644 101437842339645
86212142134126 86212142134127
109804156786616 109804156786617
115286852675876 115286852675877
119249876382091 119249876382092
122046809351175 122046809351176
78989958391076 78989958391077
81788019331802 81788019331803
83762851039411 83762851039412
85133254278538 85133254278539
63 0 1 281474976710656 281474976710656 0 281474976710656 0 281474976710656 1 2 -1 -1
-1
26 0 2 37710496349594 37710496349595 0 281474976710656 0 281474976710656 3 2 -1 -1
27 0 0 21210939506606 21222344547090 0 281474976710656 0 281474976710656 1 4 -1 -1
-1
-1
-1
48 0 3 20208994086101 20208994086102 0 281474976710656 0 281474976710656 3 5 -1 -1
15 0 0 8372826585257 8374896782721 0 281474976710656 0 281474976710656 6 7 -1 -1
16 0 0 4551366100272 4553025627943 0 281474976710656 0 281474976710656 8 2 -1 -1
49 0 0 11366908223001 11373020165776 0 281474976710656 0 281474976710656 1 9 -1 -1
17 0 0 4450959421361 4452750599105 0 281474976710656 0 281474976710656 10 11 -1 -1
18 0 0 2356820455768 2357623752014 0 281474976710656 0 281474976710656 12 4 -1 -1
281474976710656 281474976710656
0 74235158692920 74766790688768 0 13
103026992005733 103026992005734
74565835588752 74565835588753
124276392647921 124276392647922
101437842339644 101437842339645
86212142134126 86212142134127
109804156786616 109804156786617
115286852675876 115286852675877
119249876382091 119249876382092
122046809351175 122046809351176
78989958391076 78989958391077
81788019331802 81788019331803
83762851039411 83762851039412
85133254278538 85133254278539
64 0 1 281474976710656 281474976710656 0 281474976710656 0 281474976710656 1 2 -1 -1
-1
26 0 2 37710496349594 37710496349595 0 281474976710656 0 281474976710656 3 2 -1 -1
27 0 0 21197246897551 21203933361435 0 281474976710656 0 281474976710656 1 4 -1 -1
-1
-1
-1
48 0 3 20208994086101 20208994086102 0 281474976710656 0 281474976710656 3 5 -1 -1
15 0 0 8376169719402 8377385433027 0 281474976710656 0 281474976710656 6 7 -1 -1
16 0 0 4554046194289 4555020985638 0 281474976710656 0 281474976710656 8 2 -1 -1
49 0 0 11359570375924 11363153641120 0 281474976710656 0 281474976710656 1 9 -1 -1
17 0 0 4448808497718 4449858916193 0 281474976710656 0 281474976710656 10 11 -1 -1
18 0 0 2355855724877 2356326871266 0 281474976710656 0 281474976710656 12 4 -1 -1
281474976710656 281474976710656
1 77267640665670 79164837199872 0 13
206053984011466 206053984011467
124276392647921 124276392647922
74565835588752 74565835588753
101437842339644 101437842339645
86212142134126 86212142134127
109804156786616 109804156786617
119249876382091 119249876382092
115286852675876 115286852675877
122046809351175 122046809351176
78989958391076 78989958391077
83762851039411 83762851039412
81788019331802 81788019331803
85133254278538 85133254278539
65 0 1 281474976710656 281474976710656 0 281474976710656 0 281474976710656 1 2 -1 -1
-1
7 0 0 58224990376904 58405859382480 0 281474976710656 0 281474976710656 1 3 -1 -1
8 0 0 30631120202741 30769295443979 0 281474976710656 0 281474976710656 4 2 -1 -1
-1
-1
-1
60 0 0 16638557420990 16696542696885 0 281474976710656 0 281474976710656 5 3 -1 -1
34 0 0 7800669575400 7824901427391 0 281474976710656 0 281474976710656 6 7 -1 -1
35 0 0 4509104915650 4522223558768 0 281474976710656 0 281474976710656 1 8 -1 -1
61 0 0 9120761336063 9163762658060 0 281474976710656 0 281474976710656 9 2 -1 -1
36 0 0 4103791960792 4122303932945 0 281474976710656 0 281474976710656 10 11 -1 -1
37 0 0 2322675780579 2332914511269 0 281474976710656 0 281474976710656 4 12 -1 -1
281474976710656 281474976710656
1 75324289542288 76232806192470 0 13
206053984011466 206053984011467
124276392647921 124276392647922
74565835588752 74565835588753
101437842339644 101437842339645
86212142134126 86212142134127
109804156786616 109804156786617
119249876382091 119249876382092
115286852675876 115286852675877
122046809351175 122046809351176
78989958391076 78989958391077
83762851039411 83762851039412
81788019331802 81788019331803
85133254278538 85133254278539
66 0 1 281474976710656 281474976710656 0 281474976710656 0 281474976710656 1 2 -1 -1
-1
7 0 0 58039054463084 58126063679935 0 281474976710656 0 281474976710656 1 3 -1 -1
8 0 0 30489376204226 30555667589480 0 281474976710656 0 281474976710656 4 2 -1 -1
-1
-1
-1
60 0 0 16578981960342 16606856137605 0 281474976710656 0 281474976710656 5 3 -1 -1
34 0 0 7775758886424 7787415911120 0 281474976710656 0 281474976710656 6 7 -1 -1
35 0 0 4495614730545 4501928008893 0 281474976710656 0 281474976710656 1 8 -1 -1
61 0 0 9076662990075 9097285359657 0 281474976710656 0 281474976710656 9 2 -1 -1
36 0 0 4084801865825 4093683227398 0 281474976710656 0 281474976710656 10 11 -1 -1
37 0 0 2312170971419 2317084107853 0 281474976710656 0 281474976710656 4 12 -1 -1
281474976710656 281474976710656
1 74235158692920 74766790688768 0 13
206053984011466 206053984011467
124276392647921 124276392647922
74565835588752 74565835588753
101437842339644 101437842339645
86212142134126 86212142134127
109804156786616 109804156786617
119249876382091 119249876382092
115286852675876 115286852675877
122046809351175 122046809351176
78989958391076 78989958391077
83762851039411 83762851039412
81788019331802 81788019331803
85133254278538 85133254278539
67 0 1 281474976710656 281474976710656 0 281474976710656 0 281474976710656 1 2 -1 -1
-1
7 0 0 57934552463322 57985589128747 0 281474976710656 0 281474976710656 1 3 -1 -1
8 0 0 30409845793683 30448674771756 0 281474976710656 0 281474976710656 4 2 -1 -1
-1
-1
-1
60 0 0 16545513866916 16561857636695 0 281474976710656 0 281474976710656 5 3 -1 -1
34 0 0 7761758273202 7768595889846 0 281474976710656 0 281474976710656 6 7 -1 -1
35 0 0 4488031012160 4491734908780 0 281474976710656 0 281474976710656 1 8 -1 -1
61 0 0 9051926119617 9064002810716 0 281474976710656 0 281474976710656 9 2 -1 -1
36 0 0 4074146811186 4079348907845 0 281474976710656 0 281474976710656 10 11 -1 -1
37 0 0 2306276155403 2309154235327 0 281474976710656 0 281474976710656 4 12 -1 -1
