kf131-learning-v1 0.996 512 2048
22222 22222 1 172 0 0 -181 -180 3
22222 22222 1 172 0 0 -171 -170 2
22222 22222 1 172 0 0 -170 -169 2
22222 22222 1 172 0 0 -2 -1 1
222 222 -1 267 0 0 -537 -536 10
222 222 -1 267 0 0 -536 -535 10
222 222 -1 267 0 0 -535 -534 1
222 222 -1 267 0 0 -534 -533 1
222 222 -1 267 0 0 -533 -532 1
222 222 -1 267 0 0 -532 -531 1
222 222 -1 267 0 0 -531 -530 1
222 222 -1 267 0 0 -519 -518 2
222 222 -1 267 0 0 -518 -517 2
222 222 -1 267 0 0 -517 -516 2
222 222 -1 267 0 0 -516 -515 2
222 222 -1 267 0 0 -515 -514 2
222 222 -1 267 0 0 -514 -513 2
222 222 -1 267 0 0 -513 -512 1
222 222 -1 267 0 0 -512 -511 2
222 222 -1 267 0 0 -511 -510 2
222 222 -1 267 0 0 -510 -509 2
222 222 -1 267 0 0 -509 -508 2
222 222 -1 267 0 0 -508 -507 1
222 222 -1 267 0 0 -507 -506 3
222 222 -1 267 0 0 -506 -505 2
222 222 -1 267 0 0 -505 -504 2
222 222 -1 267 0 0 -504 -503 2
222 222 -1 267 0 0 -503 -502 2
222 222 -1 267 0 0 -502 -501 2
222 222 -1 267 0 0 -501 -500 2
222 222 -1 267 0 0 -500 -499 2
222 222 -1 267 0 0 -499 -498 1
222 222 -1 267 0 0 -498 -497 1
222 222 -1 267 0 0 -497 -496 2
222 222 -1 267 0 0 -496 -495 1
222 222 -1 267 0 0 -495 -494 2
222 222 -1 267 0 0 -494 -493 2
222 222 -1 267 0 0 -493 -492 2
222 222 -1 267 0 0 -492 -491 2
222 222 -1 267 0 0 -491 -490 2
222 222 -1 267 0 0 -490 -489 2
222 222 -1 267 0 0 -484 -483 6
222 222 -1 267 0 0 -483 -482 1
222 222 -1 267 0 0 -482 -481 2
222 222 -1 267 0 0 -481 -480 2
222 222 -1 267 0 0 -480 -479 2
222 222 -1 267 0 0 -479 -478 2
222 222 -1 267 0 0 -478 -477 1
222 222 -1 267 0 0 -477 -476 1
222 222 -1 267 0 0 -476 -475 1
222 222 -1 267 0 0 -475 -474 1
222 222 -1 267 0 0 -474 -473 1
222 222 -1 267 0 0 -473 -472 2
222 222 -1 267 0 0 -472 -471 1
222 222 -1 267 0 0 -471 -470 1
222 222 -1 267 0 0 -470 -469 1
222 222 -1 267 0 0 -469 -468 1
222 222 -1 267 0 0 -468 -467 6
222 222 -1 267 0 0 -466 -465 2
222 222 -1 267 0 0 -465 -464 1
222 222 -1 267 0 0 -464 -463 1
222 222 -1 267 0 0 -463 -462 1
222 222 -1 267 0 0 -462 -461 1
222 222 -1 267 0 0 -461 -460 1
222 222 -1 267 0 0 -460 -459 1
222 222 -1 267 0 0 -459 -458 1
222 222 -1 267 0 0 -458 -457 1
222 222 -1 267 0 0 -457 -456 1
222 222 -1 267 0 0 -456 -455 1
222 222 -1 267 0 0 -455 -454 1
222 222 -1 267 0 0 -454 -453 1
222 222 -1 267 0 0 -453 -452 1
222 222 -1 267 0 0 -452 -451 1
222 222 -1 267 0 0 -451 -450 1
222 222 -1 267 0 0 -450 -449 1
222 222 -1 267 0 0 -449 -448 3
222 222 -1 267 0 0 -448 -447 3
222 222 -1 267 0 0 -447 -446 2
222 222 -1 267 0 0 -446 -445 2
222 222 -1 267 0 0 -445 -444 2
222 222 -1 267 0 0 -444 -443 2
222 222 -1 267 0 0 -443 -442 1
222 222 -1 267 0 0 -442 -441 2
222 222 -1 267 0 0 -441 -440 2
222 222 -1 267 0 0 -440 -439 2
222 222 -1 267 0 0 -439 -438 2
222 222 -1 267 0 0 -438 -437 1
222 222 -1 267 0 0 -437 -436 2
222 222 -1 267 0 0 -436 -435 1
222 222 -1 267 0 0 -435 -434 1
222 222 -1 267 0 0 -434 -433 1
222 222 -1 267 0 0 -433 -432 1
222 222 -1 267 0 0 -432 -431 1
222 222 -1 267 0 0 -431 -430 1
222 222 -1 267 0 0 -430 -429 1
222 222 -1 267 0 0 -429 -428 1
222 222 -1 267 0 0 -428 -427 1
222 222 -1 267 0 0 -427 -426 1
222 222 -1 267 0 0 -426 -425 1
222 222 -1 267 0 0 -425 -424 1
222 222 -1 267 0 0 -424 -423 1
222 222 -1 267 0 0 -423 -422 1
222 222 -1 267 0 0 -422 -421 2
222 222 -1 267 0 0 -421 -420 2
222 222 -1 267 0 0 -420 -419 1
222 222 -1 267 0 0 -419 -418 2
222 222 -1 267 0 0 -418 -417 2
222 222 -1 267 0 0 -417 -416 2
222 222 -1 267 0 0 -416 -415 2
222 222 -1 267 0 0 -415 -414 2
222 222 -1 267 0 0 -414 -413 1
222 222 -1 267 0 0 -413 -412 1
222 222 -1 267 0 0 -412 -411 1
222 222 -1 267 0 0 -411 -410 1
222 222 -1 267 0 0 -410 -409 1
222 222 -1 267 0 0 -409 -408 2
222 222 -1 267 0 0 -408 -407 1
222 222 -1 267 0 0 -407 -406 2
222 222 -1 267 0 0 -406 -405 1
222 222 -1 267 0 0 -405 -404 1
222 222 -1 267 0 0 -404 -403 1
222 222 -1 267 0 0 -396 -395 1
222 222 -1 267 0 0 -395 -394 1
222 222 -1 267 0 0 -394 -393 1
222 222 -1 267 0 0 -393 -392 1
222 222 -1 267 0 0 -392 -391 1
222 222 -1 267 0 0 -391 -390 1
222 222 -1 267 0 0 -385 -384 2
222 222 -1 267 0 0 -384 -383 2
222 222 -1 267 0 0 -383 -382 2
222 222 -1 267 0 0 -382 -381 2
222 222 -1 267 0 0 -381 -380 2
222 222 -1 267 0 0 -380 -379 2
222 222 -1 267 0 0 -379 -378 1
222 222 -1 267 0 0 -378 -377 2
222 222 -1 267 0 0 -377 -376 1
222 222 -1 267 0 0 -372 -371 1
222 222 -1 267 0 0 -371 -370 1
222 222 -1 267 0 0 -370 -369 1
222 222 -1 267 0 0 -369 -368 2
222 222 -1 267 0 0 -368 -367 1
222 222 -1 267 0 0 -367 -366 1
222 222 -1 267 0 0 -366 -365 2
222 222 -1 267 0 0 -365 -364 2
222 222 -1 267 0 0 -364 -363 1
222 222 -1 267 0 0 -363 -362 1
222 222 -1 267 0 0 -362 -361 1
222 222 -1 267 0 0 -361 -360 2
222 222 -1 267 0 0 -360 -359 3
222 222 -1 267 0 0 -359 -358 2
222 222 -1 267 0 0 -351 -350 1
222 222 -1 267 0 0 -350 -349 1
222 222 -1 267 0 0 -349 -348 2
222 222 -1 267 0 0 -348 -347 1
222 222 -1 267 0 0 -347 -346 2
222 222 -1 267 0 0 -346 -345 2
222 222 -1 267 0 0 -345 -344 1
222 222 -1 267 0 0 -344 -343 1
222 222 -1 267 0 0 -343 -342 1
222 222 -1 267 0 0 -342 -341 2
222 222 -1 267 0 0 -341 -340 2
222 222 -1 267 0 0 -340 -339 2
222 222 -1 267 0 0 -339 -338 2
222 222 -1 267 0 0 -338 -337 1
222 222 -1 267 0 0 -337 -336 2
222 222 -1 267 0 0 -336 -335 2
222 222 -1 267 0 0 -335 -334 1
222 222 -1 267 0 0 -334 -333 1
222 222 -1 267 0 0 -333 -332 1
222 222 -1 267 0 0 -332 -331 2
222 222 -1 267 0 0 -331 -330 4
222 222 -1 267 0 0 -330 -329 4
222 222 -1 267 0 0 -329 -328 1
222 222 -1 267 0 0 -328 -327 1
222 222 -1 267 0 0 -327 -326 1
222 222 -1 267 0 0 -326 -325 1
222 222 -1 267 0 0 -325 -324 11
222 222 -1 267 0 0 -324 -323 5
222 222 -1 267 0 0 -323 -322 1
222 222 -1 267 0 0 -322 -321 2
222 222 -1 267 0 0 -321 -320 3
222 222 -1 267 0 0 -320 -319 1
222 222 -1 267 0 0 -319 -318 2
222 222 -1 267 0 0 -318 -317 2
222 222 -1 267 0 0 -317 -316 1
222 222 -1 267 0 0 -316 -315 1
222 222 -1 267 0 0 -315 -314 1
222 222 -1 267 0 0 -314 -313 1
222 222 -1 267 0 0 -313 -312 1
222 222 -1 267 0 0 -312 -311 1
222 222 -1 267 0 0 -311 -310 1
222 222 -1 267 0 0 -310 -309 1
222 222 -1 267 0 0 -309 -308 1
222 222 -1 267 0 0 -306 -305 1
222 222 -1 267 0 0 -305 -304 1
222 222 -1 267 0 0 -304 -303 1
222 222 -1 267 0 0 -303 -302 1
222 222 -1 267 0 0 -302 -301 1
222 222 -1 267 0 0 -301 -300 1
222 222 -1 267 0 0 -299 -298 1
222 222 -1 267 0 0 -298 -297 2
222 222 -1 267 0 0 -297 -296 2
222 222 -1 267 0 0 -296 -295 3
222 222 -1 267 0 0 -295 -294 3
222 222 -1 267 0 0 -294 -293 3
222 222 -1 267 0 0 -293 -292 3
222 222 -1 267 0 0 -292 -291 2
222 222 -1 267 0 0 -291 -290 1
222 222 -1 267 0 0 -290 -289 1
222 222 -1 267 0 0 -289 -288 1
222 222 -1 267 0 0 -288 -287 1
222 222 -1 267 0 0 -287 -286 1
222 222 -1 267 0 0 -286 -285 1
222 222 -1 267 0 0 -285 -284 1
222 222 -1 267 0 0 -284 -283 1
222 222 -1 267 0 0 -282 -281 1
222 222 -1 267 0 0 -281 -280 1
222 222 -1 267 0 0 -274 -273 1
222 222 -1 267 0 0 -273 -272 1
222 222 -1 267 0 0 -268 -267 2
222 222 -1 267 0 0 -267 -266 2
222 222 -1 267 0 0 -266 -265 4
222 222 -1 267 0 0 -265 -264 4
222 222 -1 267 0 0 -264 -263 4
222 222 -1 267 0 0 -263 -262 1
222 222 -1 267 0 0 -262 -261 1
222 222 -1 267 0 0 -261 -260 1
222 222 -1 267 0 0 -260 -259 1
222 222 -1 267 0 0 -259 -258 1
222 222 -1 267 0 0 -258 -257 1
222 222 -1 267 0 0 -257 -256 1
222 222 -1 267 0 0 -256 -255 1
222 222 -1 267 0 0 -255 -254 1
222 222 -1 267 0 0 -254 -253 1
222 222 -1 267 0 0 -253 -252 1
222 222 -1 267 0 0 -252 -251 1
222 222 -1 267 0 0 -251 -250 2
222 222 -1 267 0 0 -250 -249 1
222 222 -1 267 0 0 -249 -248 2
222 222 -1 267 0 0 -248 -247 1
222 222 -1 267 0 0 -247 -246 1
222 222 -1 267 0 0 -246 -245 1
222 222 -1 267 0 0 -245 -244 1
222 222 -1 267 0 0 -244 -243 2
222 222 -1 267 0 0 -243 -242 2
222 222 -1 267 0 0 -242 -241 2
222 222 -1 267 0 0 -241 -240 1
222 222 -1 267 0 0 -240 -239 1
222 222 -1 267 0 0 -239 -238 2
222 222 -1 267 0 0 -238 -237 2
222 222 -1 267 0 0 -237 -236 1
222 222 -1 267 0 0 -236 -235 1
222 222 -1 267 0 0 -234 -233 1
222 222 -1 267 0 0 -233 -232 2
222 222 -1 267 0 0 -232 -231 1
222 222 -1 267 0 0 -231 -230 2
222 222 -1 267 0 0 -230 -229 2
222 222 -1 267 0 0 -229 -228 2
222 222 -1 267 0 0 -228 -227 2
222 222 -1 267 0 0 -227 -226 1
222 222 -1 267 0 0 -226 -225 1
222 222 -1 267 0 0 -225 -224 1
222 222 -1 267 0 0 -224 -223 1
222 222 -1 267 0 0 -223 -222 1
222 222 -1 267 0 0 -222 -221 2
222 222 -1 267 0 0 -221 -220 2
222 222 -1 267 0 0 -220 -219 2
222 222 -1 267 0 0 -219 -218 2
222 222 -1 267 0 0 -218 -217 2
222 222 -1 267 0 0 -217 -216 2
222 222 -1 267 0 0 -216 -215 1
222 222 -1 267 0 0 -215 -214 1
222 222 -1 267 0 0 -214 -213 3
222 222 -1 267 0 0 -212 -211 1
222 222 -1 267 0 0 -211 -210 1
222 222 -1 267 0 0 -209 -208 1
222 222 -1 267 0 0 -208 -207 1
222 222 -1 267 0 0 -207 -206 1
222 222 -1 267 0 0 -206 -205 1
222 222 -1 267 0 0 -205 -204 1
222 222 -1 267 0 0 -204 -203 1
222 222 -1 267 0 0 -203 -202 2
222 222 -1 267 0 0 -202 -201 1
222 222 -1 267 0 0 -201 -200 1
222 222 -1 267 0 0 -200 -199 1
222 222 -1 267 0 0 -193 -192 1
222 222 -1 267 0 0 -192 -191 2
222 222 -1 267 0 0 -191 -190 2
222 222 -1 267 0 0 -190 -189 1
222 222 -1 267 0 0 -189 -188 1
222 222 -1 267 0 0 -188 -187 1
222 222 -1 267 0 0 -187 -186 1
222 222 -1 267 0 0 -186 -185 1
222 222 -1 267 0 0 -185 -184 1
222 222 -1 267 0 0 -184 -183 1
222 222 -1 267 0 0 -183 -182 1
222 222 -1 267 0 0 -182 -181 2
222 222 -1 267 0 0 -181 -180 1
222 222 -1 267 0 0 -180 -179 1
222 222 -1 267 0 0 -179 -178 1
222 222 -1 267 0 0 -178 -177 3
222 222 -1 267 0 0 -177 -176 1
222 222 -1 267 0 0 -176 -175 3
222 222 -1 267 0 0 -174 -173 1
222 222 -1 267 0 0 -173 -172 1
222 222 -1 267 0 0 -172 -171 2
222 222 -1 267 0 0 -171 -170 2
222 222 -1 267 0 0 -170 -169 2
222 222 -1 267 0 0 -169 -168 2
222 222 -1 267 0 0 -168 -167 2
222 222 -1 267 0 0 -167 -166 1
222 222 -1 267 0 0 -166 -165 1
222 222 -1 267 0 0 -165 -164 1
222 222 -1 267 0 0 -163 -162 3
222 222 -1 267 0 0 -162 -161 2
222 222 -1 267 0 0 -161 -160 1
222 222 -1 267 0 0 -152 -151 1
222 222 -1 267 0 0 -151 -150 1
222 222 -1 267 0 0 -150 -149 1
222 222 -1 267 0 0 -149 -148 1
222 222 -1 267 0 0 -148 -147 1
222 222 -1 267 0 0 -147 -146 1
222 222 -1 267 0 0 -146 -145 1
222 222 -1 267 0 0 -145 -144 2
222 222 -1 267 0 0 -144 -143 2
222 222 -1 267 0 0 -143 -142 1
222 222 -1 267 0 0 -142 -141 1
222 222 -1 267 0 0 -141 -140 1
222 222 -1 267 0 0 -130 -129 1
222 222 -1 267 0 0 -129 -128 1
222 222 -1 267 0 0 -128 -127 1
222 222 -1 267 0 0 -127 -126 1
222 222 -1 267 0 0 -118 -117 1
222 222 -1 267 0 0 -117 -116 1
222 222 -1 267 0 0 -116 -115 1
222 222 -1 267 0 0 -115 -114 1
222 222 -1 267 0 0 -114 -113 1
222 222 -1 267 0 0 -111 -110 1
222 222 -1 267 0 0 -106 -105 1
222 222 -1 267 0 0 -105 -104 2
222 222 -1 267 0 0 -104 -103 2
222 222 -1 267 0 0 -103 -102 1
222 222 -1 267 0 0 -102 -101 1
222 222 -1 267 0 0 -101 -100 1
222 222 -1 267 0 0 -100 -99 4
222 222 -1 267 0 0 -99 -98 4
222 222 -1 267 0 0 -98 -97 1
222 222 -1 267 0 0 -97 -96 1
222 222 -1 267 0 0 -96 -95 1
222 222 -1 267 0 0 -95 -94 2
222 222 -1 267 0 0 -91 -90 1
222 222 -1 267 0 0 -90 -89 1
222 222 -1 267 0 0 -89 -88 1
222 222 -1 267 0 0 -87 -86 2
222 222 -1 267 0 0 -86 -85 2
222 222 -1 267 0 0 -85 -84 1
222 222 -1 267 0 0 -82 -81 1
222 222 -1 267 0 0 -81 -80 1
222 222 -1 267 0 0 -80 -79 1
222 222 -1 267 0 0 -77 -76 1
222 222 -1 267 0 0 -76 -75 2
222 222 -1 267 0 0 -75 -74 2
222 222 -1 267 0 0 -74 -73 2
222 222 -1 267 0 0 -72 -71 2
222 222 -1 267 0 0 -71 -70 2
222 222 -1 267 0 0 -70 -69 1
222 222 -1 267 0 0 -68 -67 2
222 222 -1 267 0 0 -67 -66 1
222 222 -1 267 0 0 -66 -65 2
222 222 -1 267 0 0 -65 -64 2
222 222 -1 267 0 0 -64 -63 2
222 222 -1 267 0 0 -63 -62 1
222 222 -1 267 0 0 -62 -61 1
222 222 -1 267 0 0 -61 -60 1
222 222 -1 267 0 0 -60 -59 1
222 222 -1 267 0 0 -59 -58 2
222 222 -1 267 0 0 -58 -57 2
222 222 -1 267 0 0 -57 -56 2
222 222 -1 267 0 0 -52 -51 2
222 222 -1 267 0 0 -51 -50 2
222 222 -1 267 0 0 -50 -49 2
222 222 -1 267 0 0 -49 -48 2
222 222 -1 267 0 0 -48 -47 2
222 222 -1 267 0 0 -46 -45 2
222 222 -1 267 0 0 -45 -44 3
222 222 -1 267 0 0 -44 -43 3
222 222 -1 267 0 0 -43 -42 3
222 222 -1 267 0 0 -42 -41 2
222 222 -1 267 0 0 -41 -40 2
222 222 -1 267 0 0 -40 -39 1
222 222 -1 267 0 0 -39 -38 1
222 222 -1 267 0 0 -38 -37 2
222 222 -1 267 0 0 -37 -36 2
222 222 -1 267 0 0 -36 -35 2
222 222 -1 267 0 0 -32 -31 1
222 222 -1 267 0 0 -31 -30 2
222 222 -1 267 0 0 -30 -29 2
222 222 -1 267 0 0 -28 -27 1
222 222 -1 267 0 0 -24 -23 1
222 222 -1 267 0 0 -23 -22 2
222 222 -1 267 0 0 -22 -21 1
222 222 -1 267 0 0 -21 -20 1
222 222 -1 267 0 0 -20 -19 1
222 222 -1 267 0 0 -19 -18 1
222 222 -1 267 0 0 -18 -17 2
222 222 -1 267 0 0 -17 -16 2
222 222 -1 267 0 0 -16 -15 2
222 222 -1 267 0 0 -15 -14 3
222 222 -1 267 0 0 -14 -13 2
222 222 -1 267 0 0 -13 -12 3
222 222 -1 267 0 0 -12 -11 2
222 222 -1 267 0 0 -11 -10 2
222 222 -1 267 0 0 -10 -9 2
222 222 -1 267 0 0 -9 -8 1
222 222 -1 267 0 0 -8 -7 2
222 222 -1 267 0 0 -7 -6 3
222 222 -1 267 0 0 -6 -5 3
222 222 -1 267 0 0 -5 -4 3
222 222 -1 267 0 0 -4 -3 2
222 222 -1 267 0 0 -3 -2 2
222 222 -1 267 0 0 -2 -1 3
222 222 -1 267 0 0 0 1 2
222 222 -1 267 0 0 1 2 3
222 222 -1 267 0 0 2 3 2
222 222 -1 267 0 0 3 4 3
222 222 -1 267 0 0 4 5 3
222 222 -1 267 0 0 5 6 2
222 222 -1 267 0 0 6 7 2
222 222 -1 267 0 0 7 8 3
222 222 -1 267 0 0 8 9 2
222 222 -1 267 0 0 9 10 3
222 222 -1 267 0 0 10 11 2
222 222 -1 267 0 0 11 12 2
222 222 -1 267 0 0 12 13 2
222 222 -1 267 0 0 13 14 3
222 222 -1 267 0 0 14 15 1
222 222 -1 267 0 0 15 16 1
222 222 -1 267 0 0 16 17 2
222 222 -1 267 0 0 17 18 1
222 222 -1 267 0 0 18 19 2
222 222 -1 267 0 0 19 20 1
222 222 -1 267 0 0 20 21 1
222 222 -1 267 0 0 21 22 1
222 222 -1 267 0 0 22 23 1
222 222 -1 267 0 0 24 25 1
222 222 -1 267 0 0 25 26 1
222 222 -1 267 0 0 26 27 1
222 222 -1 267 0 0 27 28 3
222 222 -1 267 0 0 28 29 2
222 222 -1 267 0 0 29 30 2
222 222 -1 267 0 0 30 31 4
222 222 -1 267 0 0 31 32 2
222 222 -1 267 0 0 32 33 2
222 222 -1 267 0 0 34 35 2
222 222 -1 267 0 0 35 36 1
222 222 -1 267 0 0 36 37 2
222 222 -1 267 0 0 37 38 2
222 222 -1 267 0 0 38 39 2
222 222 -1 267 0 0 39 40 2
222 222 -1 267 0 0 40 41 3
222 222 -1 267 0 0 41 42 2
222 222 -1 267 0 0 42 43 2
222 222 -1 267 0 0 43 44 1
222 222 -1 267 0 0 44 45 2
222 222 -1 267 0 0 45 46 3
222 222 -1 267 0 0 48 49 1
222 222 -1 267 0 0 49 50 1
222 222 -1 267 0 0 50 51 2
222 222 -1 267 0 0 51 52 1
222 222 -1 267 0 0 52 53 1
222 222 -1 267 0 0 53 54 1
222 222 -1 267 0 0 54 55 3
222 222 -1 267 0 0 55 56 2
222 222 -1 267 0 0 56 57 2
222 222 -1 267 0 0 57 58 2
222 222 -1 267 0 0 58 59 3
222 222 -1 267 0 0 59 60 2
222 222 -1 267 0 0 60 61 2
222 222 -1 267 0 0 62 63 2
222 222 -1 267 0 0 63 64 1
222 222 -1 267 0 0 64 65 1
222 222 -1 267 0 0 65 66 2
222 222 -1 267 0 0 66 67 1
222 222 -1 267 0 0 67 68 1
222 222 -1 267 0 0 69 70 2
222 222 -1 267 0 0 70 71 4
222 222 -1 267 0 0 71 72 2
222 222 -1 267 0 0 72 73 2
222 222 -1 267 0 0 73 74 2
222 222 -1 267 0 0 74 75 1
222 222 -1 267 0 0 75 76 2
222 222 -1 267 0 0 76 77 1
222 222 -1 267 0 0 77 78 1
222 222 -1 267 0 0 78 79 2
222 222 -1 267 0 0 79 80 2
222 222 -1 267 0 0 80 81 3
222 222 -1 267 0 0 81 82 2
222 222 -1 267 0 0 82 83 2
222 222 -1 267 0 0 83 84 2
222 222 -1 267 0 0 84 85 2
222 222 -1 267 0 0 85 86 2
222 222 -1 267 0 0 86 87 3
222 222 -1 267 0 0 87 88 2
222 222 -1 267 0 0 88 89 2
222 222 -1 267 0 0 89 90 2
222 222 -1 267 0 0 90 91 2
222 222 -1 267 0 0 91 92 1
222 222 -1 267 0 0 92 93 5
222 222 -1 267 0 0 93 94 1
222 222 -1 267 0 0 94 95 1
222 222 -1 267 0 0 95 96 2
222 222 -1 267 0 0 96 97 2
222 222 -1 267 0 0 97 98 2
222 222 -1 267 0 0 98 99 1
222 222 -1 267 0 0 99 100 1
222 222 -1 267 0 0 100 101 3
222 222 -1 267 0 0 101 102 2
222 222 -1 267 0 0 102 103 2
222 222 -1 267 0 0 103 104 2
222 222 -1 267 0 0 104 105 2
222 222 -1 267 0 0 105 106 2
222 222 -1 267 0 0 106 107 1
222 222 -1 267 0 0 107 108 1
222 222 -1 267 0 0 111 112 1
222 222 -1 267 0 0 112 113 1
222 222 -1 267 0 0 113 114 1
222 222 -1 267 0 0 114 115 1
222 222 -1 267 0 0 122 123 1
222 222 -1 267 0 0 123 124 1
222 222 -1 267 0 0 124 125 1
222 222 -1 267 0 0 125 126 1
222 222 -1 267 0 0 126 127 1
222 222 -1 267 0 0 127 128 1
222 222 -1 267 0 0 128 129 1
222 222 -1 267 0 0 158 159 1
222 222 -1 267 0 0 169 170 2
222 222 -1 267 0 0 170 171 2
222 222 -1 267 0 0 171 172 2
222 222 -1 267 0 0 172 173 2
222 222 -1 267 0 0 173 174 2
222 222 -1 267 0 0 174 175 2
222 222 -1 267 0 0 175 176 2
222 222 -1 267 0 0 176 177 2
222 222 -1 267 0 0 177 178 2
222 222 -1 267 0 0 178 179 2
222 222 -1 267 0 0 179 180 2
222 222 -1 267 0 0 180 181 2
222 222 -1 267 0 0 181 182 2
222 222 -1 267 0 0 182 183 2
222 222 -1 267 0 0 183 184 2
222 222 -1 267 0 0 184 185 2
222 222 -1 267 0 0 185 186 2
222 222 -1 267 0 0 204 205 2
222 222 -1 267 0 0 209 210 2
222 222 -1 267 0 0 210 211 2
222 222 -1 267 0 0 215 216 2
222 222 -1 267 0 0 216 217 2
222 222 -1 267 0 0 221 222 3
222 222 -1 267 0 0 222 223 1
222 222 -1 267 0 0 227 228 3
222 222 -1 267 0 0 228 229 1
222 222 -1 267 0 0 234 235 2
222 222 -1 267 0 0 235 236 2
222 222 -1 267 0 0 236 237 2
222 222 -1 267 0 0 237 238 2
222 222 -1 267 0 0 238 239 2
222 222 -1 267 0 0 239 240 3
222 222 -1 267 0 0 240 241 3
222 222 -1 267 0 0 241 242 3
222 222 -1 267 0 0 242 243 3
222 222 -1 267 0 0 243 244 3
222 222 -1 267 0 0 244 245 3
222 222 -1 267 0 0 245 246 3
222 222 -1 267 0 0 246 247 3
222 222 -1 267 0 0 247 248 3
222 222 -1 267 0 0 248 249 3
222 222 -1 267 0 0 249 250 3
222 222 -1 267 0 0 250 251 3
222 222 -1 267 0 0 251 252 3
222 222 -1 267 0 0 252 253 3
222 222 -1 267 0 0 253 254 3
222 222 -1 267 0 0 254 255 3
222 222 -1 267 0 0 255 256 3
222 222 -1 267 0 0 256 257 3
222 222 -1 267 0 0 257 258 3
222 222 -1 267 0 0 258 259 3
222 222 -1 267 0 0 259 260 3
222 222 -1 267 0 0 260 261 3
222 222 -1 267 0 0 261 262 3
222 222 -1 267 0 0 262 263 3
222 222 -1 267 0 0 263 264 2
222 222 -1 267 0 0 264 265 2
222 222 -1 267 0 0 265 266 2
222 222 -1 267 0 0 266 267 2
222 222 -1 267 0 0 267 268 2
222 222 -1 267 0 0 279 280 2
222 222 -1 267 0 0 285 286 2
222 222 -1 267 0 0 286 287 2
222 222 -1 267 0 0 291 292 2
222 222 -1 267 0 0 292 293 2
222 222 -1 267 0 0 297 298 2
222 222 -1 267 0 0 300 301 2
222 222 -1 267 0 0 332 333 1
222 222 -1 267 0 0 337 338 2
222 222 -1 267 0 0 344 345 1
222 222 -1 267 0 0 349 350 1
222 222 -1 267 0 0 350 351 1
222 222 -1 267 0 0 355 356 1
222 222 -1 267 0 0 356 357 1
222 222 -1 267 0 0 361 362 2
222 222 -1 267 0 0 367 368 1
222 222 -1 267 0 0 368 369 1
222 222 -1 267 0 0 369 370 1
222 222 -1 267 0 0 370 371 1
222 222 -1 267 0 0 371 372 1
222 222 -1 267 0 0 372 373 1
222 222 -1 267 0 0 373 374 1
222 222 -1 267 0 0 379 380 6
222 222 -1 267 0 0 385 386 2
222 222 -1 267 0 0 386 387 2
222 222 -1 267 0 0 387 388 2
222 222 -1 267 0 0 388 389 2
222 222 -1 267 0 0 389 390 2
222 222 -1 267 0 0 390 391 2
222 222 -1 267 0 0 402 403 4
222 222 -1 267 0 0 405 406 3
222 222 -1 267 0 0 406 407 2
222 222 -1 267 0 0 413 414 2
222 222 -1 267 0 0 414 415 2
222 222 -1 267 0 0 415 416 2
222 222 -1 267 0 0 416 417 2
222 222 -1 267 0 0 417 418 2
222 222 -1 267 0 0 418 419 2
222 222 -1 267 0 0 436 437 2
222 222 -1 267 0 0 437 438 1
222 222 -1 267 0 0 442 443 1
222 222 -1 267 0 0 443 444 1
222 222 -1 267 0 0 460 461 1
222 222 -1 267 0 0 461 462 1
222 222 -1 267 0 0 462 463 1
222 222 -1 267 0 0 463 464 1
222 222 -1 267 0 0 464 465 1
222 222 -1 267 0 0 465 466 1
222 222 -1 267 0 0 466 467 1
222 222 -1 267 0 0 473 474 2
222 222 -1 267 0 0 474 475 1
222 222 -1 267 0 0 475 476 1
222 222 -1 267 0 0 476 477 1
222 222 -1 267 0 0 495 496 2
222 222 -1 267 0 0 496 497 2
222 222 -1 267 0 0 497 498 2
222 222 -1 267 0 0 498 499 2
222 222 -1 267 0 0 499 500 2
222 222 -1 267 0 0 500 501 2
222 222 -1 267 0 0 501 502 2
222 222 -1 267 0 0 502 503 2
222 222 -1 267 0 0 503 504 1
222 222 -1 267 0 0 504 505 1
222 222 -1 267 0 0 505 506 1
222 222 -1 267 0 0 506 507 1
222 222 -1 267 0 0 513 514 2
222 222 -1 267 0 0 514 515 1
222 222 -1 267 0 0 515 516 1
222 222 -1 267 0 0 516 517 1
222 222 -1 267 0 0 517 518 1
222 222 -1 267 0 0 524 525 1
222 222 -1 267 0 0 548 549 2
222 222 -1 267 0 0 549 550 2
222 222 -1 267 0 0 550 551 2
222 222 -1 267 0 0 551 552 2
222 222 -1 267 0 0 552 553 2
222 222 -1 267 0 0 554 555 1
222 222 -1 267 0 0 555 556 1
222 222 -1 267 0 0 556 557 1
222 222 -1 267 0 0 557 558 1
222 222 -1 267 0 0 558 559 1
222 222 -1 267 0 0 559 560 1
222 222 -1 267 0 0 565 566 1
222 222 -1 267 0 0 566 567 1
222 222 -1 267 0 0 567 568 1
222 222 -1 267 0 0 568 569 1
222 222 -1 267 0 0 569 570 1
222 222 -1 267 0 0 583 584 1
222 222 -1 267 0 0 584 585 1
222 222 -1 267 0 0 585 586 1
222 222 -1 267 0 0 586 587 1
222 222 -1 267 0 0 587 588 1
222 222 -1 267 0 0 588 589 1
222 222 -1 267 0 0 589 590 1
222 222 -1 267 0 0 590 591 1
222 222 -1 267 0 0 591 592 1
222 222 -1 267 0 0 592 593 1
222 222 -1 267 0 0 593 594 1
222 222 -1 267 0 0 594 595 1
222 222 -1 267 0 0 595 596 1
222 222 -1 267 0 0 596 597 1
222 222 -1 267 0 0 597 598 1
222 222 -1 267 0 0 598 599 1
222 222 -1 267 0 0 599 600 1
222 222 -1 267 0 0 600 601 1
222 222 -1 267 0 0 601 602 4
222 222 -1 267 0 0 602 603 4
222 222 -1 267 0 0 603 604 4
222 222 -1 267 0 0 604 605 4
222 222 -1 267 0 0 605 606 4
222 222 -1 267 0 0 606 607 1
222 222 -1 267 0 0 607 608 2
222 222 -1 267 0 0 608 609 2
222 222 -1 267 0 0 609 610 2
222 222 -1 267 0 0 610 611 2
222 222 -1 267 0 0 611 612 1
222 222 -1 267 0 0 612 613 3
222 222 -1 267 0 0 642 643 1
222 222 -1 267 0 0 643 644 1
222 222 -1 267 0 0 644 645 1
222 222 -1 267 0 0 645 646 1
222 222 -1 267 0 0 664 665 2
222 222 -1 267 0 0 675 676 1
222 222 -1 267 0 0 676 677 1
222 222 -1 267 0 0 680 681 1
222 222 -1 267 0 0 682 683 1
222 222 -1 267 0 0 683 684 1
222 222 -1 267 0 0 684 685 1
222 222 -1 267 0 0 685 686 1
222 222 -1 267 0 0 686 687 1
222 222 -1 267 0 0 740 741 2
222 222 -1 267 0 0 751 752 2
222 222 -1 266 1 0 -543 -542 1
222 222 -1 266 1 0 -542 -541 1
222 222 -1 266 1 0 -541 -540 1
222 222 -1 266 1 0 -540 -539 1
222 222 -1 266 1 0 -539 -538 1
222 222 -1 266 1 0 -538 -537 1
222 222 -1 266 1 0 -537 -536 1
222 222 -1 266 1 0 -536 -535 1
222 222 -1 266 1 0 -535 -534 1
222 222 -1 266 1 0 -534 -533 1
222 222 -1 266 1 0 -533 -532 1
222 222 -1 266 1 0 -532 -531 1
222 222 -1 266 1 0 -531 -530 1
222 222 -1 266 1 0 -518 -517 1
222 222 -1 266 1 0 -517 -516 1
222 222 -1 266 1 0 -516 -515 1
222 222 -1 266 1 0 -515 -514 1
222 222 -1 266 1 0 -514 -513 1
222 222 -1 266 1 0 -513 -512 1
222 222 -1 266 1 0 -512 -511 1
222 222 -1 266 1 0 -511 -510 1
222 222 -1 266 1 0 -510 -509 2
222 222 -1 266 1 0 -509 -508 2
222 222 -1 266 1 0 -508 -507 2
222 222 -1 266 1 0 -507 -506 2
222 222 -1 266 1 0 -506 -505 2
222 222 -1 266 1 0 -505 -504 2
222 222 -1 266 1 0 -504 -503 2
222 222 -1 266 1 0 -503 -502 2
222 222 -1 266 1 0 -502 -501 2
222 222 -1 266 1 0 -501 -500 1
222 222 -1 266 1 0 -500 -499 1
222 222 -1 266 1 0 -499 -498 1
222 222 -1 266 1 0 -498 -497 1
222 222 -1 266 1 0 -497 -496 1
222 222 -1 266 1 0 -496 -495 1
222 222 -1 266 1 0 -495 -494 1
222 222 -1 266 1 0 -494 -493 1
222 222 -1 266 1 0 -493 -492 1
222 222 -1 266 1 0 -492 -491 1
222 222 -1 266 1 0 -491 -490 1
222 222 -1 266 1 0 -490 -489 1
222 222 -1 266 1 0 -489 -488 2
222 222 -1 266 1 0 -488 -487 2
222 222 -1 266 1 0 -487 -486 1
222 222 -1 266 1 0 -486 -485 2
222 222 -1 266 1 0 -485 -484 2
222 222 -1 266 1 0 -484 -483 1
222 222 -1 266 1 0 -483 -482 2
222 222 -1 266 1 0 -482 -481 2
222 222 -1 266 1 0 -481 -480 2
222 222 -1 266 1 0 -480 -479 2
222 222 -1 266 1 0 -479 -478 1
222 222 -1 266 1 0 -478 -477 2
222 222 -1 266 1 0 -477 -476 2
222 222 -1 266 1 0 -476 -475 2
222 222 -1 266 1 0 -475 -474 2
222 222 -1 266 1 0 -474 -473 3
222 222 -1 266 1 0 -473 -472 2
222 222 -1 266 1 0 -472 -471 2
222 222 -1 266 1 0 -467 -466 1
222 222 -1 266 1 0 -466 -465 1
222 222 -1 266 1 0 -465 -464 1
222 222 -1 266 1 0 -464 -463 1
222 222 -1 266 1 0 -463 -462 1
222 222 -1 266 1 0 -462 -461 1
222 222 -1 266 1 0 -461 -460 1
222 222 -1 266 1 0 -452 -451 1
222 222 -1 266 1 0 -451 -450 1
222 222 -1 266 1 0 -450 -449 1
222 222 -1 266 1 0 -449 -448 1
222 222 -1 266 1 0 -448 -447 1
222 222 -1 266 1 0 -447 -446 1
222 222 -1 266 1 0 -446 -445 1
222 222 -1 266 1 0 -445 -444 1
222 222 -1 266 1 0 -444 -443 1
222 222 -1 266 1 0 -441 -440 1
222 222 -1 266 1 0 -440 -439 1
222 222 -1 266 1 0 -438 -437 1
222 222 -1 266 1 0 -433 -432 1
222 222 -1 266 1 0 -432 -431 1
222 222 -1 266 1 0 -431 -430 1
222 222 -1 266 1 0 -427 -426 1
222 222 -1 266 1 0 -426 -425 1
222 222 -1 266 1 0 -425 -424 1
222 222 -1 266 1 0 -424 -423 1
222 222 -1 266 1 0 -423 -422 1
222 222 -1 266 1 0 -422 -421 1
222 222 -1 266 1 0 -421 -420 1
222 222 -1 266 1 0 -420 -419 1
222 222 -1 266 1 0 -419 -418 1
222 222 -1 266 1 0 -418 -417 1
222 222 -1 266 1 0 -417 -416 1
222 222 -1 266 1 0 -416 -415 1
222 222 -1 266 1 0 -415 -414 1
222 222 -1 266 1 0 -414 -413 1
222 222 -1 266 1 0 -413 -412 1
222 222 -1 266 1 0 -412 -411 1
222 222 -1 266 1 0 -411 -410 1
222 222 -1 266 1 0 -410 -409 1
222 222 -1 266 1 0 -409 -408 2
222 222 -1 266 1 0 -408 -407 2
222 222 -1 266 1 0 -407 -406 1
222 222 -1 266 1 0 -405 -404 1
222 222 -1 266 1 0 -404 -403 1
222 222 -1 266 1 0 -396 -395 1
222 222 -1 266 1 0 -395 -394 1
222 222 -1 266 1 0 -388 -387 1
222 222 -1 266 1 0 -387 -386 1
222 222 -1 266 1 0 -386 -385 1
222 222 -1 266 1 0 -385 -384 1
222 222 -1 266 1 0 -384 -383 1
222 222 -1 266 1 0 -383 -382 2
222 222 -1 266 1 0 -382 -381 2
222 222 -1 266 1 0 -381 -380 2
222 222 -1 266 1 0 -380 -379 2
222 222 -1 266 1 0 -379 -378 1
222 222 -1 266 1 0 -378 -377 1
222 222 -1 266 1 0 -377 -376 1
222 222 -1 266 1 0 -376 -375 1
222 222 -1 266 1 0 -375 -374 1
222 222 -1 266 1 0 -374 -373 1
222 222 -1 266 1 0 -373 -372 1
222 222 -1 266 1 0 -372 -371 2
222 222 -1 266 1 0 -371 -370 1
222 222 -1 266 1 0 -370 -369 2
222 222 -1 266 1 0 -369 -368 1
222 222 -1 266 1 0 -368 -367 1
222 222 -1 266 1 0 -356 -355 5
222 222 -1 266 1 0 -355 -354 1
222 222 -1 266 1 0 -354 -353 1
222 222 -1 266 1 0 -353 -352 1
222 222 -1 266 1 0 -352 -351 1
222 222 -1 266 1 0 -351 -350 1
222 222 -1 266 1 0 -350 -349 1
222 222 -1 266 1 0 -347 -346 2
222 222 -1 266 1 0 -346 -345 1
222 222 -1 266 1 0 -345 -344 1
222 222 -1 266 1 0 -344 -343 1
222 222 -1 266 1 0 -343 -342 2
222 222 -1 266 1 0 -342 -341 1
222 222 -1 266 1 0 -341 -340 1
222 222 -1 266 1 0 -340 -339 3
222 222 -1 266 1 0 -339 -338 3
222 222 -1 266 1 0 -338 -337 2
222 222 -1 266 1 0 -337 -336 1
222 222 -1 266 1 0 -336 -335 1
222 222 -1 266 1 0 -335 -334 2
222 222 -1 266 1 0 -334 -333 1
222 222 -1 266 1 0 -333 -332 1
222 222 -1 266 1 0 -327 -326 1
222 222 -1 266 1 0 -326 -325 1
222 222 -1 266 1 0 -325 -324 4
222 222 -1 266 1 0 -324 -323 1
222 222 -1 266 1 0 -322 -321 2
222 222 -1 266 1 0 -320 -319 1
222 222 -1 266 1 0 -319 -318 1
222 222 -1 266 1 0 -318 -317 1
222 222 -1 266 1 0 -317 -316 1
222 222 -1 266 1 0 -316 -315 1
222 222 -1 266 1 0 -315 -314 1
222 222 -1 266 1 0 -314 -313 1
222 222 -1 266 1 0 -313 -312 2
222 222 -1 266 1 0 -312 -311 2
222 222 -1 266 1 0 -311 -310 2
222 222 -1 266 1 0 -310 -309 2
222 222 -1 266 1 0 -309 -308 1
222 222 -1 266 1 0 -308 -307 1
222 222 -1 266 1 0 -307 -306 1
222 222 -1 266 1 0 -306 -305 1
222 222 -1 266 1 0 -305 -304 1
222 222 -1 266 1 0 -304 -303 1
222 222 -1 266 1 0 -303 -302 2
222 222 -1 266 1 0 -302 -301 2
222 222 -1 266 1 0 -301 -300 1
222 222 -1 266 1 0 -300 -299 1
222 222 -1 266 1 0 -299 -298 2
222 222 -1 266 1 0 -298 -297 2
222 222 -1 266 1 0 -297 -296 2
222 222 -1 266 1 0 -296 -295 2
222 222 -1 266 1 0 -295 -294 2
222 222 -1 266 1 0 -293 -292 2
222 222 -1 266 1 0 -292 -291 1
222 222 -1 266 1 0 -291 -290 2
222 222 -1 266 1 0 -290 -289 1
222 222 -1 266 1 0 -289 -288 2
222 222 -1 266 1 0 -288 -287 2
222 222 -1 266 1 0 -287 -286 1
222 222 -1 266 1 0 -285 -284 1
222 222 -1 266 1 0 -284 -283 1
222 222 -1 266 1 0 -283 -282 2
222 222 -1 266 1 0 -282 -281 1
222 222 -1 266 1 0 -281 -280 1
222 222 -1 266 1 0 -280 -279 1
222 222 -1 266 1 0 -278 -277 1
222 222 -1 266 1 0 -277 -276 2
222 222 -1 266 1 0 -276 -275 1
222 222 -1 266 1 0 -275 -274 1
222 222 -1 266 1 0 -263 -262 1
222 222 -1 266 1 0 -262 -261 3
222 222 -1 266 1 0 -261 -260 2
222 222 -1 266 1 0 -260 -259 2
222 222 -1 266 1 0 -259 -258 2
222 222 -1 266 1 0 -258 -257 2
222 222 -1 266 1 0 -256 -255 1
222 222 -1 266 1 0 -255 -254 2
222 222 -1 266 1 0 -254 -253 2
222 222 -1 266 1 0 -253 -252 3
222 222 -1 266 1 0 -252 -251 2
222 222 -1 266 1 0 -251 -250 1
222 222 -1 266 1 0 -250 -249 2
222 222 -1 266 1 0 -244 -243 2
222 222 -1 266 1 0 -239 -238 2
222 222 -1 266 1 0 -238 -237 1
222 222 -1 266 1 0 -237 -236 1
222 222 -1 266 1 0 -233 -232 1
222 222 -1 266 1 0 -232 -231 1
222 222 -1 266 1 0 -231 -230 1
222 222 -1 266 1 0 -230 -229 1
222 222 -1 266 1 0 -229 -228 1
222 222 -1 266 1 0 -209 -208 1
222 222 -1 266 1 0 -202 -201 1
222 222 -1 266 1 0 -192 -191 1
222 222 -1 266 1 0 -190 -189 1
222 222 -1 266 1 0 -189 -188 1
222 222 -1 266 1 0 -188 -187 1
222 222 -1 266 1 0 -187 -186 1
222 222 -1 266 1 0 -183 -182 1
222 222 -1 266 1 0 -175 -174 2
222 222 -1 266 1 0 -174 -173 2
222 222 -1 266 1 0 -173 -172 1
222 222 -1 266 1 0 -172 -171 2
222 222 -1 266 1 0 -171 -170 2
222 222 -1 266 1 0 -146 -145 1
222 222 -1 266 1 0 -145 -144 3
222 222 -1 266 1 0 -144 -143 2
222 222 -1 266 1 0 -82 -81 1
222 222 -1 266 1 0 -34 -33 1
222 222 -1 266 1 0 -33 -32 1
222 222 -1 266 1 0 -32 -31 1
222 222 -1 266 1 0 -20 -19 1
222 222 -1 266 1 0 -18 -17 1
222 222 -1 266 1 0 -17 -16 1
222 222 -1 266 1 0 -15 -14 2
222 222 -1 266 1 0 -14 -13 2
222 222 -1 266 1 0 -13 -12 2
222 222 -1 266 1 0 -12 -11 1
222 222 -1 266 1 0 -10 -9 2
222 222 -1 266 1 0 -9 -8 1
222 222 -1 266 1 0 -8 -7 2
222 222 -1 266 1 0 -7 -6 1
222 222 -1 266 1 0 -6 -5 1
222 222 -1 266 1 0 -5 -4 1
222 222 -1 266 1 0 -4 -3 1
222 222 -1 266 1 0 -3 -2 1
222 222 -1 266 1 0 -2 -1 1
222 222 -1 266 1 0 -1 0 1
222 222 -1 266 1 0 1 2 1
222 222 -1 266 1 0 2 3 2
222 222 -1 266 1 0 3 4 1
222 222 -1 266 1 0 5 6 1
222 222 -1 266 1 0 6 7 1
222 222 -1 266 1 0 7 8 1
222 222 -1 266 1 0 10 11 1
222 222 -1 266 1 0 11 12 1
222 222 -1 266 1 0 12 13 1
222 222 -1 266 1 0 14 15 1
222 222 -1 266 1 0 15 16 1
222 222 -1 266 1 0 16 17 1
222 222 -1 266 1 0 18 19 2
222 222 -1 266 1 0 19 20 1
222 222 -1 266 1 0 20 21 1
222 222 -1 266 1 0 21 22 1
222 222 -1 266 1 0 22 23 1
222 222 -1 266 1 0 24 25 2
222 222 -1 266 1 0 25 26 1
222 222 -1 266 1 0 26 27 1
222 222 -1 266 1 0 27 28 1
222 222 -1 266 1 0 28 29 2
222 222 -1 266 1 0 29 30 2
222 222 -1 266 1 0 30 31 2
222 222 -1 266 1 0 31 32 2
222 222 -1 266 1 0 32 33 2
222 222 -1 266 1 0 34 35 1
222 222 -1 266 1 0 36 37 2
222 222 -1 266 1 0 39 40 1
222 222 -1 266 1 0 40 41 1
222 222 -1 266 1 0 41 42 3
222 222 -1 266 1 0 42 43 2
222 222 -1 266 1 0 43 44 3
222 222 -1 266 1 0 45 46 1
222 222 -1 266 1 0 47 48 1
222 222 -1 266 1 0 48 49 2
222 222 -1 266 1 0 49 50 1
222 222 -1 266 1 0 50 51 1
222 222 -1 266 1 0 51 52 2
222 222 -1 266 1 0 52 53 1
222 222 -1 266 1 0 53 54 3
222 222 -1 266 1 0 54 55 1
222 222 -1 266 1 0 55 56 2
222 222 -1 266 1 0 56 57 2
222 222 -1 266 1 0 57 58 2
222 222 -1 266 1 0 58 59 1
222 222 -1 266 1 0 59 60 2
222 222 -1 266 1 0 60 61 2
222 222 -1 266 1 0 62 63 2
222 222 -1 266 1 0 63 64 2
222 222 -1 266 1 0 64 65 1
222 222 -1 266 1 0 65 66 2
222 222 -1 266 1 0 66 67 1
222 222 -1 266 1 0 67 68 1
222 222 -1 266 1 0 70 71 2
222 222 -1 266 1 0 71 72 1
222 222 -1 266 1 0 72 73 1
222 222 -1 266 1 0 74 75 1
222 222 -1 266 1 0 75 76 1
222 222 -1 266 1 0 81 82 1
222 222 -1 266 1 0 82 83 1
222 222 -1 266 1 0 83 84 1
222 222 -1 266 1 0 84 85 1
222 222 -1 266 1 0 85 86 1
222 222 -1 266 1 0 86 87 1
222 222 -1 266 1 0 87 88 1
222 222 -1 266 1 0 88 89 1
222 222 -1 266 1 0 89 90 1
222 222 -1 266 1 0 90 91 1
222 222 -1 266 1 0 91 92 1
222 222 -1 266 1 0 95 96 1
222 222 -1 266 1 0 96 97 1
222 222 -1 266 1 0 99 100 1
222 222 -1 266 1 0 104 105 1
222 222 -1 266 1 0 105 106 1
222 222 -1 266 1 0 106 107 1
222 222 -1 266 1 0 107 108 1
222 222 -1 266 1 0 108 109 2
222 222 -1 266 1 0 109 110 2
222 222 -1 266 1 0 110 111 1
2222 2222 -1 267 0 0 -537 -536 9
2222 2222 -1 267 0 0 -536 -535 9
2222 2222 -1 267 0 0 -513 -512 2
2222 2222 -1 267 0 0 -508 -507 1
2222 2222 -1 267 0 0 -506 -505 1
2222 2222 -1 267 0 0 -496 -495 1
2222 2222 -1 267 0 0 -484 -483 6
2222 2222 -1 267 0 0 -483 -482 1
2222 2222 -1 267 0 0 -468 -467 4
2222 2222 -1 267 0 0 -461 -460 1
2222 2222 -1 267 0 0 -460 -459 1
2222 2222 -1 267 0 0 -455 -454 1
2222 2222 -1 267 0 0 -449 -448 3
2222 2222 -1 267 0 0 -448 -447 2
2222 2222 -1 267 0 0 -443 -442 1
2222 2222 -1 267 0 0 -438 -437 1
2222 2222 -1 267 0 0 -437 -436 1
2222 2222 -1 267 0 0 -420 -419 1
2222 2222 -1 267 0 0 -414 -413 2
2222 2222 -1 267 0 0 -413 -412 1
2222 2222 -1 267 0 0 -412 -411 1
2222 2222 -1 267 0 0 -410 -409 1
2222 2222 -1 267 0 0 -407 -406 1
2222 2222 -1 267 0 0 -395 -394 1
2222 2222 -1 267 0 0 -392 -391 1
2222 2222 -1 267 0 0 -385 -384 1
2222 2222 -1 267 0 0 -384 -383 2
2222 2222 -1 267 0 0 -380 -379 2
2222 2222 -1 267 0 0 -379 -378 1
2222 2222 -1 267 0 0 -378 -377 2
2222 2222 -1 267 0 0 -377 -376 2
2222 2222 -1 267 0 0 -374 -373 1
2222 2222 -1 267 0 0 -369 -368 1
2222 2222 -1 267 0 0 -368 -367 1
2222 2222 -1 267 0 0 -367 -366 1
2222 2222 -1 267 0 0 -347 -346 2
2222 2222 -1 267 0 0 -346 -345 2
2222 2222 -1 267 0 0 -345 -344 1
2222 2222 -1 267 0 0 -343 -342 1
2222 2222 -1 267 0 0 -342 -341 2
2222 2222 -1 267 0 0 -341 -340 2
2222 2222 -1 267 0 0 -340 -339 2
2222 2222 -1 267 0 0 -339 -338 2
2222 2222 -1 267 0 0 -338 -337 1
2222 2222 -1 267 0 0 -336 -335 2
2222 2222 -1 267 0 0 -334 -333 1
2222 2222 -1 267 0 0 -333 -332 1
2222 2222 -1 267 0 0 -332 -331 2
2222 2222 -1 267 0 0 -331 -330 3
2222 2222 -1 267 0 0 -327 -326 1
2222 2222 -1 267 0 0 -326 -325 1
2222 2222 -1 267 0 0 -325 -324 10
2222 2222 -1 267 0 0 -324 -323 1
2222 2222 -1 267 0 0 -321 -320 3
2222 2222 -1 267 0 0 -320 -319 1
2222 2222 -1 267 0 0 -319 -318 2
2222 2222 -1 267 0 0 -315 -314 1
2222 2222 -1 267 0 0 -312 -311 1
2222 2222 -1 267 0 0 -309 -308 1
2222 2222 -1 267 0 0 -302 -301 1
2222 2222 -1 267 0 0 -298 -297 2
2222 2222 -1 267 0 0 -297 -296 2
2222 2222 -1 267 0 0 -292 -291 1
2222 2222 -1 267 0 0 -291 -290 1
2222 2222 -1 267 0 0 -289 -288 1
2222 2222 -1 267 0 0 -288 -287 1
2222 2222 -1 267 0 0 -287 -286 1
2222 2222 -1 267 0 0 -286 -285 1
2222 2222 -1 267 0 0 -284 -283 1
2222 2222 -1 267 0 0 -283 -282 1
2222 2222 -1 267 0 0 -274 -273 1
2222 2222 -1 267 0 0 -273 -272 1
2222 2222 -1 267 0 0 -267 -266 1
2222 2222 -1 267 0 0 -266 -265 2
2222 2222 -1 267 0 0 -262 -261 1
2222 2222 -1 267 0 0 -251 -250 1
2222 2222 -1 267 0 0 -250 -249 2
2222 2222 -1 267 0 0 -245 -244 1
2222 2222 -1 267 0 0 -244 -243 2
2222 2222 -1 267 0 0 -239 -238 1
2222 2222 -1 267 0 0 -238 -237 2
2222 2222 -1 267 0 0 -234 -233 1
2222 2222 -1 267 0 0 -233 -232 1
2222 2222 -1 267 0 0 -232 -231 1
2222 2222 -1 267 0 0 -228 -227 2
2222 2222 -1 267 0 0 -227 -226 2
2222 2222 -1 267 0 0 -222 -221 2
2222 2222 -1 267 0 0 -221 -220 1
2222 2222 -1 267 0 0 -220 -219 2
2222 2222 -1 267 0 0 -216 -215 1
2222 2222 -1 267 0 0 -214 -213 3
2222 2222 -1 267 0 0 -211 -210 1
2222 2222 -1 267 0 0 -209 -208 1
2222 2222 -1 267 0 0 -205 -204 1
2222 2222 -1 267 0 0 -204 -203 1
2222 2222 -1 267 0 0 -202 -201 1
2222 2222 -1 267 0 0 -200 -199 1
2222 2222 -1 267 0 0 -193 -192 1
2222 2222 -1 267 0 0 -192 -191 3
2222 2222 -1 267 0 0 -191 -190 3
2222 2222 -1 267 0 0 -187 -186 1
2222 2222 -1 267 0 0 -186 -185 1
2222 2222 -1 267 0 0 -184 -183 1
2222 2222 -1 267 0 0 -181 -180 1
2222 2222 -1 267 0 0 -177 -176 2
2222 2222 -1 267 0 0 -176 -175 3
2222 2222 -1 267 0 0 -174 -173 1
2222 2222 -1 267 0 0 -172 -171 2
2222 2222 -1 267 0 0 -170 -169 2
2222 2222 -1 267 0 0 -169 -168 1
2222 2222 -1 267 0 0 -168 -167 1
2222 2222 -1 267 0 0 -164 -163 1
2222 2222 -1 267 0 0 -163 -162 3
2222 2222 -1 267 0 0 -160 -159 1
2222 2222 -1 267 0 0 -152 -151 1
2222 2222 -1 267 0 0 -151 -150 1
2222 2222 -1 267 0 0 -150 -149 2
2222 2222 -1 267 0 0 -148 -147 1
2222 2222 -1 267 0 0 -146 -145 1
2222 2222 -1 267 0 0 -145 -144 1
2222 2222 -1 267 0 0 -130 -129 1
2222 2222 -1 267 0 0 -129 -128 1
2222 2222 -1 267 0 0 -118 -117 1
2222 2222 -1 267 0 0 -117 -116 1
2222 2222 -1 267 0 0 -116 -115 1
2222 2222 -1 267 0 0 -111 -110 1
2222 2222 -1 267 0 0 -106 -105 1
2222 2222 -1 267 0 0 -105 -104 2
2222 2222 -1 267 0 0 -104 -103 2
2222 2222 -1 267 0 0 -100 -99 4
2222 2222 -1 267 0 0 -99 -98 4
2222 2222 -1 267 0 0 -98 -97 1
2222 2222 -1 267 0 0 -89 -88 1
2222 2222 -1 267 0 0 -87 -86 2
2222 2222 -1 267 0 0 -86 -85 2
2222 2222 -1 267 0 0 -82 -81 1
2222 2222 -1 267 0 0 -76 -75 2
2222 2222 -1 267 0 0 -72 -71 2
2222 2222 -1 267 0 0 -71 -70 2
2222 2222 -1 267 0 0 -70 -69 1
2222 2222 -1 267 0 0 -67 -66 1
2222 2222 -1 267 0 0 -66 -65 2
2222 2222 -1 267 0 0 -65 -64 2
2222 2222 -1 267 0 0 -64 -63 2
2222 2222 -1 267 0 0 -63 -62 1
2222 2222 -1 267 0 0 -59 -58 1
2222 2222 -1 267 0 0 -58 -57 1
2222 2222 -1 267 0 0 -52 -51 2
2222 2222 -1 267 0 0 -48 -47 2
2222 2222 -1 267 0 0 -46 -45 2
2222 2222 -1 267 0 0 -42 -41 2
2222 2222 -1 267 0 0 -41 -40 1
2222 2222 -1 267 0 0 -40 -39 1
2222 2222 -1 267 0 0 -32 -31 2
2222 2222 -1 267 0 0 -31 -30 2
2222 2222 -1 267 0 0 -30 -29 2
2222 2222 -1 267 0 0 -24 -23 1
2222 2222 -1 267 0 0 -23 -22 2
2222 2222 -1 267 0 0 -18 -17 2
2222 2222 -1 267 0 0 -17 -16 2
2222 2222 -1 267 0 0 -16 -15 2
2222 2222 -1 267 0 0 -15 -14 3
2222 2222 -1 267 0 0 -14 -13 2
2222 2222 -1 267 0 0 -13 -12 3
2222 2222 -1 267 0 0 -12 -11 1
2222 2222 -1 267 0 0 -11 -10 1
2222 2222 -1 267 0 0 -10 -9 1
2222 2222 -1 267 0 0 -8 -7 2
2222 2222 -1 267 0 0 -7 -6 3
2222 2222 -1 267 0 0 -6 -5 2
2222 2222 -1 267 0 0 -5 -4 3
2222 2222 -1 267 0 0 -4 -3 2
2222 2222 -1 267 0 0 -3 -2 1
2222 2222 -1 267 0 0 -2 -1 3
2222 2222 -1 267 0 0 -1 0 2
2222 2222 -1 267 0 0 0 1 1
2222 2222 -1 267 0 0 1 2 3
2222 2222 -1 267 0 0 2 3 2
2222 2222 -1 267 0 0 3 4 2
2222 2222 -1 267 0 0 4 5 2
2222 2222 -1 267 0 0 5 6 2
2222 2222 -1 267 0 0 6 7 2
2222 2222 -1 267 0 0 7 8 2
2222 2222 -1 267 0 0 8 9 2
2222 2222 -1 267 0 0 9 10 2
2222 2222 -1 267 0 0 10 11 2
2222 2222 -1 267 0 0 11 12 2
2222 2222 -1 267 0 0 12 13 2
2222 2222 -1 267 0 0 13 14 2
2222 2222 -1 267 0 0 14 15 1
2222 2222 -1 267 0 0 15 16 1
2222 2222 -1 267 0 0 16 17 2
2222 2222 -1 267 0 0 17 18 2
2222 2222 -1 267 0 0 18 19 2
2222 2222 -1 267 0 0 19 20 2
2222 2222 -1 267 0 0 20 21 1
2222 2222 -1 267 0 0 21 22 1
2222 2222 -1 267 0 0 22 23 1
2222 2222 -1 267 0 0 24 25 1
2222 2222 -1 267 0 0 25 26 1
2222 2222 -1 267 0 0 27 28 3
2222 2222 -1 267 0 0 29 30 3
2222 2222 -1 267 0 0 31 32 2
2222 2222 -1 267 0 0 32 33 2
2222 2222 -1 267 0 0 34 35 1
2222 2222 -1 267 0 0 35 36 1
2222 2222 -1 267 0 0 36 37 3
2222 2222 -1 267 0 0 37 38 2
2222 2222 -1 267 0 0 39 40 2
2222 2222 -1 267 0 0 40 41 2
2222 2222 -1 267 0 0 41 42 2
2222 2222 -1 267 0 0 43 44 1
2222 2222 -1 267 0 0 44 45 2
2222 2222 -1 267 0 0 49 50 1
2222 2222 -1 267 0 0 50 51 2
2222 2222 -1 267 0 0 51 52 1
2222 2222 -1 267 0 0 52 53 1
2222 2222 -1 267 0 0 53 54 1
2222 2222 -1 267 0 0 54 55 3
2222 2222 -1 267 0 0 55 56 2
2222 2222 -1 267 0 0 56 57 1
2222 2222 -1 267 0 0 57 58 2
2222 2222 -1 267 0 0 58 59 2
2222 2222 -1 267 0 0 59 60 1
2222 2222 -1 267 0 0 60 61 2
2222 2222 -1 267 0 0 64 65 2
2222 2222 -1 267 0 0 65 66 2
2222 2222 -1 267 0 0 66 67 1
2222 2222 -1 267 0 0 67 68 1
2222 2222 -1 267 0 0 69 70 2
2222 2222 -1 267 0 0 71 72 1
2222 2222 -1 267 0 0 73 74 1
2222 2222 -1 267 0 0 75 76 1
2222 2222 -1 267 0 0 76 77 1
2222 2222 -1 267 0 0 79 80 2
2222 2222 -1 267 0 0 80 81 1
2222 2222 -1 267 0 0 81 82 2
2222 2222 -1 267 0 0 87 88 2
2222 2222 -1 267 0 0 88 89 1
2222 2222 -1 267 0 0 89 90 2
2222 2222 -1 267 0 0 92 93 4
2222 2222 -1 267 0 0 93 94 1
2222 2222 -1 267 0 0 94 95 1
2222 2222 -1 267 0 0 95 96 1
2222 2222 -1 267 0 0 97 98 1
2222 2222 -1 267 0 0 99 100 1
2222 2222 -1 267 0 0 101 102 2
2222 2222 -1 267 0 0 103 104 2
2222 2222 -1 267 0 0 174 175 2
2222 2222 -1 267 0 0 180 181 2
2222 2222 -1 267 0 0 204 205 2
2222 2222 -1 267 0 0 209 210 2
2222 2222 -1 267 0 0 210 211 2
2222 2222 -1 267 0 0 215 216 4
2222 2222 -1 267 0 0 216 217 3
2222 2222 -1 267 0 0 221 222 3
2222 2222 -1 267 0 0 222 223 1
2222 2222 -1 267 0 0 227 228 3
2222 2222 -1 267 0 0 228 229 1
2222 2222 -1 267 0 0 279 280 4
2222 2222 -1 267 0 0 285 286 4
2222 2222 -1 267 0 0 286 287 4
2222 2222 -1 267 0 0 291 292 4
2222 2222 -1 267 0 0 292 293 4
2222 2222 -1 267 0 0 297 298 2
2222 2222 -1 267 0 0 300 301 4
2222 2222 -1 267 0 0 332 333 2
2222 2222 -1 267 0 0 338 339 1
2222 2222 -1 267 0 0 344 345 2
2222 2222 -1 267 0 0 349 350 2
2222 2222 -1 267 0 0 350 351 2
2222 2222 -1 267 0 0 355 356 2
2222 2222 -1 267 0 0 356 357 2
2222 2222 -1 267 0 0 361 362 2
2222 2222 -1 267 0 0 367 368 1
2222 2222 -1 267 0 0 368 369 1
2222 2222 -1 267 0 0 373 374 2
2222 2222 -1 267 0 0 379 380 7
2222 2222 -1 267 0 0 390 391 2
2222 2222 -1 267 0 0 402 403 3
2222 2222 -1 267 0 0 405 406 3
2222 2222 -1 267 0 0 406 407 3
2222 2222 -1 267 0 0 413 414 2
2222 2222 -1 267 0 0 431 432 2
2222 2222 -1 267 0 0 437 438 1
2222 2222 -1 267 0 0 466 467 1
2222 2222 -1 267 0 0 473 474 1
2222 2222 -1 267 0 0 495 496 2
2222 2222 -1 267 0 0 501 502 2
2222 2222 -1 267 0 0 513 514 1
2222 2222 -1 267 0 0 524 525 2
2222 2222 -1 267 0 0 553 554 2
2222 2222 -1 267 0 0 565 566 1
2222 2222 -1 267 0 0 566 567 1
2222 2222 -1 267 0 0 569 570 1
2222 2222 -1 267 0 0 577 578 4
2222 2222 -1 267 0 0 606 607 1
2222 2222 -1 267 0 0 611 612 1
2222 2222 -1 267 0 0 612 613 3
2222 2222 -1 267 0 0 664 665 2
2222 2222 -1 267 0 0 740 741 3
2222 2222 -1 267 0 0 751 752 3
2222 2222 -1 267 0 0 752 753 2
22222 22222 -1 266 2 0 -12 -11 1
22222 22222 -1 266 2 0 -8 -7 1
22222 22222 -1 266 2 0 -2 -1 1
22222 22222 -1 266 2 0 2 3 1
222 222 -1 267 1 0 -490 -489 2
222 222 -1 267 1 0 -489 -488 4
222 222 -1 267 1 0 -488 -487 4
222 222 -1 267 1 0 -487 -486 4
222 222 -1 267 1 0 -486 -485 4
222 222 -1 267 1 0 -485 -484 4
222 222 -1 267 1 0 -484 -483 6
222 222 -1 267 1 0 -466 -465 1
222 222 -1 267 1 0 -443 -442 1
222 222 -1 267 1 0 -414 -413 1
222 222 -1 267 1 0 -385 -384 1
222 222 -1 267 1 0 -350 -349 1
222 222 -1 267 1 0 -349 -348 1
222 222 -1 267 1 0 -348 -347 1
222 222 -1 267 1 0 -347 -346 1
222 222 -1 267 1 0 -346 -345 1
222 222 -1 267 1 0 -343 -342 1
222 222 -1 267 1 0 -342 -341 2
222 222 -1 267 1 0 -340 -339 1
222 222 -1 267 1 0 -339 -338 2
222 222 -1 267 1 0 -338 -337 1
222 222 -1 267 1 0 -321 -320 3
222 222 -1 267 1 0 -315 -314 1
222 222 -1 267 1 0 -309 -308 1
222 222 -1 267 1 0 -290 -289 1
222 222 -1 267 1 0 -250 -249 2
222 222 -1 267 1 0 -245 -244 1
222 222 -1 267 1 0 -239 -238 1
222 222 -1 267 1 0 -238 -237 1
222 222 -1 267 1 0 -222 -221 2
222 222 -1 267 1 0 -216 -215 1
222 222 -1 267 1 0 -211 -210 1
222 222 -1 267 1 0 -205 -204 1
222 222 -1 267 1 0 -203 -202 1
222 222 -1 267 1 0 -201 -200 1
222 222 -1 267 1 0 -192 -191 2
222 222 -1 267 1 0 -187 -186 1
222 222 -1 267 1 0 -181 -180 1
222 222 -1 267 1 0 -172 -171 1
222 222 -1 267 1 0 -170 -169 1
222 222 -1 267 1 0 -130 -129 1
222 222 -1 267 1 0 -117 -116 1
222 222 -1 267 1 0 -106 -105 1
222 222 -1 267 1 0 -104 -103 2
222 222 -1 267 1 0 -86 -85 1
222 222 -1 267 1 0 -82 -81 1
222 222 -1 267 1 0 -76 -75 2
222 222 -1 267 1 0 -70 -69 1
222 222 -1 267 1 0 -67 -66 1
222 222 -1 267 1 0 -65 -64 2
222 222 -1 267 1 0 -64 -63 1
222 222 -1 267 1 0 -59 -58 1
222 222 -1 267 1 0 -58 -57 1
222 222 -1 267 1 0 -57 -56 1
222 222 -1 267 1 0 -41 -40 2
222 222 -1 267 1 0 -30 -29 2
222 222 -1 267 1 0 -18 -17 2
222 222 -1 267 1 0 -17 -16 2
222 222 -1 267 1 0 -15 -14 2
222 222 -1 267 1 0 -14 -13 1
222 222 -1 267 1 0 -13 -12 3
222 222 -1 267 1 0 -12 -11 2
222 222 -1 267 1 0 -11 -10 2
222 222 -1 267 1 0 -10 -9 2
222 222 -1 267 1 0 -7 -6 3
222 222 -1 267 1 0 -6 -5 3
222 222 -1 267 1 0 -5 -4 3
222 222 -1 267 1 0 -4 -3 2
222 222 -1 267 1 0 -3 -2 2
222 222 -1 267 1 0 -2 -1 2
222 222 -1 267 1 0 1 2 3
222 222 -1 267 1 0 2 3 2
222 222 -1 267 1 0 5 6 1
222 222 -1 267 1 0 7 8 2
222 222 -1 267 1 0 8 9 1
222 222 -1 267 1 0 10 11 1
222 222 -1 267 1 0 11 12 2
222 222 -1 267 1 0 12 13 2
222 222 -1 267 1 0 17 18 2
222 222 -1 267 1 0 18 19 2
222 222 -1 267 1 0 19 20 2
222 222 -1 267 1 0 20 21 1
222 222 -1 267 1 0 24 25 2
222 222 -1 267 1 0 25 26 1
222 222 -1 267 1 0 29 30 3
222 222 -1 267 1 0 30 31 4
222 222 -1 267 1 0 32 33 2
222 222 -1 267 1 0 34 35 1
222 222 -1 267 1 0 35 36 1
222 222 -1 267 1 0 36 37 2
222 222 -1 267 1 0 37 38 2
222 222 -1 267 1 0 38 39 2
222 222 -1 267 1 0 39 40 2
222 222 -1 267 1 0 40 41 2
222 222 -1 267 1 0 41 42 1
222 222 -1 267 1 0 42 43 1
222 222 -1 267 1 0 44 45 2
222 222 -1 267 1 0 45 46 1
222 222 -1 267 1 0 48 49 1
222 222 -1 267 1 0 50 51 1
222 222 -1 267 1 0 51 52 1
222 222 -1 267 1 0 52 53 1
222 222 -1 267 1 0 53 54 1
222 222 -1 267 1 0 54 55 3
222 222 -1 267 1 0 55 56 2
222 222 -1 267 1 0 56 57 2
222 222 -1 267 1 0 57 58 2
222 222 -1 267 1 0 58 59 2
222 222 -1 267 1 0 63 64 1
222 222 -1 267 1 0 65 66 1
222 222 -1 267 1 0 67 68 1
222 222 -1 267 1 0 69 70 2
222 222 -1 267 1 0 73 74 1
222 222 -1 267 1 0 75 76 2
222 222 -1 267 1 0 76 77 1
222 222 -1 267 1 0 79 80 1
222 222 -1 267 1 0 80 81 1
222 222 -1 267 1 0 81 82 2
222 222 -1 267 1 0 82 83 2
222 222 -1 267 1 0 84 85 2
222 222 -1 267 1 0 85 86 2
222 222 -1 267 1 0 86 87 3
222 222 -1 267 1 0 87 88 2
222 222 -1 267 1 0 89 90 2
222 222 -1 267 1 0 93 94 1
222 222 -1 267 1 0 100 101 2
222 222 -1 267 1 0 101 102 1
222 222 -1 267 1 0 102 103 2
222 222 -1 267 1 0 103 104 1
222 222 -1 267 1 0 104 105 1
222 222 -1 267 1 0 221 222 2
222 222 -1 267 1 0 227 228 2
222 222 -1 267 1 0 361 362 1
222 222 -1 267 1 0 373 374 2
222 222 -1 267 1 0 405 406 2
222 222 -1 267 1 0 495 496 1
222 222 -1 267 1 0 501 502 1
222 222 -1 267 1 0 612 613 2
222 222 -1 267 1 0 751 752 3
222 222 -1 266 0 0 -537 -536 2
222 222 -1 266 0 0 -536 -535 1
222 222 -1 266 0 0 -535 -534 1
222 222 -1 266 0 0 -534 -533 1
222 222 -1 266 0 0 -533 -532 1
222 222 -1 266 0 0 -532 -531 1
222 222 -1 266 0 0 -531 -530 1
222 222 -1 266 0 0 -519 -518 1
222 222 -1 266 0 0 -518 -517 1
222 222 -1 266 0 0 -517 -516 1
222 222 -1 266 0 0 -516 -515 1
222 222 -1 266 0 0 -515 -514 1
222 222 -1 266 0 0 -514 -513 1
222 222 -1 266 0 0 -513 -512 1
222 222 -1 266 0 0 -512 -511 2
222 222 -1 266 0 0 -511 -510 2
222 222 -1 266 0 0 -510 -509 2
222 222 -1 266 0 0 -509 -508 2
222 222 -1 266 0 0 -508 -507 2
222 222 -1 266 0 0 -507 -506 4
222 222 -1 266 0 0 -506 -505 3
222 222 -1 266 0 0 -505 -504 3
222 222 -1 266 0 0 -504 -503 3
222 222 -1 266 0 0 -503 -502 3
222 222 -1 266 0 0 -502 -501 3
222 222 -1 266 0 0 -501 -500 2
222 222 -1 266 0 0 -500 -499 2
222 222 -1 266 0 0 -499 -498 2
222 222 -1 266 0 0 -498 -497 2
222 222 -1 266 0 0 -497 -496 2
222 222 -1 266 0 0 -496 -495 2
222 222 -1 266 0 0 -495 -494 2
222 222 -1 266 0 0 -494 -493 2
222 222 -1 266 0 0 -493 -492 2
222 222 -1 266 0 0 -492 -491 2
222 222 -1 266 0 0 -491 -490 2
222 222 -1 266 0 0 -490 -489 1
222 222 -1 266 0 0 -489 -488 2
222 222 -1 266 0 0 -488 -487 2
222 222 -1 266 0 0 -487 -486 2
222 222 -1 266 0 0 -486 -485 2
222 222 -1 266 0 0 -485 -484 2
222 222 -1 266 0 0 -484 -483 1
222 222 -1 266 0 0 -483 -482 2
222 222 -1 266 0 0 -482 -481 2
222 222 -1 266 0 0 -481 -480 2
222 222 -1 266 0 0 -480 -479 2
222 222 -1 266 0 0 -479 -478 2
222 222 -1 266 0 0 -478 -477 3
222 222 -1 266 0 0 -477 -476 3
222 222 -1 266 0 0 -476 -475 3
222 222 -1 266 0 0 -475 -474 3
222 222 -1 266 0 0 -474 -473 3
222 222 -1 266 0 0 -473 -472 3
222 222 -1 266 0 0 -472 -471 1
222 222 -1 266 0 0 -471 -470 1
222 222 -1 266 0 0 -470 -469 1
222 222 -1 266 0 0 -469 -468 1
222 222 -1 266 0 0 -468 -467 1
222 222 -1 266 0 0 -467 -466 1
222 222 -1 266 0 0 -447 -446 1
222 222 -1 266 0 0 -446 -445 1
222 222 -1 266 0 0 -445 -444 1
222 222 -1 266 0 0 -444 -443 1
222 222 -1 266 0 0 -442 -441 1
222 222 -1 266 0 0 -441 -440 1
222 222 -1 266 0 0 -440 -439 1
222 222 -1 266 0 0 -439 -438 1
222 222 -1 266 0 0 -438 -437 1
222 222 -1 266 0 0 -432 -431 1
222 222 -1 266 0 0 -431 -430 1
222 222 -1 266 0 0 -427 -426 1
222 222 -1 266 0 0 -426 -425 1
222 222 -1 266 0 0 -425 -424 1
222 222 -1 266 0 0 -424 -423 1
222 222 -1 266 0 0 -423 -422 1
222 222 -1 266 0 0 -422 -421 1
222 222 -1 266 0 0 -421 -420 1
222 222 -1 266 0 0 -420 -419 1
222 222 -1 266 0 0 -418 -417 1
222 222 -1 266 0 0 -416 -415 1
222 222 -1 266 0 0 -415 -414 1
222 222 -1 266 0 0 -414 -413 1
222 222 -1 266 0 0 -413 -412 2
222 222 -1 266 0 0 -412 -411 1
222 222 -1 266 0 0 -411 -410 2
222 222 -1 266 0 0 -410 -409 2
222 222 -1 266 0 0 -409 -408 3
222 222 -1 266 0 0 -408 -407 1
222 222 -1 266 0 0 -407 -406 1
222 222 -1 266 0 0 -406 -405 1
222 222 -1 266 0 0 -405 -404 1
222 222 -1 266 0 0 -404 -403 1
222 222 -1 266 0 0 -403 -402 1
222 222 -1 266 0 0 -396 -395 1
222 222 -1 266 0 0 -395 -394 1
222 222 -1 266 0 0 -388 -387 1
222 222 -1 266 0 0 -387 -386 1
222 222 -1 266 0 0 -386 -385 1
222 222 -1 266 0 0 -385 -384 1
222 222 -1 266 0 0 -384 -383 1
222 222 -1 266 0 0 -383 -382 2
222 222 -1 266 0 0 -382 -381 2
222 222 -1 266 0 0 -381 -380 2
222 222 -1 266 0 0 -380 -379 2
222 222 -1 266 0 0 -379 -378 1
222 222 -1 266 0 0 -378 -377 1
222 222 -1 266 0 0 -377 -376 1
222 222 -1 266 0 0 -376 -375 1
222 222 -1 266 0 0 -374 -373 1
222 222 -1 266 0 0 -373 -372 1
222 222 -1 266 0 0 -372 -371 2
222 222 -1 266 0 0 -371 -370 1
222 222 -1 266 0 0 -370 -369 2
222 222 -1 266 0 0 -368 -367 1
222 222 -1 266 0 0 -367 -366 1
222 222 -1 266 0 0 -366 -365 1
222 222 -1 266 0 0 -365 -364 2
222 222 -1 266 0 0 -364 -363 1
222 222 -1 266 0 0 -362 -361 1
222 222 -1 266 0 0 -361 -360 1
222 222 -1 266 0 0 -360 -359 1
222 222 -1 266 0 0 -359 -358 1
222 222 -1 266 0 0 -356 -355 6
222 222 -1 266 0 0 -355 -354 2
222 222 -1 266 0 0 -354 -353 2
222 222 -1 266 0 0 -352 -351 2
222 222 -1 266 0 0 -351 -350 2
222 222 -1 266 0 0 -350 -349 1
222 222 -1 266 0 0 -348 -347 1
222 222 -1 266 0 0 -347 -346 2
222 222 -1 266 0 0 -346 -345 1
222 222 -1 266 0 0 -345 -344 2
222 222 -1 266 0 0 -344 -343 2
222 222 -1 266 0 0 -343 -342 5
222 222 -1 266 0 0 -342 -341 1
222 222 -1 266 0 0 -341 -340 2
222 222 -1 266 0 0 -340 -339 3
222 222 -1 266 0 0 -339 -338 3
222 222 -1 266 0 0 -338 -337 2
222 222 -1 266 0 0 -337 -336 2
222 222 -1 266 0 0 -336 -335 2
222 222 -1 266 0 0 -335 -334 2
222 222 -1 266 0 0 -334 -333 1
222 222 -1 266 0 0 -333 -332 3
222 222 -1 266 0 0 -332 -331 3
222 222 -1 266 0 0 -331 -330 2
222 222 -1 266 0 0 -330 -329 2
222 222 -1 266 0 0 -329 -328 2
222 222 -1 266 0 0 -328 -327 1
222 222 -1 266 0 0 -327 -326 1
222 222 -1 266 0 0 -326 -325 1
222 222 -1 266 0 0 -325 -324 4
222 222 -1 266 0 0 -324 -323 2
222 222 -1 266 0 0 -323 -322 1
222 222 -1 266 0 0 -322 -321 2
222 222 -1 266 0 0 -321 -320 2
222 222 -1 266 0 0 -320 -319 2
222 222 -1 266 0 0 -319 -318 1
222 222 -1 266 0 0 -318 -317 1
222 222 -1 266 0 0 -317 -316 1
222 222 -1 266 0 0 -316 -315 1
222 222 -1 266 0 0 -315 -314 1
222 222 -1 266 0 0 -314 -313 3
222 222 -1 266 0 0 -313 -312 2
222 222 -1 266 0 0 -312 -311 2
222 222 -1 266 0 0 -311 -310 3
222 222 -1 266 0 0 -310 -309 2
222 222 -1 266 0 0 -309 -308 1
222 222 -1 266 0 0 -308 -307 1
222 222 -1 266 0 0 -307 -306 1
222 222 -1 266 0 0 -306 -305 1
222 222 -1 266 0 0 -305 -304 2
222 222 -1 266 0 0 -304 -303 2
222 222 -1 266 0 0 -303 -302 2
222 222 -1 266 0 0 -302 -301 1
222 222 -1 266 0 0 -301 -300 1
222 222 -1 266 0 0 -300 -299 1
222 222 -1 266 0 0 -299 -298 3
222 222 -1 266 0 0 -298 -297 3
222 222 -1 266 0 0 -297 -296 3
222 222 -1 266 0 0 -296 -295 2
222 222 -1 266 0 0 -295 -294 3
222 222 -1 266 0 0 -294 -293 3
222 222 -1 266 0 0 -293 -292 2
222 222 -1 266 0 0 -292 -291 1
222 222 -1 266 0 0 -291 -290 3
222 222 -1 266 0 0 -290 -289 1
222 222 -1 266 0 0 -289 -288 2
222 222 -1 266 0 0 -288 -287 3
222 222 -1 266 0 0 -287 -286 1
222 222 -1 266 0 0 -286 -285 1
222 222 -1 266 0 0 -285 -284 2
222 222 -1 266 0 0 -284 -283 1
222 222 -1 266 0 0 -283 -282 1
222 222 -1 266 0 0 -282 -281 1
222 222 -1 266 0 0 -281 -280 2
222 222 -1 266 0 0 -280 -279 1
222 222 -1 266 0 0 -279 -278 1
222 222 -1 266 0 0 -278 -277 1
222 222 -1 266 0 0 -277 -276 2
222 222 -1 266 0 0 -276 -275 1
222 222 -1 266 0 0 -275 -274 1
222 222 -1 266 0 0 -264 -263 1
222 222 -1 266 0 0 -263 -262 1
222 222 -1 266 0 0 -262 -261 4
222 222 -1 266 0 0 -261 -260 2
222 222 -1 266 0 0 -260 -259 2
222 222 -1 266 0 0 -259 -258 2
222 222 -1 266 0 0 -258 -257 2
222 222 -1 266 0 0 -257 -256 1
222 222 -1 266 0 0 -256 -255 1
222 222 -1 266 0 0 -255 -254 3
222 222 -1 266 0 0 -254 -253 3
222 222 -1 266 0 0 -253 -252 3
222 222 -1 266 0 0 -252 -251 3
222 222 -1 266 0 0 -251 -250 2
222 222 -1 266 0 0 -250 -249 2
222 222 -1 266 0 0 -249 -248 1
222 222 -1 266 0 0 -248 -247 1
222 222 -1 266 0 0 -247 -246 1
222 222 -1 266 0 0 -246 -245 1
222 222 -1 266 0 0 -245 -244 1
222 222 -1 266 0 0 -244 -243 4
222 222 -1 266 0 0 -243 -242 4
222 222 -1 266 0 0 -242 -241 3
222 222 -1 266 0 0 -241 -240 2
222 222 -1 266 0 0 -240 -239 4
222 222 -1 266 0 0 -239 -238 1
222 222 -1 266 0 0 -238 -237 1
222 222 -1 266 0 0 -237 -236 1
222 222 -1 266 0 0 -236 -235 1
222 222 -1 266 0 0 -235 -234 1
222 222 -1 266 0 0 -234 -233 1
222 222 -1 266 0 0 -233 -232 1
222 222 -1 266 0 0 -232 -231 1
222 222 -1 266 0 0 -231 -230 1
222 222 -1 266 0 0 -230 -229 1
222 222 -1 266 0 0 -229 -228 1
222 222 -1 266 0 0 -215 -214 1
222 222 -1 266 0 0 -214 -213 1
222 222 -1 266 0 0 -212 -211 2
222 222 -1 266 0 0 -211 -210 1
222 222 -1 266 0 0 -210 -209 1
222 222 -1 266 0 0 -208 -207 1
222 222 -1 266 0 0 -203 -202 1
222 222 -1 266 0 0 -202 -201 1
222 222 -1 266 0 0 -191 -190 1
222 222 -1 266 0 0 -190 -189 1
222 222 -1 266 0 0 -189 -188 1
222 222 -1 266 0 0 -188 -187 2
222 222 -1 266 0 0 -187 -186 1
222 222 -1 266 0 0 -186 -185 1
222 222 -1 266 0 0 -185 -184 1
222 222 -1 266 0 0 -184 -183 2
222 222 -1 266 0 0 -183 -182 2
222 222 -1 266 0 0 -182 -181 1
222 222 -1 266 0 0 -181 -180 1
222 222 -1 266 0 0 -180 -179 2
222 222 -1 266 0 0 -179 -178 3
222 222 -1 266 0 0 -178 -177 3
222 222 -1 266 0 0 -177 -176 2
222 222 -1 266 0 0 -176 -175 1
222 222 -1 266 0 0 -175 -174 1
222 222 -1 266 0 0 -174 -173 1
222 222 -1 266 0 0 -173 -172 1
222 222 -1 266 0 0 -172 -171 2
222 222 -1 266 0 0 -171 -170 2
222 222 -1 266 0 0 -169 -168 2
222 222 -1 266 0 0 -168 -167 1
222 222 -1 266 0 0 -167 -166 2
222 222 -1 266 0 0 -166 -165 1
222 222 -1 266 0 0 -165 -164 1
222 222 -1 266 0 0 -164 -163 1
222 222 -1 266 0 0 -163 -162 1
222 222 -1 266 0 0 -153 -152 1
222 222 -1 266 0 0 -152 -151 1
222 222 -1 266 0 0 -149 -148 1
222 222 -1 266 0 0 -148 -147 1
222 222 -1 266 0 0 -147 -146 1
222 222 -1 266 0 0 -146 -145 1
222 222 -1 266 0 0 -145 -144 3
222 222 -1 266 0 0 -144 -143 2
222 222 -1 266 0 0 -143 -142 1
222 222 -1 266 0 0 -135 -134 1
222 222 -1 266 0 0 -134 -133 1
222 222 -1 266 0 0 -130 -129 1
222 222 -1 266 0 0 -129 -128 1
222 222 -1 266 0 0 -128 -127 1
222 222 -1 266 0 0 -127 -126 1
222 222 -1 266 0 0 -126 -125 1
222 222 -1 266 0 0 -125 -124 1
222 222 -1 266 0 0 -124 -123 1
222 222 -1 266 0 0 -123 -122 1
222 222 -1 266 0 0 -122 -121 1
222 222 -1 266 0 0 -118 -117 1
222 222 -1 266 0 0 -117 -116 1
222 222 -1 266 0 0 -116 -115 1
222 222 -1 266 0 0 -115 -114 1
222 222 -1 266 0 0 -114 -113 1
222 222 -1 266 0 0 -113 -112 1
222 222 -1 266 0 0 -112 -111 1
222 222 -1 266 0 0 -111 -110 1
222 222 -1 266 0 0 -110 -109 2
222 222 -1 266 0 0 -109 -108 1
222 222 -1 266 0 0 -108 -107 1
222 222 -1 266 0 0 -106 -105 1
222 222 -1 266 0 0 -105 -104 1
222 222 -1 266 0 0 -104 -103 2
222 222 -1 266 0 0 -103 -102 1
222 222 -1 266 0 0 -102 -101 1
222 222 -1 266 0 0 -101 -100 1
222 222 -1 266 0 0 -100 -99 1
222 222 -1 266 0 0 -99 -98 1
222 222 -1 266 0 0 -98 -97 1
222 222 -1 266 0 0 -97 -96 1
222 222 -1 266 0 0 -96 -95 1
222 222 -1 266 0 0 -95 -94 1
222 222 -1 266 0 0 -94 -93 1
222 222 -1 266 0 0 -93 -92 1
222 222 -1 266 0 0 -92 -91 1
222 222 -1 266 0 0 -91 -90 1
222 222 -1 266 0 0 -90 -89 1
222 222 -1 266 0 0 -89 -88 1
222 222 -1 266 0 0 -88 -87 1
222 222 -1 266 0 0 -87 -86 1
222 222 -1 266 0 0 -86 -85 1
222 222 -1 266 0 0 -85 -84 1
222 222 -1 266 0 0 -84 -83 1
222 222 -1 266 0 0 -83 -82 1
222 222 -1 266 0 0 -82 -81 1
222 222 -1 266 0 0 -81 -80 1
222 222 -1 266 0 0 -80 -79 1
222 222 -1 266 0 0 -79 -78 1
222 222 -1 266 0 0 -78 -77 1
222 222 -1 266 0 0 -77 -76 1
222 222 -1 266 0 0 -76 -75 1
222 222 -1 266 0 0 -75 -74 1
222 222 -1 266 0 0 -74 -73 1
222 222 -1 266 0 0 -73 -72 1
222 222 -1 266 0 0 -72 -71 1
222 222 -1 266 0 0 -71 -70 1
222 222 -1 266 0 0 -70 -69 1
222 222 -1 266 0 0 -69 -68 1
222 222 -1 266 0 0 -68 -67 1
222 222 -1 266 0 0 -67 -66 1
222 222 -1 266 0 0 -66 -65 1
222 222 -1 266 0 0 -65 -64 1
222 222 -1 266 0 0 -64 -63 1
222 222 -1 266 0 0 -60 -59 1
222 222 -1 266 0 0 -59 -58 1
222 222 -1 266 0 0 -41 -40 2
222 222 -1 266 0 0 -34 -33 1
222 222 -1 266 0 0 -33 -32 1
222 222 -1 266 0 0 -32 -31 1
222 222 -1 266 0 0 -20 -19 1
222 222 -1 266 0 0 -19 -18 1
222 222 -1 266 0 0 -18 -17 1
222 222 -1 266 0 0 -15 -14 2
222 222 -1 266 0 0 -14 -13 1
222 222 -1 266 0 0 -13 -12 1
222 222 -1 266 0 0 -12 -11 1
222 222 -1 266 0 0 -11 -10 1
222 222 -1 266 0 0 -10 -9 2
222 222 -1 266 0 0 -9 -8 2
222 222 -1 266 0 0 -8 -7 3
222 222 -1 266 0 0 -7 -6 2
222 222 -1 266 0 0 -6 -5 3
222 222 -1 266 0 0 -5 -4 3
222 222 -1 266 0 0 -4 -3 1
222 222 -1 266 0 0 -3 -2 1
222 222 -1 266 0 0 -2 -1 3
222 222 -1 266 0 0 -1 0 3
222 222 -1 266 0 0 0 1 4
222 222 -1 266 0 0 2 3 3
222 222 -1 266 0 0 3 4 2
222 222 -1 266 0 0 5 6 1
222 222 -1 266 0 0 6 7 1
222 222 -1 266 0 0 7 8 1
222 222 -1 266 0 0 9 10 1
222 222 -1 266 0 0 10 11 1
222 222 -1 266 0 0 11 12 1
222 222 -1 266 0 0 12 13 1
222 222 -1 266 0 0 13 14 1
222 222 -1 266 0 0 14 15 1
222 222 -1 266 0 0 15 16 1
222 222 -1 266 0 0 16 17 1
222 222 -1 266 0 0 18 19 2
222 222 -1 266 0 0 19 20 1
222 222 -1 266 0 0 20 21 1
222 222 -1 266 0 0 21 22 1
222 222 -1 266 0 0 22 23 1
222 222 -1 266 0 0 23 24 1
222 222 -1 266 0 0 24 25 3
222 222 -1 266 0 0 25 26 1
222 222 -1 266 0 0 26 27 1
222 222 -1 266 0 0 27 28 1
222 222 -1 266 0 0 28 29 3
222 222 -1 266 0 0 29 30 2
222 222 -1 266 0 0 30 31 3
222 222 -1 266 0 0 31 32 1
222 222 -1 266 0 0 32 33 2
222 222 -1 266 0 0 34 35 1
222 222 -1 266 0 0 35 36 1
222 222 -1 266 0 0 36 37 2
222 222 -1 266 0 0 39 40 1
222 222 -1 266 0 0 40 41 1
222 222 -1 266 0 0 41 42 4
222 222 -1 266 0 0 42 43 2
222 222 -1 266 0 0 43 44 3
222 222 -1 266 0 0 44 45 3
222 222 -1 266 0 0 45 46 1
222 222 -1 266 0 0 47 48 2
222 222 -1 266 0 0 48 49 2
222 222 -1 266 0 0 49 50 1
222 222 -1 266 0 0 50 51 2
222 222 -1 266 0 0 51 52 2
222 222 -1 266 0 0 52 53 1
222 222 -1 266 0 0 53 54 4
222 222 -1 266 0 0 54 55 2
222 222 -1 266 0 0 55 56 2
222 222 -1 266 0 0 56 57 3
222 222 -1 266 0 0 57 58 3
222 222 -1 266 0 0 58 59 3
222 222 -1 266 0 0 59 60 2
222 222 -1 266 0 0 60 61 3
222 222 -1 266 0 0 62 63 2
222 222 -1 266 0 0 63 64 3
222 222 -1 266 0 0 64 65 1
222 222 -1 266 0 0 65 66 2
222 222 -1 266 0 0 66 67 2
222 222 -1 266 0 0 67 68 1
222 222 -1 266 0 0 70 71 3
222 222 -1 266 0 0 72 73 1
222 222 -1 266 0 0 74 75 1
222 222 -1 266 0 0 75 76 1
222 222 -1 266 0 0 76 77 3
222 222 -1 266 0 0 77 78 2
222 222 -1 266 0 0 78 79 1
222 222 -1 266 0 0 79 80 2
222 222 -1 266 0 0 80 81 1
222 222 -1 266 0 0 81 82 2
222 222 -1 266 0 0 82 83 2
222 222 -1 266 0 0 83 84 2
222 222 -1 266 0 0 84 85 2
222 222 -1 266 0 0 85 86 3
222 222 -1 266 0 0 86 87 2
222 222 -1 266 0 0 87 88 3
222 222 -1 266 0 0 88 89 1
222 222 -1 266 0 0 89 90 2
222 222 -1 266 0 0 90 91 1
222 222 -1 266 0 0 91 92 1
222 222 -1 266 0 0 92 93 1
222 222 -1 266 0 0 93 94 1
222 222 -1 266 0 0 95 96 1
222 222 -1 266 0 0 96 97 1
222 222 -1 266 0 0 97 98 1
222 222 -1 266 0 0 98 99 1
222 222 -1 266 0 0 99 100 1
222 222 -1 266 0 0 100 101 3
222 222 -1 266 0 0 101 102 2
222 222 -1 266 0 0 102 103 2
222 222 -1 266 0 0 103 104 2
222 222 -1 266 0 0 104 105 2
222 222 -1 266 0 0 105 106 1
222 222 -1 266 0 0 106 107 2
222 222 -1 266 0 0 107 108 2
222 222 -1 266 0 0 108 109 2
222 222 -1 266 0 0 109 110 1
222 222 -1 266 0 0 110 111 1
222 222 -1 266 0 0 186 187 1
222 222 -1 266 0 0 187 188 1
222 222 -1 266 0 0 188 189 1
222 222 -1 266 0 0 189 190 1
222 222 -1 266 0 0 190 191 1
222 222 -1 266 0 0 191 192 1
222 222 -1 266 0 0 193 194 1
222 222 -1 266 0 0 194 195 1
222 222 -1 266 0 0 196 197 1
222 222 -1 266 0 0 197 198 1
222 222 -1 266 0 0 198 199 1
222 222 -1 266 0 0 339 340 1
222 222 -1 266 0 0 340 341 1
222 222 -1 266 0 0 341 342 1
222 222 -1 266 0 0 342 343 1
222 222 -1 266 0 0 343 344 1
222 222 -1 266 0 0 374 375 1
222 222 -1 266 0 0 375 376 1
222 222 -1 266 0 0 376 377 1
222 222 -1 266 0 0 377 378 1
222 222 -1 266 0 0 378 379 1
222 222 -1 266 0 0 379 380 1
222 222 -1 266 0 0 380 381 1
222 222 -1 266 0 0 381 382 1
222 222 -1 266 0 0 382 383 1
222 222 -1 266 0 0 383 384 1
222 222 -1 266 0 0 384 385 1
222 222 -1 266 0 0 385 386 1
222 222 -1 266 0 0 386 387 1
222 222 -1 266 0 0 387 388 1
222 222 -1 266 0 0 388 389 1
222 222 -1 266 0 0 389 390 1
222 222 -1 266 0 0 390 391 1
222 222 -1 266 0 0 391 392 1
222 222 -1 266 0 0 392 393 1
222 222 -1 266 0 0 393 394 1
222 222 -1 266 0 0 394 395 1
222 222 -1 266 0 0 395 396 1
222 222 -1 266 0 0 396 397 1
222 222 -1 266 0 0 397 398 1
222 222 -1 266 0 0 398 399 1
222 222 -1 266 0 0 399 400 1
222 222 -1 266 0 0 400 401 1
222 222 -1 266 0 0 401 402 1
222 222 -1 266 0 0 402 403 1
222 222 -1 266 0 0 403 404 1
222 222 -1 266 0 0 404 405 1
222 222 -1 266 0 0 405 406 1
222 222 -1 266 0 0 406 407 1
222 222 -1 266 0 0 407 408 1
222 222 -1 266 0 0 408 409 1
222 222 -1 266 0 0 409 410 1
222 222 -1 266 0 0 410 411 1
222 222 -1 266 0 0 411 412 1
222 222 -1 266 0 0 412 413 1
222 222 -1 266 0 0 413 414 1
222 222 -1 266 0 0 414 415 1
222 222 -1 266 0 0 415 416 1
222 222 -1 266 0 0 416 417 1
222 222 -1 266 0 0 417 418 1
222 222 -1 266 0 0 418 419 1
222 222 -1 266 0 0 419 420 1
222 222 -1 266 0 0 420 421 1
222 222 -1 266 0 0 421 422 1
222 222 -1 266 0 0 422 423 1
222 222 -1 266 0 0 423 424 1
222 222 -1 266 0 0 424 425 1
222 222 -1 266 0 0 425 426 1
222 222 -1 266 0 0 426 427 1
222 222 -1 266 0 0 427 428 1
222 222 -1 266 0 0 428 429 1
222 222 -1 266 0 0 429 430 1
222 222 -1 266 0 0 430 431 1
222 222 -1 266 0 0 431 432 1
222 222 -1 266 0 0 432 433 1
222 222 -1 266 0 0 433 434 1
222 222 -1 266 0 0 434 435 1
222 222 -1 266 0 0 435 436 1
222 222 -1 266 0 0 436 437 1
222 222 -1 266 0 0 437 438 1
222 222 -1 266 0 0 438 439 1
222 222 -1 266 0 0 439 440 1
222 222 -1 266 0 0 440 441 1
222 222 -1 266 0 0 441 442 1
222 222 -1 266 0 0 442 443 1
222 222 -1 266 0 0 443 444 1
222 222 -1 266 0 0 444 445 1
222 222 -1 266 0 0 445 446 1
222 222 -1 266 0 0 446 447 1
222 222 -1 266 0 0 447 448 1
222 222 -1 266 0 0 448 449 1
222 222 -1 266 0 0 449 450 1
222 222 -1 266 0 0 450 451 1
222 222 -1 266 0 0 451 452 1
222 222 -1 266 0 0 452 453 1
222 222 -1 266 0 0 453 454 1
222 222 -1 266 0 0 454 455 1
222 222 -1 266 0 0 455 456 1
222 222 -1 266 0 0 456 457 1
222 222 -1 266 0 0 457 458 1
222 222 -1 266 0 0 458 459 1
222 222 -1 266 0 0 459 460 1
222 222 -1 266 0 0 460 461 1
222 222 -1 266 0 0 461 462 1
222 222 -1 266 0 0 462 463 1
222 222 -1 266 0 0 463 464 1
222 222 -1 266 0 0 464 465 1
222 222 -1 266 0 0 465 466 1
222 222 -1 266 0 0 466 467 1
222 222 -1 266 0 0 467 468 1
222 222 -1 266 0 0 468 469 1
222 222 -1 266 0 0 469 470 1
222 222 -1 266 0 0 470 471 1
222 222 -1 266 0 0 471 472 1
222 222 -1 266 0 0 472 473 1
222 222 -1 266 0 0 473 474 1
222 222 -1 266 0 0 474 475 1
222 222 -1 266 0 0 475 476 1
222 222 -1 266 0 0 476 477 1
222 222 -1 266 0 0 477 478 1
222 222 -1 266 0 0 478 479 1
222 222 -1 266 0 0 479 480 1
222 222 -1 266 0 0 480 481 1
222 222 -1 266 0 0 481 482 1
222 222 -1 266 0 0 482 483 1
222 222 -1 266 0 0 483 484 1
222 222 -1 266 0 0 484 485 1
222 222 -1 266 0 0 485 486 1
222 222 -1 266 0 0 486 487 1
222 222 -1 266 0 0 487 488 1
222 222 -1 266 0 0 488 489 1
222 222 -1 266 0 0 489 490 1
222 222 -1 266 0 0 490 491 1
222 222 -1 266 0 0 491 492 1
222 222 -1 266 0 0 492 493 1
222 222 -1 266 0 0 493 494 1
222 222 -1 266 0 0 494 495 1
222 222 -1 266 0 0 495 496 1
222 222 -1 266 0 0 496 497 1
222 222 -1 266 0 0 497 498 1
222 222 -1 266 0 0 498 499 1
222 222 -1 266 0 0 499 500 1
222 222 -1 266 0 0 500 501 1
222 222 -1 266 0 0 501 502 1
222 222 -1 266 0 0 502 503 1
222 222 -1 266 0 0 503 504 1
222 222 -1 266 0 0 504 505 1
222 222 -1 266 0 0 505 506 1
222 222 -1 266 0 0 506 507 1
222 222 -1 266 0 0 507 508 1
222 222 -1 266 0 0 508 509 1
222 222 -1 266 0 0 509 510 1
222 222 -1 266 0 0 510 511 1
222 222 -1 266 0 0 511 512 1
222 222 -1 266 0 0 512 513 1
222 222 -1 266 0 0 513 514 1
222 222 -1 266 0 0 514 515 1
222 222 -1 266 0 0 515 516 1
222 222 -1 266 0 0 516 517 1
222 222 -1 266 0 0 517 518 1
222 222 -1 266 0 0 518 519 1
222 222 -1 266 0 0 519 520 1
222 222 -1 266 0 0 520 521 1
222 222 -1 266 0 0 521 522 1
222 222 -1 266 0 0 522 523 1
222 222 -1 266 0 0 523 524 1
222 222 -1 266 0 0 524 525 1
222 222 -1 266 0 0 525 526 1
222 222 -1 266 0 0 526 527 1
222 222 -1 266 0 0 527 528 1
222 222 -1 266 0 0 528 529 1
222 222 -1 266 0 0 529 530 1
222 222 -1 266 0 0 530 531 1
222 222 -1 266 0 0 531 532 1
222 222 -1 266 0 0 532 533 1
222 222 -1 266 0 0 533 534 1
222 222 -1 266 0 0 534 535 1
222 222 -1 266 0 0 535 536 1
222 222 -1 266 0 0 536 537 1
222 222 -1 266 0 0 537 538 1
222 222 -1 266 0 0 538 539 1
222 222 -1 266 0 0 539 540 1
222 222 -1 266 0 0 540 541 1
222 222 -1 266 0 0 541 542 1
222 222 -1 266 0 0 542 543 1
222 222 -1 266 0 0 543 544 1
222 222 -1 266 0 0 544 545 1
222 222 -1 266 0 0 545 546 1
222 222 -1 266 0 0 546 547 1
222 222 -1 266 0 0 547 548 1
222 222 -1 266 0 0 548 549 1
222 222 -1 266 0 0 549 550 1
222 222 -1 266 0 0 550 551 1
222 222 -1 266 0 0 551 552 1
222 222 -1 266 0 0 552 553 1
222 222 -1 266 0 0 553 554 1
222 222 -1 266 0 0 554 555 1
222 222 -1 266 0 0 555 556 1
222 222 -1 266 0 0 556 557 1
222 222 -1 266 0 0 557 558 1
222 222 -1 266 0 0 558 559 1
222 222 -1 266 0 0 559 560 1
222 222 -1 266 0 0 560 561 1
222 222 -1 266 0 0 561 562 1
222 222 -1 266 0 0 562 563 1
222 222 -1 266 0 0 563 564 1
222 222 -1 266 0 0 564 565 1
222 222 -1 266 0 0 565 566 1
222 222 -1 266 0 0 566 567 1
222 222 -1 266 0 0 567 568 1
222 222 -1 266 0 0 568 569 1
222 222 -1 266 0 0 569 570 1
222 222 -1 266 0 0 570 571 1
222 222 -1 266 0 0 571 572 1
222 222 -1 266 0 0 572 573 1
222 222 -1 266 0 0 573 574 1
222 222 -1 266 0 0 574 575 1
222 222 -1 266 0 0 575 576 1
222 222 -1 266 0 0 576 577 1
222 222 -1 266 0 0 577 578 1
222 222 -1 266 0 0 578 579 1
222 222 -1 266 0 0 579 580 1
222 222 -1 266 0 0 580 581 1
222 222 -1 266 0 0 581 582 1
222 222 -1 266 0 0 582 583 1
222 222 -1 266 0 0 583 584 1
222 222 -1 266 0 0 584 585 1
222 222 -1 266 0 0 585 586 1
222 222 -1 266 0 0 586 587 1
222 222 -1 266 0 0 587 588 1
222 222 -1 266 0 0 588 589 1
222 222 -1 266 0 0 589 590 1
222 222 -1 266 0 0 590 591 1
222 222 -1 266 0 0 591 592 1
222 222 -1 266 0 0 592 593 1
222 222 -1 266 0 0 593 594 1
222 222 -1 266 0 0 594 595 1
222 222 -1 266 0 0 595 596 1
222 222 -1 266 0 0 596 597 1
222 222 -1 266 0 0 597 598 1
222 222 -1 266 0 0 598 599 1
222 222 -1 266 0 0 599 600 1
222 222 -1 266 0 0 600 601 1
222 222 -1 266 0 0 601 602 1
222 222 -1 266 0 0 602 603 1
222 222 -1 266 0 0 603 604 1
222 222 -1 266 0 0 604 605 1
222 222 -1 266 0 0 605 606 1
222 222 -1 266 0 0 606 607 1
222 222 -1 266 0 0 607 608 1
222 222 -1 266 0 0 608 609 1
222 222 -1 266 0 0 609 610 1
222 222 -1 266 0 0 610 611 1
222 222 -1 266 0 0 611 612 1
222 222 -1 266 0 0 627 628 1
222 222 -1 266 0 0 628 629 1
222 222 -1 266 0 0 629 630 1
222 222 -1 266 0 0 630 631 1
222 222 -1 266 0 0 631 632 1
222 222 -1 266 0 0 632 633 1
222 222 -1 266 0 0 633 634 1
222 222 -1 266 0 0 634 635 1
222 222 -1 266 0 0 635 636 1
222 222 -1 266 0 0 641 642 1
222 222 -1 266 0 0 642 643 1
222 222 -1 266 0 0 643 644 1
222 222 -1 266 0 0 644 645 1
222 222 -1 266 0 0 645 646 1
222 222 -1 266 0 0 646 647 1
222 222 -1 266 0 0 647 648 1
222 222 -1 266 0 0 648 649 1
222 222 -1 266 0 0 649 650 1
222 222 -1 266 0 0 650 651 1
222 222 -1 266 0 0 651 652 1
222 222 -1 266 0 0 652 653 1
222 222 -1 266 0 0 653 654 1
222 222 -1 266 0 0 654 655 1
222 222 -1 266 0 0 655 656 1
222 222 -1 266 0 0 656 657 1
222 222 -1 266 0 0 657 658 1
222 222 -1 266 0 0 658 659 1
222 222 -1 266 0 0 659 660 1
222 222 -1 266 0 0 660 661 1
222 222 -1 266 0 0 661 662 1
222 222 -1 266 0 0 662 663 1
222 222 -1 266 0 0 663 664 1
222 222 -1 266 0 0 664 665 1
222 222 -1 266 0 0 665 666 1
222 222 -1 266 0 0 666 667 1
222 222 -1 266 0 0 667 668 1
222 222 -1 266 0 0 668 669 1
222 222 -1 266 0 0 669 670 1
222 222 -1 266 0 0 670 671 1
222 222 -1 266 0 0 671 672 1
222 222 -1 266 0 0 672 673 1
222 222 -1 266 0 0 673 674 1
222 222 -1 266 0 0 674 675 1
222 222 -1 266 0 0 675 676 1
222 222 -1 266 0 0 676 677 1
222 222 -1 266 0 0 677 678 1
222 222 -1 266 0 0 678 679 1
222 222 -1 266 0 0 679 680 1
222 222 -1 266 0 0 680 681 1
222 222 -1 266 0 0 681 682 1
222 222 -1 266 0 0 728 729 1
222 222 -1 266 0 0 729 730 1
222 222 -1 266 0 0 730 731 1
222 222 -1 266 0 0 731 732 1
222 222 -1 266 0 0 732 733 1
222 222 -1 266 0 0 733 734 1
222 222 -1 266 0 0 734 735 1
222 222 -1 266 0 0 735 736 1
222 222 -1 266 0 0 736 737 1
222 222 -1 266 0 0 737 738 1
222 222 -1 266 0 0 738 739 1
222 222 -1 266 0 0 739 740 1
222 222 -1 266 0 0 740 741 1
222 222 -1 266 0 0 741 742 1
222 222 -1 266 0 0 742 743 1
222 222 -1 266 0 0 743 744 1
222 222 -1 266 0 0 744 745 1
222 222 -1 266 0 0 745 746 1
222 222 -1 266 0 0 746 747 1
222 222 -1 266 0 0 747 748 1
222 222 -1 266 0 0 748 749 1
222 222 -1 266 0 0 749 750 1
222 222 -1 266 0 0 750 751 1
222 222 -1 266 0 0 751 752 1
2222 2222 -1 267 1 0 -339 -338 2
2222 2222 -1 267 1 0 -338 -337 1
2222 2222 -1 267 1 0 -118 -117 1
2222 2222 -1 267 1 0 -117 -116 1
2222 2222 -1 267 1 0 -111 -110 1
2222 2222 -1 267 1 0 -67 -66 1
2222 2222 -1 267 1 0 -15 -14 2
2222 2222 -1 267 1 0 -14 -13 2
2222 2222 -1 267 1 0 -12 -11 1
2222 2222 -1 267 1 0 -11 -10 1
2222 2222 -1 267 1 0 -6 -5 3
2222 2222 -1 267 1 0 -2 -1 2
2222 2222 -1 267 1 0 0 1 1
2222 2222 -1 267 1 0 1 2 2
2222 2222 -1 267 1 0 2 3 2
2222 2222 -1 267 1 0 3 4 2
2222 2222 -1 267 1 0 7 8 2
2222 2222 -1 267 1 0 17 18 2
2222 2222 -1 267 1 0 29 30 3
2222 2222 -1 267 1 0 30 31 3
2222 2222 -1 267 1 0 50 51 1
2222 2222 -1 267 1 0 52 53 1
2222 2222 -1 267 1 0 56 57 1
2222 2222 -1 267 1 0 57 58 2
2222 2222 -1 267 1 0 58 59 2
2222 2222 -1 267 1 0 64 65 1
2222 2222 -1 267 1 0 69 70 2
2222 2222 -1 267 1 0 75 76 1
2222 2222 -1 267 1 0 100 101 1
2222 2222 -1 267 1 1 -343 -342 1
2222 2222 -1 267 1 1 -342 -341 1
2222 2222 -1 267 1 1 -341 -340 1
2222 2222 -1 267 1 1 -339 -338 1
2222 2222 -1 267 1 1 -338 -337 1
2222 2222 -1 267 1 1 -6 -5 2
2222 2222 -1 267 1 1 -2 -1 2
2222 2222 -1 267 1 1 0 1 1
2222 2222 -1 267 1 1 17 18 2
2222 2222 -1 267 1 1 40 41 1
2222 2222 -1 267 1 1 41 42 1
2222 2222 -1 267 1 1 57 58 1
2222 2222 -1 267 1 1 58 59 1
2222 2222 -1 267 1 1 73 74 1
222 222 -1 267 1 1 -467 -466 3
222 222 -1 267 1 1 -443 -442 1
222 222 -1 267 1 1 -414 -413 2
222 222 -1 267 1 1 -407 -406 1
222 222 -1 267 1 1 -395 -394 1
222 222 -1 267 1 1 -394 -393 1
222 222 -1 267 1 1 -393 -392 1
222 222 -1 267 1 1 -385 -384 1
222 222 -1 267 1 1 -384 -383 1
222 222 -1 267 1 1 -378 -377 1
222 222 -1 267 1 1 -375 -374 1
222 222 -1 267 1 1 -374 -373 1
222 222 -1 267 1 1 -365 -364 1
222 222 -1 267 1 1 -363 -362 1
222 222 -1 267 1 1 -362 -361 1
222 222 -1 267 1 1 -361 -360 1
222 222 -1 267 1 1 -351 -350 1
222 222 -1 267 1 1 -350 -349 1
222 222 -1 267 1 1 -349 -348 1
222 222 -1 267 1 1 -343 -342 1
222 222 -1 267 1 1 -342 -341 1
222 222 -1 267 1 1 -341 -340 2
222 222 -1 267 1 1 -340 -339 3
222 222 -1 267 1 1 -339 -338 2
222 222 -1 267 1 1 -338 -337 1
222 222 -1 267 1 1 -337 -336 2
222 222 -1 267 1 1 -336 -335 1
222 222 -1 267 1 1 -321 -320 2
222 222 -1 267 1 1 -315 -314 1
222 222 -1 267 1 1 -312 -311 1
222 222 -1 267 1 1 -309 -308 1
222 222 -1 267 1 1 -290 -289 1
222 222 -1 267 1 1 -281 -280 1
222 222 -1 267 1 1 -250 -249 1
222 222 -1 267 1 1 -239 -238 1
222 222 -1 267 1 1 -238 -237 2
222 222 -1 267 1 1 -222 -221 1
222 222 -1 267 1 1 -216 -215 1
222 222 -1 267 1 1 -211 -210 1
222 222 -1 267 1 1 -205 -204 1
222 222 -1 267 1 1 -203 -202 1
222 222 -1 267 1 1 -170 -169 1
222 222 -1 267 1 1 -130 -129 1
222 222 -1 267 1 1 -117 -116 1
222 222 -1 267 1 1 -111 -110 1
222 222 -1 267 1 1 -106 -105 1
222 222 -1 267 1 1 -104 -103 2
222 222 -1 267 1 1 -76 -75 1
222 222 -1 267 1 1 -70 -69 1
222 222 -1 267 1 1 -67 -66 1
222 222 -1 267 1 1 -65 -64 2
222 222 -1 267 1 1 -64 -63 1
222 222 -1 267 1 1 -59 -58 1
222 222 -1 267 1 1 -41 -40 1
222 222 -1 267 1 1 -30 -29 2
222 222 -1 267 1 1 -19 -18 1
222 222 -1 267 1 1 -18 -17 2
222 222 -1 267 1 1 -17 -16 2
222 222 -1 267 1 1 -16 -15 2
222 222 -1 267 1 1 -13 -12 3
222 222 -1 267 1 1 -11 -10 2
222 222 -1 267 1 1 -10 -9 1
222 222 -1 267 1 1 -8 -7 2
222 222 -1 267 1 1 -6 -5 2
222 222 -1 267 1 1 -5 -4 1
222 222 -1 267 1 1 -4 -3 2
222 222 -1 267 1 1 -3 -2 2
222 222 -1 267 1 1 -2 -1 2
222 222 -1 267 1 1 2 3 2
222 222 -1 267 1 1 4 5 3
222 222 -1 267 1 1 5 6 1
222 222 -1 267 1 1 6 7 1
222 222 -1 267 1 1 7 8 3
222 222 -1 267 1 1 8 9 1
222 222 -1 267 1 1 9 10 1
222 222 -1 267 1 1 10 11 2
222 222 -1 267 1 1 11 12 1
222 222 -1 267 1 1 12 13 2
222 222 -1 267 1 1 13 14 1
222 222 -1 267 1 1 14 15 1
222 222 -1 267 1 1 16 17 1
222 222 -1 267 1 1 17 18 2
222 222 -1 267 1 1 18 19 2
222 222 -1 267 1 1 20 21 1
222 222 -1 267 1 1 24 25 2
222 222 -1 267 1 1 25 26 1
222 222 -1 267 1 1 29 30 2
222 222 -1 267 1 1 30 31 1
222 222 -1 267 1 1 34 35 1
222 222 -1 267 1 1 36 37 1
222 222 -1 267 1 1 37 38 1
222 222 -1 267 1 1 38 39 1
222 222 -1 267 1 1 39 40 1
222 222 -1 267 1 1 40 41 1
222 222 -1 267 1 1 42 43 1
222 222 -1 267 1 1 44 45 2
222 222 -1 267 1 1 45 46 2
222 222 -1 267 1 1 50 51 1
222 222 -1 267 1 1 51 52 1
222 222 -1 267 1 1 52 53 1
222 222 -1 267 1 1 54 55 2
222 222 -1 267 1 1 55 56 2
222 222 -1 267 1 1 56 57 1
222 222 -1 267 1 1 57 58 1
222 222 -1 267 1 1 58 59 2
222 222 -1 267 1 1 59 60 1
222 222 -1 267 1 1 60 61 1
222 222 -1 267 1 1 63 64 1
222 222 -1 267 1 1 65 66 1
222 222 -1 267 1 1 69 70 2
222 222 -1 267 1 1 73 74 1
222 222 -1 267 1 1 75 76 1
222 222 -1 267 1 1 76 77 1
222 222 -1 267 1 1 79 80 1
222 222 -1 267 1 1 80 81 2
222 222 -1 267 1 1 81 82 1
222 222 -1 267 1 1 82 83 1
222 222 -1 267 1 1 83 84 3
222 222 -1 267 1 1 84 85 1
222 222 -1 267 1 1 85 86 1
222 222 -1 267 1 1 86 87 2
222 222 -1 267 1 1 87 88 2
222 222 -1 267 1 1 88 89 1
222 222 -1 267 1 1 89 90 1
222 222 -1 267 1 1 93 94 1
222 222 -1 267 1 1 104 105 3
222 222 -1 267 1 1 221 222 2
222 222 -1 267 1 1 227 228 2
222 222 -1 267 1 1 361 362 1
222 222 -1 267 1 1 373 374 2
222 222 -1 267 1 1 390 391 1
222 222 -1 267 1 1 405 406 2
222 222 -1 267 1 1 495 496 1
222 222 -1 267 1 1 501 502 1
222 222 -1 267 1 1 612 613 2
222 222 -1 267 2 0 -540 -539 1
222 222 -1 267 2 0 -537 -536 6
222 222 -1 267 2 0 -536 -535 6
222 222 -1 267 2 0 -532 -531 1
222 222 -1 267 2 0 -531 -530 1
222 222 -1 267 2 0 -347 -346 1
222 222 -1 267 2 0 -346 -345 1
222 222 -1 267 2 0 -345 -344 1
222 222 -1 267 2 0 -344 -343 1
222 222 -1 267 2 0 -342 -341 1
222 222 -1 267 2 0 -341 -340 1
222 222 -1 267 2 0 -340 -339 1
222 222 -1 267 2 0 -339 -338 1
222 222 -1 267 2 0 -337 -336 1
222 222 -1 267 2 0 -298 -297 1
222 222 -1 267 2 0 -297 -296 1
222 222 -1 267 2 0 -296 -295 1
222 222 -1 267 2 0 -295 -294 1
222 222 -1 267 2 0 -294 -293 1
222 222 -1 267 2 0 -293 -292 1
222 222 -1 267 2 0 -286 -285 1
222 222 -1 267 2 0 -281 -280 1
222 222 -1 267 2 0 -267 -266 1
222 222 -1 267 2 0 -266 -265 2
222 222 -1 267 2 0 -265 -264 2
222 222 -1 267 2 0 -264 -263 1
222 222 -1 267 2 0 -95 -94 1
222 222 -1 267 2 0 -32 -31 1
222 222 -1 267 2 0 -31 -30 2
222 222 -1 267 2 0 -28 -27 1
222 222 -1 267 2 0 -24 -23 1
222 222 -1 267 2 0 -23 -22 1
222 222 -1 267 2 0 -22 -21 1
222 222 -1 267 2 0 -18 -17 2
222 222 -1 267 2 0 -16 -15 2
222 222 -1 267 2 0 -15 -14 2
222 222 -1 267 2 0 -14 -13 1
222 222 -1 267 2 0 -12 -11 2
222 222 -1 267 2 0 -11 -10 2
222 222 -1 267 2 0 -10 -9 1
222 222 -1 267 2 0 -9 -8 1
222 222 -1 267 2 0 -8 -7 2
222 222 -1 267 2 0 -7 -6 2
222 222 -1 267 2 0 -6 -5 1
222 222 -1 267 2 0 3 4 1
222 222 -1 267 2 0 4 5 1
222 222 -1 267 2 0 6 7 2
222 222 -1 267 2 0 7 8 2
222 222 -1 267 2 0 8 9 1
222 222 -1 267 2 0 9 10 2
222 222 -1 267 2 0 10 11 1
222 222 -1 267 2 0 11 12 2
222 222 -1 267 2 0 12 13 2
222 222 -1 267 2 0 13 14 2
222 222 -1 267 2 0 14 15 1
222 222 -1 267 2 0 15 16 1
222 222 -1 267 2 0 16 17 2
222 222 -1 267 2 0 17 18 1
222 222 -1 267 2 0 21 22 1
222 222 -1 267 2 0 22 23 1
222 222 -1 267 2 0 25 26 1
222 222 -1 267 2 0 27 28 3
222 222 -1 267 2 0 28 29 2
222 222 -1 267 2 0 29 30 2
222 222 -1 267 2 0 34 35 1
222 222 -1 267 2 0 35 36 1
222 222 -1 267 2 0 56 57 2
222 222 -1 267 2 0 58 59 1
222 222 -1 267 2 0 59 60 1
222 222 -1 267 2 0 60 61 1
222 222 -1 267 2 0 65 66 1
222 222 -1 267 2 0 67 68 1
222 222 -1 267 2 0 69 70 2
222 222 -1 267 2 0 70 71 1
222 222 -1 267 2 0 71 72 1
222 222 -1 267 2 0 73 74 1
222 222 -1 267 2 0 75 76 1
222 222 -1 267 2 0 76 77 1
222 222 -1 267 2 0 77 78 1
222 222 -1 267 2 0 78 79 2
222 222 -1 267 2 0 79 80 2
222 222 -1 267 2 0 80 81 2
222 222 -1 267 2 0 81 82 2
222 222 -1 267 2 0 83 84 1
222 222 -1 267 2 0 85 86 1
222 222 -1 267 2 0 86 87 3
222 222 -1 267 2 0 92 93 2
222 222 -1 267 2 0 93 94 1
222 222 -1 267 2 0 95 96 1
222 222 -1 267 2 0 96 97 1
222 222 1 172 0 0 -311 -310 1
222 222 1 172 0 0 -310 -309 1
222 222 1 172 0 0 -309 -308 2
222 222 1 172 0 0 -308 -307 1
222 222 1 172 0 0 -307 -306 2
222 222 1 172 0 0 -306 -305 1
222 222 1 172 0 0 -305 -304 2
222 222 1 172 0 0 -304 -303 2
222 222 1 172 0 0 -303 -302 2
222 222 1 172 0 0 -302 -301 2
222 222 1 172 0 0 -301 -300 2
222 222 1 172 0 0 -300 -299 1
222 222 1 172 0 0 -299 -298 1
222 222 1 172 0 0 -298 -297 1
222 222 1 172 0 0 -297 -296 2
222 222 1 172 0 0 -296 -295 1
222 222 1 172 0 0 -295 -294 1
222 222 1 172 0 0 -294 -293 2
222 222 1 172 0 0 -293 -292 1
222 222 1 172 0 0 -292 -291 1
222 222 1 172 0 0 -289 -288 1
222 222 1 172 0 0 -288 -287 1
222 222 1 172 0 0 -287 -286 1
222 222 1 172 0 0 -286 -285 1
222 222 1 172 0 0 -285 -284 1
222 222 1 172 0 0 -284 -283 1
222 222 1 172 0 0 -283 -282 1
222 222 1 172 0 0 -282 -281 1
222 222 1 172 0 0 -281 -280 1
222 222 1 172 0 0 -280 -279 2
222 222 1 172 0 0 -279 -278 1
222 222 1 172 0 0 -278 -277 1
222 222 1 172 0 0 -277 -276 1
222 222 1 172 0 0 -274 -273 1
222 222 1 172 0 0 -273 -272 1
222 222 1 172 0 0 -271 -270 1
222 222 1 172 0 0 -270 -269 1
222 222 1 172 0 0 -269 -268 1
222 222 1 172 0 0 -268 -267 1
222 222 1 172 0 0 -267 -266 1
222 222 1 172 0 0 -266 -265 1
222 222 1 172 0 0 -265 -264 1
222 222 1 172 0 0 -264 -263 1
222 222 1 172 0 0 -263 -262 1
222 222 1 172 0 0 -262 -261 1
222 222 1 172 0 0 -261 -260 2
222 222 1 172 0 0 -260 -259 2
222 222 1 172 0 0 -255 -254 1
222 222 1 172 0 0 -254 -253 1
222 222 1 172 0 0 -253 -252 1
222 222 1 172 0 0 -252 -251 1
222 222 1 172 0 0 -251 -250 1
222 222 1 172 0 0 -250 -249 1
222 222 1 172 0 0 -249 -248 1
222 222 1 172 0 0 -248 -247 1
222 222 1 172 0 0 -247 -246 1
222 222 1 172 0 0 -246 -245 1
222 222 1 172 0 0 -245 -244 1
222 222 1 172 0 0 -244 -243 1
222 222 1 172 0 0 -243 -242 1
222 222 1 172 0 0 -242 -241 1
222 222 1 172 0 0 -241 -240 1
222 222 1 172 0 0 -240 -239 2
222 222 1 172 0 0 -238 -237 1
222 222 1 172 0 0 -237 -236 1
222 222 1 172 0 0 -236 -235 1
222 222 1 172 0 0 -235 -234 2
222 222 1 172 0 0 -234 -233 2
222 222 1 172 0 0 -233 -232 1
222 222 1 172 0 0 -232 -231 1
222 222 1 172 0 0 -231 -230 8
222 222 1 172 0 0 -204 -203 2
222 222 1 172 0 0 -203 -202 2
222 222 1 172 0 0 -202 -201 1
222 222 1 172 0 0 -199 -198 1
222 222 1 172 0 0 -193 -192 2
222 222 1 172 0 0 -192 -191 1
222 222 1 172 0 0 -191 -190 1
222 222 1 172 0 0 -190 -189 1
222 222 1 172 0 0 -186 -185 1
222 222 1 172 0 0 -185 -184 2
222 222 1 172 0 0 -184 -183 1
222 222 1 172 0 0 -183 -182 2
222 222 1 172 0 0 -182 -181 1
222 222 1 172 0 0 -181 -180 2
222 222 1 172 0 0 -180 -179 1
222 222 1 172 0 0 -178 -177 2
222 222 1 172 0 0 -177 -176 1
222 222 1 172 0 0 -176 -175 1
222 222 1 172 0 0 -175 -174 2
222 222 1 172 0 0 -174 -173 2
222 222 1 172 0 0 -173 -172 1
222 222 1 172 0 0 -172 -171 1
222 222 1 172 0 0 -171 -170 2
222 222 1 172 0 0 -170 -169 4
222 222 1 172 0 0 -169 -168 2
222 222 1 172 0 0 -168 -167 2
222 222 1 172 0 0 -167 -166 2
222 222 1 172 0 0 -166 -165 2
222 222 1 172 0 0 -165 -164 3
222 222 1 172 0 0 -164 -163 2
222 222 1 172 0 0 -163 -162 8
222 222 1 172 0 0 -162 -161 1
222 222 1 172 0 0 -161 -160 1
222 222 1 172 0 0 -160 -159 1
222 222 1 172 0 0 -159 -158 1
222 222 1 172 0 0 -158 -157 1
222 222 1 172 0 0 -155 -154 1
222 222 1 172 0 0 -152 -151 1
222 222 1 172 0 0 -151 -150 1
222 222 1 172 0 0 -150 -149 2
222 222 1 172 0 0 -149 -148 2
222 222 1 172 0 0 -148 -147 1
222 222 1 172 0 0 -147 -146 3
222 222 1 172 0 0 -145 -144 2
222 222 1 172 0 0 -141 -140 1
222 222 1 172 0 0 -139 -138 1
222 222 1 172 0 0 -135 -134 1
222 222 1 172 0 0 -134 -133 2
222 222 1 172 0 0 -133 -132 3
222 222 1 172 0 0 -132 -131 1
222 222 1 172 0 0 -131 -130 1
222 222 1 172 0 0 -130 -129 2
222 222 1 172 0 0 -129 -128 1
222 222 1 172 0 0 -128 -127 1
222 222 1 172 0 0 -127 -126 1
222 222 1 172 0 0 -126 -125 1
222 222 1 172 0 0 -125 -124 1
222 222 1 172 0 0 -123 -122 1
222 222 1 172 0 0 -122 -121 1
222 222 1 172 0 0 -121 -120 1
222 222 1 172 0 0 -120 -119 1
222 222 1 172 0 0 -117 -116 1
222 222 1 172 0 0 -116 -115 2
222 222 1 172 0 0 -115 -114 2
222 222 1 172 0 0 -114 -113 1
222 222 1 172 0 0 -112 -111 1
222 222 1 172 0 0 -111 -110 2
222 222 1 172 0 0 -102 -101 1
222 222 1 172 0 0 -101 -100 1
222 222 1 172 0 0 -91 -90 1
222 222 1 172 0 0 -90 -89 1
222 222 1 172 0 0 -89 -88 1
222 222 1 172 0 0 -87 -86 1
222 222 1 172 0 0 -86 -85 2
222 222 1 172 0 0 -85 -84 1
222 222 1 172 0 0 -84 -83 1
222 222 1 172 0 0 -83 -82 1
222 222 1 172 0 0 -82 -81 2
222 222 1 172 0 0 -81 -80 1
222 222 1 172 0 0 -73 -72 2
222 222 1 172 0 0 -72 -71 2
222 222 1 172 0 0 -71 -70 1
222 222 1 172 0 0 -65 -64 1
222 222 1 172 0 0 -59 -58 1
222 222 1 172 0 0 -58 -57 1
222 222 1 172 0 0 -57 -56 1
222 222 1 172 0 0 -56 -55 1
222 222 1 172 0 0 -55 -54 1
222 222 1 172 0 0 -54 -53 1
222 222 1 172 0 0 -53 -52 2
222 222 1 172 0 0 -52 -51 2
222 222 1 172 0 0 -51 -50 1
222 222 1 172 0 0 -50 -49 1
222 222 1 172 0 0 -49 -48 1
222 222 1 172 0 0 -48 -47 2
222 222 1 172 0 0 -47 -46 1
222 222 1 172 0 0 -46 -45 1
222 222 1 172 0 0 -45 -44 1
222 222 1 172 0 0 -44 -43 1
222 222 1 172 0 0 -43 -42 1
222 222 1 172 0 0 -42 -41 1
222 222 1 172 0 0 -41 -40 2
222 222 1 172 0 0 -40 -39 1
222 222 1 172 0 0 -39 -38 1
222 222 1 172 0 0 -38 -37 1
222 222 1 172 0 0 -24 -23 1
222 222 1 172 0 0 -23 -22 1
222 222 1 172 0 0 -22 -21 1
222 222 1 172 0 0 -21 -20 1
222 222 1 172 0 0 -18 -17 2
222 222 1 172 0 0 -17 -16 2
222 222 1 172 0 0 -16 -15 2
222 222 1 172 0 0 -15 -14 2
222 222 1 172 0 0 -14 -13 1
222 222 1 172 0 0 -12 -11 2
222 222 1 172 0 0 -7 -6 2
222 222 1 172 0 0 -6 -5 1
222 222 1 172 0 0 -5 -4 2
222 222 1 172 0 0 -3 -2 1
222 222 1 172 0 0 -2 -1 2
222 222 1 172 0 0 -1 0 1
222 222 1 172 0 0 0 1 1
222 222 1 172 0 0 1 2 1
222 222 1 172 0 0 2 3 2
222 222 1 172 0 0 3 4 3
222 222 1 172 0 0 4 5 3
222 222 1 172 0 0 5 6 3
222 222 1 172 0 0 6 7 3
222 222 1 172 0 0 7 8 2
222 222 1 172 0 0 8 9 3
222 222 1 172 0 0 10 11 1
222 222 1 172 0 0 11 12 1
222 222 1 172 0 0 12 13 1
222 222 1 172 0 0 13 14 2
222 222 1 172 0 0 14 15 3
222 222 1 172 0 0 15 16 1
222 222 1 172 0 0 16 17 1
222 222 1 172 0 0 17 18 1
222 222 1 172 0 0 18 19 3
222 222 1 172 0 0 19 20 2
222 222 1 172 0 0 20 21 2
222 222 1 172 0 0 21 22 4
222 222 1 172 0 0 22 23 1
222 222 1 172 0 0 23 24 1
222 222 1 172 0 0 25 26 1
222 222 1 172 0 0 26 27 1
222 222 1 172 0 0 27 28 2
222 222 1 172 0 0 28 29 2
222 222 1 172 0 0 29 30 2
222 222 1 172 0 0 31 32 2
222 222 1 172 0 0 33 34 2
222 222 1 172 0 0 34 35 2
222 222 1 172 0 0 35 36 3
222 222 1 172 0 0 36 37 3
222 222 1 172 0 0 37 38 3
222 222 1 172 0 0 38 39 2
222 222 1 172 0 0 39 40 3
222 222 1 172 0 0 40 41 4
222 222 1 172 0 0 41 42 4
222 222 1 172 0 0 42 43 4
222 222 1 172 0 0 43 44 3
222 222 1 172 0 0 44 45 1
222 222 1 172 0 0 45 46 1
222 222 1 172 0 0 46 47 1
222 222 1 172 0 0 47 48 1
222 222 1 172 0 0 64 65 2
222 222 1 172 0 0 65 66 2
222 222 1 172 0 0 66 67 2
222 222 1 172 0 0 78 79 1
222 222 1 172 0 0 79 80 1
222 222 1 172 0 0 87 88 1
222 222 1 172 0 0 88 89 1
222 222 1 172 0 0 89 90 1
222 222 1 172 0 0 90 91 1
222 222 1 172 0 0 91 92 1
222 222 1 172 0 0 92 93 1
222 222 1 172 0 0 93 94 2
222 222 1 172 0 0 99 100 1
222 222 1 172 0 0 101 102 1
222 222 1 172 0 0 102 103 1
222 222 1 172 0 0 201 202 1
222 222 1 172 0 0 202 203 1
222 222 1 172 0 0 203 204 1
222 222 1 172 0 0 204 205 1
222 222 1 172 0 0 233 234 1
222 222 1 172 0 0 234 235 2
222 222 1 172 0 0 235 236 1
222 222 1 172 0 0 236 237 1
222 222 1 172 0 0 237 238 1
222 222 1 172 0 0 238 239 1
222 222 1 172 0 0 268 269 1
222 222 1 172 0 0 269 270 1
222 222 1 172 0 0 270 271 2
222 222 1 172 0 0 271 272 2
222 222 1 172 0 0 272 273 2
222 222 1 172 0 0 273 274 1
222 222 1 172 0 0 274 275 1
222 222 1 172 0 0 275 276 1
222 222 1 172 0 0 276 277 1
222 222 1 172 0 0 277 278 1
222 222 1 172 0 0 278 279 1
222 222 1 172 0 0 279 280 1
222 222 1 172 0 0 280 281 1
222 222 1 172 0 0 281 282 1
222 222 1 172 0 0 291 292 1
222 222 1 172 0 0 292 293 1
222 222 1 172 0 0 293 294 1
222 222 1 172 0 0 294 295 1
222 222 1 172 0 0 295 296 1
222 222 1 172 0 0 296 297 1
222 222 1 172 0 0 297 298 1
222 222 1 172 0 0 298 299 1
222 222 1 172 0 0 299 300 1
222 222 1 172 0 0 300 301 2
222 222 1 172 0 0 301 302 1
222 222 1 172 0 0 302 303 1
222 222 1 172 0 0 303 304 1
222 222 1 172 0 0 304 305 1
222 222 1 172 0 0 305 306 2
222 222 1 172 0 0 306 307 2
222 222 1 172 0 0 307 308 1
222 222 1 172 0 0 313 314 1
222 222 1 172 0 0 314 315 1
222 222 1 172 0 0 315 316 1
222 222 1 172 0 0 316 317 1
222 222 1 172 0 0 317 318 1
222 222 1 172 0 0 318 319 1
222 222 1 172 0 0 319 320 1
222 222 1 172 0 0 320 321 1
222 222 1 172 0 0 321 322 1
222 222 1 172 0 0 322 323 1
222 222 1 172 0 0 323 324 1
222 222 1 172 0 0 324 325 1
222 222 1 172 0 0 332 333 1
222 222 1 172 0 0 333 334 1
222 222 1 172 0 0 338 339 1
222 222 1 172 0 0 339 340 1
222 222 1 172 0 0 340 341 2
222 222 1 172 0 0 341 342 2
222 222 1 172 0 0 410 411 1
222 222 1 172 0 0 411 412 1
222 222 1 172 0 0 412 413 1
222 222 1 172 0 0 413 414 1
222 222 1 172 0 0 414 415 1
222 222 1 172 0 0 415 416 1
222 222 1 172 0 0 416 417 2
222 222 1 172 0 0 417 418 1
222 222 1 172 0 0 418 419 1
222 222 1 172 0 0 419 420 2
222 222 1 172 0 0 420 421 2
222 222 1 172 0 0 421 422 1
222 222 1 172 0 0 422 423 1
222 222 1 172 0 0 423 424 1
222 222 1 172 0 0 424 425 1
222 222 1 172 0 0 470 471 1
222 222 1 172 0 0 471 472 1
222 222 1 172 0 0 472 473 2
222 222 1 172 0 0 473 474 1
222 222 1 172 0 0 474 475 1
222 222 1 172 0 0 475 476 1
222 222 1 172 0 0 476 477 1
222 222 1 172 0 0 477 478 1
222 222 1 172 0 0 478 479 1
222 222 1 172 0 0 479 480 1
222 222 1 172 0 0 480 481 1
222 222 1 172 0 0 481 482 1
222 222 1 172 0 0 482 483 1
222 222 1 172 0 0 483 484 1
222 222 1 172 0 0 484 485 1
222 222 1 172 0 0 485 486 1
222 222 1 172 0 0 486 487 1
222 222 1 172 0 0 487 488 1
222 222 1 172 0 0 488 489 1
222 222 1 172 0 0 489 490 2
222 222 1 172 0 0 490 491 2
222 222 1 172 0 0 491 492 1
222 222 1 172 0 0 492 493 1
222 222 1 172 0 0 493 494 1
222 222 1 172 0 0 495 496 1
222 222 1 172 0 0 496 497 1
222 222 1 172 0 0 497 498 1
222 222 1 172 0 0 498 499 1
222 222 1 172 0 0 499 500 1
222 222 1 172 0 0 500 501 1
222 222 1 172 0 0 501 502 2
222 222 1 172 0 0 502 503 1
222 222 1 172 0 0 503 504 1
222 222 1 172 0 0 504 505 1
222 222 1 172 0 0 505 506 1
222 222 1 172 0 0 506 507 1
222 222 1 172 0 0 513 514 1
222 222 1 172 0 0 514 515 1
222 222 1 172 0 0 515 516 1
222 222 1 172 0 0 516 517 1
222 222 1 172 0 0 517 518 1
222 222 1 172 0 0 518 519 1
222 222 1 172 0 0 519 520 4
222 222 1 172 0 0 520 521 4
222 222 1 172 0 0 521 522 1
222 222 1 172 0 0 522 523 1
222 222 1 172 0 0 523 524 1
222 222 1 172 0 0 524 525 1
222 222 1 172 0 0 525 526 1
222 222 1 172 0 0 526 527 1
222 222 1 172 0 0 548 549 9
222 222 1 172 0 0 549 550 9
222 222 1 172 0 0 554 555 1
222 222 1 172 0 0 556 557 1
222 222 1 172 0 0 588 589 1
222 222 1 172 0 0 589 590 1
222 222 1 172 0 0 590 591 1
222 222 1 172 0 0 591 592 1
222 222 1 172 0 0 592 593 1
222 222 1 172 0 0 593 594 1
222 222 1 172 0 0 594 595 1
222 222 1 172 0 0 598 599 1
222 222 1 172 0 0 604 605 1
222 222 1 172 0 0 606 607 1
222 222 1 172 0 0 607 608 1
222 222 1 172 0 0 608 609 1
222 222 1 172 0 0 609 610 1
222 222 1 172 0 0 610 611 1
222 222 1 172 0 0 611 612 1
222 222 1 172 0 0 612 613 1
222 222 1 172 0 0 613 614 1
222 222 1 172 0 0 614 615 2
222 222 1 172 0 0 615 616 2
222 222 1 172 0 0 616 617 8
222 222 1 172 0 0 617 618 8
222 222 1 172 0 0 618 619 8
222 222 1 172 0 0 619 620 8
222 222 1 172 0 0 620 621 8
222 222 1 172 0 0 694 695 3
222 222 1 172 0 0 695 696 3
222 222 1 172 0 0 696 697 2
222 222 1 172 0 0 697 698 1
222 222 1 172 0 0 698 699 1
222 222 1 172 0 0 699 700 1
222 222 1 172 0 0 700 701 1
222 222 1 172 0 0 701 702 1
222 222 1 172 0 0 702 703 1
222 222 1 172 0 0 703 704 1
222 222 1 172 0 0 704 705 1
222 222 1 172 0 0 705 706 1
222 222 1 172 0 0 746 747 1
222 222 1 172 0 0 747 748 3
222 222 1 172 0 0 748 749 3
222 222 1 172 0 0 749 750 3
222 222 1 172 0 0 750 751 1
222 222 1 172 0 0 751 752 1
222 222 1 172 0 0 752 753 1
222 222 1 172 0 0 753 754 1
222 222 1 172 0 0 754 755 1
222 222 1 172 0 0 755 756 1
222 222 1 172 0 0 756 757 1
222 222 1 172 0 0 757 758 1
222 222 1 172 0 0 758 759 1
222 222 1 172 0 0 759 760 1
222 222 1 172 0 0 760 761 1
222 222 1 172 0 0 761 762 1
222 222 1 172 0 0 762 763 1
222 222 1 172 0 0 763 764 1
222 222 1 172 0 0 764 765 2
222 222 1 172 0 0 765 766 1
222 222 1 172 0 0 766 767 2
222 222 1 172 0 0 767 768 2
222 222 1 172 0 0 768 769 2
222 222 1 172 0 0 769 770 1
222 222 1 172 0 0 770 771 2
222 222 1 172 0 0 771 772 2
222 222 1 172 0 0 772 773 2
222 222 1 172 0 0 773 774 2
222 222 1 172 0 0 774 775 3
222 222 1 172 0 0 775 776 2
222 222 1 172 0 0 776 777 2
222 222 1 172 0 0 777 778 2
222 222 1 172 0 0 778 779 2
222 222 1 172 0 0 779 780 2
222 222 1 172 0 0 780 781 2
222 222 1 172 0 0 781 782 4
222 222 1 172 0 0 827 828 1
222 222 1 172 0 0 828 829 1
222 222 1 172 0 0 829 830 1
222 222 1 172 0 0 830 831 1
222 222 1 172 0 0 831 832 1
222 222 1 172 0 0 832 833 1
222 222 1 172 0 0 833 834 1
222 222 1 172 0 0 845 846 1
222 222 1 172 0 0 846 847 2
222 222 1 172 0 0 847 848 2
222 222 1 172 0 0 848 849 2
222 222 1 172 0 0 849 850 2
222 222 1 172 0 0 850 851 2
222 222 1 172 0 0 856 857 6
222 222 1 172 0 0 857 858 6
222 222 1 172 0 0 858 859 6
222 222 1 172 0 0 859 860 6
222 222 1 172 0 0 860 861 6
222 222 1 172 0 0 861 862 6
222 222 1 172 0 0 862 863 2
222 222 1 172 0 0 863 864 2
222 222 1 172 0 0 864 865 2
222 222 1 172 0 0 865 866 2
222 222 1 172 0 0 866 867 2
222 222 1 172 0 0 867 868 2
222 222 1 172 0 0 868 869 1
222 222 1 172 0 0 869 870 2
222 222 1 172 0 0 870 871 2
222 222 1 172 0 0 871 872 2
222 222 1 172 0 0 872 873 2
222 222 1 172 0 0 873 874 1
222 222 1 172 0 0 874 875 1
222 222 1 172 0 0 885 886 2
222 222 1 172 0 0 886 887 3
222 222 1 172 0 0 887 888 3
222 222 1 172 0 0 888 889 3
222 222 1 172 0 0 889 890 3
222 222 1 172 0 0 890 891 3
222 222 1 172 0 0 891 892 3
222 222 1 172 0 0 892 893 3
222 222 1 172 0 0 893 894 3
222 222 1 172 0 0 894 895 3
222 222 1 172 0 0 895 896 3
222 222 1 172 0 0 896 897 3
222 222 1 172 0 0 897 898 3
222 222 1 172 0 0 932 933 3
222 222 1 172 0 0 933 934 3
222 222 1 172 0 0 934 935 3
222 222 1 172 0 0 935 936 3
222 222 1 172 0 0 936 937 3
222 222 1 172 0 0 937 938 3
222 222 1 172 0 0 938 939 3
222 222 1 172 0 0 967 968 2
222 222 1 172 0 0 968 969 2
222 222 1 172 0 0 969 970 2
222 222 1 172 0 0 970 971 2
222 222 1 172 0 0 971 972 2
222 222 1 172 1 0 -305 -304 2
222 222 1 172 1 0 -296 -295 1
222 222 1 172 1 0 -204 -203 2
222 222 1 172 1 0 -203 -202 1
222 222 1 172 1 0 -199 -198 1
222 222 1 172 1 0 -193 -192 2
222 222 1 172 1 0 -192 -191 1
222 222 1 172 1 0 -191 -190 1
222 222 1 172 1 0 -186 -185 1
222 222 1 172 1 0 -185 -184 2
222 222 1 172 1 0 -184 -183 1
222 222 1 172 1 0 -183 -182 2
222 222 1 172 1 0 -182 -181 1
222 222 1 172 1 0 -180 -179 1
222 222 1 172 1 0 -178 -177 1
222 222 1 172 1 0 -176 -175 1
222 222 1 172 1 0 -175 -174 1
222 222 1 172 1 0 -174 -173 2
222 222 1 172 1 0 -173 -172 1
222 222 1 172 1 0 -171 -170 1
222 222 1 172 1 0 -170 -169 2
222 222 1 172 1 0 -165 -164 2
222 222 1 172 1 0 -164 -163 1
222 222 1 172 1 0 -155 -154 1
222 222 1 172 1 0 -152 -151 1
222 222 1 172 1 0 -151 -150 1
222 222 1 172 1 0 -150 -149 1
222 222 1 172 1 0 -149 -148 2
222 222 1 172 1 0 -139 -138 1
222 222 1 172 1 0 -135 -134 1
222 222 1 172 1 0 -134 -133 1
222 222 1 172 1 0 -133 -132 3
222 222 1 172 1 0 -132 -131 1
222 222 1 172 1 0 -131 -130 1
222 222 1 172 1 0 -130 -129 2
222 222 1 172 1 0 -120 -119 2
222 222 1 172 1 0 -119 -118 2
222 222 1 172 1 0 -118 -117 2
222 222 1 172 1 0 -117 -116 1
222 222 1 172 1 0 -102 -101 1
222 222 1 172 1 0 -101 -100 1
222 222 1 172 1 0 -91 -90 1
222 222 1 172 1 0 -90 -89 1
222 222 1 172 1 0 -89 -88 1
222 222 1 172 1 0 -87 -86 1
222 222 1 172 1 0 -86 -85 2
222 222 1 172 1 0 -85 -84 1
222 222 1 172 1 0 -84 -83 1
222 222 1 172 1 0 -83 -82 1
222 222 1 172 1 0 -82 -81 2
222 222 1 172 1 0 -65 -64 1
222 222 1 172 1 0 -57 -56 1
222 222 1 172 1 0 -56 -55 1
222 222 1 172 1 0 -55 -54 1
222 222 1 172 1 0 -54 -53 1
222 222 1 172 1 0 -53 -52 2
222 222 1 172 1 0 -52 -51 2
222 222 1 172 1 0 -51 -50 1
222 222 1 172 1 0 -49 -48 1
222 222 1 172 1 0 -48 -47 1
222 222 1 172 1 0 -47 -46 1
222 222 1 172 1 0 -46 -45 1
222 222 1 172 1 0 -45 -44 1
222 222 1 172 1 0 -44 -43 1
222 222 1 172 1 0 -35 -34 1
222 222 1 172 1 0 -34 -33 1
222 222 1 172 1 0 -33 -32 2
222 222 1 172 1 0 -32 -31 2
222 222 1 172 1 0 -31 -30 1
222 222 1 172 1 0 -30 -29 2
222 222 1 172 1 0 -18 -17 1
222 222 1 172 1 0 -17 -16 1
222 222 1 172 1 0 -16 -15 2
222 222 1 172 1 0 -15 -14 1
222 222 1 172 1 0 -14 -13 1
222 222 1 172 1 0 -12 -11 1
222 222 1 172 1 0 -8 -7 1
222 222 1 172 1 0 -7 -6 2
222 222 1 172 1 0 -4 -3 1
222 222 1 172 1 0 2 3 1
222 222 1 172 1 0 3 4 2
222 222 1 172 1 0 4 5 2
222 222 1 172 1 0 5 6 1
222 222 1 172 1 0 6 7 2
222 222 1 172 1 0 7 8 1
222 222 1 172 1 0 8 9 3
222 222 1 172 1 0 9 10 1
222 222 1 172 1 0 10 11 1
222 222 1 172 1 0 11 12 1
222 222 1 172 1 0 12 13 1
222 222 1 172 1 0 13 14 2
222 222 1 172 1 0 14 15 2
222 222 1 172 1 0 15 16 1
222 222 1 172 1 0 16 17 1
222 222 1 172 1 0 17 18 1
222 222 1 172 1 0 18 19 3
222 222 1 172 1 0 19 20 1
222 222 1 172 1 0 20 21 1
222 222 1 172 1 0 21 22 3
222 222 1 172 1 0 22 23 1
222 222 1 172 1 0 23 24 1
222 222 1 172 1 0 25 26 1
222 222 1 172 1 0 26 27 1
222 222 1 172 1 0 28 29 2
222 222 1 172 1 0 29 30 2
222 222 1 172 1 0 30 31 13
222 222 1 172 1 0 31 32 2
222 222 1 172 1 0 33 34 1
222 222 1 172 1 0 34 35 1
222 222 1 172 1 0 40 41 3
222 222 1 172 1 0 41 42 2
222 222 1 172 1 0 42 43 3
222 222 1 172 1 0 43 44 3
222 222 1 172 1 0 44 45 1
222 222 1 172 1 0 45 46 1
222 222 1 172 1 0 47 48 1
222 222 1 172 1 0 48 49 1
222 222 1 172 1 0 49 50 1
222 222 1 172 1 0 50 51 3
222 222 1 172 1 0 51 52 2
222 222 1 172 1 0 52 53 3
222 222 1 172 1 0 202 203 1
222 222 1 172 1 0 300 301 1
222 222 1 172 1 0 486 487 1
222 222 1 172 1 0 700 701 1
222 222 1 172 1 0 701 702 1
222 222 1 172 1 0 703 704 3
222 222 1 172 1 0 704 705 3
222 222 1 172 1 0 705 706 3
222 222 1 172 1 0 706 707 2
222 222 1 172 1 0 707 708 3
222 222 1 172 1 0 708 709 3
222 222 1 172 1 0 709 710 3
222 222 1 172 1 0 710 711 3
222 222 1 172 1 0 711 712 3
222 222 1 172 1 0 712 713 1
222 222 1 172 1 0 713 714 1
222 222 1 172 1 0 714 715 1
222 222 1 172 1 0 715 716 1
222 222 1 172 1 0 716 717 1
222 222 1 172 1 0 747 748 2
222 222 1 172 1 0 748 749 2
222 222 1 172 1 0 749 750 3
222 222 1 172 1 0 961 962 1
222 222 1 172 1 0 962 963 1
222 222 1 172 1 0 963 964 1
222 222 1 172 1 0 964 965 1
222 222 1 172 1 0 965 966 1
222 222 1 172 1 0 966 967 1
222 222 1 172 1 0 967 968 2
222 222 1 172 2 0 -312 -311 1
222 222 1 172 2 0 -311 -310 1
222 222 1 172 2 0 -309 -308 1
222 222 1 172 2 0 -307 -306 1
222 222 1 172 2 0 -306 -305 1
222 222 1 172 2 0 -305 -304 1
222 222 1 172 2 0 -304 -303 2
222 222 1 172 2 0 -303 -302 1
222 222 1 172 2 0 -302 -301 1
222 222 1 172 2 0 -301 -300 2
222 222 1 172 2 0 -300 -299 1
222 222 1 172 2 0 -299 -298 1
222 222 1 172 2 0 -297 -296 1
222 222 1 172 2 0 -296 -295 1
222 222 1 172 2 0 -295 -294 1
222 222 1 172 2 0 -294 -293 2
222 222 1 172 2 0 -292 -291 1
222 222 1 172 2 0 -280 -279 1
222 222 1 172 2 0 -278 -277 1
222 222 1 172 2 0 -269 -268 1
222 222 1 172 2 0 -266 -265 1
222 222 1 172 2 0 -265 -264 1
222 222 1 172 2 0 -264 -263 1
222 222 1 172 2 0 -263 -262 1
222 222 1 172 2 0 -262 -261 1
222 222 1 172 2 0 -261 -260 1
222 222 1 172 2 0 -260 -259 1
222 222 1 172 2 0 -259 -258 1
222 222 1 172 2 0 -231 -230 2
222 222 1 172 2 0 -230 -229 2
222 222 1 172 2 0 -229 -228 1
222 222 1 172 2 0 -228 -227 2
222 222 1 172 2 0 -227 -226 2
222 222 1 172 2 0 -226 -225 1
222 222 1 172 2 0 -225 -224 1
222 222 1 172 2 0 -224 -223 1
222 222 1 172 2 0 -222 -221 1
222 222 1 172 2 0 -221 -220 1
222 222 1 172 2 0 -194 -193 1
222 222 1 172 2 0 -185 -184 1
222 222 1 172 2 0 -184 -183 1
222 222 1 172 2 0 -183 -182 1
222 222 1 172 2 0 -178 -177 1
222 222 1 172 2 0 -173 -172 1
222 222 1 172 2 0 -170 -169 2
222 222 1 172 2 0 -167 -166 1
222 222 1 172 2 0 -166 -165 1
222 222 1 172 2 0 -165 -164 1
222 222 1 172 2 0 -163 -162 1
222 222 1 172 2 0 -155 -154 1
222 222 1 172 2 0 -120 -119 1
222 222 1 172 2 0 -86 -85 1
222 222 1 172 2 0 -52 -51 1
222 222 1 172 2 0 -50 -49 1
222 222 1 172 2 0 -48 -47 1
222 222 1 172 2 0 -35 -34 1
222 222 1 172 2 0 -34 -33 1
222 222 1 172 2 0 -33 -32 2
222 222 1 172 2 0 -18 -17 1
222 222 1 172 2 0 -17 -16 1
222 222 1 172 2 0 -16 -15 2
222 222 1 172 2 0 -15 -14 1
222 222 1 172 2 0 -9 -8 3
222 222 1 172 2 0 -8 -7 2
222 222 1 172 2 0 -4 -3 1
222 222 1 172 2 0 -3 -2 1
222 222 1 172 2 0 2 3 1
222 222 1 172 2 0 3 4 1
222 222 1 172 2 0 4 5 1
222 222 1 172 2 0 5 6 1
222 222 1 172 2 0 6 7 3
222 222 1 172 2 0 8 9 2
222 222 1 172 2 0 9 10 1
222 222 1 172 2 0 10 11 1
222 222 1 172 2 0 11 12 1
222 222 1 172 2 0 14 15 1
222 222 1 172 2 0 15 16 1
222 222 1 172 2 0 16 17 1
222 222 1 172 2 0 18 19 1
222 222 1 172 2 0 20 21 1
222 222 1 172 2 0 21 22 2
222 222 1 172 2 0 22 23 1
222 222 1 172 2 0 26 27 1
222 222 1 172 2 0 29 30 1
222 222 1 172 2 0 30 31 13
222 222 1 172 2 0 34 35 1
222 222 1 172 2 0 35 36 1
222 222 1 172 2 0 36 37 1
222 222 1 172 2 0 37 38 1
222 222 1 172 2 0 414 415 1
222 222 1 172 2 0 416 417 1
222 222 1 172 2 0 417 418 1
222 222 1 172 2 0 419 420 2
222 222 1 172 2 0 420 421 1
222 222 1 172 2 0 421 422 1
222 222 1 172 2 0 422 423 1
222 222 1 172 2 0 423 424 1
222 222 1 172 2 0 486 487 1
222 222 1 172 2 0 493 494 1
222 222 1 172 2 0 495 496 1
222 222 1 172 2 0 496 497 1
222 222 1 172 2 0 497 498 1
222 222 1 172 2 0 498 499 1
222 222 1 172 2 0 499 500 1
222 222 1 172 2 0 501 502 1
222 222 1 172 2 0 504 505 1
222 222 1 172 2 0 505 506 1
222 222 1 172 2 0 513 514 1
222 222 1 172 2 0 522 523 1
222 222 1 172 2 0 536 537 2
222 222 1 172 2 0 548 549 1
222 222 1 172 2 0 556 557 1
222 222 1 172 2 0 588 589 1
222 222 1 172 2 0 589 590 1
222 222 1 172 2 0 604 605 1
222 222 1 172 2 0 607 608 1
222 222 1 172 2 0 608 609 1
222 222 1 172 2 0 609 610 1
222 222 1 172 2 0 610 611 1
222 222 1 172 2 0 611 612 1
222 222 1 172 2 0 665 666 1
222 222 1 172 2 0 666 667 1
222 222 1 172 2 0 667 668 1
222 222 1 172 2 0 668 669 1
222 222 1 172 2 0 669 670 1
222 222 1 172 2 0 670 671 1
222 222 1 172 2 0 671 672 1
222 222 1 172 2 0 672 673 1
222 222 1 172 2 0 673 674 1
222 222 1 172 2 0 674 675 1
222 222 1 172 2 0 675 676 1
222 222 1 172 2 0 676 677 1
222 222 1 172 2 0 677 678 1
222 222 1 172 2 0 678 679 1
222 222 1 172 2 0 679 680 1
222 222 1 172 2 0 680 681 1
222 222 1 172 2 0 681 682 2
222 222 1 172 2 0 682 683 1
222 222 1 172 2 0 683 684 4
222 222 1 172 2 0 684 685 4
222 222 1 172 2 0 685 686 4
222 222 1 172 2 0 686 687 2
222 222 1 172 2 0 687 688 2
222 222 1 172 2 0 688 689 1
222 222 1 172 2 0 689 690 4
222 222 1 172 2 0 690 691 4
222 222 1 172 2 0 691 692 4
222 222 1 172 2 0 692 693 4
222 222 1 172 2 0 693 694 1
222 222 1 172 2 0 704 705 1
222 222 1 172 2 0 705 706 1
222 222 1 172 2 0 706 707 1
222 222 1 172 2 0 707 708 1
222 222 1 172 2 0 708 709 1
222 222 1 172 2 0 833 834 1
222 222 1 172 2 0 834 835 1
222 222 1 172 2 0 835 836 1
222 222 1 172 2 0 836 837 1
222 222 1 172 2 0 880 881 1
222 222 1 172 2 0 881 882 1
222 222 1 172 2 0 882 883 1
222 222 1 172 2 0 884 885 1
222 222 1 172 2 0 886 887 1
222 222 1 172 2 0 891 892 1
222 222 1 172 2 0 892 893 1
222 222 1 172 2 0 893 894 1
222 222 1 172 2 0 894 895 1
222 222 1 172 2 0 895 896 1
222 222 1 172 2 0 896 897 1
222 222 1 172 2 0 897 898 2
222 222 1 172 2 0 900 901 1
222 222 1 172 2 0 901 902 1
222 222 1 172 2 0 902 903 1
222 222 1 172 2 0 903 904 1
222 222 1 173 3 7 -121 -120 1
222 222 1 173 3 7 -5 -4 1
222 222 1 173 3 7 0 1 1
222 222 1 173 3 7 1 2 1
222 222 1 173 3 7 2 3 1
222 222 1 173 3 7 3 4 1
222 222 1 173 3 7 6 7 1
222 222 1 173 3 7 7 8 1
222 222 1 173 3 7 9 10 1
222 222 1 173 3 7 10 11 1
222 222 1 173 3 7 11 12 1
222 222 1 173 3 7 14 15 1
222 222 1 173 3 7 15 16 2
222 222 1 173 3 7 16 17 1
222 222 1 173 3 7 17 18 1
222 222 1 173 3 7 20 21 1
222 222 1 173 3 7 25 26 1
222 222 1 173 3 7 26 27 2
222 222 1 173 3 7 29 30 1
222 222 1 173 3 7 30 31 10
222 222 1 173 3 7 32 33 1
222 222 1 173 3 7 810 811 1
222 222 1 173 3 7 811 812 1
222 222 1 173 3 7 812 813 1
222 222 1 173 3 7 813 814 1
222 222 1 173 3 7 833 834 1
222 222 1 173 3 7 834 835 1
222 222 1 173 3 7 835 836 1
222 222 1 173 3 7 836 837 1
222 222 1 173 3 7 897 898 1
222 222 1 173 3 7 898 899 1
222 222 1 173 1 1 -173 -172 1
222 222 1 173 1 1 -162 -161 2
222 222 1 173 1 1 -161 -160 3
222 222 1 173 1 1 -123 -122 1
222 222 1 173 1 1 -122 -121 2
222 222 1 173 1 1 -121 -120 2
222 222 1 173 1 1 -120 -119 3
222 222 1 173 1 1 -117 -116 1
222 222 1 173 1 1 -53 -52 1
222 222 1 173 1 1 -52 -51 1
222 222 1 173 1 1 -51 -50 1
222 222 1 173 1 1 -50 -49 1
222 222 1 173 1 1 -6 -5 1
222 222 1 173 1 1 -5 -4 2
222 222 1 173 1 1 -4 -3 2
222 222 1 173 1 1 -3 -2 1
222 222 1 173 1 1 2 3 1
222 222 1 173 1 1 3 4 1
222 222 1 173 1 1 4 5 1
222 222 1 173 1 1 5 6 1
222 222 1 173 1 1 6 7 1
222 222 1 173 1 1 7 8 1
222 222 1 173 1 1 8 9 1
222 222 1 173 1 1 9 10 2
222 222 1 173 1 1 10 11 1
222 222 1 173 1 1 11 12 1
222 222 1 173 1 1 12 13 3
222 222 1 173 1 1 13 14 1
222 222 1 173 1 1 14 15 3
222 222 1 173 1 1 15 16 2
222 222 1 173 1 1 16 17 2
222 222 1 173 1 1 17 18 1
222 222 1 173 1 1 18 19 1
222 222 1 173 1 1 19 20 1
222 222 1 173 1 1 20 21 1
222 222 1 173 1 1 21 22 2
222 222 1 173 1 1 22 23 2
222 222 1 173 1 1 23 24 2
222 222 1 173 1 1 24 25 1
222 222 1 173 1 1 25 26 2
222 222 1 173 1 1 26 27 2
222 222 1 173 1 1 27 28 2
222 222 1 173 1 1 28 29 2
222 222 1 173 1 1 29 30 2
222 222 1 173 1 1 30 31 11
222 222 1 173 1 1 31 32 3
222 222 1 173 1 1 32 33 1
222 222 1 173 1 1 33 34 1
222 222 1 173 1 1 34 35 2
222 222 1 173 1 1 503 504 1
222 222 1 173 1 1 504 505 1
222 222 1 173 1 1 505 506 1
222 222 1 173 1 1 506 507 1
222 222 1 173 1 1 507 508 1
222 222 1 173 1 1 811 812 2
222 222 1 173 1 1 812 813 1
222 222 1 173 1 1 813 814 1
222 222 1 173 1 1 814 815 2
222 222 1 173 1 1 815 816 1
222 222 1 173 1 1 816 817 2
222 222 1 173 1 1 880 881 1
222 222 1 173 1 1 884 885 1
222 222 1 173 1 1 885 886 1
222 222 1 173 1 1 886 887 1
222 222 1 173 0 0 -312 -311 1
222 222 1 173 0 0 -311 -310 1
222 222 1 173 0 0 -310 -309 1
222 222 1 173 0 0 -309 -308 1
222 222 1 173 0 0 -308 -307 1
222 222 1 173 0 0 -307 -306 2
222 222 1 173 0 0 -306 -305 3
222 222 1 173 0 0 -305 -304 3
222 222 1 173 0 0 -304 -303 2
222 222 1 173 0 0 -303 -302 2
222 222 1 173 0 0 -302 -301 2
222 222 1 173 0 0 -301 -300 2
222 222 1 173 0 0 -300 -299 2
222 222 1 173 0 0 -299 -298 2
222 222 1 173 0 0 -298 -297 2
222 222 1 173 0 0 -297 -296 2
222 222 1 173 0 0 -296 -295 2
222 222 1 173 0 0 -295 -294 2
222 222 1 173 0 0 -294 -293 2
222 222 1 173 0 0 -293 -292 2
222 222 1 173 0 0 -292 -291 1
222 222 1 173 0 0 -291 -290 1
222 222 1 173 0 0 -290 -289 2
222 222 1 173 0 0 -289 -288 1
222 222 1 173 0 0 -288 -287 1
222 222 1 173 0 0 -287 -286 1
222 222 1 173 0 0 -286 -285 1
222 222 1 173 0 0 -285 -284 1
222 222 1 173 0 0 -284 -283 1
222 222 1 173 0 0 -283 -282 1
222 222 1 173 0 0 -282 -281 2
222 222 1 173 0 0 -281 -280 1
222 222 1 173 0 0 -280 -279 1
222 222 1 173 0 0 -279 -278 1
222 222 1 173 0 0 -271 -270 1
222 222 1 173 0 0 -270 -269 1
222 222 1 173 0 0 -269 -268 1
222 222 1 173 0 0 -268 -267 1
222 222 1 173 0 0 -267 -266 1
222 222 1 173 0 0 -266 -265 1
222 222 1 173 0 0 -265 -264 2
222 222 1 173 0 0 -264 -263 2
222 222 1 173 0 0 -263 -262 1
222 222 1 173 0 0 -262 -261 1
222 222 1 173 0 0 -256 -255 1
222 222 1 173 0 0 -255 -254 1
222 222 1 173 0 0 -254 -253 1
222 222 1 173 0 0 -253 -252 1
222 222 1 173 0 0 -252 -251 1
222 222 1 173 0 0 -251 -250 10
222 222 1 173 0 0 -250 -249 1
222 222 1 173 0 0 -249 -248 1
222 222 1 173 0 0 -248 -247 1
222 222 1 173 0 0 -247 -246 1
222 222 1 173 0 0 -246 -245 1
222 222 1 173 0 0 -245 -244 1
222 222 1 173 0 0 -244 -243 9
222 222 1 173 0 0 -243 -242 9
222 222 1 173 0 0 -242 -241 9
222 222 1 173 0 0 -241 -240 9
222 222 1 173 0 0 -240 -239 6
222 222 1 173 0 0 -239 -238 7
222 222 1 173 0 0 -238 -237 1
222 222 1 173 0 0 -237 -236 1
222 222 1 173 0 0 -236 -235 1
222 222 1 173 0 0 -235 -234 1
222 222 1 173 0 0 -234 -233 1
222 222 1 173 0 0 -233 -232 1
222 222 1 173 0 0 -232 -231 1
222 222 1 173 0 0 -231 -230 1
222 222 1 173 0 0 -230 -229 1
222 222 1 173 0 0 -229 -228 1
222 222 1 173 0 0 -228 -227 1
222 222 1 173 0 0 -227 -226 1
222 222 1 173 0 0 -226 -225 1
222 222 1 173 0 0 -225 -224 1
222 222 1 173 0 0 -224 -223 1
222 222 1 173 0 0 -223 -222 1
222 222 1 173 0 0 -222 -221 1
222 222 1 173 0 0 -221 -220 1
222 222 1 173 0 0 -220 -219 1
222 222 1 173 0 0 -217 -216 1
222 222 1 173 0 0 -215 -214 1
222 222 1 173 0 0 -214 -213 1
222 222 1 173 0 0 -213 -212 1
222 222 1 173 0 0 -212 -211 1
222 222 1 173 0 0 -211 -210 1
222 222 1 173 0 0 -210 -209 1
222 222 1 173 0 0 -204 -203 8
222 222 1 173 0 0 -203 -202 8
222 222 1 173 0 0 -202 -201 8
222 222 1 173 0 0 -201 -200 8
222 222 1 173 0 0 -200 -199 7
222 222 1 173 0 0 -199 -198 7
222 222 1 173 0 0 -196 -195 1
222 222 1 173 0 0 -195 -194 1
222 222 1 173 0 0 -194 -193 1
222 222 1 173 0 0 -193 -192 2
222 222 1 173 0 0 -192 -191 2
222 222 1 173 0 0 -191 -190 1
222 222 1 173 0 0 -190 -189 1
222 222 1 173 0 0 -189 -188 1
222 222 1 173 0 0 -188 -187 1
222 222 1 173 0 0 -187 -186 1
222 222 1 173 0 0 -186 -185 2
222 222 1 173 0 0 -185 -184 2
222 222 1 173 0 0 -184 -183 1
222 222 1 173 0 0 -181 -180 1
222 222 1 173 0 0 -180 -179 1
222 222 1 173 0 0 -177 -176 1
222 222 1 173 0 0 -176 -175 1
222 222 1 173 0 0 -175 -174 2
222 222 1 173 0 0 -173 -172 2
222 222 1 173 0 0 -172 -171 2
222 222 1 173 0 0 -171 -170 2
222 222 1 173 0 0 -170 -169 2
222 222 1 173 0 0 -169 -168 3
222 222 1 173 0 0 -167 -166 3
222 222 1 173 0 0 -166 -165 3
222 222 1 173 0 0 -165 -164 3
222 222 1 173 0 0 -164 -163 3
222 222 1 173 0 0 -163 -162 2
222 222 1 173 0 0 -162 -161 4
222 222 1 173 0 0 -161 -160 4
222 222 1 173 0 0 -160 -159 2
222 222 1 173 0 0 -155 -154 2
222 222 1 173 0 0 -154 -153 1
222 222 1 173 0 0 -153 -152 2
222 222 1 173 0 0 -152 -151 3
222 222 1 173 0 0 -151 -150 2
222 222 1 173 0 0 -150 -149 3
222 222 1 173 0 0 -149 -148 4
222 222 1 173 0 0 -148 -147 1
222 222 1 173 0 0 -147 -146 1
222 222 1 173 0 0 -146 -145 1
222 222 1 173 0 0 -143 -142 3
222 222 1 173 0 0 -142 -141 3
222 222 1 173 0 0 -141 -140 3
222 222 1 173 0 0 -140 -139 3
222 222 1 173 0 0 -132 -131 2
222 222 1 173 0 0 -131 -130 2
222 222 1 173 0 0 -130 -129 2
222 222 1 173 0 0 -129 -128 2
222 222 1 173 0 0 -128 -127 1
222 222 1 173 0 0 -126 -125 1
222 222 1 173 0 0 -125 -124 1
222 222 1 173 0 0 -124 -123 1
222 222 1 173 0 0 -123 -122 2
222 222 1 173 0 0 -122 -121 2
222 222 1 173 0 0 -121 -120 2
222 222 1 173 0 0 -105 -104 1
222 222 1 173 0 0 -103 -102 1
222 222 1 173 0 0 -102 -101 1
222 222 1 173 0 0 -88 -87 2
222 222 1 173 0 0 -87 -86 1
222 222 1 173 0 0 -86 -85 1
222 222 1 173 0 0 -85 -84 1
222 222 1 173 0 0 -60 -59 1
222 222 1 173 0 0 -59 -58 1
222 222 1 173 0 0 -56 -55 1
222 222 1 173 0 0 -55 -54 1
222 222 1 173 0 0 -54 -53 1
222 222 1 173 0 0 -53 -52 1
222 222 1 173 0 0 -52 -51 1
222 222 1 173 0 0 -51 -50 1
222 222 1 173 0 0 -50 -49 1
222 222 1 173 0 0 -49 -48 1
222 222 1 173 0 0 -48 -47 1
222 222 1 173 0 0 -47 -46 1
222 222 1 173 0 0 -44 -43 1
222 222 1 173 0 0 -43 -42 1
222 222 1 173 0 0 -42 -41 1
222 222 1 173 0 0 -41 -40 1
222 222 1 173 0 0 -33 -32 1
222 222 1 173 0 0 -32 -31 1
222 222 1 173 0 0 -31 -30 1
222 222 1 173 0 0 -30 -29 1
222 222 1 173 0 0 -9 -8 3
222 222 1 173 0 0 -8 -7 3
222 222 1 173 0 0 -7 -6 4
222 222 1 173 0 0 -6 -5 3
222 222 1 173 0 0 -5 -4 1
222 222 1 173 0 0 -4 -3 1
222 222 1 173 0 0 -3 -2 1
222 222 1 173 0 0 -2 -1 1
222 222 1 173 0 0 -1 0 2
222 222 1 173 0 0 14 15 2
222 222 1 173 0 0 15 16 2
222 222 1 173 0 0 16 17 2
222 222 1 173 0 0 17 18 1
222 222 1 173 0 0 29 30 2
222 222 1 173 0 0 30 31 11
222 222 1 173 0 0 31 32 3
222 222 1 173 0 0 32 33 2
222 222 1 173 0 0 33 34 2
222 222 1 173 0 0 34 35 2
222 222 1 173 0 0 35 36 1
222 222 1 173 0 0 36 37 1
222 222 1 173 0 0 37 38 2
222 222 1 173 0 0 38 39 1
222 222 1 173 0 0 39 40 1
222 222 1 173 0 0 40 41 2
222 222 1 173 0 0 41 42 3
222 222 1 173 0 0 42 43 1
222 222 1 173 0 0 43 44 1
222 222 1 173 0 0 44 45 1
222 222 1 173 0 0 45 46 2
222 222 1 173 0 0 46 47 1
222 222 1 173 0 0 47 48 1
222 222 1 173 0 0 48 49 1
222 222 1 173 0 0 49 50 1
222 222 1 173 0 0 50 51 2
222 222 1 173 0 0 51 52 2
222 222 1 173 0 0 52 53 2
222 222 1 173 0 0 354 355 1
222 222 1 173 0 0 355 356 1
222 222 1 173 0 0 356 357 1
222 222 1 173 0 0 357 358 1
222 222 1 173 0 0 358 359 1
222 222 1 173 0 0 359 360 1
222 222 1 173 0 0 360 361 1
222 222 1 173 0 0 361 362 1
222 222 1 173 0 0 362 363 1
222 222 1 173 0 0 363 364 1
222 222 1 173 0 0 364 365 1
222 222 1 173 0 0 389 390 1
222 222 1 173 0 0 424 425 1
222 222 1 173 0 0 425 426 1
222 222 1 173 0 0 426 427 1
222 222 1 173 0 0 427 428 1
222 222 1 173 0 0 428 429 1
222 222 1 173 0 0 429 430 1
222 222 1 173 0 0 430 431 1
222 222 1 173 0 0 431 432 1
222 222 1 173 0 0 432 433 1
222 222 1 173 0 0 433 434 1
222 222 1 173 0 0 434 435 1
222 222 1 173 0 0 435 436 1
222 222 1 173 0 0 436 437 1
222 222 1 173 0 0 437 438 1
222 222 1 173 0 0 438 439 1
222 222 1 173 0 0 439 440 1
222 222 1 173 0 0 440 441 1
222 222 1 173 0 0 441 442 1
222 222 1 173 0 0 482 483 2
222 222 1 173 0 0 483 484 2
222 222 1 173 0 0 484 485 2
222 222 1 173 0 0 485 486 1
222 222 1 173 0 0 486 487 1
222 222 1 173 0 0 487 488 1
222 222 1 173 0 0 488 489 1
222 222 1 173 0 0 489 490 1
222 222 1 173 0 0 490 491 1
222 222 1 173 0 0 491 492 1
222 222 1 173 0 0 492 493 1
222 222 1 173 0 0 496 497 1
222 222 1 173 0 0 497 498 1
222 222 1 173 0 0 498 499 1
222 222 1 173 0 0 499 500 1
222 222 1 173 0 0 500 501 1
222 222 1 173 0 0 501 502 1
222 222 1 173 0 0 508 509 1
222 222 1 173 0 0 509 510 1
222 222 1 173 0 0 510 511 1
222 222 1 173 0 0 511 512 1
222 222 1 173 0 0 512 513 1
222 222 1 173 0 0 513 514 1
222 222 1 173 0 0 534 535 1
222 222 1 173 0 0 535 536 1
222 222 1 173 0 0 536 537 1
222 222 1 173 0 0 537 538 1
222 222 1 173 0 0 538 539 1
222 222 1 173 0 0 539 540 1
222 222 1 173 0 0 540 541 1
222 222 1 173 0 0 541 542 1
222 222 1 173 0 0 542 543 1
222 222 1 173 0 0 543 544 1
222 222 1 173 0 0 544 545 1
222 222 1 173 0 0 545 546 1
222 222 1 173 0 0 665 666 1
222 222 1 173 0 0 666 667 1
222 222 1 173 0 0 667 668 1
222 222 1 173 0 0 668 669 1
222 222 1 173 0 0 669 670 1
222 222 1 173 0 0 670 671 1
222 222 1 173 0 0 671 672 1
222 222 1 173 0 0 672 673 1
222 222 1 173 0 0 673 674 1
222 222 1 173 0 0 674 675 1
222 222 1 173 0 0 675 676 1
222 222 1 173 0 0 676 677 1
222 222 1 173 0 0 677 678 1
222 222 1 173 0 0 678 679 2
222 222 1 173 0 0 679 680 2
222 222 1 173 0 0 680 681 1
222 222 1 173 0 0 681 682 1
222 222 1 173 0 0 682 683 2
222 222 1 173 0 0 683 684 2
222 222 1 173 0 0 684 685 2
222 222 1 173 0 0 685 686 2
222 222 1 173 0 0 686 687 2
222 222 1 173 0 0 687 688 2
222 222 1 173 0 0 688 689 2
222 222 1 173 0 0 689 690 1
222 222 1 173 0 0 690 691 1
222 222 1 173 0 0 691 692 1
222 222 1 173 0 0 692 693 1
222 222 1 173 0 0 693 694 1
222 222 1 173 0 0 704 705 1
222 222 1 173 0 0 705 706 1
222 222 1 173 0 0 706 707 1
222 222 1 173 0 0 707 708 1
222 222 1 173 0 0 708 709 1
222 222 1 173 0 0 709 710 1
222 222 1 173 0 0 710 711 1
222 222 1 173 0 0 711 712 1
222 222 1 173 0 0 747 748 1
222 222 1 173 0 0 748 749 1
222 222 1 173 0 0 749 750 1
222 222 1 173 0 0 750 751 1
222 222 1 173 0 0 751 752 1
222 222 1 173 0 0 752 753 1
222 222 1 173 0 0 753 754 1
222 222 1 173 0 0 754 755 1
222 222 1 173 0 0 755 756 1
222 222 1 173 0 0 756 757 1
222 222 1 173 0 0 757 758 1
222 222 1 173 0 0 758 759 1
222 222 1 173 0 0 810 811 2
222 222 1 173 0 0 811 812 2
222 222 1 173 0 0 812 813 2
222 222 1 173 0 0 813 814 2
222 222 1 173 0 0 814 815 2
222 222 1 173 0 0 815 816 2
222 222 1 173 0 0 816 817 2
222 222 1 173 0 0 817 818 2
222 222 1 173 0 0 818 819 2
222 222 1 173 0 0 819 820 2
222 222 1 173 0 0 820 821 2
222 222 1 173 0 0 821 822 2
222 222 1 173 0 0 822 823 2
222 222 1 173 0 0 823 824 2
222 222 1 173 0 0 824 825 2
222 222 1 173 0 0 825 826 2
222 222 1 173 0 0 826 827 2
222 222 1 173 0 0 827 828 2
222 222 1 173 0 0 828 829 2
222 222 1 173 0 0 829 830 2
222 222 1 173 0 0 830 831 2
222 222 1 173 0 0 831 832 2
222 222 1 173 0 0 832 833 2
222 222 1 173 0 0 833 834 1
222 222 1 173 0 0 867 868 1
222 222 1 173 0 0 868 869 1
222 222 1 173 0 0 869 870 1
222 222 1 173 0 0 870 871 1
222 222 1 173 0 0 871 872 1
222 222 1 173 0 0 880 881 1
222 222 1 173 0 0 881 882 1
222 222 1 173 0 0 884 885 1
222 222 1 173 0 0 885 886 1
222 222 1 173 0 0 886 887 1
222 222 1 173 0 0 887 888 1
222 222 1 173 0 0 888 889 1
222 222 1 173 0 0 890 891 1
222 222 1 173 0 0 891 892 1
222 222 1 173 0 0 892 893 1
222 222 1 173 0 0 893 894 1
222 222 1 173 0 0 894 895 1
222 222 1 173 0 0 895 896 1
222 222 1 173 0 0 896 897 1
222 222 1 173 0 0 897 898 1
222 222 1 173 0 0 898 899 1
222 222 1 173 0 0 899 900 1
222 222 1 173 0 0 900 901 1
222 222 1 173 0 0 901 902 1
222 222 1 173 0 0 902 903 1
222 222 1 173 0 0 903 904 1
222 222 1 173 0 0 932 933 1
222 222 1 173 0 0 933 934 1
222 222 1 173 0 0 934 935 1
222 222 1 173 0 0 935 936 1
222 222 1 173 0 0 936 937 1
222 222 1 173 0 0 937 938 1
222 222 1 173 0 0 938 939 2
222 222 1 173 0 0 939 940 2
222 222 1 173 0 0 940 941 2
222 222 1 173 0 0 941 942 2
222 222 1 173 0 0 942 943 2
222 222 1 173 0 0 943 944 2
222 222 1 173 0 0 944 945 2
222 2222 1 173 1 1 -122 -121 2
222 2222 1 173 1 1 -5 -4 1
222 2222 1 173 1 1 30 31 11
22222 22222 -1 267 0 0 -343 -342 1
22222 22222 -1 267 0 0 -341 -340 1
22222 22222 -1 267 0 0 -339 -338 2
22222 22222 -1 267 0 0 -338 -337 1
22222 22222 -1 267 0 0 -319 -318 1
22222 22222 -1 267 0 0 -245 -244 1
22222 22222 -1 267 0 0 -238 -237 2
22222 22222 -1 267 0 0 -176 -175 1
22222 22222 -1 267 0 0 -170 -169 1
22222 22222 -1 267 0 0 -117 -116 1
22222 22222 -1 267 0 0 -70 -69 1
22222 22222 -1 267 0 0 -67 -66 1
22222 22222 -1 267 0 0 -65 -64 1
22222 22222 -1 267 0 0 -18 -17 2
22222 22222 -1 267 0 0 -17 -16 2
22222 22222 -1 267 0 0 -15 -14 3
22222 22222 -1 267 0 0 -13 -12 3
22222 22222 -1 267 0 0 -12 -11 1
22222 22222 -1 267 0 0 -11 -10 1
22222 22222 -1 267 0 0 -10 -9 1
22222 22222 -1 267 0 0 -8 -7 3
22222 22222 -1 267 0 0 -7 -6 3
22222 22222 -1 267 0 0 -6 -5 2
22222 22222 -1 267 0 0 -5 -4 2
22222 22222 -1 267 0 0 -4 -3 1
22222 22222 -1 267 0 0 -3 -2 1
22222 22222 -1 267 0 0 -2 -1 2
22222 22222 -1 267 0 0 -1 0 1
22222 22222 -1 267 0 0 2 3 1
22222 22222 -1 267 0 0 3 4 2
22222 22222 -1 267 0 0 4 5 1
22222 22222 -1 267 0 0 5 6 1
22222 22222 -1 267 0 0 6 7 1
22222 22222 -1 267 0 0 7 8 2
22222 22222 -1 267 0 0 8 9 2
22222 22222 -1 267 0 0 10 11 1
22222 22222 -1 267 0 0 11 12 1
22222 22222 -1 267 0 0 17 18 1
22222 22222 -1 267 0 0 19 20 1
22222 22222 -1 267 0 0 24 25 1
22222 22222 -1 267 0 0 29 30 2
22222 22222 -1 267 0 0 30 31 3
22222 22222 -1 267 0 0 32 33 2
22222 22222 -1 267 0 0 34 35 1
22222 22222 -1 267 0 0 35 36 1
22222 22222 -1 267 0 0 39 40 1
22222 22222 -1 267 0 0 40 41 1
22222 22222 -1 267 0 0 41 42 2
22222 22222 -1 267 0 0 42 43 2
22222 22222 -1 267 0 0 43 44 1
22222 22222 -1 267 0 0 45 46 3
22222 22222 -1 267 0 0 53 54 1
22222 22222 -1 267 0 0 54 55 2
22222 22222 -1 267 0 0 57 58 1
22222 22222 -1 267 0 0 58 59 2
22222 22222 -1 267 0 0 64 65 1
22222 22222 -1 267 0 0 73 74 1
22222 22222 -1 267 0 0 75 76 1
22222 22222 -1 267 0 0 104 105 1
22222 22222 -1 267 0 0 227 228 1
222 222 -1 266 2 0 -409 -408 1
222 222 -1 266 2 0 -408 -407 1
222 222 -1 266 2 0 -396 -395 1
222 222 -1 266 2 0 -395 -394 1
222 222 -1 266 2 0 -387 -386 1
222 222 -1 266 2 0 -386 -385 1
222 222 -1 266 2 0 -384 -383 1
222 222 -1 266 2 0 -379 -378 1
222 222 -1 266 2 0 -375 -374 1
222 222 -1 266 2 0 -374 -373 1
222 222 -1 266 2 0 -372 -371 1
222 222 -1 266 2 0 -371 -370 1
222 222 -1 266 2 0 -370 -369 2
222 222 -1 266 2 0 -369 -368 1
222 222 -1 266 2 0 -368 -367 1
222 222 -1 266 2 0 -367 -366 1
222 222 -1 266 2 0 -366 -365 1
222 222 -1 266 2 0 -365 -364 1
222 222 -1 266 2 0 -364 -363 1
222 222 -1 266 2 0 -363 -362 1
222 222 -1 266 2 0 -362 -361 1
222 222 -1 266 2 0 -361 -360 1
222 222 -1 266 2 0 -360 -359 1
222 222 -1 266 2 0 -359 -358 1
222 222 -1 266 2 0 -352 -351 1
222 222 -1 266 2 0 -351 -350 1
222 222 -1 266 2 0 -350 -349 1
222 222 -1 266 2 0 -347 -346 1
222 222 -1 266 2 0 -344 -343 1
222 222 -1 266 2 0 -343 -342 1
222 222 -1 266 2 0 -342 -341 1
222 222 -1 266 2 0 -341 -340 1
222 222 -1 266 2 0 -340 -339 3
222 222 -1 266 2 0 -339 -338 3
222 222 -1 266 2 0 -338 -337 1
222 222 -1 266 2 0 -337 -336 1
222 222 -1 266 2 0 -336 -335 1
222 222 -1 266 2 0 -335 -334 2
222 222 -1 266 2 0 -331 -330 2
222 222 -1 266 2 0 -329 -328 2
222 222 -1 266 2 0 -328 -327 1
222 222 -1 266 2 0 -327 -326 1
222 222 -1 266 2 0 -325 -324 3
222 222 -1 266 2 0 -321 -320 1
222 222 -1 266 2 0 -320 -319 2
222 222 -1 266 2 0 -319 -318 1
222 222 -1 266 2 0 -318 -317 1
222 222 -1 266 2 0 -317 -316 1
222 222 -1 266 2 0 -313 -312 1
222 222 -1 266 2 0 -312 -311 1
222 222 -1 266 2 0 -311 -310 2
222 222 -1 266 2 0 -310 -309 2
222 222 -1 266 2 0 -308 -307 1
222 222 -1 266 2 0 -295 -294 2
222 222 -1 266 2 0 -294 -293 2
222 222 -1 266 2 0 -293 -292 2
222 222 -1 266 2 0 -291 -290 2
222 222 -1 266 2 0 -290 -289 1
222 222 -1 266 2 0 -289 -288 2
222 222 -1 266 2 0 -288 -287 2
222 222 -1 266 2 0 -287 -286 1
222 222 -1 266 2 0 -285 -284 1
222 222 -1 266 2 0 -284 -283 1
222 222 -1 266 2 0 -283 -282 1
222 222 -1 266 2 0 -282 -281 1
222 222 -1 266 2 0 -281 -280 1
222 222 -1 266 2 0 -279 -278 1
222 222 -1 266 2 0 -277 -276 2
222 222 -1 266 2 0 -275 -274 1
222 222 -1 266 2 0 -259 -258 1
222 222 -1 266 2 0 -258 -257 1
222 222 -1 266 2 0 -257 -256 1
222 222 -1 266 2 0 -248 -247 1
222 222 -1 266 2 0 -247 -246 1
222 222 -1 266 2 0 -245 -244 1
222 222 -1 266 2 0 -244 -243 4
222 222 -1 266 2 0 -233 -232 1
222 222 -1 266 2 0 -232 -231 1
222 222 -1 266 2 0 -230 -229 1
222 222 -1 266 2 0 -229 -228 1
222 222 -1 266 2 0 -19 -18 1
222 222 -1 266 2 0 -17 -16 1
222 222 -1 266 2 0 -15 -14 1
222 222 -1 266 2 0 -13 -12 2
222 222 -1 266 2 0 -8 -7 2
222 222 -1 266 2 0 -6 -5 1
222 222 -1 266 2 0 -5 -4 1
222 222 -1 266 2 0 -3 -2 1
222 222 -1 266 2 0 -2 -1 1
222 222 -1 266 2 0 -1 0 1
222 222 -1 266 2 0 0 1 1
222 222 -1 266 2 0 2 3 2
222 222 -1 266 2 0 3 4 1
222 222 -1 266 2 0 5 6 1
222 222 -1 266 2 0 6 7 1
222 222 -1 266 2 0 7 8 1
222 222 -1 266 2 0 10 11 1
222 222 -1 266 2 0 11 12 1
222 222 -1 266 2 0 12 13 1
222 222 -1 266 2 0 13 14 1
222 222 -1 266 2 0 14 15 1
222 222 -1 266 2 0 24 25 1
222 222 -1 266 2 0 29 30 2
222 222 -1 266 2 0 34 35 1
222 222 -1 266 2 0 36 37 2
222 222 -1 266 2 0 39 40 1
222 222 -1 266 2 0 40 41 1
222 222 -1 266 2 0 41 42 2
222 222 -1 266 2 0 42 43 1
222 222 -1 266 2 0 43 44 3
222 222 -1 266 2 0 44 45 1
222 222 -1 266 2 0 45 46 1
222 222 -1 266 2 0 47 48 1
222 222 -1 266 2 0 48 49 1
222 222 -1 266 2 0 50 51 1
222 222 -1 266 2 0 51 52 1
222 222 -1 266 2 0 52 53 1
222 222 -1 266 2 0 53 54 2
222 222 -1 266 2 0 54 55 1
222 222 -1 266 2 0 55 56 2
222 222 -1 266 2 0 56 57 1
222 222 -1 266 2 0 57 58 1
222 222 -1 266 2 0 60 61 1
222 222 -1 266 2 0 62 63 1
222 222 -1 266 2 0 63 64 2
222 222 -1 266 2 0 65 66 2
222 222 -1 266 2 0 66 67 1
222 222 -1 266 2 0 70 71 2
222 222 -1 266 2 0 72 73 1
222 222 -1 266 2 0 74 75 1
222 222 -1 266 2 0 75 76 1
222 222 -1 266 2 0 76 77 1
222 222 -1 266 2 0 78 79 2
222 222 -1 266 2 0 79 80 1
222 222 -1 266 2 0 80 81 1
222 222 -1 266 2 0 81 82 2
222 222 -1 266 2 0 82 83 2
222 222 -1 266 2 0 83 84 1
222 222 -1 266 2 0 84 85 1
222 222 -1 266 2 0 85 86 2
222 222 -1 266 2 0 86 87 2
222 222 -1 266 2 0 87 88 1
222 222 -1 266 2 0 88 89 1
222 222 -1 266 2 0 90 91 1
222 222 -1 266 2 0 91 92 1
222 222 -1 266 2 0 186 187 1
222 222 -1 266 2 0 187 188 1
222 222 -1 266 2 0 188 189 1
222 222 -1 266 2 0 189 190 1
222 222 -1 266 2 0 191 192 1
222 222 -1 266 2 0 192 193 1
222 222 -1 266 2 0 193 194 1
222 222 -1 266 2 0 194 195 1
222 222 -1 266 2 0 195 196 1
222 222 -1 266 2 0 198 199 1
2222 2222 -1 266 2 0 -353 -352 1
2222 2222 -1 266 2 0 -15 -14 1
2222 2222 -1 266 2 0 -6 -5 1
2222 2222 -1 266 2 0 -3 -2 1
2222 2222 -1 266 2 0 -2 -1 1
2222 2222 -1 266 2 0 -1 0 1
2222 2222 -1 266 2 0 0 1 1
2222 2222 -1 266 2 0 2 3 1
2222 2222 -1 266 2 0 24 25 1
2222 2222 -1 266 2 0 40 41 1
2222 2222 -1 266 2 0 48 49 1
2222 2222 -1 266 2 0 56 57 1
2222 2222 -1 266 2 0 57 58 1
2222 2222 -1 266 2 0 59 60 1
2222 2222 -1 266 1 0 -535 -534 1
2222 2222 -1 266 1 0 -534 -533 1
2222 2222 -1 266 1 0 -533 -532 1
2222 2222 -1 266 1 0 -531 -530 1
2222 2222 -1 266 1 0 -510 -509 1
2222 2222 -1 266 1 0 -509 -508 1
2222 2222 -1 266 1 0 -508 -507 1
2222 2222 -1 266 1 0 -490 -489 1
2222 2222 -1 266 1 0 -484 -483 1
2222 2222 -1 266 1 0 -478 -477 2
2222 2222 -1 266 1 0 -467 -466 1
2222 2222 -1 266 1 0 -455 -454 1
2222 2222 -1 266 1 0 -454 -453 1
2222 2222 -1 266 1 0 -453 -452 1
2222 2222 -1 266 1 0 -437 -436 1
2222 2222 -1 266 1 0 -432 -431 1
2222 2222 -1 266 1 0 -419 -418 1
2222 2222 -1 266 1 0 -413 -412 1
2222 2222 -1 266 1 0 -378 -377 1
2222 2222 -1 266 1 0 -374 -373 1
2222 2222 -1 266 1 0 -373 -372 1
2222 2222 -1 266 1 0 -354 -353 1
2222 2222 -1 266 1 0 -353 -352 1
2222 2222 -1 266 1 0 -351 -350 1
2222 2222 -1 266 1 0 -327 -326 1
2222 2222 -1 266 1 0 -321 -320 2
2222 2222 -1 266 1 0 -304 -303 1
2222 2222 -1 266 1 0 -298 -297 3
2222 2222 -1 266 1 0 -297 -296 2
2222 2222 -1 266 1 0 -296 -295 1
2222 2222 -1 266 1 0 -295 -294 1
2222 2222 -1 266 1 0 -294 -293 2
2222 2222 -1 266 1 0 -293 -292 1
2222 2222 -1 266 1 0 -292 -291 1
2222 2222 -1 266 1 0 -284 -283 1
2222 2222 -1 266 1 0 -281 -280 1
2222 2222 -1 266 1 0 -280 -279 1
2222 2222 -1 266 1 0 -279 -278 1
2222 2222 -1 266 1 0 -278 -277 1
2222 2222 -1 266 1 0 -277 -276 2
2222 2222 -1 266 1 0 -276 -275 2
2222 2222 -1 266 1 0 -275 -274 1
2222 2222 -1 266 1 0 -255 -254 1
2222 2222 -1 266 1 0 -254 -253 1
2222 2222 -1 266 1 0 -239 -238 1
2222 2222 -1 266 1 0 -203 -202 1
2222 2222 -1 266 1 0 -34 -33 1
2222 2222 -1 266 1 0 -32 -31 1
2222 2222 -1 266 1 0 -19 -18 1
2222 2222 -1 266 1 0 -18 -17 1
2222 2222 -1 266 1 0 -16 -15 1
2222 2222 -1 266 1 0 -15 -14 2
2222 2222 -1 266 1 0 -13 -12 1
2222 2222 -1 266 1 0 -6 -5 1
2222 2222 -1 266 1 0 -5 -4 1
2222 2222 -1 266 1 0 -4 -3 1
2222 2222 -1 266 1 0 -3 -2 1
2222 2222 -1 266 1 0 -2 -1 2
2222 2222 -1 266 1 0 -1 0 1
2222 2222 -1 266 1 0 1 2 1
2222 2222 -1 266 1 0 2 3 1
2222 2222 -1 266 1 0 3 4 1
2222 2222 -1 266 1 0 5 6 1
2222 2222 -1 266 1 0 11 12 1
2222 2222 -1 266 1 0 12 13 1
2222 2222 -1 266 1 0 22 23 1
2222 2222 -1 266 1 0 24 25 2
2222 2222 -1 266 1 0 25 26 1
2222 2222 -1 266 1 0 27 28 1
2222 2222 -1 266 1 0 28 29 2
2222 2222 -1 266 1 0 29 30 2
2222 2222 -1 266 1 0 30 31 1
2222 2222 -1 266 1 0 31 32 1
2222 2222 -1 266 1 0 34 35 1
2222 2222 -1 266 1 0 36 37 2
2222 2222 -1 266 1 0 40 41 1
2222 2222 -1 266 1 0 41 42 3
2222 2222 -1 266 1 0 42 43 1
2222 2222 -1 266 1 0 44 45 1
2222 2222 -1 266 1 0 45 46 1
2222 2222 -1 266 1 0 47 48 1
2222 2222 -1 266 1 0 48 49 1
2222 2222 -1 266 1 0 51 52 2
2222 2222 -1 266 1 0 52 53 1
2222 2222 -1 266 1 0 53 54 2
2222 2222 -1 266 1 0 54 55 1
2222 2222 -1 266 1 0 55 56 2
2222 2222 -1 266 1 0 57 58 2
2222 2222 -1 266 1 0 58 59 1
2222 2222 -1 266 1 0 62 63 1
2222 2222 -1 266 1 0 64 65 1
2222 2222 -1 266 1 0 65 66 1
2222 2222 -1 266 1 0 70 71 2
2222 2222 -1 266 1 0 71 72 1
2222 2222 -1 266 1 0 75 76 1
222 221 -1 394 0 0 -449 -448 1
222 221 -1 394 0 0 -448 -447 1
222 221 -1 394 0 0 -447 -446 1
222 221 -1 394 0 0 -440 -439 4
222 221 -1 394 0 0 -439 -438 5
222 221 -1 394 0 0 -438 -437 5
222 221 -1 394 0 0 -437 -436 4
222 221 -1 394 0 0 -436 -435 5
222 221 -1 394 0 0 -435 -434 2
222 221 -1 394 0 0 -425 -424 1
222 221 -1 394 0 0 -424 -423 2
222 221 -1 394 0 0 -423 -422 2
222 221 -1 394 0 0 -422 -421 2
222 221 -1 394 0 0 -419 -418 3
222 221 -1 394 0 0 -418 -417 2
222 221 -1 394 0 0 -417 -416 4
222 221 -1 394 0 0 -416 -415 3
222 221 -1 394 0 0 -415 -414 2
222 221 -1 394 0 0 -414 -413 2
222 221 -1 394 0 0 -413 -412 4
222 221 -1 394 0 0 -412 -411 3
222 221 -1 394 0 0 -411 -410 2
222 221 -1 394 0 0 -324 -323 2
222 221 -1 394 0 0 -323 -322 1
222 221 -1 394 0 0 -319 -318 1
222 221 -1 394 0 0 -318 -317 1
222 221 -1 394 0 0 -279 -278 3
222 221 -1 394 0 0 -278 -277 3
222 221 -1 394 0 0 -277 -276 2
222 221 -1 394 0 0 -271 -270 4
222 221 -1 394 0 0 -270 -269 3
222 221 -1 394 0 0 -267 -266 4
222 221 -1 394 0 0 -266 -265 4
222 221 -1 394 0 0 -265 -264 3
222 221 -1 394 0 0 -264 -263 2
222 221 -1 394 0 0 -263 -262 1
222 221 -1 394 0 0 -262 -261 2
222 221 -1 394 0 0 -261 -260 3
222 221 -1 394 0 0 -244 -243 9
222 221 -1 394 0 0 -243 -242 9
222 221 -1 394 0 0 -242 -241 9
222 221 -1 394 0 0 -241 -240 9
222 221 -1 394 0 0 -240 -239 14
222 221 -1 394 0 0 216 217 2
222 221 -1 394 0 0 217 218 2
222 221 -1 394 0 0 218 219 1
222 221 -1 394 0 0 219 220 1
222 221 -1 394 0 0 220 221 1
222 221 -1 394 0 0 221 222 1
222 221 -1 394 0 0 231 232 1
222 221 -1 394 0 0 232 233 1
222 221 -1 394 0 0 233 234 1
222 221 -1 394 0 0 317 318 1
222 221 -1 394 0 0 318 319 1
222 221 -1 394 0 0 319 320 1
222 221 -1 394 0 0 335 336 1
222 221 -1 394 0 0 336 337 1
222 221 -1 394 0 0 337 338 1
222 221 -1 394 0 0 338 339 1
222 221 -1 394 0 0 423 424 1
222 221 -1 394 0 0 424 425 1
222 221 -1 394 0 0 425 426 1
222 221 -1 394 0 0 426 427 1
222 221 -1 394 0 0 427 428 1
222 221 -1 394 0 0 428 429 1
222 221 -1 394 0 0 429 430 1
222 221 -1 394 0 0 477 478 2
222 221 -1 394 0 0 478 479 2
222 221 -1 394 0 0 479 480 1
222 221 -1 394 0 0 480 481 1
222 221 -1 394 0 0 481 482 1
222 221 -1 394 0 0 482 483 1
222 221 -1 394 0 0 483 484 1
222 221 -1 394 0 0 484 485 1
222 221 -1 394 0 0 485 486 1
222 221 -1 394 0 0 486 487 3
222 221 -1 394 0 0 487 488 1
222 221 -1 394 0 0 488 489 1
222 221 -1 394 0 0 489 490 1
222 221 -1 394 0 0 490 491 1
222 221 -1 394 0 0 491 492 1
222 221 -1 394 0 0 492 493 3
222 221 -1 394 0 0 493 494 3
222 221 -1 394 0 0 494 495 4
222 221 -1 394 0 0 495 496 4
222 221 -1 394 0 0 496 497 4
222 221 -1 394 0 0 497 498 4
222 221 -1 394 0 0 498 499 4
222 221 -1 394 0 0 499 500 4
222 221 -1 394 0 0 500 501 3
222 221 -1 394 0 0 501 502 3
222 221 -1 394 0 0 502 503 2
222 221 -1 394 0 0 503 504 3
222 221 -1 394 0 0 504 505 3
222 221 -1 394 0 0 505 506 1
222 221 -1 394 0 0 506 507 1
222 221 -1 394 0 0 507 508 1
222 221 -1 394 0 0 508 509 1
222 221 -1 394 0 0 509 510 1
222 221 -1 394 0 0 510 511 1
222 221 -1 394 0 0 511 512 1
222 221 -1 394 0 0 512 513 1
222 221 -1 394 0 0 513 514 1
222 221 -1 394 0 0 514 515 1
222 221 -1 394 0 0 515 516 1
222 221 -1 394 0 0 573 574 3
222 221 -1 394 0 0 574 575 3
222 221 -1 394 0 0 575 576 3
222 221 -1 394 0 0 576 577 3
222 221 -1 394 0 0 577 578 3
222 221 -1 394 0 0 578 579 3
222 221 -1 394 0 0 589 590 1
222 221 -1 394 0 0 590 591 1
222 221 -1 394 0 0 591 592 2
222 221 -1 394 0 0 592 593 2
222 221 -1 394 0 0 593 594 2
222 221 -1 394 0 0 594 595 2
222 221 -1 394 0 0 595 596 2
222 221 -1 394 0 0 596 597 1
222 221 -1 394 0 0 597 598 1
222 221 -1 394 0 0 598 599 1
222 221 -1 394 0 0 599 600 1
222 221 -1 394 0 0 699 700 1
222 221 -1 394 0 0 700 701 1
222 221 -1 394 0 0 701 702 1
222 221 -1 394 0 0 702 703 1
222 221 -1 394 0 0 703 704 1
222 221 -1 394 0 0 704 705 1
222 221 -1 393 3 0 -414 -413 1
222 221 -1 393 3 0 -413 -412 1
222 221 -1 393 3 0 -412 -411 1
222 221 -1 393 3 0 -244 -243 7
222 221 -1 393 3 0 -243 -242 7
222 221 -1 393 3 0 -242 -241 7
222 221 -1 393 3 0 -241 -240 8
222 221 -1 393 3 0 -240 -239 12
222 221 -1 393 3 0 231 232 1
222 221 -1 393 3 0 232 233 1
222 221 -1 393 3 0 233 234 1
222 221 -1 393 3 0 317 318 1
222 221 -1 393 3 0 318 319 1
222 221 -1 393 3 0 319 320 1
222 221 -1 393 3 0 320 321 1
222 221 -1 393 3 0 321 322 1
222 221 -1 393 3 0 335 336 1
222 221 -1 393 3 0 336 337 1
222 221 -1 393 3 0 337 338 1
222 221 -1 393 3 0 338 339 1
222 221 -1 393 3 0 423 424 1
222 221 -1 393 3 0 424 425 1
222 221 -1 393 3 0 425 426 1
222 221 -1 393 3 0 426 427 1
222 221 -1 393 3 0 427 428 1
222 221 -1 393 3 0 428 429 1
222 221 -1 393 3 0 429 430 1
222 221 -1 393 3 0 477 478 1
222 221 -1 393 3 0 478 479 1
222 221 -1 393 3 0 479 480 1
222 221 -1 393 3 0 480 481 1
222 221 -1 393 3 0 481 482 1
222 221 -1 393 3 0 482 483 1
222 221 -1 393 3 0 483 484 1
222 221 -1 393 3 0 484 485 1
222 221 -1 393 3 0 485 486 1
222 221 -1 393 3 0 486 487 1
222 221 -1 393 3 0 487 488 1
222 221 -1 393 3 0 488 489 1
222 221 -1 393 3 0 489 490 1
222 221 -1 393 3 0 490 491 1
222 221 -1 393 3 0 491 492 1
222 221 -1 393 3 0 492 493 3
222 221 -1 393 3 0 493 494 3
222 221 -1 393 3 0 494 495 4
222 221 -1 393 3 0 495 496 4
222 221 -1 393 3 0 496 497 4
222 221 -1 393 3 0 497 498 4
222 221 -1 393 3 0 498 499 4
222 221 -1 393 3 0 499 500 4
222 221 -1 393 3 0 500 501 3
222 221 -1 393 3 0 501 502 3
222 221 -1 393 3 0 502 503 1
222 221 -1 393 3 0 503 504 2
222 221 -1 393 3 0 504 505 2
222 221 -1 393 3 0 573 574 3
222 221 -1 393 3 0 574 575 3
222 221 -1 393 3 0 575 576 3
222 221 -1 393 3 0 576 577 3
222 221 -1 393 3 0 577 578 3
222 221 -1 393 3 0 578 579 3
222 221 -1 393 3 0 589 590 1
222 221 -1 393 3 0 590 591 1
222 221 -1 393 3 0 591 592 1
222 221 -1 393 3 0 592 593 1
222 221 -1 393 3 0 593 594 1
222 221 -1 393 3 0 594 595 1
222 221 -1 393 3 0 595 596 1
222 221 -1 393 3 0 596 597 1
222 221 -1 393 3 0 597 598 1
222 221 -1 393 3 0 598 599 1
222 221 -1 393 3 0 599 600 1
222 221 -1 393 3 0 699 700 1
222 221 -1 393 3 0 700 701 1
222 221 -1 393 3 0 701 702 1
222 221 -1 393 3 0 702 703 1
222 221 -1 393 3 0 703 704 1
222 221 -1 393 3 0 704 705 1
2222 2222 1 172 0 0 -294 -293 1
2222 2222 1 172 0 0 -271 -270 1
2222 2222 1 172 0 0 -199 -198 1
2222 2222 1 172 0 0 -190 -189 1
2222 2222 1 172 0 0 -186 -185 1
2222 2222 1 172 0 0 -185 -184 1
2222 2222 1 172 0 0 -184 -183 1
2222 2222 1 172 0 0 -183 -182 2
2222 2222 1 172 0 0 -182 -181 1
2222 2222 1 172 0 0 -181 -180 3
2222 2222 1 172 0 0 -180 -179 1
2222 2222 1 172 0 0 -178 -177 1
2222 2222 1 172 0 0 -177 -176 1
2222 2222 1 172 0 0 -176 -175 1
2222 2222 1 172 0 0 -175 -174 1
2222 2222 1 172 0 0 -174 -173 1
2222 2222 1 172 0 0 -173 -172 1
2222 2222 1 172 0 0 -172 -171 1
2222 2222 1 172 0 0 -171 -170 1
2222 2222 1 172 0 0 -170 -169 3
2222 2222 1 172 0 0 -168 -167 2
2222 2222 1 172 0 0 -167 -166 2
2222 2222 1 172 0 0 -155 -154 1
2222 2222 1 172 0 0 -152 -151 1
2222 2222 1 172 0 0 -143 -142 1
2222 2222 1 172 0 0 -142 -141 1
2222 2222 1 172 0 0 -135 -134 1
2222 2222 1 172 0 0 -129 -128 1
2222 2222 1 172 0 0 -117 -116 1
2222 2222 1 172 0 0 -102 -101 1
2222 2222 1 172 0 0 -101 -100 1
2222 2222 1 172 0 0 -89 -88 1
2222 2222 1 172 0 0 -86 -85 1
2222 2222 1 172 0 0 -82 -81 2
2222 2222 1 172 0 0 -81 -80 1
2222 2222 1 172 0 0 -65 -64 1
2222 2222 1 172 0 0 -46 -45 1
2222 2222 1 172 0 0 -45 -44 1
2222 2222 1 172 0 0 -6 -5 1
2222 2222 1 172 0 0 -4 -3 3
2222 2222 1 172 0 0 -3 -2 3
2222 2222 1 172 0 0 1 2 1
2222 2222 1 172 0 0 2 3 2
2222 2222 1 172 0 0 12 13 1
2222 2222 1 172 0 0 14 15 2
2222 2222 1 172 0 0 17 18 1
2222 2222 1 172 0 0 23 24 1
2222 2222 1 172 0 0 26 27 1
2222 2222 1 172 0 0 27 28 2
2222 2222 1 172 0 0 28 29 1
2222 2222 1 172 0 0 29 30 2
2222 2222 1 172 0 0 30 31 14
2222 2222 1 172 0 0 31 32 2
2222 2222 1 172 0 0 34 35 1
2222 2222 1 172 0 0 35 36 3
2222 2222 1 172 0 0 36 37 3
2222 2222 1 172 0 0 37 38 2
2222 2222 1 172 0 0 40 41 3
2222 2222 1 172 0 0 45 46 1
2222 2222 1 172 0 0 78 79 1
2222 2222 1 172 0 0 79 80 1
2222 2222 1 172 0 0 87 88 1
2222 2222 1 172 0 0 233 234 1
2222 2222 1 172 0 0 273 274 1
2222 2222 1 172 0 0 300 301 1
2222 2222 1 172 0 0 320 321 1
2222 2222 1 172 0 0 321 322 1
2222 2222 1 172 0 0 322 323 1
2222 2222 1 172 0 0 472 473 2
2222 2222 1 172 0 0 495 496 1
2222 2222 1 172 0 0 536 537 2
2222 2222 1 172 0 0 554 555 1
2222 2222 1 172 0 0 556 557 1
2222 2222 1 172 0 0 588 589 1
2222 2222 1 172 0 0 589 590 1
2222 2222 1 172 0 0 598 599 1
2222 2222 1 172 0 0 609 610 1
2222 2222 1 172 0 0 746 747 2
2222 2222 1 172 0 0 747 748 2
2222 2222 1 172 0 0 748 749 2
2222 2222 1 172 0 0 749 750 1
2222 2222 1 172 0 0 759 760 1
2222 2222 1 172 0 0 765 766 1
2222 2222 1 172 0 0 769 770 1
2222 2222 1 172 0 0 773 774 2
2222 2222 1 172 0 0 775 776 2
2222 2222 1 172 0 0 868 869 1
2222 2222 1 172 1 0 -204 -203 1
2222 2222 1 172 1 0 -184 -183 1
2222 2222 1 172 1 0 -183 -182 2
2222 2222 1 172 1 0 -181 -180 1
2222 2222 1 172 1 0 -173 -172 1
2222 2222 1 172 1 0 -172 -171 1
2222 2222 1 172 1 0 -171 -170 1
2222 2222 1 172 1 0 -167 -166 1
2222 2222 1 172 1 0 -152 -151 1
2222 2222 1 172 1 0 -151 -150 1
2222 2222 1 172 1 0 -150 -149 1
2222 2222 1 172 1 0 -89 -88 1
2222 2222 1 172 1 0 -33 -32 1
2222 2222 1 172 1 0 -31 -30 1
2222 2222 1 172 1 0 -30 -29 2
2222 2222 1 172 1 0 -18 -17 1
2222 2222 1 172 1 0 -15 -14 1
2222 2222 1 172 1 0 -12 -11 1
2222 2222 1 172 1 0 17 18 1
2222 2222 1 172 1 0 20 21 1
2222 2222 1 172 1 0 23 24 1
2222 2222 1 172 1 0 29 30 2
2222 2222 1 172 1 0 30 31 11
2222 2222 1 172 1 0 34 35 1
222 2222 -1 266 2 0 -363 -362 1
222 2222 -1 266 2 0 -310 -309 1
222 2222 -1 266 2 0 -275 -274 1
222 2222 -1 266 2 0 -13 -12 1
222 2222 -1 266 2 0 -11 -10 1
222 2222 -1 266 2 0 -2 -1 2
222 2222 -1 266 2 0 48 49 1
222 2222 -1 266 2 0 55 56 1
222 2222 -1 266 2 0 56 57 1
222 2222 -1 266 2 0 57 58 1
222 2222 -1 266 2 0 62 63 1
222 2222 -1 266 2 0 66 67 1
222 2222 -1 266 2 0 80 81 1
222 2222 -1 267 0 0 -409 -408 1
222 2222 -1 267 0 0 -407 -406 1
222 2222 -1 267 0 0 -371 -370 1
222 2222 -1 267 0 0 -347 -346 1
222 2222 -1 267 0 0 -346 -345 1
222 2222 -1 267 0 0 -343 -342 1
222 2222 -1 267 0 0 -342 -341 1
222 2222 -1 267 0 0 -341 -340 1
222 2222 -1 267 0 0 -340 -339 1
222 2222 -1 267 0 0 -339 -338 2
222 2222 -1 267 0 0 -338 -337 1
222 2222 -1 267 0 0 -293 -292 2
222 2222 -1 267 0 0 -273 -272 1
222 2222 -1 267 0 0 -227 -226 1
222 2222 -1 267 0 0 -17 -16 1
222 2222 -1 267 0 0 -15 -14 3
222 2222 -1 267 0 0 -14 -13 2
222 2222 -1 267 0 0 -13 -12 2
222 2222 -1 267 0 0 -12 -11 1
222 2222 -1 267 0 0 -11 -10 1
222 2222 -1 267 0 0 -5 -4 2
222 2222 -1 267 0 0 -4 -3 1
222 2222 -1 267 0 0 -3 -2 1
222 2222 -1 267 0 0 -2 -1 2
222 2222 -1 267 0 0 -1 0 1
222 2222 -1 267 0 0 0 1 1
222 2222 -1 267 0 0 1 2 3
222 2222 -1 267 0 0 2 3 2
222 2222 -1 267 0 0 3 4 3
222 2222 -1 267 0 0 4 5 2
222 2222 -1 267 0 0 6 7 1
222 2222 -1 267 0 0 12 13 1
222 2222 -1 267 0 0 35 36 1
222 2222 -1 267 0 0 36 37 2
222 2222 -1 267 0 0 39 40 1
222 2222 -1 267 0 0 40 41 2
222 2222 -1 267 0 0 42 43 1
222 2222 -1 267 0 0 50 51 1
222 2222 -1 267 0 0 53 54 1
222 2222 -1 267 0 0 54 55 2
222 2222 -1 267 0 0 55 56 1
222 2222 -1 267 0 0 56 57 1
222 2222 -1 267 0 0 59 60 1
222 2222 -1 267 0 0 60 61 1
222 2222 -1 267 0 0 64 65 1
222 2222 -1 267 0 0 65 66 1
222 2222 -1 267 0 0 66 67 1
222 2222 -1 267 0 0 69 70 2
222 2222 -1 267 0 0 70 71 3
222 2222 -1 267 0 0 72 73 1
222 2222 -1 267 0 0 73 74 1
222 2222 -1 267 0 0 74 75 1
222 2222 -1 267 0 0 79 80 2
222 2222 -1 267 0 0 81 82 2
222 2222 -1 267 0 0 83 84 2
222 2222 -1 267 0 0 84 85 1
222 2222 -1 267 0 0 85 86 1
222 2222 -1 267 0 0 86 87 2
222 2222 -1 267 0 0 87 88 2
222 2222 -1 267 0 0 88 89 1
222 2222 -1 267 0 0 89 90 1
222 2222 -1 267 0 0 90 91 1
222 2222 -1 267 1 0 -11 -10 1
222 2222 -1 267 1 0 3 4 2
222 2222 -1 267 1 0 58 59 2
222 222 -1 266 3 0 -8 -7 1
222 222 -1 266 3 0 2 3 1
222 222 -1 266 3 0 58 59 1
222 222 -1 266 3 1 -12 -11 1
222 222 -1 266 3 1 -8 -7 1
222 222 -1 266 3 1 2 3 1
222 222 -1 266 3 1 58 59 1
2222 2222 -1 266 0 0 -508 -507 1
2222 2222 -1 266 0 0 -490 -489 1
2222 2222 -1 266 0 0 -484 -483 1
2222 2222 -1 266 0 0 -478 -477 3
2222 2222 -1 266 0 0 -477 -476 1
2222 2222 -1 266 0 0 -433 -432 1
2222 2222 -1 266 0 0 -420 -419 1
2222 2222 -1 266 0 0 -409 -408 3
2222 2222 -1 266 0 0 -404 -403 1
2222 2222 -1 266 0 0 -403 -402 1
2222 2222 -1 266 0 0 -385 -384 1
2222 2222 -1 266 0 0 -384 -383 1
2222 2222 -1 266 0 0 -379 -378 1
2222 2222 -1 266 0 0 -377 -376 1
2222 2222 -1 266 0 0 -375 -374 1
2222 2222 -1 266 0 0 -368 -367 1
2222 2222 -1 266 0 0 -356 -355 6
2222 2222 -1 266 0 0 -353 -352 1
2222 2222 -1 266 0 0 -351 -350 1
2222 2222 -1 266 0 0 -350 -349 1
2222 2222 -1 266 0 0 -347 -346 2
2222 2222 -1 266 0 0 -346 -345 1
2222 2222 -1 266 0 0 -344 -343 2
2222 2222 -1 266 0 0 -343 -342 1
2222 2222 -1 266 0 0 -340 -339 3
2222 2222 -1 266 0 0 -339 -338 3
2222 2222 -1 266 0 0 -338 -337 2
2222 2222 -1 266 0 0 -336 -335 1
2222 2222 -1 266 0 0 -335 -334 2
2222 2222 -1 266 0 0 -334 -333 1
2222 2222 -1 266 0 0 -332 -331 2
2222 2222 -1 266 0 0 -329 -328 1
2222 2222 -1 266 0 0 -327 -326 1
2222 2222 -1 266 0 0 -326 -325 1
2222 2222 -1 266 0 0 -325 -324 4
2222 2222 -1 266 0 0 -324 -323 1
2222 2222 -1 266 0 0 -323 -322 1
2222 2222 -1 266 0 0 -322 -321 3
2222 2222 -1 266 0 0 -320 -319 1
2222 2222 -1 266 0 0 -319 -318 1
2222 2222 -1 266 0 0 -315 -314 1
2222 2222 -1 266 0 0 -309 -308 1
2222 2222 -1 266 0 0 -308 -307 1
2222 2222 -1 266 0 0 -304 -303 1
2222 2222 -1 266 0 0 -303 -302 2
2222 2222 -1 266 0 0 -302 -301 1
2222 2222 -1 266 0 0 -298 -297 3
2222 2222 -1 266 0 0 -292 -291 1
2222 2222 -1 266 0 0 -287 -286 1
2222 2222 -1 266 0 0 -286 -285 1
2222 2222 -1 266 0 0 -280 -279 1
2222 2222 -1 266 0 0 -275 -274 1
2222 2222 -1 266 0 0 -263 -262 1
2222 2222 -1 266 0 0 -262 -261 3
2222 2222 -1 266 0 0 -261 -260 2
2222 2222 -1 266 0 0 -256 -255 1
2222 2222 -1 266 0 0 -254 -253 1
2222 2222 -1 266 0 0 -250 -249 2
2222 2222 -1 266 0 0 -245 -244 1
2222 2222 -1 266 0 0 -244 -243 4
2222 2222 -1 266 0 0 -239 -238 2
2222 2222 -1 266 0 0 -236 -235 1
2222 2222 -1 266 0 0 -234 -233 2
2222 2222 -1 266 0 0 -215 -214 1
2222 2222 -1 266 0 0 -211 -210 1
2222 2222 -1 266 0 0 -209 -208 1
2222 2222 -1 266 0 0 -203 -202 1
2222 2222 -1 266 0 0 -202 -201 1
2222 2222 -1 266 0 0 -192 -191 1
2222 2222 -1 266 0 0 -188 -187 1
2222 2222 -1 266 0 0 -187 -186 2
2222 2222 -1 266 0 0 -186 -185 1
2222 2222 -1 266 0 0 -185 -184 1
2222 2222 -1 266 0 0 -184 -183 1
2222 2222 -1 266 0 0 -183 -182 1
2222 2222 -1 266 0 0 -182 -181 1
2222 2222 -1 266 0 0 -180 -179 2
2222 2222 -1 266 0 0 -179 -178 1
2222 2222 -1 266 0 0 -175 -174 2
2222 2222 -1 266 0 0 -174 -173 2
2222 2222 -1 266 0 0 -173 -172 1
2222 2222 -1 266 0 0 -172 -171 2
2222 2222 -1 266 0 0 -171 -170 2
2222 2222 -1 266 0 0 -167 -166 2
2222 2222 -1 266 0 0 -146 -145 1
2222 2222 -1 266 0 0 -145 -144 2
2222 2222 -1 266 0 0 -144 -143 1
2222 2222 -1 266 0 0 -129 -128 1
2222 2222 -1 266 0 0 -117 -116 1
2222 2222 -1 266 0 0 -111 -110 1
2222 2222 -1 266 0 0 -105 -104 1
2222 2222 -1 266 0 0 -94 -93 1
2222 2222 -1 266 0 0 -88 -87 1
2222 2222 -1 266 0 0 -82 -81 1
2222 2222 -1 266 0 0 -81 -80 1
2222 2222 -1 266 0 0 -69 -68 1
2222 2222 -1 266 0 0 -65 -64 1
2222 2222 -1 266 0 0 -64 -63 1
2222 2222 -1 266 0 0 -59 -58 1
2222 2222 -1 266 0 0 -34 -33 1
2222 2222 -1 266 0 0 -32 -31 1
2222 2222 -1 266 0 0 -8 -7 2
2222 2222 -1 266 0 0 0 1 2
2222 2222 -1 266 0 0 1 2 2
2222 2222 -1 266 0 0 2 3 2
2222 2222 -1 266 0 0 6 7 2
2222 2222 -1 266 0 0 7 8 1
2222 2222 -1 266 0 0 18 19 1
2222 2222 -1 266 0 0 23 24 1
2222 2222 -1 266 0 0 24 25 1
2222 2222 -1 266 0 0 28 29 2
2222 2222 -1 266 0 0 29 30 3
2222 2222 -1 266 0 0 30 31 1
2222 2222 -1 266 0 0 31 32 1
2222 2222 -1 266 0 0 34 35 1
2222 2222 -1 266 0 0 36 37 1
2222 2222 -1 266 0 0 41 42 2
2222 2222 -1 266 0 0 42 43 2
2222 2222 -1 266 0 0 48 49 1
2222 2222 -1 266 0 0 51 52 2
2222 2222 -1 266 0 0 53 54 3
2222 2222 -1 266 0 0 54 55 1
2222 2222 -1 266 0 0 55 56 2
2222 2222 -1 266 0 0 56 57 2
2222 2222 -1 266 0 0 65 66 1
2222 2222 -1 266 0 0 66 67 1
2222 2222 -1 266 0 0 70 71 3
2222 2222 -1 266 0 0 78 79 1
2222 2222 -1 266 0 0 81 82 1
2222 2222 -1 266 0 0 85 86 1
2222 2222 -1 266 0 0 86 87 1
2222 2222 -1 266 0 0 99 100 2
2222 2222 -1 266 0 0 100 101 2
2222 2222 -1 266 0 0 104 105 1
2222 2222 -1 266 0 0 110 111 1
2222 2222 -1 266 0 0 373 374 1
2222 2222 1 173 1 1 -161 -160 1
2222 2222 1 173 1 1 -122 -121 2
2222 2222 1 173 1 1 -121 -120 1
2222 2222 1 173 1 1 -120 -119 2
2222 2222 1 173 1 1 14 15 2
2222 2222 1 173 3 7 2 3 1
2222 2222 1 173 3 7 8 9 1
2222 2222 1 173 3 7 14 15 1
2222 2222 1 173 3 7 31 32 1
222 222 -1 265 2 0 -444 -443 1
222 222 -1 265 2 0 -441 -440 1
222 222 -1 265 2 0 -352 -351 1
222 222 -1 265 2 0 -351 -350 1
222 222 -1 265 2 0 -350 -349 1
222 222 -1 265 2 0 -349 -348 1
222 222 -1 265 2 0 -348 -347 2
222 222 -1 265 2 0 -347 -346 2
222 222 -1 265 2 0 -346 -345 1
222 222 -1 265 2 0 -345 -344 1
222 222 -1 265 2 0 -344 -343 1
222 222 -1 265 2 0 -343 -342 1
222 222 -1 265 2 0 -342 -341 1
222 222 -1 265 2 0 -341 -340 1
222 222 -1 265 2 0 -340 -339 1
222 222 -1 265 2 0 -339 -338 1
222 222 -1 265 2 0 -328 -327 1
222 222 -1 265 2 0 -327 -326 1
222 222 -1 265 2 0 -326 -325 1
222 222 -1 265 2 0 -325 -324 1
222 222 -1 265 2 0 -7 -6 1
222 222 -1 265 2 0 -6 -5 1
222 222 -1 265 2 0 -5 -4 1
222 222 -1 265 2 0 30 31 1
222 222 -1 265 2 0 31 32 1
222 222 -1 265 2 0 32 33 1
222 222 -1 265 2 0 62 63 1
222 222 -1 265 2 0 63 64 1
222 222 -1 265 2 0 68 69 4
222 222 -1 265 2 0 69 70 4
222 222 -1 265 2 0 70 71 1
222 222 -1 265 2 0 82 83 6
222 222 -1 265 2 0 83 84 9
222 222 -1 265 2 0 84 85 1
222 222 1 172 1 1 -262 -261 1
222 222 1 172 1 1 -261 -260 1
222 222 1 172 1 1 -176 -175 1
222 222 1 172 1 1 -171 -170 1
222 222 1 172 1 1 -135 -134 1
222 222 1 172 1 1 -134 -133 1
222 222 1 172 1 1 -133 -132 1
222 222 1 172 1 1 -132 -131 1
222 222 1 172 1 1 -131 -130 1
222 222 1 172 1 1 -130 -129 1
222 222 1 172 1 1 -129 -128 1
222 222 1 172 1 1 -5 -4 2
222 222 1 172 1 1 -3 -2 2
222 222 1 172 1 1 2 3 1
222 222 1 172 1 1 13 14 1
222 222 1 172 1 1 14 15 2
222 222 1 172 1 1 27 28 2
222 222 1 172 1 1 29 30 1
222 222 1 172 1 1 34 35 1
222 222 1 172 1 1 486 487 1
222 222 1 172 1 1 594 595 1
2222 2222 1 172 2 0 2 3 1
2222 2222 1 172 2 0 3 4 2
2222 2222 1 172 2 0 4 5 2
2222 2222 1 172 2 0 7 8 1
2222 2222 1 172 2 0 16 17 1
222 222 1 171 2 0 -311 -310 1
222 222 1 171 2 0 -310 -309 1
222 222 1 171 2 0 -309 -308 1
222 222 1 171 2 0 -308 -307 1
222 222 1 171 2 0 -307 -306 2
222 222 1 171 2 0 -306 -305 1
222 222 1 171 2 0 -305 -304 1
222 222 1 171 2 0 -304 -303 1
222 222 1 171 2 0 -303 -302 1
222 222 1 171 2 0 -302 -301 2
222 222 1 171 2 0 -301 -300 2
222 222 1 171 2 0 -300 -299 2
222 222 1 171 2 0 -299 -298 2
222 222 1 171 2 0 -298 -297 2
222 222 1 171 2 0 -297 -296 1
222 222 1 171 2 0 -296 -295 2
222 222 1 171 2 0 -295 -294 2
222 222 1 171 2 0 -294 -293 2
222 222 1 171 2 0 -285 -284 1
222 222 1 171 2 0 -284 -283 1
222 222 1 171 2 0 -283 -282 1
222 222 1 171 2 0 -282 -281 1
222 222 1 171 2 0 -281 -280 1
222 222 1 171 2 0 -280 -279 2
222 222 1 171 2 0 -279 -278 1
222 222 1 171 2 0 -278 -277 1
222 222 1 171 2 0 -277 -276 1
222 222 1 171 2 0 -274 -273 2
222 222 1 171 2 0 -273 -272 1
222 222 1 171 2 0 -272 -271 3
222 222 1 171 2 0 -271 -270 8
222 222 1 171 2 0 -270 -269 8
222 222 1 171 2 0 -269 -268 7
222 222 1 171 2 0 -267 -266 1
222 222 1 171 2 0 -266 -265 2
222 222 1 171 2 0 -265 -264 1
222 222 1 171 2 0 -264 -263 2
222 222 1 171 2 0 -263 -262 1
222 222 1 171 2 0 -262 -261 1
222 222 1 171 2 0 -261 -260 1
222 222 1 171 2 0 -246 -245 1
222 222 1 171 2 0 -245 -244 1
222 222 1 171 2 0 -244 -243 1
222 222 1 171 2 0 -243 -242 1
222 222 1 171 2 0 -174 -173 1
222 222 1 171 2 0 -135 -134 2
222 222 1 171 2 0 -134 -133 2
222 222 1 171 2 0 -133 -132 2
222 222 1 171 2 0 -132 -131 1
222 222 1 171 2 0 -131 -130 1
222 222 1 171 2 0 -130 -129 1
222 222 1 171 2 0 -129 -128 1
222 222 1 171 2 0 -91 -90 1
222 222 1 171 2 0 -90 -89 1
222 222 1 171 2 0 -89 -88 1
222 222 1 171 2 0 -50 -49 1
222 222 1 171 2 0 -49 -48 5
222 222 1 171 2 0 -48 -47 2
222 222 1 171 2 0 -47 -46 2
222 222 1 171 2 0 -40 -39 1
222 222 1 171 2 0 -39 -38 1
222 222 1 171 2 0 -7 -6 2
222 222 1 171 2 0 -6 -5 1
222 222 1 171 2 0 -5 -4 4
222 222 1 171 2 0 -4 -3 6
222 222 1 171 2 0 -3 -2 4
222 222 1 171 2 0 -2 -1 2
222 222 1 171 2 0 -1 0 2
222 222 1 171 2 0 0 1 4
222 222 1 171 2 0 1 2 3
222 222 1 171 2 0 3 4 1
222 222 1 171 2 0 4 5 1
222 222 1 171 2 0 11 12 1
222 222 1 171 2 0 12 13 1
222 222 1 171 2 0 13 14 2
222 222 1 171 2 0 15 16 5
222 222 1 171 2 0 16 17 2
222 222 1 171 2 0 17 18 3
222 222 1 171 2 0 23 24 1
222 222 1 171 2 0 24 25 3
222 222 1 171 2 0 25 26 2
222 222 1 171 2 0 26 27 3
222 222 1 171 2 0 27 28 5
222 222 1 171 2 0 28 29 5
222 222 1 171 2 0 29 30 1
222 222 1 171 2 0 31 32 2
222 222 1 171 2 0 34 35 1
222 222 1 171 2 0 35 36 1
222 222 1 171 2 0 38 39 3
222 222 1 171 2 0 39 40 2
222 222 1 171 2 0 40 41 2
222 222 1 171 2 0 67 68 1
222 222 1 171 2 0 68 69 1
222 222 1 171 2 0 69 70 1
222 222 1 171 2 0 70 71 1
222 222 1 171 2 0 84 85 1
222 222 1 171 2 0 410 411 1
222 222 1 171 2 0 411 412 1
222 222 1 171 2 0 412 413 1
222 222 1 171 2 0 413 414 1
222 222 1 171 2 0 414 415 1
222 222 1 171 2 0 415 416 1
222 222 1 171 2 0 416 417 1
222 222 1 171 2 0 417 418 1
222 222 1 171 2 0 418 419 1
222 222 1 171 2 0 419 420 1
222 222 1 171 2 0 420 421 1
222 222 1 171 2 0 421 422 1
222 222 1 171 2 0 422 423 1
222 222 1 171 2 0 423 424 1
222 222 1 171 2 0 424 425 1
222 222 1 171 2 0 425 426 1
222 222 1 171 2 0 426 427 1
222 222 1 171 2 0 427 428 1
222 222 1 171 2 0 428 429 1
222 222 1 171 2 0 429 430 1
222 222 1 171 2 0 430 431 1
222 222 1 171 2 0 431 432 1
222 222 1 171 2 0 432 433 1
222 222 1 171 2 0 433 434 1
222 222 1 171 2 0 434 435 1
222 222 1 171 2 0 435 436 1
222 222 1 171 2 0 436 437 1
222 222 1 171 2 0 437 438 3
222 222 1 171 2 0 438 439 1
222 222 1 171 2 0 439 440 1
222 222 1 171 2 0 440 441 2
222 222 1 171 2 0 441 442 1
222 222 1 171 2 0 442 443 1
222 222 1 171 2 0 464 465 2
222 222 1 171 2 0 469 470 1
222 222 1 171 2 0 470 471 1
222 222 1 171 2 0 471 472 1
222 222 1 171 2 0 472 473 1
222 222 1 171 2 0 473 474 1
222 222 1 171 2 0 474 475 1
222 222 1 171 2 0 475 476 1
222 222 1 171 2 0 476 477 1
222 222 1 171 2 0 477 478 1
222 222 1 171 2 0 478 479 1
222 222 1 171 2 0 479 480 1
222 222 1 171 2 0 480 481 1
222 222 1 171 2 0 481 482 1
222 222 1 171 2 0 482 483 1
222 222 1 171 2 0 483 484 1
222 222 1 171 2 0 484 485 1
222 222 1 171 2 0 485 486 1
222 222 1 171 2 0 486 487 1
222 222 1 171 2 0 487 488 1
222 222 1 171 2 0 488 489 1
222 222 1 171 2 0 489 490 2
222 222 1 171 2 0 490 491 2
222 222 1 171 2 0 491 492 1
222 222 1 171 2 0 492 493 1
222 222 1 171 2 0 495 496 2
222 222 1 171 2 0 496 497 2
222 222 1 171 2 0 497 498 2
222 222 1 171 2 0 498 499 1
222 222 1 171 2 0 499 500 1
222 222 1 171 2 0 500 501 1
222 222 1 171 2 0 501 502 1
222 222 1 171 2 0 502 503 1
222 222 1 171 2 0 503 504 1
222 222 1 171 2 0 504 505 1
222 222 1 171 2 0 505 506 1
222 222 1 171 2 0 506 507 1
222 222 1 171 2 0 513 514 3
222 222 1 171 2 0 514 515 1
222 222 1 171 2 0 515 516 1
222 222 1 171 2 0 521 522 1
222 222 1 171 2 0 522 523 1
222 222 1 171 2 0 523 524 1
222 222 1 171 2 0 524 525 1
222 222 1 171 2 0 525 526 1
222 222 1 171 2 0 526 527 1
222 222 1 171 2 0 527 528 1
222 222 1 171 2 0 528 529 1
222 222 1 171 2 0 529 530 1
222 222 1 171 2 0 530 531 9
222 222 1 171 2 0 531 532 1
222 222 1 171 2 0 532 533 1
222 222 1 171 2 0 533 534 1
222 222 1 171 2 0 534 535 1
222 222 1 171 2 0 535 536 1
222 222 1 171 2 0 537 538 9
222 222 1 171 2 0 538 539 9
222 222 1 171 2 0 539 540 1
222 222 1 171 2 0 540 541 1
222 222 1 171 2 0 541 542 1
222 222 1 171 2 0 542 543 1
222 222 1 171 2 0 543 544 1
222 222 1 171 2 0 544 545 1
222 222 1 171 2 0 545 546 1
222 222 1 171 2 0 546 547 1
222 222 1 171 2 0 547 548 1
222 222 1 171 2 0 548 549 1
222 222 1 171 2 0 549 550 1
222 222 1 171 2 0 550 551 1
222 222 1 171 2 0 551 552 1
222 222 1 171 2 0 552 553 1
222 222 1 171 2 0 553 554 1
222 222 1 171 2 0 554 555 1
222 222 1 171 2 0 555 556 1
222 222 1 171 2 0 556 557 1
222 222 1 171 2 0 557 558 1
222 222 1 171 2 0 558 559 1
222 222 1 171 2 0 559 560 9
222 222 1 171 2 0 585 586 3
222 222 1 171 2 0 586 587 1
222 222 1 171 2 0 587 588 1
222 222 1 171 2 0 589 590 2
222 222 1 171 2 0 592 593 1
222 222 1 171 2 0 593 594 1
222 222 1 171 2 0 594 595 1
222 222 1 171 2 0 597 598 1
222 222 1 171 2 0 600 601 5
222 222 1 171 2 0 601 602 5
222 222 1 171 2 0 602 603 5
222 222 1 171 2 0 603 604 1
222 222 1 171 2 0 604 605 1
222 222 1 171 2 0 605 606 1
222 222 1 171 2 0 606 607 1
222 222 1 171 2 0 607 608 1
222 222 1 171 2 0 608 609 1
222 222 1 171 2 0 609 610 1
222 222 1 171 2 0 610 611 1
222 222 1 171 2 0 611 612 1
222 222 1 171 2 0 612 613 3
222 222 1 171 2 0 613 614 2
222 222 1 171 2 0 614 615 2
222 222 1 171 2 0 615 616 2
222 222 1 171 2 0 616 617 8
222 222 1 171 2 0 617 618 8
222 222 1 171 2 0 618 619 8
222 222 1 171 2 0 619 620 8
222 222 1 171 2 0 620 621 8
222 222 1 171 2 0 696 697 2
222 222 1 171 2 0 697 698 2
222 222 1 171 2 0 698 699 2
222 222 1 171 2 0 699 700 2
222 222 1 171 2 0 700 701 1
222 222 1 171 2 0 701 702 1
222 222 1 171 2 0 702 703 1
222 222 1 171 1 0 -235 -234 2
222 222 1 171 1 0 -234 -233 2
222 222 1 171 1 0 -233 -232 1
222 222 1 171 1 0 -232 -231 1
222 222 1 171 1 0 -204 -203 2
222 222 1 171 1 0 -203 -202 1
222 222 1 171 1 0 -202 -201 1
222 222 1 171 1 0 -201 -200 2
222 222 1 171 1 0 -187 -186 3
222 222 1 171 1 0 -186 -185 3
222 222 1 171 1 0 -185 -184 3
222 222 1 171 1 0 -184 -183 3
222 222 1 171 1 0 -183 -182 3
222 222 1 171 1 0 -182 -181 3
222 222 1 171 1 0 -181 -180 3
222 222 1 171 1 0 -176 -175 1
222 222 1 171 1 0 -175 -174 1
222 222 1 171 1 0 -174 -173 2
222 222 1 171 1 0 -173 -172 2
222 222 1 171 1 0 -172 -171 3
222 222 1 171 1 0 -171 -170 3
222 222 1 171 1 0 -170 -169 3
222 222 1 171 1 0 -158 -157 2
222 222 1 171 1 0 -157 -156 2
222 222 1 171 1 0 -156 -155 2
222 222 1 171 1 0 -155 -154 4
222 222 1 171 1 0 -154 -153 4
222 222 1 171 1 0 -153 -152 3
222 222 1 171 1 0 -152 -151 3
222 222 1 171 1 0 -151 -150 2
222 222 1 171 1 0 -150 -149 3
222 222 1 171 1 0 -149 -148 3
222 222 1 171 1 0 -148 -147 3
222 222 1 171 1 0 -147 -146 4
222 222 1 171 1 0 -146 -145 3
222 222 1 171 1 0 -145 -144 3
222 222 1 171 1 0 -144 -143 1
222 222 1 171 1 0 -143 -142 1
222 222 1 171 1 0 -142 -141 1
222 222 1 171 1 0 -141 -140 1
222 222 1 171 1 0 -140 -139 1
222 222 1 171 1 0 -139 -138 2
222 222 1 171 1 0 -138 -137 2
222 222 1 171 1 0 -137 -136 1
222 222 1 171 1 0 -136 -135 2
222 222 1 171 1 0 -135 -134 3
222 222 1 171 1 0 -35 -34 1
222 222 1 171 1 0 -34 -33 1
222 222 1 171 1 0 -33 -32 1
222 222 1 171 1 0 -29 -28 1
222 222 1 171 1 0 -28 -27 1
222 222 1 171 1 0 -27 -26 1
222 222 1 171 1 0 -26 -25 1
222 222 1 171 1 0 -25 -24 1
222 222 1 171 1 0 -20 -19 1
222 222 1 171 1 0 -19 -18 1
222 222 1 171 1 0 -18 -17 2
222 222 1 171 1 0 -17 -16 1
222 222 1 171 1 0 -16 -15 2
222 222 1 171 1 0 -15 -14 2
222 222 1 171 1 0 -14 -13 1
222 222 1 171 1 0 -13 -12 2
222 222 1 171 1 0 -12 -11 2
222 222 1 171 1 0 -11 -10 1
222 222 1 171 1 0 -10 -9 1
222 222 1 171 1 0 -9 -8 4
222 222 1 171 1 0 -8 -7 2
222 222 1 171 1 0 -7 -6 1
222 222 1 171 1 0 -6 -5 2
222 222 1 171 1 0 -1 0 3
222 222 1 171 1 0 2 3 2
222 222 1 171 1 0 3 4 4
222 222 1 171 1 0 4 5 4
222 222 1 171 1 0 5 6 3
222 222 1 171 1 0 6 7 1
222 222 1 171 1 0 7 8 3
222 222 1 171 1 0 8 9 2
222 222 1 171 1 0 9 10 10
222 222 1 171 1 0 10 11 9
222 222 1 171 1 0 11 12 2
222 222 1 171 1 0 12 13 4
222 222 1 171 1 0 13 14 3
222 222 1 171 1 0 14 15 3
222 222 1 171 1 0 15 16 6
222 222 1 171 1 0 16 17 4
222 222 1 171 1 0 17 18 3
222 222 1 171 1 0 18 19 4
222 222 1 171 1 0 19 20 4
222 222 1 171 1 0 20 21 4
222 222 1 171 1 0 21 22 3
222 222 1 171 1 0 22 23 3
222 222 1 171 1 0 23 24 1
222 222 1 171 1 0 30 31 8
222 222 1 171 1 0 35 36 2
222 222 1 171 1 0 36 37 3
222 222 1 171 1 0 37 38 4
222 222 1 171 1 0 38 39 3
222 222 1 171 1 0 40 41 2
222 222 1 171 1 0 41 42 2
222 222 1 171 1 0 42 43 3
222 222 1 171 1 0 43 44 2
222 222 1 171 1 0 44 45 4
222 222 1 171 1 0 45 46 4
222 222 1 171 1 0 46 47 5
222 222 1 171 1 0 47 48 3
222 222 1 171 1 0 48 49 3
222 222 1 171 1 0 49 50 2
222 222 1 171 1 0 50 51 1
222 222 1 171 1 0 51 52 1
222 222 1 171 1 0 52 53 1
222 222 1 171 1 0 755 756 3
222 222 1 171 1 0 756 757 3
222 222 1 171 1 0 757 758 3
222 222 1 171 1 0 758 759 3
222 222 1 171 1 0 759 760 3
222 222 1 171 1 0 760 761 3
222 222 1 171 1 0 761 762 3
222 222 1 171 1 0 762 763 1
222 222 1 171 1 0 763 764 2
222 222 1 171 1 0 764 765 2
222 222 1 171 1 0 765 766 2
222 222 1 171 1 0 766 767 2
222 222 1 171 1 0 767 768 2
222 222 1 171 1 0 768 769 2
222 222 1 171 1 0 769 770 2
222 2222 1 172 0 0 -304 -303 1
222 2222 1 172 0 0 -302 -301 1
222 2222 1 172 0 0 -301 -300 1
222 2222 1 172 0 0 -296 -295 1
222 2222 1 172 0 0 -294 -293 2
222 2222 1 172 0 0 -282 -281 1
222 2222 1 172 0 0 -281 -280 1
222 2222 1 172 0 0 -172 -171 1
222 2222 1 172 0 0 -171 -170 1
222 2222 1 172 0 0 -168 -167 2
222 2222 1 172 0 0 -167 -166 1
222 2222 1 172 0 0 -134 -133 1
222 2222 1 172 0 0 -129 -128 1
222 2222 1 172 0 0 -101 -100 1
222 2222 1 172 0 0 -56 -55 1
222 2222 1 172 0 0 -50 -49 1
222 2222 1 172 0 0 -41 -40 1
222 2222 1 172 0 0 2 3 2
222 2222 1 172 0 0 7 8 1
222 2222 1 172 0 0 14 15 1
222 2222 1 172 0 0 29 30 2
222 2222 1 172 0 0 30 31 12
222 2222 1 172 0 0 32 33 1
222 2222 1 172 0 0 36 37 2
222 2222 1 172 0 0 37 38 2
222 2222 1 172 0 0 43 44 3
222 2222 1 172 0 0 416 417 1
222 2222 1 172 0 0 472 473 2
222 2222 1 172 0 0 484 485 1
222 2222 1 172 0 0 486 487 1
222 2222 1 172 0 0 489 490 1
222 2222 1 172 0 0 492 493 1
222 2222 1 172 0 0 495 496 2
222 2222 1 172 0 0 501 502 1
222 2222 1 172 0 0 548 549 10
222 2222 1 172 0 0 549 550 10
222 2222 1 172 0 0 554 555 1
222 2222 1 172 0 0 556 557 1
2222 2222 1 171 1 0 -18 -17 2
2222 2222 1 171 1 0 -12 -11 2
2222 2222 1 171 1 0 -6 -5 2
2222 2222 1 171 1 0 -2 -1 2
2222 2222 1 171 1 0 5 6 2
2222 2222 1 171 1 0 15 16 5
2222 2222 1 171 1 0 16 17 4
2222 2222 1 171 1 0 17 18 3
2222 2222 1 171 1 0 34 35 1
2222 2222 -1 266 3 0 2 3 1
2222 2222 -1 266 3 1 2 3 1
222 223 1 322 2 0 -245 -244 1
222 223 1 322 2 0 -244 -243 1
222 223 1 322 2 0 -243 -242 1
222 223 1 322 2 0 -242 -241 6
222 223 1 322 2 0 -241 -240 1
222 223 1 322 2 0 -240 -239 1
222 223 1 322 2 0 -239 -238 6
222 223 1 322 2 0 -238 -237 1
222 223 1 322 2 0 -237 -236 1
222 223 1 322 2 0 -236 -235 1
222 223 1 322 2 0 -235 -234 1
222 223 1 322 2 0 -225 -224 1
222 223 1 322 2 0 -224 -223 1
222 223 1 322 2 0 -223 -222 1
222 223 1 322 2 0 -222 -221 9
222 223 1 322 2 0 -221 -220 1
222 223 1 322 2 0 -220 -219 1
222 223 1 322 2 0 -219 -218 1
222 223 1 322 2 0 -218 -217 1
222 223 1 322 2 0 -184 -183 1
222 223 1 322 2 0 -183 -182 1
222 223 1 322 2 0 -182 -181 1
222 223 1 322 2 0 -181 -180 1
222 223 1 322 2 0 -180 -179 1
222 223 1 322 2 0 -178 -177 3
222 223 1 322 2 0 -177 -176 3
222 223 1 322 2 0 -176 -175 3
222 223 1 322 2 0 -175 -174 1
222 223 1 322 2 0 -174 -173 1
222 223 1 322 2 0 -173 -172 1
222 223 1 322 2 0 -172 -171 3
222 223 1 322 2 0 -171 -170 1
222 223 1 322 2 0 -170 -169 3
222 223 1 322 2 0 -169 -168 3
222 223 1 322 2 0 -168 -167 3
222 223 1 322 2 0 -163 -162 1
222 223 1 322 2 0 -162 -161 1
222 223 1 322 2 0 -157 -156 8
222 223 1 322 2 0 -156 -155 5
222 223 1 322 2 0 -155 -154 5
222 223 1 322 2 0 -154 -153 5
222 223 1 322 2 0 -144 -143 1
222 223 1 322 2 0 -143 -142 1
222 223 1 322 2 0 -142 -141 1
222 223 1 322 2 0 -141 -140 7
222 223 1 322 2 0 -137 -136 7
222 223 1 322 2 0 -135 -134 1
222 223 1 322 2 0 -134 -133 1
222 223 1 322 2 0 -132 -131 1
222 223 1 322 2 0 -131 -130 1
222 223 1 322 2 0 -130 -129 1
222 223 1 322 2 0 -129 -128 1
222 223 1 322 2 0 -128 -127 1
222 223 1 322 2 0 -127 -126 1
222 223 1 322 2 0 -126 -125 1
222 223 1 322 2 0 -125 -124 1
222 223 1 322 2 0 -124 -123 1
222 223 1 322 2 0 -123 -122 1
222 223 1 322 2 0 -122 -121 1
222 223 1 322 2 0 -121 -120 1
222 223 1 322 2 0 -120 -119 1
222 223 1 322 2 0 -119 -118 9
222 223 1 322 2 0 -118 -117 1
222 223 1 322 2 0 -117 -116 1
222 223 1 322 2 0 -115 -114 2
222 223 1 322 2 0 -114 -113 1
222 223 1 322 2 0 -113 -112 1
222 223 1 322 2 0 -112 -111 1
222 223 1 322 2 0 -111 -110 1
222 223 1 322 2 0 -105 -104 9
222 223 1 322 2 0 -99 -98 9
222 223 1 322 2 0 -96 -95 2
222 223 1 322 2 0 -95 -94 1
222 223 1 322 2 0 -94 -93 1
222 223 1 322 2 0 -93 -92 1
222 223 1 322 2 0 -92 -91 2
222 223 1 322 2 0 -91 -90 2
222 223 1 322 2 0 -90 -89 2
222 223 1 322 2 0 -89 -88 2
222 223 1 322 2 0 -88 -87 2
222 223 1 322 2 0 -87 -86 2
222 223 1 322 2 0 -86 -85 2
222 223 1 322 2 0 -85 -84 2
222 223 1 322 2 0 -84 -83 2
222 223 1 322 2 0 -83 -82 2
222 223 1 322 2 0 -82 -81 2
222 223 1 322 2 0 -81 -80 2
222 223 1 322 2 0 -80 -79 2
222 223 1 322 2 0 -79 -78 2
222 223 1 322 2 0 -78 -77 1
222 223 1 322 2 0 -77 -76 1
222 223 1 322 2 0 -75 -74 1
222 223 1 322 2 0 -65 -64 2
222 223 1 322 2 0 -64 -63 1
222 223 1 322 2 0 -63 -62 2
222 223 1 322 2 0 -62 -61 3
222 223 1 322 2 0 -61 -60 3
222 223 1 322 2 0 -60 -59 2
222 223 1 322 2 0 -59 -58 2
222 223 1 322 2 0 -58 -57 1
222 223 1 322 2 0 -57 -56 1
222 223 1 322 2 0 -56 -55 1
222 223 1 322 2 0 -55 -54 1
222 223 1 322 2 0 -54 -53 1
222 223 1 322 2 0 -53 -52 1
222 223 1 322 2 0 -52 -51 1
222 223 1 322 2 0 -51 -50 2
222 223 1 322 2 0 -50 -49 2
222 223 1 322 2 0 -49 -48 2
222 223 1 322 2 0 -48 -47 2
222 223 1 322 2 0 -47 -46 2
222 223 1 322 2 0 -46 -45 2
222 223 1 322 2 0 -45 -44 1
222 223 1 322 2 0 -44 -43 1
222 223 1 322 2 0 -43 -42 1
222 223 1 322 2 0 -42 -41 1
222 223 1 322 2 0 -41 -40 1
222 223 1 322 2 0 -40 -39 1
222 223 1 322 2 0 -39 -38 1
222 223 1 322 2 0 -38 -37 1
222 223 1 322 2 0 -37 -36 1
222 223 1 322 2 0 -36 -35 1
222 223 1 322 2 0 -35 -34 4
222 223 1 322 2 0 -34 -33 1
222 223 1 322 2 0 -33 -32 1
222 223 1 322 2 0 -32 -31 1
222 223 1 322 2 0 -31 -30 1
222 223 1 322 2 0 -30 -29 1
222 223 1 322 2 0 -29 -28 1
222 223 1 322 2 0 -28 -27 1
222 223 1 322 2 0 -27 -26 9
222 223 1 322 2 0 -26 -25 1
222 223 1 322 2 0 -25 -24 1
222 223 1 322 2 0 -24 -23 1
222 223 1 322 2 0 -23 -22 1
222 223 1 322 2 0 -22 -21 1
222 223 1 322 2 0 -21 -20 1
222 223 1 322 2 0 -20 -19 1
222 223 1 322 2 0 -19 -18 1
222 223 1 322 2 0 -18 -17 1
222 223 1 322 2 0 -17 -16 1
222 223 1 322 2 0 -16 -15 1
222 223 1 322 2 0 -15 -14 9
222 223 1 322 2 0 -14 -13 1
222 223 1 322 2 0 -13 -12 1
222 223 1 322 2 0 -12 -11 1
222 223 1 322 2 0 -11 -10 1
222 223 1 322 2 0 -10 -9 1
222 223 1 322 2 0 -9 -8 1
222 223 1 322 2 0 -8 -7 1
222 223 1 322 2 0 -7 -6 1
222 223 1 322 2 0 -6 -5 1
222 223 1 322 2 0 -5 -4 1
222 223 1 322 2 0 1 2 2
222 223 1 322 2 0 2 3 2
222 223 1 322 2 0 3 4 2
222 223 1 322 2 0 4 5 2
222 223 1 322 2 0 5 6 1
222 223 1 322 2 0 6 7 1
222 223 1 322 2 0 7 8 2
222 223 1 322 2 0 12 13 3
222 223 1 322 2 0 13 14 3
222 223 1 322 2 0 14 15 3
222 223 1 322 2 0 15 16 3
222 223 1 322 2 0 18 19 1
222 223 1 322 2 0 19 20 1
222 223 1 322 2 0 20 21 2
222 223 1 322 2 0 21 22 1
222 223 1 322 2 0 22 23 1
222 223 1 322 2 0 23 24 1
222 223 1 322 2 0 39 40 12
222 223 1 322 2 0 60 61 1
222 223 1 322 2 0 61 62 1
222 223 1 322 2 0 62 63 1
222 223 1 322 2 0 63 64 1
222 223 1 322 2 0 64 65 1
222 223 1 322 2 0 65 66 1
222 223 1 322 2 0 66 67 1
222 223 1 322 2 0 67 68 1
222 223 1 322 2 0 68 69 1
222 223 1 322 2 0 69 70 1
222 223 1 322 2 0 70 71 1
222 223 1 322 2 0 71 72 1
222 223 1 322 2 0 72 73 1
222 223 1 322 2 0 73 74 1
222 223 1 322 2 0 74 75 1
222 223 1 322 2 0 75 76 1
222 223 1 322 2 0 76 77 1
222 223 1 322 2 0 77 78 1
222 223 1 322 2 0 78 79 1
222 223 1 322 2 0 79 80 1
222 223 1 322 2 0 80 81 1
222 223 1 322 2 0 81 82 1
222 223 1 322 2 0 82 83 1
222 223 1 322 2 0 83 84 1
222 223 1 322 2 0 84 85 1
222 223 1 322 2 0 85 86 1
222 223 1 322 2 0 86 87 1
222 223 1 322 2 0 87 88 1
222 223 1 322 2 0 88 89 7
222 223 1 322 2 0 89 90 1
222 223 1 322 2 0 90 91 4
222 223 1 322 2 0 91 92 2
222 223 1 322 2 0 92 93 2
222 223 1 322 2 0 93 94 3
222 223 1 322 2 0 94 95 2
222 223 1 322 2 0 95 96 2
222 223 1 322 2 0 96 97 2
222 223 1 322 2 0 97 98 2
222 223 1 322 2 0 98 99 2
222 223 1 322 2 0 99 100 2
222 223 1 322 2 0 100 101 2
222 223 1 322 2 0 101 102 2
222 223 1 322 2 0 102 103 2
222 223 1 322 2 0 103 104 2
222 223 1 322 2 0 104 105 2
222 223 1 322 2 0 105 106 2
222 223 1 322 2 0 106 107 2
222 223 1 322 2 0 107 108 2
222 223 1 322 2 0 108 109 2
222 223 1 322 2 0 109 110 2
222 223 1 322 2 0 110 111 1
222 223 1 322 2 0 120 121 11
222 223 1 322 2 0 122 123 1
222 223 1 322 2 0 123 124 1
222 223 1 322 2 0 131 132 1
222 223 1 322 2 0 132 133 1
222 223 1 322 2 0 133 134 1
222 223 1 322 2 0 134 135 1
222 223 1 322 2 0 135 136 1
222 223 1 322 2 0 152 153 9
222 223 1 322 2 0 170 171 8
222 223 1 322 2 0 172 173 5
222 223 1 322 2 0 173 174 5
222 223 1 322 2 0 174 175 1
222 223 1 322 2 0 176 177 1
222 223 1 322 2 0 177 178 2
222 223 1 322 2 0 178 179 1
222 223 1 322 2 0 184 185 1
222 223 1 322 2 0 186 187 1
222 223 1 322 2 0 187 188 1
222 223 1 322 2 0 188 189 1
222 223 1 322 2 0 189 190 1
222 223 1 322 2 0 193 194 1
222 223 1 322 2 0 196 197 1
222 223 1 322 2 0 197 198 1
222 223 1 322 2 0 198 199 1
222 223 1 322 2 0 199 200 1
222 223 1 322 2 0 200 201 1
222 223 1 322 2 0 201 202 1
222 223 1 322 2 0 202 203 1
222 223 1 322 2 0 203 204 1
222 223 1 322 2 0 204 205 1
222 223 1 322 2 0 205 206 1
222 223 1 322 2 0 206 207 1
222 223 1 322 2 0 207 208 1
222 223 1 322 2 0 208 209 1
222 223 1 322 2 0 209 210 1
222 223 1 322 2 0 210 211 1
222 223 1 322 2 0 211 212 1
222 223 1 322 2 0 216 217 2
222 223 1 322 2 0 228 229 1
222 223 1 322 2 0 229 230 1
222 223 1 322 2 0 230 231 1
222 223 1 322 2 0 231 232 1
222 223 1 322 2 0 233 234 1
222 223 1 322 2 0 237 238 1
222 223 1 322 2 0 239 240 1
222 223 1 322 2 0 242 243 1
222 223 1 322 2 0 243 244 1
222 223 1 322 2 0 253 254 1
222 223 1 322 2 0 254 255 1
222 223 1 322 2 0 255 256 1
222 223 1 322 2 0 256 257 2
222 223 1 322 2 0 257 258 2
222 223 1 322 2 0 258 259 2
222 223 1 322 2 0 259 260 2
222 223 1 322 2 0 260 261 2
222 223 1 322 2 0 262 263 1
222 223 1 322 2 0 263 264 1
222 223 1 322 2 0 264 265 1
222 223 1 322 2 0 265 266 1
222 223 1 322 2 0 266 267 1
222 223 1 322 2 0 267 268 1
222 223 1 322 2 0 268 269 1
222 223 1 322 2 0 269 270 1
222 223 1 322 2 0 270 271 1
222 223 1 322 2 0 271 272 1
222 223 1 322 2 0 272 273 1
222 223 1 322 2 0 273 274 1
222 223 1 322 2 0 274 275 1
222 223 1 322 2 0 275 276 1
222 223 1 322 2 0 276 277 1
222 223 1 322 2 0 277 278 1
222 223 1 322 2 0 278 279 1
222 223 1 322 2 0 279 280 1
222 223 1 322 2 0 280 281 1
222 223 1 322 2 0 324 325 1
222 223 1 322 2 0 341 342 1
222 223 1 322 2 0 342 343 2
222 223 1 322 2 0 343 344 2
222 223 1 322 2 0 344 345 2
222 223 1 322 2 0 345 346 1
222 223 1 322 2 0 346 347 1
222 223 1 322 2 0 347 348 1
222 223 1 322 2 0 348 349 1
222 223 1 322 2 0 349 350 1
222 223 1 322 2 0 350 351 2
222 223 1 322 2 0 351 352 1
222 223 1 322 2 0 352 353 1
222 223 1 322 2 0 353 354 1
222 223 1 322 2 0 354 355 1
222 223 1 322 2 0 355 356 1
222 223 1 322 2 0 356 357 1
222 223 1 322 2 0 357 358 1
222 223 1 322 2 0 358 359 1
222 223 1 322 2 0 359 360 2
222 223 1 322 2 0 360 361 1
222 223 1 322 2 0 361 362 1
222 223 1 322 2 0 362 363 1
222 223 1 322 2 0 363 364 1
222 223 1 322 2 0 364 365 1
222 223 1 322 2 0 384 385 1
222 223 1 322 2 0 386 387 1
222 223 1 322 2 0 387 388 1
222 223 1 322 2 0 388 389 1
222 223 1 322 2 0 395 396 1
222 223 1 322 2 0 430 431 1
222 223 1 322 2 0 433 434 1
222 223 1 322 2 0 434 435 1
222 223 1 322 2 0 435 436 1
222 223 1 322 2 0 436 437 1
222 223 1 322 2 0 437 438 1
222 223 1 322 2 0 438 439 1
222 223 1 322 2 0 439 440 1
222 223 1 322 2 0 440 441 1
222 223 1 322 2 0 441 442 1
222 223 1 322 2 0 442 443 1
222 223 1 322 2 0 443 444 1
222 223 1 322 2 0 444 445 1
222 223 1 322 2 0 445 446 1
222 223 1 322 2 0 446 447 1
222 223 1 322 2 0 447 448 1
222 223 1 322 2 0 448 449 1
222 223 1 322 2 0 449 450 1
222 223 1 322 2 0 517 518 1
222 223 1 322 2 0 518 519 1
222 223 1 322 2 0 519 520 1
222 223 1 322 2 0 520 521 1
222 223 1 322 2 0 521 522 1
222 223 1 322 2 0 522 523 1
222 223 1 322 2 0 523 524 1
222 223 1 322 2 0 524 525 1
222 223 1 322 2 0 525 526 1
222 223 1 322 2 0 526 527 1
222 223 1 322 2 0 528 529 1
222 223 1 322 2 0 529 530 1
222 223 1 322 2 0 530 531 1
222 223 1 322 2 0 531 532 1
222 223 1 322 2 0 532 533 1
222 223 1 322 2 0 533 534 1
222 223 1 322 2 0 534 535 1
222 223 1 322 2 0 535 536 1
222 223 1 322 2 0 536 537 1
222 223 1 322 2 0 537 538 1
222 223 1 322 2 0 538 539 1
222 223 1 322 2 0 539 540 1
222 223 1 322 2 0 540 541 1
222 223 1 322 2 0 541 542 1
222 223 1 322 2 0 542 543 1
222 223 1 322 2 0 543 544 1
222 223 1 322 2 0 544 545 1
222 223 1 322 2 0 545 546 1
222 223 1 322 2 0 546 547 1
222 223 1 322 2 0 547 548 1
222 223 1 322 2 0 548 549 1
222 223 1 322 2 0 552 553 1
222 223 1 322 2 0 553 554 1
222 223 1 322 2 0 554 555 1
222 223 1 322 2 0 555 556 1
222 223 1 322 2 0 556 557 1
222 223 1 322 2 0 557 558 1
222 223 1 322 2 0 558 559 1
222 223 1 322 2 0 559 560 1
222 223 1 322 2 0 560 561 1
222 223 1 322 2 0 561 562 1
222 223 1 322 2 0 562 563 1
222 223 1 322 2 0 563 564 1
222 223 1 322 2 0 564 565 1
222 223 1 322 2 0 565 566 1
222 223 1 322 2 0 566 567 1
222 223 1 322 2 0 567 568 1
222 223 1 322 2 0 568 569 1
222 223 1 322 2 0 569 570 1
222 223 1 322 2 0 570 571 1
222 223 1 322 2 0 571 572 1
222 223 1 322 2 0 572 573 1
222 223 1 322 2 0 573 574 1
222 223 1 322 2 0 574 575 1
222 223 1 322 2 0 575 576 1
222 223 1 322 2 0 576 577 1
222 223 1 322 2 0 577 578 1
222 223 1 322 2 0 578 579 1
222 223 1 322 2 0 579 580 1
222 223 1 322 2 0 580 581 1
222 223 1 322 2 0 581 582 1
222 223 1 322 2 0 582 583 1
222 223 1 322 2 0 583 584 1
222 223 1 322 2 0 584 585 1
222 223 1 322 2 0 585 586 2
222 223 1 322 2 0 586 587 1
222 223 1 322 2 0 587 588 1
222 223 1 322 2 0 588 589 1
222 223 1 322 2 0 589 590 1
222 223 1 322 2 0 590 591 1
222 223 1 322 2 0 591 592 1
222 223 1 322 2 0 592 593 1
222 223 1 322 2 0 593 594 1
222 223 1 322 2 0 594 595 1
222 223 1 322 2 0 595 596 1
222 223 1 322 2 0 596 597 1
222 223 1 322 2 0 597 598 1
222 223 1 322 2 0 598 599 1
222 223 1 322 2 0 599 600 1
222 223 1 322 2 0 600 601 1
222 223 1 322 2 0 601 602 1
222 223 1 322 2 0 602 603 1
222 223 1 322 2 0 603 604 1
222 223 1 322 2 0 604 605 1
222 223 1 322 2 0 606 607 1
222 223 1 322 2 0 607 608 2
222 223 1 322 2 0 608 609 2
222 223 1 322 2 0 609 610 2
222 223 1 322 2 0 610 611 2
222 223 1 322 2 0 611 612 2
222 223 1 322 2 0 612 613 2
222 223 1 322 2 0 613 614 2
222 223 1 322 2 0 614 615 2
222 223 1 322 2 0 615 616 2
222 223 1 322 2 0 616 617 2
222 223 1 322 2 0 617 618 2
222 223 1 322 2 0 618 619 2
222 223 1 322 2 0 619 620 2
222 223 1 322 2 0 620 621 2
222 223 1 322 2 0 621 622 2
222 223 1 322 2 0 622 623 2
222 223 1 322 2 0 623 624 2
222 223 1 322 2 0 624 625 2
222 223 1 322 2 0 625 626 2
222 223 1 322 2 0 626 627 2
222 223 1 322 2 0 627 628 2
222 223 1 322 2 0 628 629 2
222 223 1 322 2 0 629 630 2
222 223 1 322 2 0 630 631 2
222 223 1 322 2 0 631 632 2
222 223 1 322 2 0 632 633 2
222 223 1 322 2 0 633 634 2
222 223 1 322 2 0 634 635 2
222 223 1 322 2 0 635 636 2
222 223 1 322 2 0 636 637 2
222 223 1 322 2 0 637 638 2
222 223 1 322 2 0 638 639 2
222 223 1 322 2 0 639 640 2
222 223 1 322 2 0 670 671 1
222 223 1 322 2 0 671 672 1
222 223 1 322 2 0 672 673 1
222 223 1 322 2 0 673 674 1
222 223 1 322 2 0 674 675 1
222 223 1 322 2 0 675 676 1
222 223 1 322 2 0 676 677 1
222 223 1 322 2 0 677 678 1
222 223 1 322 2 0 678 679 1
222 223 1 322 2 0 679 680 1
222 223 1 322 2 0 680 681 1
222 223 1 322 2 0 681 682 1
222 223 1 322 2 0 682 683 1
222 223 1 322 2 0 683 684 1
222 223 1 322 2 0 684 685 1
222 223 1 322 2 0 685 686 1
222 223 1 322 2 0 686 687 1
222 223 1 322 2 0 687 688 1
222 223 1 322 2 0 688 689 1
222 223 1 322 2 0 689 690 1
222 223 1 322 2 0 690 691 1
222 223 1 322 2 0 721 722 1
222 223 1 322 2 0 722 723 1
222 223 1 322 2 0 723 724 1
222 223 1 322 2 0 724 725 1
222 223 1 322 2 0 725 726 1
222 223 1 322 2 0 726 727 1
222 223 1 322 2 0 727 728 1
222 223 1 323 0 0 -251 -250 1
222 223 1 323 0 0 -250 -249 1
222 223 1 323 0 0 -249 -248 1
222 223 1 323 0 0 -248 -247 1
222 223 1 323 0 0 -247 -246 1
222 223 1 323 0 0 -245 -244 1
222 223 1 323 0 0 -244 -243 1
222 223 1 323 0 0 -243 -242 1
222 223 1 323 0 0 -242 -241 1
222 223 1 323 0 0 -241 -240 1
222 223 1 323 0 0 -240 -239 1
222 223 1 323 0 0 -239 -238 1
222 223 1 323 0 0 -238 -237 1
222 223 1 323 0 0 -237 -236 1
222 223 1 323 0 0 -236 -235 1
222 223 1 323 0 0 -235 -234 5
222 223 1 323 0 0 -224 -223 1
222 223 1 323 0 0 -223 -222 1
222 223 1 323 0 0 -222 -221 1
222 223 1 323 0 0 -221 -220 1
222 223 1 323 0 0 -220 -219 1
222 223 1 323 0 0 -219 -218 1
222 223 1 323 0 0 -218 -217 1
222 223 1 323 0 0 -184 -183 1
222 223 1 323 0 0 -183 -182 1
222 223 1 323 0 0 -182 -181 1
222 223 1 323 0 0 -181 -180 1
222 223 1 323 0 0 -180 -179 1
222 223 1 323 0 0 -178 -177 3
222 223 1 323 0 0 -177 -176 3
222 223 1 323 0 0 -176 -175 3
222 223 1 323 0 0 -175 -174 1
222 223 1 323 0 0 -174 -173 1
222 223 1 323 0 0 -173 -172 1
222 223 1 323 0 0 -172 -171 1
222 223 1 323 0 0 -171 -170 1
222 223 1 323 0 0 -170 -169 3
222 223 1 323 0 0 -169 -168 3
222 223 1 323 0 0 -168 -167 3
222 223 1 323 0 0 -166 -165 1
222 223 1 323 0 0 -165 -164 1
222 223 1 323 0 0 -163 -162 1
222 223 1 323 0 0 -162 -161 1
222 223 1 323 0 0 -161 -160 1
222 223 1 323 0 0 -160 -159 1
222 223 1 323 0 0 -156 -155 5
222 223 1 323 0 0 -155 -154 5
222 223 1 323 0 0 -154 -153 5
222 223 1 323 0 0 -149 -148 1
222 223 1 323 0 0 -148 -147 1
222 223 1 323 0 0 -147 -146 1
222 223 1 323 0 0 -146 -145 1
222 223 1 323 0 0 -145 -144 1
222 223 1 323 0 0 -144 -143 1
222 223 1 323 0 0 -143 -142 1
222 223 1 323 0 0 -142 -141 1
222 223 1 323 0 0 -141 -140 2
222 223 1 323 0 0 -135 -134 2
222 223 1 323 0 0 -133 -132 1
222 223 1 323 0 0 -132 -131 1
222 223 1 323 0 0 -131 -130 1
222 223 1 323 0 0 -130 -129 1
222 223 1 323 0 0 -129 -128 2
222 223 1 323 0 0 -128 -127 1
222 223 1 323 0 0 -127 -126 1
222 223 1 323 0 0 -126 -125 1
222 223 1 323 0 0 -125 -124 1
222 223 1 323 0 0 -124 -123 1
222 223 1 323 0 0 -123 -122 2
222 223 1 323 0 0 -122 -121 2
222 223 1 323 0 0 -121 -120 1
222 223 1 323 0 0 -120 -119 1
222 223 1 323 0 0 -119 -118 2
222 223 1 323 0 0 -118 -117 2
222 223 1 323 0 0 -117 -116 2
222 223 1 323 0 0 -116 -115 1
222 223 1 323 0 0 -115 -114 1
222 223 1 323 0 0 -114 -113 1
222 223 1 323 0 0 -113 -112 1
222 223 1 323 0 0 -112 -111 1
222 223 1 323 0 0 -111 -110 1
222 223 1 323 0 0 -110 -109 1
222 223 1 323 0 0 -96 -95 1
222 223 1 323 0 0 -95 -94 1
222 223 1 323 0 0 -94 -93 1
222 223 1 323 0 0 -92 -91 1
222 223 1 323 0 0 -91 -90 1
222 223 1 323 0 0 -90 -89 2
222 223 1 323 0 0 -89 -88 1
222 223 1 323 0 0 -88 -87 1
222 223 1 323 0 0 -87 -86 1
222 223 1 323 0 0 -86 -85 1
222 223 1 323 0 0 -85 -84 1
222 223 1 323 0 0 -84 -83 1
222 223 1 323 0 0 -83 -82 1
222 223 1 323 0 0 -82 -81 1
222 223 1 323 0 0 -81 -80 1
222 223 1 323 0 0 -80 -79 1
222 223 1 323 0 0 -79 -78 2
222 223 1 323 0 0 -78 -77 1
222 223 1 323 0 0 -77 -76 1
222 223 1 323 0 0 -76 -75 1
222 223 1 323 0 0 -75 -74 1
222 223 1 323 0 0 -74 -73 1
222 223 1 323 0 0 -73 -72 1
222 223 1 323 0 0 -72 -71 1
222 223 1 323 0 0 -71 -70 1
222 223 1 323 0 0 -70 -69 1
222 223 1 323 0 0 -69 -68 1
222 223 1 323 0 0 -68 -67 1
222 223 1 323 0 0 -67 -66 1
222 223 1 323 0 0 -66 -65 1
222 223 1 323 0 0 -65 -64 3
222 223 1 323 0 0 -64 -63 2
222 223 1 323 0 0 -63 -62 2
222 223 1 323 0 0 -62 -61 2
222 223 1 323 0 0 -61 -60 1
222 223 1 323 0 0 -60 -59 1
222 223 1 323 0 0 -59 -58 2
222 223 1 323 0 0 -58 -57 1
222 223 1 323 0 0 -57 -56 1
222 223 1 323 0 0 -56 -55 1
222 223 1 323 0 0 -55 -54 1
222 223 1 323 0 0 -54 -53 1
222 223 1 323 0 0 -53 -52 1
222 223 1 323 0 0 -52 -51 2
222 223 1 323 0 0 -51 -50 2
222 223 1 323 0 0 -50 -49 2
222 223 1 323 0 0 -49 -48 2
222 223 1 323 0 0 -48 -47 2
222 223 1 323 0 0 -47 -46 2
222 223 1 323 0 0 -45 -44 1
222 223 1 323 0 0 -44 -43 1
222 223 1 323 0 0 -43 -42 1
222 223 1 323 0 0 -42 -41 1
222 223 1 323 0 0 -41 -40 1
222 223 1 323 0 0 -40 -39 1
222 223 1 323 0 0 -39 -38 1
222 223 1 323 0 0 -38 -37 1
222 223 1 323 0 0 -37 -36 1
222 223 1 323 0 0 -36 -35 1
222 223 1 323 0 0 -35 -34 1
222 223 1 323 0 0 -34 -33 1
222 223 1 323 0 0 -33 -32 1
222 223 1 323 0 0 -32 -31 2
222 223 1 323 0 0 -31 -30 2
222 223 1 323 0 0 -30 -29 1
222 223 1 323 0 0 -29 -28 1
222 223 1 323 0 0 -28 -27 1
222 223 1 323 0 0 -27 -26 1
222 223 1 323 0 0 -26 -25 1
222 223 1 323 0 0 -25 -24 1
222 223 1 323 0 0 -24 -23 1
222 223 1 323 0 0 -23 -22 1
222 223 1 323 0 0 -22 -21 1
222 223 1 323 0 0 -21 -20 1
222 223 1 323 0 0 -20 -19 1
222 223 1 323 0 0 -19 -18 1
222 223 1 323 0 0 -18 -17 1
222 223 1 323 0 0 -17 -16 1
222 223 1 323 0 0 -16 -15 1
222 223 1 323 0 0 -15 -14 1
222 223 1 323 0 0 -14 -13 1
222 223 1 323 0 0 -13 -12 1
222 223 1 323 0 0 -12 -11 1
222 223 1 323 0 0 -11 -10 1
222 223 1 323 0 0 -10 -9 1
222 223 1 323 0 0 -9 -8 1
222 223 1 323 0 0 -8 -7 1
222 223 1 323 0 0 -7 -6 2
222 223 1 323 0 0 -6 -5 2
222 223 1 323 0 0 -5 -4 2
222 223 1 323 0 0 1 2 2
222 223 1 323 0 0 2 3 2
222 223 1 323 0 0 3 4 2
222 223 1 323 0 0 4 5 2
222 223 1 323 0 0 5 6 1
222 223 1 323 0 0 6 7 2
222 223 1 323 0 0 7 8 3
222 223 1 323 0 0 12 13 3
222 223 1 323 0 0 13 14 3
222 223 1 323 0 0 14 15 3
222 223 1 323 0 0 15 16 3
222 223 1 323 0 0 18 19 1
222 223 1 323 0 0 19 20 1
222 223 1 323 0 0 20 21 1
222 223 1 323 0 0 21 22 1
222 223 1 323 0 0 22 23 1
222 223 1 323 0 0 23 24 1
222 223 1 323 0 0 60 61 1
222 223 1 323 0 0 61 62 1
222 223 1 323 0 0 62 63 1
222 223 1 323 0 0 63 64 1
222 223 1 323 0 0 64 65 1
222 223 1 323 0 0 65 66 1
222 223 1 323 0 0 66 67 1
222 223 1 323 0 0 67 68 1
222 223 1 323 0 0 68 69 1
222 223 1 323 0 0 69 70 1
222 223 1 323 0 0 70 71 1
222 223 1 323 0 0 71 72 1
222 223 1 323 0 0 72 73 1
222 223 1 323 0 0 73 74 1
222 223 1 323 0 0 74 75 1
222 223 1 323 0 0 75 76 1
222 223 1 323 0 0 76 77 1
222 223 1 323 0 0 77 78 1
222 223 1 323 0 0 78 79 1
222 223 1 323 0 0 79 80 1
222 223 1 323 0 0 80 81 1
222 223 1 323 0 0 81 82 1
222 223 1 323 0 0 82 83 1
222 223 1 323 0 0 83 84 1
222 223 1 323 0 0 84 85 1
222 223 1 323 0 0 85 86 1
222 223 1 323 0 0 86 87 1
222 223 1 323 0 0 87 88 1
222 223 1 323 0 0 88 89 1
222 223 1 323 0 0 89 90 1
222 223 1 323 0 0 90 91 4
222 223 1 323 0 0 91 92 3
222 223 1 323 0 0 92 93 3
222 223 1 323 0 0 93 94 3
222 223 1 323 0 0 94 95 4
222 223 1 323 0 0 95 96 4
222 223 1 323 0 0 96 97 3
222 223 1 323 0 0 97 98 3
222 223 1 323 0 0 98 99 3
222 223 1 323 0 0 99 100 3
222 223 1 323 0 0 100 101 3
222 223 1 323 0 0 101 102 3
222 223 1 323 0 0 102 103 3
222 223 1 323 0 0 103 104 3
222 223 1 323 0 0 104 105 3
222 223 1 323 0 0 105 106 3
222 223 1 323 0 0 106 107 3
222 223 1 323 0 0 107 108 2
222 223 1 323 0 0 108 109 2
222 223 1 323 0 0 109 110 2
222 223 1 323 0 0 110 111 2
222 223 1 323 0 0 111 112 1
222 223 1 323 0 0 112 113 1
222 223 1 323 0 0 120 121 1
222 223 1 323 0 0 121 122 1
222 223 1 323 0 0 122 123 1
222 223 1 323 0 0 123 124 1
222 223 1 323 0 0 124 125 1
222 223 1 323 0 0 125 126 1
222 223 1 323 0 0 126 127 1
222 223 1 323 0 0 127 128 1
222 223 1 323 0 0 129 130 1
222 223 1 323 0 0 130 131 1
222 223 1 323 0 0 131 132 1
222 223 1 323 0 0 132 133 1
222 223 1 323 0 0 133 134 1
222 223 1 323 0 0 143 144 1
222 223 1 323 0 0 144 145 1
222 223 1 323 0 0 145 146 1
222 223 1 323 0 0 146 147 1
222 223 1 323 0 0 147 148 1
222 223 1 323 0 0 148 149 1
222 223 1 323 0 0 149 150 1
222 223 1 323 0 0 150 151 1
222 223 1 323 0 0 151 152 1
222 223 1 323 0 0 152 153 2
222 223 1 323 0 0 153 154 1
222 223 1 323 0 0 154 155 1
222 223 1 323 0 0 155 156 1
222 223 1 323 0 0 156 157 1
222 223 1 323 0 0 161 162 1
222 223 1 323 0 0 162 163 1
222 223 1 323 0 0 163 164 1
222 223 1 323 0 0 164 165 1
222 223 1 323 0 0 165 166 1
222 223 1 323 0 0 166 167 1
222 223 1 323 0 0 167 168 1
222 223 1 323 0 0 168 169 1
222 223 1 323 0 0 170 171 1
222 223 1 323 0 0 171 172 1
222 223 1 323 0 0 172 173 1
222 223 1 323 0 0 173 174 1
222 223 1 323 0 0 174 175 1
222 223 1 323 0 0 176 177 2
222 223 1 323 0 0 177 178 2
222 223 1 323 0 0 178 179 2
222 223 1 323 0 0 179 180 2
222 223 1 323 0 0 180 181 1
222 223 1 323 0 0 184 185 1
222 223 1 323 0 0 185 186 1
222 223 1 323 0 0 186 187 2
222 223 1 323 0 0 187 188 2
222 223 1 323 0 0 189 190 1
222 223 1 323 0 0 190 191 1
222 223 1 323 0 0 191 192 1
222 223 1 323 0 0 196 197 1
222 223 1 323 0 0 197 198 1
222 223 1 323 0 0 198 199 1
222 223 1 323 0 0 199 200 1
222 223 1 323 0 0 200 201 1
222 223 1 323 0 0 201 202 1
222 223 1 323 0 0 202 203 1
222 223 1 323 0 0 203 204 1
222 223 1 323 0 0 204 205 3
222 223 1 323 0 0 205 206 4
222 223 1 323 0 0 206 207 1
222 223 1 323 0 0 207 208 2
222 223 1 323 0 0 208 209 2
222 223 1 323 0 0 209 210 2
222 223 1 323 0 0 210 211 2
222 223 1 323 0 0 211 212 1
222 223 1 323 0 0 212 213 1
222 223 1 323 0 0 213 214 1
222 223 1 323 0 0 214 215 1
222 223 1 323 0 0 215 216 1
222 223 1 323 0 0 216 217 1
222 223 1 323 0 0 217 218 1
222 223 1 323 0 0 218 219 1
222 223 1 323 0 0 219 220 1
222 223 1 323 0 0 220 221 1
222 223 1 323 0 0 221 222 1
222 223 1 323 0 0 222 223 1
222 223 1 323 0 0 223 224 1
222 223 1 323 0 0 224 225 1
222 223 1 323 0 0 225 226 1
222 223 1 323 0 0 226 227 1
222 223 1 323 0 0 227 228 1
222 223 1 323 0 0 228 229 2
222 223 1 323 0 0 229 230 1
222 223 1 323 0 0 230 231 1
222 223 1 323 0 0 231 232 2
222 223 1 323 0 0 232 233 2
222 223 1 323 0 0 233 234 2
222 223 1 323 0 0 234 235 2
222 223 1 323 0 0 235 236 2
222 223 1 323 0 0 236 237 2
222 223 1 323 0 0 237 238 2
222 223 1 323 0 0 238 239 1
222 223 1 323 0 0 239 240 1
222 223 1 323 0 0 240 241 1
222 223 1 323 0 0 242 243 1
222 223 1 323 0 0 248 249 1
222 223 1 323 0 0 249 250 1
222 223 1 323 0 0 250 251 1
222 223 1 323 0 0 251 252 2
222 223 1 323 0 0 252 253 1
222 223 1 323 0 0 253 254 1
222 223 1 323 0 0 254 255 1
222 223 1 323 0 0 260 261 1
222 223 1 323 0 0 261 262 1
222 223 1 323 0 0 262 263 1
222 223 1 323 0 0 263 264 1
222 223 1 323 0 0 264 265 2
222 223 1 323 0 0 265 266 2
222 223 1 323 0 0 266 267 2
222 223 1 323 0 0 267 268 2
222 223 1 323 0 0 268 269 2
222 223 1 323 0 0 269 270 2
222 223 1 323 0 0 270 271 2
222 223 1 323 0 0 271 272 2
222 223 1 323 0 0 272 273 2
222 223 1 323 0 0 273 274 1
222 223 1 323 0 0 274 275 2
222 223 1 323 0 0 275 276 1
222 223 1 323 0 0 276 277 1
222 223 1 323 0 0 277 278 1
222 223 1 323 0 0 278 279 1
222 223 1 323 0 0 279 280 1
222 223 1 323 0 0 280 281 1
222 223 1 323 0 0 281 282 1
222 223 1 323 0 0 295 296 1
222 223 1 323 0 0 296 297 1
222 223 1 323 0 0 297 298 1
222 223 1 323 0 0 298 299 1
222 223 1 323 0 0 299 300 1
222 223 1 323 0 0 300 301 1
222 223 1 323 0 0 301 302 1
222 223 1 323 0 0 302 303 1
222 223 1 323 0 0 303 304 1
222 223 1 323 0 0 304 305 1
222 223 1 323 0 0 307 308 1
222 223 1 323 0 0 308 309 1
222 223 1 323 0 0 309 310 2
222 223 1 323 0 0 310 311 1
222 223 1 323 0 0 311 312 1
222 223 1 323 0 0 312 313 1
222 223 1 323 0 0 313 314 1
222 223 1 323 0 0 314 315 1
222 223 1 323 0 0 315 316 1
222 223 1 323 0 0 316 317 1
222 223 1 323 0 0 318 319 1
222 223 1 323 0 0 319 320 1
222 223 1 323 0 0 320 321 1
222 223 1 323 0 0 333 334 1
222 223 1 323 0 0 342 343 1
222 223 1 323 0 0 343 344 1
222 223 1 323 0 0 344 345 2
222 223 1 323 0 0 345 346 2
222 223 1 323 0 0 346 347 2
222 223 1 323 0 0 347 348 2
222 223 1 323 0 0 348 349 2
222 223 1 323 0 0 349 350 1
222 223 1 323 0 0 350 351 2
222 223 1 323 0 0 351 352 2
222 223 1 323 0 0 352 353 2
222 223 1 323 0 0 353 354 2
222 223 1 323 0 0 354 355 2
222 223 1 323 0 0 355 356 2
222 223 1 323 0 0 356 357 2
222 223 1 323 0 0 357 358 2
222 223 1 323 0 0 358 359 2
222 223 1 323 0 0 359 360 2
222 223 1 323 0 0 360 361 2
222 223 1 323 0 0 361 362 2
222 223 1 323 0 0 362 363 2
222 223 1 323 0 0 363 364 1
222 223 1 323 0 0 364 365 1
222 223 1 323 0 0 384 385 1
222 223 1 323 0 0 385 386 1
222 223 1 323 0 0 386 387 1
222 223 1 323 0 0 387 388 1
222 223 1 323 0 0 392 393 1
222 223 1 323 0 0 417 418 1
222 223 1 323 0 0 420 421 1
222 223 1 323 0 0 421 422 1
222 223 1 323 0 0 423 424 1
222 223 1 323 0 0 424 425 1
222 223 1 323 0 0 425 426 1
222 223 1 323 0 0 426 427 1
222 223 1 323 0 0 427 428 1
222 223 1 323 0 0 428 429 1
222 223 1 323 0 0 429 430 1
222 223 1 323 0 0 430 431 1
222 223 1 323 0 0 432 433 1
222 223 1 323 0 0 433 434 1
222 223 1 323 0 0 434 435 1
222 223 1 323 0 0 435 436 1
222 223 1 323 0 0 436 437 1
222 223 1 323 0 0 437 438 1
222 223 1 323 0 0 438 439 1
222 223 1 323 0 0 439 440 1
222 223 1 323 0 0 440 441 1
222 223 1 323 0 0 441 442 1
222 223 1 323 0 0 442 443 1
222 223 1 323 0 0 443 444 1
222 223 1 323 0 0 444 445 1
222 223 1 323 0 0 445 446 2
222 223 1 323 0 0 446 447 2
222 223 1 323 0 0 447 448 1
222 223 1 323 0 0 448 449 2
222 223 1 323 0 0 449 450 2
222 223 1 323 0 0 517 518 1
222 223 1 323 0 0 518 519 1
222 223 1 323 0 0 519 520 1
222 223 1 323 0 0 520 521 1
222 223 1 323 0 0 521 522 2
222 223 1 323 0 0 522 523 1
222 223 1 323 0 0 523 524 1
222 223 1 323 0 0 524 525 1
222 223 1 323 0 0 525 526 1
222 223 1 323 0 0 526 527 1
222 223 1 323 0 0 527 528 1
222 223 1 323 0 0 528 529 1
222 223 1 323 0 0 529 530 1
222 223 1 323 0 0 530 531 1
222 223 1 323 0 0 531 532 1
222 223 1 323 0 0 532 533 1
222 223 1 323 0 0 533 534 1
222 223 1 323 0 0 534 535 1
222 223 1 323 0 0 535 536 1
222 223 1 323 0 0 536 537 1
222 223 1 323 0 0 537 538 1
222 223 1 323 0 0 538 539 1
222 223 1 323 0 0 539 540 1
222 223 1 323 0 0 540 541 1
222 223 1 323 0 0 541 542 1
222 223 1 323 0 0 542 543 1
222 223 1 323 0 0 543 544 1
222 223 1 323 0 0 544 545 1
222 223 1 323 0 0 545 546 1
222 223 1 323 0 0 546 547 1
222 223 1 323 0 0 547 548 1
222 223 1 323 0 0 548 549 1
222 223 1 323 0 0 552 553 1
222 223 1 323 0 0 553 554 1
222 223 1 323 0 0 554 555 1
222 223 1 323 0 0 555 556 1
222 223 1 323 0 0 556 557 1
222 223 1 323 0 0 557 558 1
222 223 1 323 0 0 558 559 1
222 223 1 323 0 0 559 560 1
222 223 1 323 0 0 560 561 1
222 223 1 323 0 0 561 562 1
222 223 1 323 0 0 562 563 1
222 223 1 323 0 0 563 564 1
222 223 1 323 0 0 564 565 1
222 223 1 323 0 0 565 566 1
222 223 1 323 0 0 566 567 1
222 223 1 323 0 0 567 568 1
222 223 1 323 0 0 568 569 1
222 223 1 323 0 0 569 570 1
222 223 1 323 0 0 570 571 1
222 223 1 323 0 0 571 572 1
222 223 1 323 0 0 572 573 1
222 223 1 323 0 0 573 574 1
222 223 1 323 0 0 574 575 1
222 223 1 323 0 0 575 576 1
222 223 1 323 0 0 576 577 1
222 223 1 323 0 0 577 578 1
222 223 1 323 0 0 578 579 1
222 223 1 323 0 0 579 580 1
222 223 1 323 0 0 580 581 1
222 223 1 323 0 0 581 582 1
222 223 1 323 0 0 582 583 1
222 223 1 323 0 0 583 584 1
222 223 1 323 0 0 584 585 1
222 223 1 323 0 0 585 586 1
222 223 1 323 0 0 586 587 1
222 223 1 323 0 0 587 588 1
222 223 1 323 0 0 588 589 1
222 223 1 323 0 0 589 590 1
222 223 1 323 0 0 590 591 2
222 223 1 323 0 0 591 592 3
222 223 1 323 0 0 592 593 3
222 223 1 323 0 0 593 594 3
222 223 1 323 0 0 594 595 3
222 223 1 323 0 0 595 596 3
222 223 1 323 0 0 596 597 3
222 223 1 323 0 0 597 598 3
222 223 1 323 0 0 598 599 3
222 223 1 323 0 0 599 600 3
222 223 1 323 0 0 600 601 3
222 223 1 323 0 0 601 602 3
222 223 1 323 0 0 602 603 3
222 223 1 323 0 0 603 604 3
222 223 1 323 0 0 604 605 1
222 223 1 323 0 0 606 607 1
222 223 1 323 0 0 607 608 2
222 223 1 323 0 0 608 609 2
222 223 1 323 0 0 609 610 2
222 223 1 323 0 0 610 611 2
222 223 1 323 0 0 611 612 2
222 223 1 323 0 0 612 613 2
222 223 1 323 0 0 613 614 2
222 223 1 323 0 0 614 615 2
222 223 1 323 0 0 615 616 2
222 223 1 323 0 0 616 617 2
222 223 1 323 0 0 617 618 2
222 223 1 323 0 0 618 619 2
222 223 1 323 0 0 619 620 2
222 223 1 323 0 0 620 621 2
222 223 1 323 0 0 621 622 2
222 223 1 323 0 0 622 623 2
222 223 1 323 0 0 623 624 2
222 223 1 323 0 0 624 625 2
222 223 1 323 0 0 625 626 2
222 223 1 323 0 0 626 627 2
222 223 1 323 0 0 627 628 2
222 223 1 323 0 0 628 629 2
222 223 1 323 0 0 629 630 2
222 223 1 323 0 0 630 631 2
222 223 1 323 0 0 631 632 2
222 223 1 323 0 0 632 633 2
222 223 1 323 0 0 633 634 2
222 223 1 323 0 0 634 635 2
222 223 1 323 0 0 635 636 2
222 223 1 323 0 0 636 637 2
222 223 1 323 0 0 637 638 2
222 223 1 323 0 0 638 639 2
222 223 1 323 0 0 639 640 2
222 223 1 323 0 0 640 641 1
222 223 1 323 0 0 641 642 1
222 223 1 323 0 0 642 643 1
222 223 1 323 0 0 643 644 1
222 223 1 323 0 0 645 646 1
222 223 1 323 0 0 648 649 1
222 223 1 323 0 0 649 650 1
222 223 1 323 0 0 650 651 1
222 223 1 323 0 0 651 652 1
222 223 1 323 0 0 653 654 1
222 223 1 323 0 0 654 655 1
222 223 1 323 0 0 668 669 1
222 223 1 323 0 0 669 670 1
222 223 1 323 0 0 670 671 1
222 223 1 323 0 0 671 672 1
222 223 1 323 0 0 672 673 1
222 223 1 323 0 0 673 674 1
222 223 1 323 0 0 674 675 1
222 223 1 323 0 0 675 676 1
222 223 1 323 0 0 676 677 1
222 223 1 323 0 0 677 678 1
222 223 1 323 0 0 678 679 1
222 223 1 323 0 0 679 680 1
222 223 1 323 0 0 680 681 1
222 223 1 323 0 0 681 682 1
222 223 1 323 0 0 682 683 1
222 223 1 323 0 0 683 684 1
222 223 1 323 0 0 684 685 1
222 223 1 323 0 0 685 686 1
222 223 1 323 0 0 686 687 1
222 223 1 323 0 0 687 688 1
222 223 1 323 0 0 688 689 1
222 223 1 323 0 0 689 690 1
222 223 1 323 0 0 690 691 1
222 223 1 323 0 0 702 703 1
222 223 1 323 0 0 704 705 1
222 223 1 323 0 0 705 706 1
222 223 1 323 0 0 707 708 1
222 223 1 323 0 0 711 712 1
222 223 1 323 0 0 713 714 1
222 223 1 323 0 0 714 715 1
222 223 1 323 0 0 716 717 1
222 223 1 323 0 0 718 719 1
222 223 1 323 0 0 719 720 1
222 223 1 323 0 0 720 721 1
222 223 1 323 0 0 721 722 1
222 223 1 323 0 0 722 723 1
222 223 1 323 0 0 723 724 1
222 223 1 323 0 0 724 725 1
222 223 1 323 0 0 725 726 1
222 223 1 323 0 0 726 727 1
222 223 1 323 0 0 727 728 1
222 223 1 323 2 0 -282 -281 1
222 223 1 323 2 0 -281 -280 1
222 223 1 323 2 0 -280 -279 1
222 223 1 323 2 0 -279 -278 1
222 223 1 323 2 0 -278 -277 1
222 223 1 323 2 0 -277 -276 1
222 223 1 323 2 0 -276 -275 1
222 223 1 323 2 0 -275 -274 1
222 223 1 323 2 0 -274 -273 1
222 223 1 323 2 0 -273 -272 1
222 223 1 323 2 0 -272 -271 1
222 223 1 323 2 0 -265 -264 2
222 223 1 323 2 0 -264 -263 2
222 223 1 323 2 0 -263 -262 2
222 223 1 323 2 0 -262 -261 2
222 223 1 323 2 0 -261 -260 2
222 223 1 323 2 0 -256 -255 2
222 223 1 323 2 0 -255 -254 2
222 223 1 323 2 0 -254 -253 1
222 223 1 323 2 0 -253 -252 1
222 223 1 323 2 0 -252 -251 1
222 223 1 323 2 0 -251 -250 1
222 223 1 323 2 0 -250 -249 1
222 223 1 323 2 0 -249 -248 1
222 223 1 323 2 0 -248 -247 1
222 223 1 323 2 0 -246 -245 1
222 223 1 323 2 0 -244 -243 1
222 223 1 323 2 0 -243 -242 1
222 223 1 323 2 0 -241 -240 1
222 223 1 323 2 0 -235 -234 2
222 223 1 323 2 0 -234 -233 1
222 223 1 323 2 0 -233 -232 1
222 223 1 323 2 0 -232 -231 1
222 223 1 323 2 0 -231 -230 1
222 223 1 323 2 0 -230 -229 1
222 223 1 323 2 0 -229 -228 1
222 223 1 323 2 0 -228 -227 1
222 223 1 323 2 0 -227 -226 1
222 223 1 323 2 0 -226 -225 1
222 223 1 323 2 0 -224 -223 1
222 223 1 323 2 0 -222 -221 1
222 223 1 323 2 0 -221 -220 1
222 223 1 323 2 0 -220 -219 1
222 223 1 323 2 0 -209 -208 1
222 223 1 323 2 0 -208 -207 1
222 223 1 323 2 0 -207 -206 1
222 223 1 323 2 0 -206 -205 1
222 223 1 323 2 0 -205 -204 1
222 223 1 323 2 0 -204 -203 1
222 223 1 323 2 0 -203 -202 1
222 223 1 323 2 0 -156 -155 4
222 223 1 323 2 0 -155 -154 4
222 223 1 323 2 0 -154 -153 4
222 223 1 323 2 0 -144 -143 1
222 223 1 323 2 0 -142 -141 1
222 223 1 323 2 0 -141 -140 1
222 223 1 323 2 0 -135 -134 1
222 223 1 323 2 0 -131 -130 1
222 223 1 323 2 0 -130 -129 1
222 223 1 323 2 0 -129 -128 2
222 223 1 323 2 0 -128 -127 1
222 223 1 323 2 0 -120 -119 1
222 223 1 323 2 0 -119 -118 1
222 223 1 323 2 0 -118 -117 1
222 223 1 323 2 0 -113 -112 1
222 223 1 323 2 0 -91 -90 1
222 223 1 323 2 0 -90 -89 1
222 223 1 323 2 0 -89 -88 1
222 223 1 323 2 0 -79 -78 1
222 223 1 323 2 0 -77 -76 1
222 223 1 323 2 0 -76 -75 1
222 223 1 323 2 0 -75 -74 1
222 223 1 323 2 0 -73 -72 1
222 223 1 323 2 0 -68 -67 1
222 223 1 323 2 0 -65 -64 1
222 223 1 323 2 0 -64 -63 1
222 223 1 323 2 0 -63 -62 1
222 223 1 323 2 0 -62 -61 1
222 223 1 323 2 0 -61 -60 1
222 223 1 323 2 0 -60 -59 1
222 223 1 323 2 0 -59 -58 2
222 223 1 323 2 0 -52 -51 1
222 223 1 323 2 0 -51 -50 1
222 223 1 323 2 0 -50 -49 1
222 223 1 323 2 0 -49 -48 1
222 223 1 323 2 0 -45 -44 1
222 223 1 323 2 0 -44 -43 1
222 223 1 323 2 0 -43 -42 1
222 223 1 323 2 0 -39 -38 1
222 223 1 323 2 0 -38 -37 1
222 223 1 323 2 0 -37 -36 1
222 223 1 323 2 0 -36 -35 1
222 223 1 323 2 0 -34 -33 1
222 223 1 323 2 0 -32 -31 1
222 223 1 323 2 0 -31 -30 1
222 223 1 323 2 0 -29 -28 1
222 223 1 323 2 0 -28 -27 1
222 223 1 323 2 0 -7 -6 2
222 223 1 323 2 0 -6 -5 2
222 223 1 323 2 0 -5 -4 2
222 223 1 323 2 0 -4 -3 1
222 223 1 323 2 0 -3 -2 1
222 223 1 323 2 0 -2 -1 2
222 223 1 323 2 0 -1 0 2
222 223 1 323 2 0 0 1 2
222 223 1 323 2 0 1 2 1
222 223 1 323 2 0 2 3 1
222 223 1 323 2 0 3 4 2
222 223 1 323 2 0 4 5 1
222 223 1 323 2 0 6 7 1
222 223 1 323 2 0 7 8 1
222 223 1 323 2 0 8 9 1
222 223 1 323 2 0 9 10 1
222 223 1 323 2 0 10 11 1
222 223 1 323 2 0 18 19 1
222 223 1 323 2 0 60 61 1
222 223 1 323 2 0 61 62 1
222 223 1 323 2 0 62 63 1
222 223 1 323 2 0 64 65 1
222 223 1 323 2 0 65 66 1
222 223 1 323 2 0 67 68 1
222 223 1 323 2 0 68 69 1
222 223 1 323 2 0 69 70 1
222 223 1 323 2 0 70 71 1
222 223 1 323 2 0 75 76 1
222 223 1 323 2 0 76 77 1
222 223 1 323 2 0 80 81 1
222 223 1 323 2 0 81 82 1
222 223 1 323 2 0 85 86 1
222 223 1 323 2 0 86 87 1
222 223 1 323 2 0 90 91 3
222 223 1 323 2 0 91 92 1
222 223 1 323 2 0 92 93 1
222 223 1 323 2 0 93 94 1
222 223 1 323 2 0 94 95 1
222 223 1 323 2 0 95 96 1
222 223 1 323 2 0 96 97 1
222 223 1 323 2 0 97 98 1
222 223 1 323 2 0 98 99 1
222 223 1 323 2 0 99 100 1
222 223 1 323 2 0 100 101 1
222 223 1 323 2 0 101 102 1
222 223 1 323 2 0 102 103 1
222 223 1 323 2 0 103 104 1
222 223 1 323 2 0 104 105 1
222 223 1 323 2 0 105 106 1
222 223 1 323 2 0 106 107 1
222 223 1 323 2 0 107 108 1
222 223 1 323 2 0 108 109 1
222 223 1 323 2 0 109 110 1
222 223 1 323 2 0 110 111 1
222 223 1 323 2 0 122 123 1
222 223 1 323 2 0 130 131 1
222 223 1 323 2 0 143 144 1
222 223 1 323 2 0 144 145 1
222 223 1 323 2 0 173 174 1
222 223 1 323 2 0 176 177 1
222 223 1 323 2 0 177 178 1
222 223 1 323 2 0 178 179 1
222 223 1 323 2 0 179 180 1
222 223 1 323 2 0 185 186 1
222 223 1 323 2 0 186 187 1
222 223 1 323 2 0 201 202 1
222 223 1 323 2 0 204 205 2
222 223 1 323 2 0 205 206 4
222 223 1 323 2 0 207 208 1
222 223 1 323 2 0 208 209 1
222 223 1 323 2 0 209 210 1
222 223 1 323 2 0 210 211 1
222 223 1 323 2 0 228 229 1
222 223 1 323 2 0 229 230 1
222 223 1 323 2 0 230 231 1
222 223 1 323 2 0 231 232 2
222 223 1 323 2 0 232 233 1
222 223 1 323 2 0 233 234 1
222 223 1 323 2 0 234 235 1
222 223 1 323 2 0 235 236 1
222 223 1 323 2 0 236 237 1
222 223 1 323 2 0 237 238 1
222 223 1 323 2 0 238 239 1
222 223 1 323 2 0 242 243 1
222 223 1 323 2 0 251 252 1
222 223 1 323 2 0 262 263 1
222 223 1 323 2 0 264 265 1
222 223 1 323 2 0 265 266 2
222 223 1 323 2 0 266 267 1
222 223 1 323 2 0 267 268 1
222 223 1 323 2 0 268 269 1
222 223 1 323 2 0 269 270 1
222 223 1 323 2 0 270 271 1
222 223 1 323 2 0 271 272 1
222 223 1 323 2 0 274 275 1
222 223 1 323 2 0 281 282 1
222 223 1 323 2 0 295 296 1
222 223 1 323 2 0 296 297 1
222 223 1 323 2 0 297 298 1
222 223 1 323 2 0 299 300 1
222 223 1 323 2 0 300 301 1
222 223 1 323 2 0 301 302 1
222 223 1 323 2 0 308 309 1
222 223 1 323 2 0 309 310 1
222 223 1 323 2 0 310 311 2
222 223 1 323 2 0 312 313 1
222 223 1 323 2 0 314 315 1
222 223 1 323 2 0 315 316 1
222 223 1 323 2 0 318 319 1
222 223 1 323 2 0 319 320 1
222 223 1 323 2 0 320 321 1
222 223 1 323 2 0 333 334 1
222 223 1 323 2 0 342 343 1
222 223 1 323 2 0 343 344 1
222 223 1 323 2 0 344 345 1
222 223 1 323 2 0 346 347 1
222 223 1 323 2 0 347 348 1
222 223 1 323 2 0 348 349 1
222 223 1 323 2 0 350 351 1
222 223 1 323 2 0 351 352 1
222 223 1 323 2 0 352 353 1
222 223 1 323 2 0 355 356 1
222 223 1 323 2 0 356 357 1
222 223 1 323 2 0 358 359 1
222 223 1 323 2 0 360 361 1
222 223 1 323 2 0 361 362 1
222 223 1 323 2 0 362 363 1
222 223 1 323 2 0 363 364 1
222 223 1 323 2 0 364 365 1
222 223 1 323 2 0 417 418 1
222 223 1 323 2 0 435 436 1
222 223 1 323 2 0 437 438 1
222 223 1 323 2 0 438 439 1
222 223 1 323 2 0 439 440 1
222 223 1 323 2 0 440 441 1
222 223 1 323 2 0 441 442 1
222 223 1 323 2 0 442 443 1
222 223 1 323 2 0 443 444 1
222 223 1 323 2 0 444 445 1
222 223 1 323 2 0 447 448 1
222 223 1 323 2 0 450 451 1
222 223 1 323 2 0 451 452 1
222 223 1 323 2 0 452 453 1
222 223 1 323 2 0 453 454 1
222 223 1 323 2 0 454 455 1
222 223 1 323 2 0 455 456 1
222 223 1 323 2 0 456 457 1
222 223 1 323 2 0 457 458 1
222 223 1 323 2 0 458 459 1
222 223 1 323 2 0 459 460 1
222 223 1 323 2 0 460 461 1
222 223 1 323 2 0 461 462 1
222 223 1 323 2 0 462 463 1
222 223 1 323 2 0 463 464 1
222 223 1 323 2 0 464 465 1
222 223 1 323 2 0 465 466 1
222 223 1 323 2 0 466 467 1
222 223 1 323 2 0 467 468 1
222 223 1 323 2 0 468 469 1
222 223 1 323 2 0 469 470 1
222 223 1 323 2 0 470 471 1
222 223 1 323 2 0 471 472 1
222 223 1 323 2 0 472 473 1
222 223 1 323 2 0 473 474 1
222 223 1 323 2 0 474 475 1
222 223 1 323 2 0 475 476 1
222 223 1 323 2 0 476 477 1
222 223 1 323 2 0 477 478 1
222 223 1 323 2 0 478 479 1
222 223 1 323 2 0 479 480 1
222 223 1 323 2 0 480 481 1
222 223 1 323 2 0 481 482 1
222 223 1 323 2 0 482 483 1
222 223 1 323 2 0 483 484 1
222 223 1 323 2 0 484 485 1
222 223 1 323 2 0 485 486 1
222 223 1 323 2 0 498 499 1
222 223 1 323 2 0 499 500 1
222 223 1 323 2 0 500 501 1
222 223 1 323 2 0 501 502 1
222 223 1 323 2 0 502 503 1
222 223 1 323 2 0 515 516 1
222 223 1 323 2 0 516 517 1
222 223 1 323 2 0 517 518 1
222 223 1 323 2 0 518 519 1
222 223 1 323 2 0 520 521 1
222 223 1 323 2 0 522 523 1
222 223 1 323 2 0 524 525 1
222 223 1 323 2 0 526 527 1
222 223 1 323 2 0 528 529 1
222 223 1 323 2 0 529 530 1
222 223 1 323 2 0 530 531 1
222 223 1 323 2 0 532 533 1
222 223 1 323 2 0 533 534 1
222 223 1 323 2 0 534 535 1
222 223 1 323 2 0 583 584 1
222 223 1 323 2 0 587 588 1
222 223 1 323 2 0 589 590 1
222 223 1 323 2 0 590 591 1
222 223 1 323 2 0 591 592 1
222 223 1 323 2 0 592 593 1
222 223 1 323 2 0 594 595 1
222 223 1 323 2 0 596 597 1
222 223 1 323 2 0 597 598 1
222 223 1 323 2 0 598 599 1
222 223 1 323 2 0 599 600 1
222 223 1 323 2 0 600 601 1
222 223 1 323 2 0 601 602 1
222 223 1 323 2 0 604 605 1
222 223 1 323 2 0 616 617 1
222 223 1 323 2 0 617 618 1
222 223 1 323 2 0 618 619 1
222 223 1 323 2 0 619 620 1
222 223 1 323 2 0 620 621 1
222 223 1 323 2 0 621 622 1
222 223 1 323 2 0 622 623 1
222 223 1 323 2 0 623 624 1
222 223 1 323 2 0 624 625 1
222 223 1 323 2 0 625 626 1
222 223 1 323 2 0 626 627 1
222 223 1 323 2 0 627 628 1
222 223 1 323 2 0 628 629 1
222 223 1 323 2 0 629 630 1
222 223 1 323 2 0 630 631 1
222 223 1 323 2 0 631 632 1
222 223 1 323 2 0 632 633 1
222 223 1 323 2 0 634 635 1
222 223 1 323 2 0 635 636 1
222 223 1 323 2 0 636 637 1
222 223 1 323 2 0 637 638 1
222 223 1 323 2 0 638 639 1
222 223 1 323 2 0 639 640 1
222 223 1 323 2 0 640 641 1
222 223 1 323 2 0 641 642 1
222 223 1 323 2 0 644 645 1
222 223 1 323 2 0 646 647 1
222 223 1 323 2 0 647 648 1
222 223 1 323 2 0 648 649 1
222 223 1 323 2 0 649 650 1
222 223 1 323 2 0 651 652 1
222 223 1 323 2 0 652 653 1
222 223 1 323 2 0 653 654 1
222 223 1 323 2 0 655 656 1
222 223 1 323 2 0 656 657 1
222 223 1 323 2 0 657 658 1
222 223 1 323 2 0 658 659 1
222 223 1 323 2 0 659 660 1
222 223 1 323 2 0 660 661 1
222 223 1 323 2 0 661 662 1
222 223 1 323 2 0 662 663 1
222 223 1 323 2 0 663 664 1
222 223 1 323 2 0 664 665 1
222 223 1 323 2 0 665 666 1
222 223 1 323 2 0 666 667 1
222 223 1 323 2 0 667 668 1
222 223 1 323 2 0 668 669 1
222 223 1 323 2 0 669 670 1
222 223 1 323 2 0 670 671 1
222 223 1 323 2 0 671 672 1
222 223 1 323 2 0 672 673 1
222 223 1 323 2 0 673 674 1
222 223 1 323 2 0 675 676 1
222 223 1 323 2 0 677 678 1
222 223 1 323 2 0 678 679 1
222 223 1 323 2 0 679 680 1
222 223 1 323 2 0 680 681 1
222 223 1 323 2 0 684 685 1
222 223 1 323 2 0 703 704 1
222 223 1 323 2 0 706 707 1
222 223 1 323 2 0 708 709 1
222 223 1 323 2 0 709 710 1
222 223 1 323 2 0 710 711 1
222 223 1 323 2 0 712 713 1
222 223 1 323 2 0 715 716 1
222 223 1 323 2 0 716 717 1
222 223 1 323 2 0 717 718 1
222 223 1 323 2 0 720 721 1
222 223 1 323 2 0 721 722 1
222 223 1 323 2 0 722 723 1
222 223 1 323 2 0 724 725 1
222 223 1 323 2 0 725 726 1
222 223 1 323 2 0 727 728 1
2222 2223 1 322 2 0 -149 -148 2
2222 2223 1 322 2 0 -137 -136 6
2222 2223 1 322 2 0 -99 -98 1
2222 2223 1 322 2 0 -81 -80 2
2222 2223 1 322 2 0 -62 -61 1
2222 2223 1 322 2 0 -61 -60 1
2222 2223 1 322 2 0 4 5 1
2222 2223 1 322 2 0 39 40 12
2222 2223 1 322 2 0 88 89 7
2222 2223 1 322 2 0 90 91 3
2222 2223 1 322 2 0 91 92 1
2222 2223 1 322 2 0 93 94 3
2222 2223 1 322 2 0 196 197 1
2222 2223 1 322 2 0 216 217 2
2222 2223 1 322 2 0 219 220 1
2222 2223 1 322 2 0 242 243 1
2222 2223 1 322 2 0 324 325 1
2222 2223 1 322 2 0 342 343 1
222 2222 1 171 2 0 -298 -297 1
222 2222 1 171 2 0 -296 -295 1
222 2222 1 171 2 0 -271 -270 6
222 2222 1 171 2 0 -132 -131 1
222 2222 1 171 2 0 437 438 1
222 2222 1 171 2 0 440 441 2
222 2222 1 171 2 0 464 465 2
222 2222 1 171 2 0 495 496 2
222 2222 1 171 2 0 513 514 1
222 2222 1 171 2 0 530 531 9
222 2222 1 171 2 0 559 560 9
222 2222 1 171 2 0 589 590 2
2222 2222 1 171 2 0 -135 -134 1
2222 2222 1 171 2 0 26 27 3
2222 2222 1 171 2 0 32 33 5
2222 2222 1 171 2 0 536 537 9
2222 22222 -1 267 0 0 -371 -370 1
2222 22222 -1 267 0 0 -346 -345 1
2222 22222 -1 267 0 0 -339 -338 1
2222 22222 -1 267 0 0 7 8 2
2222 22222 -1 267 0 0 18 19 1
2222 22222 -1 267 0 0 19 20 1
2222 22222 -1 267 0 0 55 56 2
2222 22222 -1 267 0 0 57 58 1
2222 22222 -1 267 0 0 59 60 1
2222 22222 -1 267 0 0 73 74 1
2222 22222 -1 267 0 0 76 77 1
222 221 -1 395 2 3 -449 -448 1
222 221 -1 395 2 3 -448 -447 1
222 221 -1 395 2 3 -447 -446 1
222 221 -1 395 2 3 -440 -439 3
222 221 -1 395 2 3 -439 -438 4
222 221 -1 395 2 3 -438 -437 3
222 221 -1 395 2 3 -437 -436 3
222 221 -1 395 2 3 -436 -435 4
222 221 -1 395 2 3 -435 -434 4
222 221 -1 395 2 3 -434 -433 3
222 221 -1 395 2 3 -427 -426 1
222 221 -1 395 2 3 -426 -425 1
222 221 -1 395 2 3 -425 -424 2
222 221 -1 395 2 3 -424 -423 2
222 221 -1 395 2 3 -423 -422 2
222 221 -1 395 2 3 -422 -421 2
222 221 -1 395 2 3 -421 -420 4
222 221 -1 395 2 3 -419 -418 1
222 221 -1 395 2 3 -418 -417 2
222 221 -1 395 2 3 -417 -416 3
222 221 -1 395 2 3 -416 -415 3
222 221 -1 395 2 3 -415 -414 2
222 221 -1 395 2 3 -414 -413 2
222 221 -1 395 2 3 -413 -412 4
222 221 -1 395 2 3 -412 -411 3
222 221 -1 395 2 3 -411 -410 2
222 221 -1 395 2 3 -393 -392 2
222 221 -1 395 2 3 -392 -391 2
222 221 -1 395 2 3 -391 -390 2
222 221 -1 395 2 3 -325 -324 2
222 221 -1 395 2 3 -324 -323 2
222 221 -1 395 2 3 -323 -322 1
222 221 -1 395 2 3 -322 -321 1
222 221 -1 395 2 3 -319 -318 1
222 221 -1 395 2 3 -318 -317 1
222 221 -1 395 2 3 -281 -280 1
222 221 -1 395 2 3 -280 -279 1
222 221 -1 395 2 3 -279 -278 1
222 221 -1 395 2 3 -278 -277 1
222 221 -1 395 2 3 -272 -271 1
222 221 -1 395 2 3 -270 -269 2
222 221 -1 395 2 3 -269 -268 2
222 221 -1 395 2 3 -268 -267 1
222 221 -1 395 2 3 -263 -262 2
222 221 -1 395 2 3 -262 -261 2
222 221 -1 395 2 3 -261 -260 2
222 221 -1 395 2 3 -255 -254 2
222 221 -1 395 2 3 -254 -253 2
222 221 -1 395 2 3 -253 -252 2
222 221 -1 395 2 3 -252 -251 2
222 221 -1 395 2 3 -251 -250 2
222 221 -1 395 2 3 -250 -249 2
222 221 -1 395 2 3 -249 -248 2
222 221 -1 395 2 3 -236 -235 1
222 221 -1 395 2 3 -235 -234 1
222 221 -1 395 2 3 -234 -233 1
222 221 -1 395 2 3 216 217 2
222 221 -1 395 2 3 217 218 2
222 221 -1 395 2 3 218 219 1
222 221 -1 395 2 3 219 220 1
222 221 -1 395 2 3 220 221 1
222 221 -1 395 2 3 221 222 1
222 221 -1 395 2 3 477 478 1
222 221 -1 395 2 3 478 479 1
222 221 -1 395 2 3 479 480 1
222 221 -1 395 2 3 480 481 1
222 221 -1 395 2 3 481 482 1
222 221 -1 395 2 3 482 483 1
222 221 -1 395 2 3 483 484 1
222 221 -1 395 2 3 502 503 1
222 221 -1 395 2 3 503 504 1
222 221 -1 395 2 3 504 505 1
222 221 -1 395 2 3 505 506 1
222 221 -1 395 2 3 506 507 1
222 221 -1 395 2 3 507 508 1
222 221 -1 395 2 3 508 509 1
222 221 -1 395 2 3 509 510 1
222 221 -1 395 2 3 510 511 1
222 221 -1 395 2 3 511 512 1
222 221 -1 395 2 3 512 513 1
222 221 -1 395 2 3 513 514 1
222 221 -1 395 2 3 514 515 1
222 221 -1 395 2 3 515 516 1
222 221 -1 395 2 3 575 576 1
222 221 -1 395 2 3 576 577 1
222 221 -1 395 2 3 577 578 1
222 221 -1 395 2 3 589 590 1
222 221 -1 395 2 3 590 591 1
222 223 -1 417 0 0 -96 -95 1
222 223 -1 417 0 0 -95 -94 1
222 223 -1 417 0 0 -94 -93 1
222 223 -1 417 0 0 -93 -92 1
222 223 -1 417 0 0 -92 -91 1
222 223 -1 417 0 0 -90 -89 2
222 223 -1 417 0 0 -89 -88 2
222 223 -1 417 0 0 -88 -87 2
222 223 -1 417 0 0 -87 -86 2
222 223 -1 417 0 0 -86 -85 2
222 223 -1 417 0 0 -85 -84 2
222 223 -1 417 0 0 -84 -83 2
222 223 -1 417 0 0 -83 -82 2
222 223 -1 417 0 0 -82 -81 2
222 223 -1 417 0 0 -81 -80 2
222 223 -1 417 0 0 -80 -79 2
222 223 -1 417 0 0 -79 -78 2
222 223 -1 417 0 0 -78 -77 2
222 223 -1 417 0 0 -77 -76 2
222 223 -1 417 0 0 -76 -75 2
222 223 -1 417 0 0 -75 -74 2
222 223 -1 417 0 0 -74 -73 2
222 223 -1 417 0 0 -73 -72 2
222 223 -1 417 0 0 -72 -71 2
222 223 -1 417 0 0 -71 -70 2
222 223 -1 417 0 0 -70 -69 2
222 223 -1 417 0 0 -69 -68 2
222 223 -1 417 0 0 -68 -67 2
222 223 -1 417 0 0 -67 -66 1
222 223 -1 417 0 0 -66 -65 1
222 223 -1 417 0 0 -65 -64 1
222 223 -1 417 0 0 -64 -63 1
222 223 -1 417 0 0 -63 -62 1
222 223 -1 417 0 0 -62 -61 1
222 223 -1 417 0 0 -61 -60 1
222 223 -1 417 0 0 -60 -59 1
222 223 -1 417 0 0 -59 -58 2
222 223 -1 417 0 0 -58 -57 1
222 223 -1 417 0 0 -57 -56 1
222 223 -1 417 0 0 -56 -55 1
222 223 -1 417 0 0 -55 -54 1
222 223 -1 417 0 0 -54 -53 1
222 223 -1 417 0 0 -53 -52 1
222 223 -1 417 0 0 -52 -51 1
222 223 -1 417 0 0 -51 -50 1
222 223 -1 417 0 0 -50 -49 1
222 223 -1 417 0 0 -49 -48 1
222 223 -1 417 0 0 -48 -47 1
222 223 -1 417 0 0 -47 -46 1
222 223 -1 417 0 0 -46 -45 2
222 223 -1 417 0 0 -45 -44 1
222 223 -1 417 0 0 -44 -43 1
222 223 -1 417 0 0 -43 -42 1
222 223 -1 417 0 0 -42 -41 1
222 223 -1 417 0 0 -41 -40 1
222 223 -1 417 0 0 -40 -39 1
222 223 -1 417 0 0 -39 -38 1
222 223 -1 417 0 0 -22 -21 1
222 223 -1 417 0 0 -21 -20 1
222 223 -1 417 0 0 -20 -19 1
222 223 -1 417 0 0 -19 -18 1
222 223 -1 417 0 0 -18 -17 1
222 223 -1 417 0 0 -17 -16 1
222 223 -1 417 0 0 -13 -12 1
222 223 -1 417 0 0 -12 -11 1
222 223 -1 417 0 0 -11 -10 1
222 223 -1 417 0 0 -10 -9 1
222 223 -1 417 0 0 -9 -8 1
222 223 -1 417 0 0 -8 -7 1
222 223 -1 417 0 0 -7 -6 1
222 223 -1 417 0 0 -6 -5 1
222 223 -1 417 0 0 -5 -4 1
222 223 -1 417 0 0 45 46 1
222 223 -1 417 0 0 46 47 1
222 223 -1 417 0 0 47 48 1
222 223 -1 417 0 0 48 49 1
222 223 -1 417 0 0 49 50 1
222 223 -1 417 0 0 50 51 1
222 223 -1 417 0 0 51 52 1
222 223 -1 417 0 0 52 53 1
222 223 -1 417 0 0 53 54 1
222 223 -1 417 0 0 54 55 1
222 223 -1 417 0 0 55 56 1
222 223 -1 417 0 0 56 57 1
222 223 -1 417 0 0 57 58 1
222 223 -1 417 0 0 58 59 1
222 223 -1 417 0 0 59 60 1
222 223 -1 417 0 0 60 61 1
222 223 -1 417 0 0 61 62 1
222 223 -1 417 0 0 63 64 1
222 223 -1 417 0 0 64 65 1
222 223 -1 417 0 0 65 66 1
222 223 -1 417 0 0 66 67 1
222 223 -1 417 0 0 67 68 1
222 223 -1 417 0 0 68 69 1
222 223 -1 417 0 0 69 70 1
222 223 -1 417 0 0 70 71 1
222 223 -1 417 0 0 71 72 1
222 223 -1 417 0 0 72 73 1
222 223 -1 417 0 0 73 74 1
222 223 -1 417 0 0 74 75 1
222 223 -1 417 0 0 75 76 1
222 223 -1 417 0 0 76 77 1
222 223 -1 417 0 0 279 280 1
222 223 -1 417 0 0 280 281 1
222 223 -1 417 0 0 281 282 1
222 223 -1 417 0 0 545 546 3
222 223 -1 417 0 0 546 547 3
222 223 -1 417 0 0 547 548 3
222 223 -1 417 0 0 548 549 3
222 223 -1 417 0 0 583 584 2
222 223 -1 417 0 0 584 585 2
222 223 -1 417 0 0 585 586 2
222 223 -1 417 0 0 586 587 2
2222 22222 1 172 0 0 -189 -188 1
2222 22222 1 172 0 0 -171 -170 1
2222 22222 1 172 0 0 14 15 2
222 2222 -1 267 1 1 -338 -337 1
222 2222 -1 267 1 1 1 2 2
222 2222 -1 267 1 1 2 3 2
222 2222 -1 267 1 1 12 13 1
222 2222 -1 267 1 1 41 42 1
222 2222 -1 267 1 1 73 74 1
222 2222 -1 267 1 1 87 88 2
222 223 -1 418 0 0 -97 -96 1
222 223 -1 418 0 0 -96 -95 1
222 223 -1 418 0 0 -95 -94 1
222 223 -1 418 0 0 -94 -93 1
222 223 -1 418 0 0 -93 -92 1
222 223 -1 418 0 0 -92 -91 1
222 223 -1 418 0 0 -91 -90 1
222 223 -1 418 0 0 -89 -88 1
222 223 -1 418 0 0 -88 -87 1
222 223 -1 418 0 0 -87 -86 1
222 223 -1 418 0 0 -86 -85 1
222 223 -1 418 0 0 -85 -84 1
222 223 -1 418 0 0 -84 -83 1
222 223 -1 418 0 0 -83 -82 2
222 223 -1 418 0 0 -82 -81 1
222 223 -1 418 0 0 -81 -80 1
222 223 -1 418 0 0 -80 -79 1
222 223 -1 418 0 0 -79 -78 1
222 223 -1 418 0 0 -78 -77 1
222 223 -1 418 0 0 -77 -76 2
222 223 -1 418 0 0 -76 -75 1
222 223 -1 418 0 0 -75 -74 1
222 223 -1 418 0 0 -74 -73 1
222 223 -1 418 0 0 -73 -72 1
222 223 -1 418 0 0 -72 -71 1
222 223 -1 418 0 0 -71 -70 1
222 223 -1 418 0 0 -70 -69 1
222 223 -1 418 0 0 -69 -68 1
222 223 -1 418 0 0 -68 -67 1
222 223 -1 418 0 0 -67 -66 1
222 223 -1 418 0 0 -66 -65 1
222 223 -1 418 0 0 -65 -64 1
222 223 -1 418 0 0 -64 -63 1
222 223 -1 418 0 0 -63 -62 1
222 223 -1 418 0 0 -62 -61 1
222 223 -1 418 0 0 -61 -60 1
222 223 -1 418 0 0 -60 -59 1
222 223 -1 418 0 0 -59 -58 1
222 223 -1 418 0 0 -58 -57 1
222 223 -1 418 0 0 -57 -56 1
222 223 -1 418 0 0 -56 -55 1
222 223 -1 418 0 0 -55 -54 1
222 223 -1 418 0 0 -54 -53 1
222 223 -1 418 0 0 -53 -52 1
222 223 -1 418 0 0 -52 -51 1
222 223 -1 418 0 0 -51 -50 1
222 223 -1 418 0 0 -50 -49 1
222 223 -1 418 0 0 -49 -48 1
222 223 -1 418 0 0 -48 -47 1
222 223 -1 418 0 0 -47 -46 1
222 223 -1 418 0 0 -46 -45 1
222 223 -1 418 0 0 -45 -44 1
222 223 -1 418 0 0 -44 -43 1
222 223 -1 418 0 0 -43 -42 1
222 223 -1 418 0 0 -42 -41 1
222 223 -1 418 0 0 -41 -40 1
222 223 -1 418 0 0 -40 -39 1
222 223 -1 418 0 0 -39 -38 1
222 223 -1 418 0 0 -38 -37 1
222 223 -1 418 0 0 -37 -36 1
222 223 -1 418 0 0 -36 -35 1
222 223 -1 418 0 0 -35 -34 1
222 223 -1 418 0 0 -34 -33 1
222 223 -1 418 0 0 -28 -27 1
222 223 -1 418 0 0 -27 -26 1
222 223 -1 418 0 0 -22 -21 2
222 223 -1 418 0 0 -21 -20 2
222 223 -1 418 0 0 -20 -19 1
222 223 -1 418 0 0 -19 -18 1
222 223 -1 418 0 0 -18 -17 1
222 223 -1 418 0 0 -17 -16 1
222 223 -1 418 0 0 -15 -14 1
222 223 -1 418 0 0 -14 -13 1
222 223 -1 418 0 0 -13 -12 1
222 223 -1 418 0 0 -12 -11 1
222 223 -1 418 0 0 -11 -10 1
222 223 -1 418 0 0 -10 -9 1
222 223 -1 418 0 0 -9 -8 1
222 223 -1 418 0 0 -8 -7 1
222 223 -1 418 0 0 -7 -6 1
222 223 -1 418 0 0 -6 -5 1
222 223 -1 418 0 0 -5 -4 1
222 223 -1 418 0 0 -3 -2 1
222 223 -1 418 0 0 -2 -1 1
222 223 -1 418 0 0 -1 0 1
222 223 -1 418 0 0 44 45 1
222 223 -1 418 0 0 45 46 1
222 223 -1 418 0 0 46 47 1
222 223 -1 418 0 0 47 48 1
222 223 -1 418 0 0 48 49 1
222 223 -1 418 0 0 49 50 1
222 223 -1 418 0 0 50 51 1
222 223 -1 418 0 0 51 52 1
222 223 -1 418 0 0 52 53 1
222 223 -1 418 0 0 53 54 1
222 223 -1 418 0 0 166 167 1
222 223 -1 418 0 0 167 168 1
222 223 -1 418 0 0 168 169 1
2222 2222 1 172 1 1 -2 -1 1
2222 2222 1 172 1 1 -1 0 1
222 222 1 172 2 3 -2 -1 1
2222 2222 1 172 2 2 -1 0 1
2222 2222 1 172 2 3 -3 -2 2
2222 2222 1 172 2 3 -1 0 1
222 222 1 172 3 4 -2 -1 1
222 222 1 172 3 5 -2 -1 1
2222 2222 1 172 3 4 -4 -3 1
2222 2222 1 172 3 5 -4 -3 2
2222 2222 1 172 3 0 -3 -2 1
2222 2222 1 172 3 1 -3 -2 2
2222 2222 1 172 3 3 -4 -3 1
222 223 -1 418 2 0 -94 -93 1
222 223 -1 418 2 0 -93 -92 1
222 223 -1 418 2 0 -92 -91 1
222 223 -1 418 2 0 -91 -90 1
222 223 -1 418 2 0 -85 -84 1
222 223 -1 418 2 0 -83 -82 1
222 223 -1 418 2 0 -81 -80 1
222 223 -1 418 2 0 -77 -76 1
222 223 -1 418 2 0 -75 -74 1
222 223 -1 418 2 0 -73 -72 1
222 223 -1 418 2 0 -71 -70 1
222 223 -1 418 2 0 -65 -64 1
222 223 -1 418 2 0 -53 -52 1
222 223 -1 418 2 0 -48 -47 1
222 223 -1 418 2 0 -46 -45 1
222 223 -1 418 2 0 -45 -44 1
222 223 -1 418 2 0 -43 -42 1
222 223 -1 418 2 0 -41 -40 1
222 223 -1 418 2 0 -39 -38 1
222 223 -1 418 2 0 -38 -37 1
222 223 -1 418 2 0 -12 -11 1
222 223 -1 418 2 0 168 169 1
222 223 -1 418 2 0 169 170 4
222 223 -1 418 2 0 170 171 4
222 223 -1 418 2 0 178 179 8
222 223 -1 418 2 0 179 180 8
222 223 -1 418 2 0 180 181 8
222 223 -1 418 2 0 496 497 1
222 223 -1 418 2 0 497 498 1
222 223 -1 418 2 0 498 499 1
222 223 -1 418 2 0 499 500 1
222 223 -1 418 2 0 524 525 1
222 223 -1 418 2 0 525 526 1
222 223 -1 418 2 0 526 527 2
222 223 -1 418 2 0 527 528 2
222 223 -1 418 2 0 528 529 3
222 223 -1 418 2 0 529 530 3
222 223 -1 418 2 0 530 531 4
222 223 -1 418 2 0 531 532 4
222 223 -1 418 2 0 587 588 3
222 223 -1 418 2 0 588 589 2
222 223 -1 418 2 0 589 590 2
222 223 -1 418 2 0 590 591 2
222 223 -1 418 2 0 591 592 2
222 223 -1 418 2 0 596 597 1
222 223 -1 418 2 0 597 598 1
222 223 -1 418 2 0 598 599 1
222 223 -1 419 2 3 -97 -96 1
222 223 -1 419 2 3 -96 -95 1
222 223 -1 419 2 3 -95 -94 1
222 223 -1 419 2 3 -94 -93 1
222 223 -1 419 2 3 -84 -83 1
222 223 -1 419 2 3 -83 -82 1
222 223 -1 419 2 3 -82 -81 1
222 223 -1 419 2 3 -81 -80 1
222 223 -1 419 2 3 -80 -79 1
222 223 -1 419 2 3 -79 -78 1
222 223 -1 419 2 3 -78 -77 1
222 223 -1 419 2 3 -77 -76 1
222 223 -1 419 2 3 -76 -75 1
222 223 -1 419 2 3 -72 -71 1
222 223 -1 419 2 3 -71 -70 1
222 223 -1 419 2 3 -70 -69 1
222 223 -1 419 2 3 -69 -68 1
222 223 -1 419 2 3 -68 -67 1
222 223 -1 419 2 3 -67 -66 1
222 223 -1 419 2 3 -66 -65 1
222 223 -1 419 2 3 -65 -64 1
222 223 -1 419 2 3 -64 -63 1
222 223 -1 419 2 3 -63 -62 1
222 223 -1 419 2 3 -62 -61 1
222 223 -1 419 2 3 -61 -60 1
222 223 -1 419 2 3 -60 -59 1
222 223 -1 419 2 3 -59 -58 1
222 223 -1 419 2 3 -58 -57 1
222 223 -1 419 2 3 -57 -56 1
222 223 -1 419 2 3 -56 -55 1
222 223 -1 419 2 3 -55 -54 1
222 223 -1 419 2 3 -54 -53 1
222 223 -1 419 2 3 -53 -52 1
222 223 -1 419 2 3 -52 -51 1
222 223 -1 419 2 3 -51 -50 1
222 223 -1 419 2 3 -50 -49 1
222 223 -1 419 2 3 -49 -48 2
222 223 -1 419 2 3 -48 -47 2
222 223 -1 419 2 3 -47 -46 2
222 223 -1 419 2 3 -46 -45 2
222 223 -1 419 2 3 -45 -44 1
222 223 -1 419 2 3 -44 -43 1
222 223 -1 419 2 3 -43 -42 1
222 223 -1 419 2 3 -42 -41 1
222 223 -1 419 2 3 -41 -40 1
222 223 -1 419 2 3 -40 -39 1
222 223 -1 419 2 3 -39 -38 1
222 223 -1 419 2 3 -38 -37 1
222 223 -1 419 2 3 -37 -36 1
222 223 -1 419 2 3 -36 -35 1
222 223 -1 419 2 3 -35 -34 1
222 223 -1 419 2 3 -34 -33 1
222 223 -1 419 2 3 -27 -26 1
222 223 -1 419 2 3 -11 -10 1
222 223 -1 419 2 3 -10 -9 1
222 223 -1 419 2 3 -9 -8 1
222 223 -1 419 2 3 -7 -6 1
222 223 -1 419 2 3 -6 -5 1
222 223 -1 419 2 3 -5 -4 1
222 223 -1 419 2 3 596 597 1
222 223 -1 419 2 3 597 598 1
222 223 -1 419 2 3 598 599 1
222 223 -1 418 2 3 -91 -90 1
222 223 -1 418 2 3 -83 -82 1
222 223 -1 418 2 3 -82 -81 1
222 223 -1 418 2 3 -81 -80 1
222 223 -1 418 2 3 -77 -76 1
222 223 -1 418 2 3 -67 -66 1
222 223 -1 418 2 3 -65 -64 1
222 223 -1 418 2 3 -61 -60 1
222 223 -1 418 2 3 -60 -59 1
222 223 -1 418 2 3 -59 -58 1
222 223 -1 418 2 3 -18 -17 1
222 223 -1 418 2 3 57 58 1
222 223 -1 418 2 3 58 59 1
222 223 -1 418 2 3 59 60 1
222 223 -1 418 2 3 60 61 1
222 223 -1 418 2 3 61 62 1
222 223 -1 418 2 3 65 66 1
222 223 -1 418 2 3 66 67 1
222 223 -1 418 2 3 67 68 1
222 223 -1 418 2 3 68 69 1
222 223 -1 418 2 3 69 70 1
222 223 -1 418 2 3 70 71 1
222 223 -1 418 2 3 71 72 1
222 223 -1 418 2 3 72 73 1
222 223 -1 418 2 3 73 74 1
222 223 -1 418 2 3 75 76 1
222 223 -1 418 2 3 76 77 1
222 223 -1 418 2 3 178 179 1
222 223 -1 418 2 3 179 180 1
222 223 -1 418 2 3 180 181 1
222 223 -1 418 2 3 181 182 1
223 222 1 20 2 0 142 143 1
223 222 1 20 2 0 143 144 1
223 222 1 20 2 0 144 145 1
223 222 1 20 1 0 142 143 2
223 222 1 20 1 0 143 144 2
223 222 1 20 1 0 144 145 2
222 223 -1 417 2 0 -93 -92 1
222 223 -1 417 2 0 -91 -90 1
222 223 -1 417 2 0 -90 -89 1
222 223 -1 417 2 0 -89 -88 1
222 223 -1 417 2 0 -88 -87 1
222 223 -1 417 2 0 -87 -86 1
222 223 -1 417 2 0 -86 -85 1
222 223 -1 417 2 0 -85 -84 1
222 223 -1 417 2 0 -84 -83 1
222 223 -1 417 2 0 -83 -82 1
222 223 -1 417 2 0 -82 -81 1
222 223 -1 417 2 0 -81 -80 1
222 223 -1 417 2 0 -80 -79 1
222 223 -1 417 2 0 -79 -78 1
222 223 -1 417 2 0 -78 -77 1
222 223 -1 417 2 0 -77 -76 1
222 223 -1 417 2 0 -76 -75 1
222 223 -1 417 2 0 -75 -74 1
222 223 -1 417 2 0 -74 -73 1
222 223 -1 417 2 0 -73 -72 1
222 223 -1 417 2 0 -72 -71 1
222 223 -1 417 2 0 -71 -70 1
222 223 -1 417 2 0 -70 -69 1
222 223 -1 417 2 0 -69 -68 1
222 223 -1 417 2 0 -68 -67 1
222 223 -1 417 2 0 -61 -60 1
222 223 -1 417 2 0 -59 -58 1
222 223 -1 417 2 0 -58 -57 1
222 223 -1 417 2 0 -56 -55 1
222 223 -1 417 2 0 -55 -54 1
222 223 -1 417 2 0 -54 -53 1
222 223 -1 417 2 0 -53 -52 1
222 223 -1 417 2 0 -52 -51 1
222 223 -1 417 2 0 -51 -50 1
222 223 -1 417 2 0 -50 -49 1
222 223 -1 417 2 0 -49 -48 1
222 223 -1 417 2 0 -48 -47 1
222 223 -1 417 2 0 -47 -46 1
222 223 -1 417 2 0 -46 -45 1
222 223 -1 417 2 0 -43 -42 1
222 223 -1 417 2 0 -22 -21 1
222 223 -1 417 2 0 -21 -20 1
222 223 -1 417 2 0 -20 -19 1
222 223 -1 417 2 0 -19 -18 1
222 223 -1 417 2 0 -18 -17 1
222 223 -1 417 2 0 -17 -16 1
222 223 -1 417 2 0 -15 -14 1
222 223 -1 417 2 0 -14 -13 1
222 223 -1 417 2 0 -13 -12 1
222 223 -1 417 2 0 -12 -11 1
222 223 -1 417 2 0 -11 -10 1
222 223 -1 417 2 0 -10 -9 1
222 223 -1 417 2 0 -7 -6 1
222 223 -1 417 2 0 -6 -5 1
222 223 -1 417 2 0 -5 -4 1
222 223 -1 417 2 0 44 45 1
222 223 -1 417 2 0 47 48 1
222 223 -1 417 2 0 50 51 1
222 223 -1 417 2 0 51 52 1
222 223 -1 417 2 0 53 54 1
222 223 -1 417 2 0 57 58 1
222 223 -1 417 2 0 58 59 1
222 223 -1 417 2 0 65 66 1
222 223 -1 417 2 0 68 69 1
222 223 -1 417 2 0 73 74 1
222 223 -1 417 2 0 76 77 1
222 223 -1 417 2 0 178 179 1
222 223 -1 417 2 0 181 182 1
222 222 -1 268 1 1 -347 -346 5
222 222 -1 268 1 1 -346 -345 5
222 222 -1 268 1 1 -345 -344 6
222 222 -1 268 1 1 -344 -343 1
222 222 -1 268 1 1 -343 -342 8
222 222 -1 268 1 1 -342 -341 8
222 222 -1 268 1 1 -341 -340 2
222 222 -1 268 1 1 -340 -339 2
222 222 -1 268 1 1 -339 -338 3
222 222 -1 268 1 1 -338 -337 9
222 222 -1 268 1 1 -337 -336 9
222 222 -1 268 1 1 -315 -314 1
222 222 -1 268 1 1 -314 -313 1
222 222 -1 268 1 1 -313 -312 1
222 222 -1 268 1 1 -311 -310 1
222 222 -1 268 1 1 -310 -309 1
222 222 -1 268 1 1 -309 -308 1
222 222 -1 268 1 1 -308 -307 1
222 222 -1 268 1 1 -307 -306 2
222 222 -1 268 1 1 -306 -305 1
222 222 -1 268 1 1 -305 -304 1
222 222 -1 268 1 1 -304 -303 1
222 222 -1 268 1 1 -303 -302 1
222 222 -1 268 1 1 -302 -301 1
222 222 -1 268 1 1 -301 -300 1
222 222 -1 268 1 1 -299 -298 2
222 222 -1 268 1 1 -298 -297 2
222 222 -1 268 1 1 -297 -296 2
222 222 -1 268 1 1 -296 -295 2
222 222 -1 268 1 1 -295 -294 2
222 222 -1 268 1 1 -294 -293 2
222 222 -1 268 1 1 -293 -292 2
222 222 -1 268 1 1 -292 -291 2
222 222 -1 268 1 1 -291 -290 2
222 222 -1 268 1 1 -279 -278 1
222 222 -1 268 1 1 -34 -33 2
222 222 -1 268 1 1 -33 -32 2
222 222 -1 268 1 1 -32 -31 2
222 222 -1 268 1 1 -31 -30 1
222 222 -1 268 1 1 -30 -29 1
222 222 -1 268 1 1 -28 -27 1
222 222 -1 268 1 1 -27 -26 1
222 222 -1 268 1 1 -26 -25 1
222 222 -1 268 1 1 -24 -23 1
222 222 -1 268 1 1 -23 -22 1
222 222 -1 268 1 1 -22 -21 1
222 222 -1 268 1 1 -21 -20 1
222 222 -1 268 1 1 -16 -15 1
222 222 -1 268 1 1 -15 -14 1
222 222 -1 268 1 1 -14 -13 1
222 222 -1 268 1 1 -12 -11 3
222 222 -1 268 1 1 -11 -10 3
222 222 -1 268 1 1 -10 -9 4
222 222 -1 268 1 1 -4 -3 1
222 222 -1 268 1 1 -3 -2 1
222 222 -1 268 1 1 -2 -1 2
222 222 -1 268 1 1 -1 0 9
222 222 -1 268 1 1 3 4 9
222 222 -1 268 1 1 4 5 1
222 222 -1 268 1 1 5 6 1
222 222 -1 268 1 1 6 7 2
222 222 -1 268 1 1 7 8 1
222 222 -1 268 1 1 8 9 2
222 222 -1 268 1 1 9 10 1
222 222 -1 268 1 1 10 11 4
222 222 -1 268 1 1 11 12 2
222 222 -1 268 1 1 12 13 10
222 222 -1 268 1 1 13 14 10
222 222 -1 268 1 1 14 15 3
222 222 -1 268 1 1 15 16 5
222 222 -1 268 1 1 16 17 5
222 222 -1 268 1 1 17 18 3
222 222 -1 268 1 1 21 22 5
222 222 -1 268 1 1 22 23 4
222 222 -1 268 1 1 23 24 7
222 222 -1 268 1 1 24 25 5
222 222 -1 268 1 1 25 26 7
222 222 -1 268 1 1 26 27 5
222 222 -1 268 1 1 27 28 6
222 222 -1 268 1 1 28 29 10
222 222 -1 268 1 1 29 30 10
222 222 -1 268 1 1 31 32 3
222 222 -1 268 1 1 32 33 3
222 222 -1 268 1 1 33 34 3
222 222 -1 268 1 1 34 35 3
222 222 -1 268 1 1 35 36 4
222 222 -1 268 1 1 59 60 1
222 222 -1 268 1 1 60 61 1
222 222 -1 268 1 1 63 64 4
222 222 -1 268 1 1 64 65 5
222 222 -1 268 1 1 65 66 4
222 222 -1 268 1 1 66 67 1
222 222 -1 268 1 1 67 68 1
222 222 -1 268 1 1 68 69 2
222 222 -1 268 1 1 69 70 3
222 222 -1 268 1 1 70 71 2
222 222 -1 268 1 1 71 72 1
222 222 -1 268 1 1 73 74 4
222 222 -1 268 1 1 74 75 4
222 222 -1 268 1 1 75 76 4
222 222 -1 268 1 1 76 77 4
222 222 -1 268 1 1 77 78 3
222 222 -1 268 1 1 78 79 1
222 222 -1 268 1 1 79 80 1
222 222 -1 268 1 1 80 81 2
222 222 -1 268 1 1 81 82 3
222 222 -1 268 1 1 82 83 3
222 222 -1 268 1 1 83 84 3
222 222 -1 268 1 1 84 85 3
222 222 -1 268 1 1 85 86 2
222 222 -1 268 1 1 86 87 2
222 222 -1 268 1 1 87 88 4
222 222 -1 268 1 1 89 90 3
222 222 -1 268 1 1 90 91 3
222 222 -1 268 1 1 91 92 3
222 222 -1 268 1 1 92 93 3
222 222 -1 268 1 1 93 94 3
222 222 -1 268 1 1 97 98 1
222 222 -1 268 1 1 98 99 1
222 222 -1 268 1 1 99 100 1
222 222 1 171 0 0 -257 -256 2
222 222 1 171 0 0 -256 -255 2
222 222 1 171 0 0 -255 -254 2
222 222 1 171 0 0 -254 -253 2
222 222 1 171 0 0 -253 -252 2
222 222 1 171 0 0 -252 -251 2
222 222 1 171 0 0 -251 -250 2
222 222 1 171 0 0 -250 -249 2
222 222 1 171 0 0 -249 -248 2
222 222 1 171 0 0 -248 -247 1
222 222 1 171 0 0 -247 -246 1
222 222 1 171 0 0 -246 -245 4
222 222 1 171 0 0 -245 -244 4
222 222 1 171 0 0 -244 -243 4
222 222 1 171 0 0 -243 -242 4
222 222 1 171 0 0 -242 -241 5
222 222 1 171 0 0 -241 -240 5
222 222 1 171 0 0 -240 -239 5
222 222 1 171 0 0 -239 -238 2
222 222 1 171 0 0 -238 -237 6
222 222 1 171 0 0 -237 -236 11
222 222 1 171 0 0 -236 -235 11
222 222 1 171 0 0 -235 -234 4
222 222 1 171 0 0 -234 -233 4
222 222 1 171 0 0 -206 -205 1
222 222 1 171 0 0 -205 -204 1
222 222 1 171 0 0 -204 -203 1
222 222 1 171 0 0 -203 -202 1
222 222 1 171 0 0 -202 -201 1
222 222 1 171 0 0 -200 -199 2
222 222 1 171 0 0 -199 -198 1
222 222 1 171 0 0 -193 -192 1
222 222 1 171 0 0 -192 -191 1
222 222 1 171 0 0 -191 -190 1
222 222 1 171 0 0 -190 -189 1
222 222 1 171 0 0 -189 -188 1
222 222 1 171 0 0 -188 -187 1
222 222 1 171 0 0 -187 -186 1
222 222 1 171 0 0 -181 -180 1
222 222 1 171 0 0 -178 -177 1
222 222 1 171 0 0 -177 -176 1
222 222 1 171 0 0 -176 -175 1
222 222 1 171 0 0 -175 -174 1
222 222 1 171 0 0 -106 -105 3
222 222 1 171 0 0 -105 -104 3
222 222 1 171 0 0 -104 -103 3
222 222 1 171 0 0 -103 -102 4
222 222 1 171 0 0 -102 -101 3
222 222 1 171 0 0 -101 -100 3
222 222 1 171 0 0 -100 -99 2
222 222 1 171 0 0 -99 -98 2
222 222 1 171 0 0 -98 -97 2
222 222 1 171 0 0 -97 -96 2
222 222 1 171 0 0 -96 -95 2
222 222 1 171 0 0 -95 -94 2
222 222 1 171 0 0 -94 -93 2
222 222 1 171 0 0 -93 -92 2
222 222 1 171 0 0 -92 -91 1
222 222 1 171 0 0 -91 -90 1
222 222 1 171 0 0 -82 -81 3
222 222 1 171 0 0 -81 -80 2
222 222 1 171 0 0 -80 -79 2
222 222 1 171 0 0 -79 -78 2
222 222 1 171 0 0 -78 -77 4
222 222 1 171 0 0 -77 -76 4
222 222 1 171 0 0 -76 -75 3
222 222 1 171 0 0 -75 -74 2
222 222 1 171 0 0 -74 -73 3
222 222 1 171 0 0 -73 -72 3
222 222 1 171 0 0 -72 -71 3
222 222 1 171 0 0 -71 -70 5
222 222 1 171 0 0 -70 -69 5
222 222 1 171 0 0 -69 -68 5
222 222 1 171 0 0 -68 -67 6
222 222 1 171 0 0 -67 -66 4
222 222 1 171 0 0 -66 -65 4
222 222 1 171 0 0 -65 -64 4
222 222 1 171 0 0 -53 -52 3
222 222 1 171 0 0 -52 -51 3
222 222 1 171 0 0 -51 -50 2
222 222 1 171 0 0 -50 -49 1
222 222 1 171 0 0 -49 -48 5
222 222 1 171 0 0 -48 -47 2
222 222 1 171 0 0 -47 -46 3
222 222 1 171 0 0 -46 -45 4
222 222 1 171 0 0 -45 -44 4
222 222 1 171 0 0 -44 -43 4
222 222 1 171 0 0 -43 -42 4
222 222 1 171 0 0 -42 -41 4
222 222 1 171 0 0 -41 -40 4
222 222 1 171 0 0 -35 -34 3
222 222 1 171 0 0 -34 -33 2
222 222 1 171 0 0 -33 -32 7
222 222 1 171 0 0 -32 -31 7
222 222 1 171 0 0 -31 -30 6
222 222 1 171 0 0 -30 -29 6
222 222 1 171 0 0 -29 -28 4
222 222 1 171 0 0 -28 -27 4
222 222 1 171 0 0 -27 -26 4
222 222 1 171 0 0 -26 -25 4
222 222 1 171 0 0 -25 -24 4
222 222 1 171 0 0 -24 -23 4
222 222 1 171 0 0 -23 -22 4
222 222 1 171 0 0 -22 -21 4
222 222 1 171 0 0 -21 -20 4
222 222 1 171 0 0 -20 -19 4
222 222 1 171 0 0 -19 -18 4
222 222 1 171 0 0 -18 -17 2
222 222 1 171 0 0 -17 -16 2
222 222 1 171 0 0 -16 -15 2
222 222 1 171 0 0 -15 -14 2
222 222 1 171 0 0 0 1 2
222 222 1 171 0 0 1 2 2
222 222 1 171 0 0 2 3 2
222 222 1 171 0 0 3 4 1
222 222 1 171 0 0 4 5 1
222 222 1 171 0 0 5 6 3
222 222 1 171 0 0 6 7 1
222 222 1 171 0 0 7 8 2
222 222 1 171 0 0 8 9 3
222 222 1 171 0 0 9 10 9
222 222 1 171 0 0 10 11 10
222 222 1 171 0 0 11 12 3
222 222 1 171 0 0 29 30 3
222 222 1 171 0 0 30 31 5
222 222 1 171 0 0 31 32 2
222 222 1 171 0 0 32 33 5
222 222 1 171 0 0 33 34 3
222 222 1 171 0 0 34 35 2
222 222 1 171 0 0 186 187 1
222 222 1 171 0 0 187 188 1
222 222 1 171 0 0 188 189 1
222 222 1 171 0 0 189 190 1
222 222 1 171 0 0 190 191 1
222 222 1 171 0 0 191 192 1
222 222 1 171 0 0 192 193 1
222 222 1 171 0 0 193 194 1
222 222 1 171 0 0 194 195 1
222 222 1 171 0 0 195 196 1
222 222 1 171 0 0 196 197 1
222 222 1 171 0 0 197 198 1
222 222 1 171 0 0 198 199 1
222 222 1 171 0 0 199 200 1
222 222 1 171 0 0 200 201 1
222 222 1 171 0 0 201 202 3
222 222 1 171 0 0 202 203 3
222 222 1 171 0 0 203 204 3
222 222 1 171 0 0 204 205 2
222 222 1 171 0 0 274 275 1
222 222 1 171 0 0 275 276 1
222 222 1 171 0 0 276 277 1
222 222 1 171 0 0 277 278 1
222 222 1 171 0 0 278 279 1
222 222 1 171 0 0 285 286 1
222 222 1 171 0 0 286 287 1
222 222 1 171 0 0 287 288 1
222 222 1 171 0 0 288 289 1
222 222 1 171 0 0 289 290 1
222 222 1 171 0 0 290 291 1
222 222 1 171 0 0 291 292 1
222 222 1 171 0 0 292 293 1
222 222 1 171 0 0 293 294 1
222 222 1 171 0 0 294 295 1
222 222 1 171 0 0 295 296 1
222 222 1 171 0 0 296 297 1
222 222 1 171 0 0 297 298 1
222 222 1 171 0 0 300 301 1
222 222 1 171 0 0 301 302 1
222 222 1 171 0 0 302 303 1
222 222 1 171 0 0 303 304 2
222 222 1 171 0 0 304 305 2
222 222 1 171 0 0 305 306 1
222 222 1 171 0 0 306 307 1
222 222 1 171 0 0 307 308 1
222 222 1 171 0 0 308 309 1
222 222 1 171 0 0 373 374 5
222 222 1 171 0 0 374 375 5
222 222 1 171 0 0 375 376 5
222 222 1 171 0 0 376 377 5
222 222 1 171 0 0 377 378 5
222 222 1 171 0 0 378 379 1
222 222 1 171 0 0 379 380 3
222 222 1 171 0 0 380 381 3
222 222 1 171 0 0 381 382 3
222 222 1 171 0 0 382 383 3
222 222 1 171 0 0 383 384 3
222 222 1 171 0 0 384 385 3
222 222 1 171 0 0 385 386 3
222 222 1 171 0 0 386 387 3
222 222 1 171 0 0 387 388 3
222 222 1 171 0 0 388 389 3
222 222 1 171 0 0 389 390 3
222 222 1 171 0 0 390 391 2
222 222 1 171 0 0 391 392 1
222 222 1 171 0 0 392 393 1
222 222 1 171 0 0 393 394 1
222 222 1 171 0 0 394 395 1
222 222 1 171 0 0 395 396 1
222 222 1 171 0 0 396 397 1
222 222 1 171 0 0 402 403 4
222 222 1 171 0 0 403 404 4
222 222 1 171 0 0 404 405 4
222 222 1 171 0 0 405 406 4
222 222 1 171 0 0 406 407 4
222 222 1 171 0 0 407 408 4
222 222 1 171 0 0 472 473 2
222 222 1 171 0 0 473 474 2
222 222 1 171 0 0 474 475 2
222 222 1 171 0 0 475 476 2
222 222 1 171 0 0 476 477 2
222 222 1 171 0 0 477 478 2
222 222 1 171 0 0 542 543 1
222 222 1 171 0 0 543 544 1
222 222 1 171 0 0 544 545 1
222 222 1 171 0 0 545 546 1
222 222 1 171 0 0 546 547 1
222 222 1 171 0 0 547 548 1
222 222 1 171 0 0 577 578 2
222 222 1 171 0 0 578 579 2
222 222 1 171 0 0 579 580 2
222 222 1 171 0 0 580 581 3
222 222 1 171 0 0 581 582 3
222 222 1 171 0 0 582 583 2
222 222 1 171 0 0 597 598 1
222 222 1 171 0 0 598 599 2
222 222 1 171 0 0 599 600 2
222 222 1 171 0 0 600 601 2
222 222 1 171 0 0 606 607 2
222 222 1 171 0 0 607 608 2
222 222 1 171 0 0 608 609 2
222 222 1 171 0 0 609 610 2
222 222 1 171 0 0 610 611 2
222 222 1 171 0 0 611 612 2
222 223 -1 419 1 1 166 167 1
222 223 -1 419 1 1 167 168 1
222 223 -1 419 1 1 168 169 1
222 223 -1 419 1 1 169 170 4
222 223 -1 419 1 1 170 171 4
222 223 -1 419 1 1 178 179 8
222 223 -1 419 1 1 179 180 8
222 223 -1 419 1 1 180 181 8
222 223 -1 419 1 1 496 497 1
222 223 -1 419 1 1 497 498 1
222 223 -1 419 1 1 498 499 1
222 223 -1 419 1 1 499 500 1
222 223 -1 419 1 1 522 523 1
222 223 -1 419 1 1 523 524 1
222 223 -1 419 1 1 524 525 2
222 223 -1 419 1 1 525 526 2
222 223 -1 419 1 1 526 527 3
222 223 -1 419 1 1 527 528 3
222 223 -1 419 1 1 528 529 3
222 223 -1 419 1 1 529 530 2
222 223 -1 419 1 1 530 531 4
222 223 -1 419 1 1 531 532 4
222 223 -1 419 1 1 548 549 1
222 223 -1 419 1 1 549 550 1
222 223 -1 419 1 1 550 551 1
222 223 -1 419 1 1 551 552 1
222 223 -1 419 1 1 587 588 3
222 223 -1 419 1 1 588 589 2
222 223 -1 419 1 1 589 590 2
222 223 -1 419 1 1 590 591 2
222 223 -1 419 1 1 591 592 2
2222 2222 1 173 0 0 -295 -294 1
2222 2222 1 173 0 0 -290 -289 2
2222 2222 1 173 0 0 -251 -250 9
2222 2222 1 173 0 0 -239 -238 7
222 221 -1 394 1 0 -436 -435 3
222 221 -1 394 1 0 -435 -434 1
222 221 -1 394 1 0 -434 -433 3
222 221 -1 394 1 0 -425 -424 2
222 221 -1 394 1 0 -424 -423 3
222 221 -1 394 1 0 -423 -422 3
222 221 -1 394 1 0 -422 -421 2
222 221 -1 394 1 0 -421 -420 4
222 221 -1 394 1 0 -393 -392 2
222 221 -1 394 1 0 -392 -391 2
222 221 -1 394 1 0 -391 -390 2
222 221 -1 394 1 0 -325 -324 2
222 221 -1 394 1 0 -324 -323 1
222 221 -1 394 1 0 -323 -322 1
222 221 -1 394 1 0 -322 -321 1
222 221 -1 394 1 0 -276 -275 1
222 221 -1 394 1 0 -272 -271 1
222 221 -1 394 1 0 -270 -269 1
222 221 -1 394 1 0 -269 -268 3
222 221 -1 394 1 0 -268 -267 1
222 221 -1 394 1 0 -263 -262 1
222 221 -1 394 1 0 -262 -261 2
222 221 -1 394 1 0 -261 -260 2
222 221 -1 394 1 0 -255 -254 2
222 221 -1 394 1 0 -254 -253 2
222 221 -1 394 1 0 -253 -252 2
222 221 -1 394 1 0 -236 -235 1
222 221 -1 394 1 0 -235 -234 1
222 221 -1 394 1 0 -234 -233 1
222 221 1 489 3 0 -356 -355 1
222 221 1 489 3 0 -183 -182 2
222 221 1 489 3 0 -182 -181 1
222 221 1 489 3 0 -181 -180 2
222 221 1 489 3 0 -180 -179 1
222 221 1 489 3 0 -179 -178 1
222 221 1 489 3 0 -178 -177 3
222 221 1 489 3 0 -177 -176 1
222 221 1 489 3 0 -176 -175 1
222 221 1 489 3 0 -175 -174 2
222 221 1 489 3 0 -174 -173 1
222 221 1 489 3 0 -173 -172 1
222 221 1 489 3 0 -155 -154 1
222 221 1 489 3 0 -154 -153 1
222 221 1 489 3 0 -153 -152 1
222 221 1 489 3 0 -108 -107 1
222 221 1 489 3 0 -80 -79 1
222 221 1 489 3 0 -79 -78 3
222 221 1 489 3 0 -78 -77 1
222 221 1 489 3 0 -77 -76 1
222 221 1 489 3 0 -76 -75 1
222 221 1 489 3 0 -75 -74 1
222 221 1 489 3 0 -74 -73 1
222 221 1 489 3 0 -73 -72 1
222 221 1 489 3 0 -72 -71 1
222 221 1 489 3 0 -10 -9 1
222 221 1 489 3 0 -7 -6 1
222 221 1 489 3 0 -3 -2 1
222 221 1 489 3 0 -2 -1 1
222 221 1 489 3 0 55 56 5
222 221 1 489 3 0 56 57 5
222 221 1 489 3 0 81 82 1
222 221 1 489 3 0 82 83 1
222 221 1 489 3 0 83 84 1
222 221 1 489 3 0 84 85 1
222 221 1 489 3 0 118 119 1
222 221 1 489 3 0 255 256 1
222 221 1 489 3 0 256 257 2
222 221 1 489 3 0 261 262 1
222 221 1 490 2 3 -334 -333 1
222 221 1 490 2 3 -333 -332 1
222 221 1 490 2 3 -332 -331 1
222 221 1 490 2 3 -331 -330 1
222 221 1 490 2 3 -330 -329 1
222 221 1 490 2 3 -329 -328 1
222 221 1 490 2 3 -328 -327 1
222 221 1 490 2 3 -327 -326 1
222 221 1 490 2 3 -326 -325 1
222 221 1 490 2 3 -325 -324 1
222 221 1 490 2 3 -324 -323 1
222 221 1 490 2 3 -323 -322 1
222 221 1 490 2 3 -322 -321 1
222 221 1 490 2 3 -292 -291 1
222 221 1 490 2 3 -291 -290 1
222 221 1 490 2 3 -290 -289 1
222 221 1 490 2 3 -289 -288 1
222 221 1 490 2 3 -288 -287 1
222 221 1 490 2 3 -287 -286 1
222 221 1 490 2 3 -286 -285 1
222 221 1 490 2 3 -283 -282 1
222 221 1 490 2 3 -282 -281 1
222 221 1 490 2 3 -280 -279 1
222 221 1 490 2 3 -279 -278 1
222 221 1 490 2 3 -278 -277 1
222 221 1 490 2 3 -277 -276 1
222 221 1 490 2 3 -276 -275 1
222 221 1 490 2 3 -258 -257 1
222 221 1 490 2 3 -257 -256 1
222 221 1 490 2 3 -256 -255 1
222 221 1 490 2 3 -235 -234 1
222 221 1 490 2 3 -234 -233 1
222 221 1 490 2 3 -233 -232 1
222 221 1 490 2 3 -232 -231 1
222 221 1 490 2 3 -231 -230 1
222 221 1 490 2 3 -230 -229 1
222 221 1 490 2 3 -229 -228 1
222 221 1 490 2 3 -228 -227 1
222 221 1 490 2 3 -227 -226 1
222 221 1 490 2 3 -200 -199 1
222 221 1 490 2 3 -199 -198 1
222 221 1 490 2 3 -198 -197 1
222 221 1 490 2 3 -197 -196 1
222 221 1 490 2 3 -196 -195 1
222 221 1 490 2 3 -195 -194 1
222 221 1 490 2 3 -194 -193 1
222 221 1 490 2 3 -186 -185 1
222 221 1 490 2 3 -185 -184 2
222 221 1 490 2 3 -184 -183 1
222 221 1 490 2 3 -183 -182 2
222 221 1 490 2 3 -182 -181 2
222 221 1 490 2 3 -181 -180 2
222 221 1 490 2 3 -180 -179 2
222 221 1 490 2 3 -179 -178 2
222 221 1 490 2 3 -175 -174 1
222 221 1 490 2 3 -174 -173 1
222 221 1 490 2 3 -173 -172 1
222 221 1 490 2 3 -161 -160 3
222 221 1 490 2 3 -160 -159 3
222 221 1 490 2 3 -159 -158 1
222 221 1 490 2 3 -157 -156 1
222 221 1 490 2 3 -156 -155 1
222 221 1 490 2 3 -155 -154 1
222 221 1 490 2 3 -154 -153 3
222 221 1 490 2 3 -153 -152 2
222 221 1 490 2 3 -152 -151 2
222 221 1 490 2 3 -151 -150 1
222 221 1 490 2 3 -145 -144 3
222 221 1 490 2 3 -144 -143 2
222 221 1 490 2 3 -139 -138 1
222 221 1 490 2 3 -138 -137 1
222 221 1 490 2 3 -137 -136 1
222 221 1 490 2 3 -136 -135 1
222 221 1 490 2 3 -135 -134 1
222 221 1 490 2 3 -134 -133 5
222 221 1 490 2 3 -133 -132 4
222 221 1 490 2 3 -132 -131 4
222 221 1 490 2 3 -130 -129 1
222 221 1 490 2 3 -129 -128 1
222 221 1 490 2 3 -128 -127 1
222 221 1 490 2 3 -113 -112 1
222 221 1 490 2 3 -112 -111 3
222 221 1 490 2 3 -111 -110 3
222 221 1 490 2 3 -110 -109 2
222 221 1 490 2 3 -109 -108 2
222 221 1 490 2 3 -108 -107 3
222 221 1 490 2 3 -107 -106 3
222 221 1 490 2 3 -106 -105 4
222 221 1 490 2 3 -105 -104 2
222 221 1 490 2 3 -104 -103 1
222 221 1 490 2 3 -103 -102 11
222 221 1 490 2 3 -81 -80 1
222 221 1 490 2 3 -80 -79 2
222 221 1 490 2 3 -79 -78 5
222 221 1 490 2 3 -78 -77 2
222 221 1 490 2 3 -77 -76 2
222 221 1 490 2 3 -76 -75 2
222 221 1 490 2 3 -75 -74 1
222 221 1 490 2 3 -74 -73 1
222 221 1 490 2 3 -73 -72 1
222 221 1 490 2 3 -72 -71 1
222 221 1 490 2 3 -66 -65 9
222 221 1 490 2 3 -65 -64 2
222 221 1 490 2 3 -64 -63 2
222 221 1 490 2 3 -54 -53 5
222 221 1 490 2 3 -53 -52 2
222 221 1 490 2 3 -52 -51 2
222 221 1 490 2 3 -48 -47 1
222 221 1 490 2 3 -47 -46 1
222 221 1 490 2 3 -46 -45 1
222 221 1 490 2 3 -44 -43 1
222 221 1 490 2 3 -43 -42 1
222 221 1 490 2 3 -42 -41 1
222 221 1 490 2 3 -41 -40 1
222 221 1 490 2 3 -35 -34 2
222 221 1 490 2 3 -34 -33 7
222 221 1 490 2 3 -33 -32 7
222 221 1 490 2 3 -32 -31 7
222 221 1 490 2 3 -29 -28 6
222 221 1 490 2 3 -28 -27 6
222 221 1 490 2 3 -27 -26 6
222 221 1 490 2 3 -26 -25 1
222 221 1 490 2 3 -25 -24 1
222 221 1 490 2 3 -24 -23 1
222 221 1 490 2 3 -23 -22 1
222 221 1 490 2 3 -22 -21 1
222 221 1 490 2 3 -20 -19 2
222 221 1 490 2 3 -19 -18 3
222 221 1 490 2 3 -18 -17 3
222 221 1 490 2 3 -17 -16 3
222 221 1 490 2 3 -16 -15 4
222 221 1 490 2 3 -15 -14 4
222 221 1 490 2 3 -2 -1 1
222 221 1 490 2 3 -1 0 1
222 221 1 490 2 3 0 1 1
222 221 1 490 2 3 1 2 1
222 221 1 490 2 3 16 17 1
222 221 1 490 2 3 40 41 1
222 221 1 490 2 3 41 42 1
222 221 1 490 2 3 42 43 1
222 221 1 490 2 3 43 44 2
222 221 1 490 2 3 118 119 5
222 221 1 490 2 3 119 120 1
222 221 1 490 2 3 120 121 1
222 221 1 490 2 3 256 257 1
222 221 1 490 2 3 257 258 2
222 221 1 490 2 3 258 259 1
222 221 1 490 2 3 259 260 1
222 221 1 490 2 3 277 278 9
222 221 1 490 2 3 278 279 9
222 221 1 490 2 3 279 280 8
222 221 1 490 2 3 280 281 1
222 221 1 490 2 3 281 282 1
222 221 1 490 2 3 282 283 1
222 221 1 490 2 3 283 284 1
222 221 1 490 2 3 284 285 1
222 221 1 490 2 3 286 287 2
222 221 1 490 2 3 287 288 2
222 221 1 490 2 3 288 289 2
222 221 1 490 2 3 289 290 2
222 221 1 490 2 3 290 291 2
222 221 1 490 2 3 291 292 2
222 221 1 490 2 3 308 309 1
222 221 1 490 2 3 309 310 1
222 221 1 490 2 3 310 311 1
222 221 1 490 2 3 311 312 1
222 221 1 490 2 3 312 313 1
222 221 1 490 2 3 313 314 1
222 221 1 490 2 3 314 315 1
222 221 1 490 2 3 366 367 1
222 221 1 490 2 3 367 368 1
222 221 1 490 2 3 368 369 1
222 221 1 490 2 3 369 370 1
222 221 1 490 2 3 370 371 1
222 221 1 490 2 3 371 372 1
222 221 1 490 2 3 372 373 1
222 221 1 490 2 3 682 683 1
222 221 1 490 2 3 683 684 1
222 221 1 490 2 3 684 685 1
222 221 1 490 2 3 685 686 1
222 221 1 490 2 3 686 687 1
222 221 1 490 2 3 687 688 1
222 221 1 489 1 0 -355 -354 1
222 221 1 489 1 0 -354 -353 1
222 221 1 489 1 0 -157 -156 1
222 221 1 489 1 0 -156 -155 1
222 221 1 489 1 0 -155 -154 1
222 221 1 489 1 0 -154 -153 2
222 221 1 489 1 0 -153 -152 1
222 221 1 489 1 0 -152 -151 1
222 221 1 489 1 0 -113 -112 1
222 221 1 489 1 0 -112 -111 3
222 221 1 489 1 0 -111 -110 1
222 221 1 489 1 0 -110 -109 1
222 221 1 489 1 0 -109 -108 2
222 221 1 489 1 0 -108 -107 3
222 221 1 489 1 0 -107 -106 1
222 221 1 489 1 0 256 257 1
222 221 1 489 1 0 257 258 2
222 221 1 489 1 0 261 262 1
222 221 1 489 1 0 277 278 8
222 221 1 489 1 0 278 279 7
222 221 1 489 1 0 280 281 1
222 221 1 489 1 0 281 282 1
222 221 1 489 1 0 282 283 1
222 2223 1 322 2 0 -242 -241 4
222 2223 1 322 2 0 -239 -238 4
222 2223 1 322 2 0 -222 -221 9
222 2223 1 322 2 0 -172 -171 3
222 2223 1 322 2 0 -163 -162 1
222 2223 1 322 2 0 -162 -161 1
222 2223 1 322 2 0 -137 -136 7
222 2223 1 322 2 0 -134 -133 1
222 2223 1 322 2 0 -119 -118 8
222 2223 1 322 2 0 -105 -104 9
222 2223 1 322 2 0 -99 -98 9
222 2223 1 322 2 0 -96 -95 1
222 2223 1 322 2 0 -84 -83 1
222 2223 1 322 2 0 -81 -80 1
222 2223 1 322 2 0 -64 -63 1
222 2223 1 322 2 0 -61 -60 2
222 2223 1 322 2 0 -60 -59 2
222 2223 1 322 2 0 -52 -51 1
222 2223 1 322 2 0 -49 -48 1
222 2223 1 322 2 0 -46 -45 1
222 2223 1 322 2 0 -35 -34 3
222 2223 1 322 2 0 -15 -14 9
222 2223 1 322 2 0 39 40 13
222 2223 1 322 2 0 88 89 3
222 2223 1 322 2 0 120 121 11
222 2223 1 322 2 0 146 147 1
222 2223 1 322 2 0 149 150 1
222 2223 1 322 2 0 152 153 8
222 2223 1 322 2 0 164 165 1
222 2223 1 322 2 0 170 171 8
222 2223 1 322 2 0 172 173 5
222 2223 1 322 2 0 173 174 5
222 2223 1 322 2 0 176 177 1
222 2223 1 322 2 0 177 178 1
222 2223 1 322 2 0 178 179 1
222 2223 1 322 2 0 193 194 1
222 2223 1 322 2 0 196 197 1
222 2223 1 322 2 0 211 212 1
222 2223 1 322 2 0 216 217 2
222 2223 1 322 2 0 219 220 1
222 2223 1 322 2 0 228 229 1
222 2223 1 322 2 0 231 232 1
222 2223 1 322 2 0 243 244 1
222 2223 1 322 2 0 359 360 1
222 2223 1 322 2 0 385 386 1
222 2223 1 322 2 0 395 396 1
222 2223 1 322 2 0 633 634 1
222 2223 1 322 2 0 634 635 1
222 2223 1 322 2 0 635 636 1
222 2223 1 322 2 0 636 637 1
222 2223 1 322 2 0 637 638 1
222 2223 1 322 2 0 638 639 1
222 2223 1 322 2 0 639 640 1
222 2223 1 323 0 0 -161 -160 1
222 2223 1 323 0 0 -135 -134 1
222 2223 1 323 0 0 -122 -121 1
222 2223 1 323 0 0 -118 -117 1
222 2223 1 323 0 0 -90 -89 1
222 2223 1 323 0 0 -61 -60 1
222 2223 1 323 0 0 -60 -59 1
222 2223 1 323 0 0 152 153 1
222 2223 1 323 0 0 176 177 2
222 2223 1 323 0 0 177 178 1
222 2223 1 323 0 0 178 179 1
222 2223 1 323 0 0 179 180 1
222 2223 1 323 0 0 185 186 1
222 2223 1 323 0 0 204 205 2
222 2223 1 323 0 0 217 218 1
222 2223 1 323 0 0 223 224 1
222 2223 1 323 0 0 228 229 2
222 2223 1 323 0 0 233 234 1
222 2223 1 323 0 0 234 235 1
222 2223 1 323 0 0 235 236 1
222 2223 1 323 0 0 237 238 1
222 2223 1 323 0 0 238 239 1
222 2223 1 323 0 0 242 243 1
222 2223 1 323 0 0 344 345 1
222 2223 1 323 0 0 345 346 1
222 2223 1 323 0 0 346 347 1
222 2223 1 323 0 0 347 348 2
222 2223 1 323 0 0 348 349 1
222 2223 1 323 0 0 349 350 1
222 2223 1 323 0 0 392 393 1
222 2223 1 323 0 0 521 522 1
222 2223 1 323 0 0 525 526 1
222 2223 1 323 0 0 526 527 1
222 2223 1 323 0 0 531 532 1
222 2223 1 323 0 0 533 534 1
222 2223 1 323 0 0 633 634 1
222 2223 1 323 0 0 634 635 1
222 2223 1 323 0 0 635 636 1
222 2223 1 323 0 0 636 637 1
222 2223 1 323 0 0 637 638 1
222 2223 1 323 0 0 638 639 2
222 2223 1 323 0 0 639 640 2
222 2223 1 323 2 0 -276 -275 1
222 2223 1 323 2 0 -235 -234 2
222 2223 1 323 2 0 90 91 2
222 2223 1 323 2 0 94 95 1
222 2223 1 323 2 0 101 102 2
222 2223 1 323 2 0 109 110 1
222 2223 1 323 2 0 205 206 2
222 2223 1 323 2 0 228 229 1
222 2223 1 323 2 0 231 232 1
222 2223 1 323 2 0 233 234 1
222 2223 1 323 2 0 350 351 1
222 2223 1 323 2 0 351 352 1
222 2223 1 323 2 0 352 353 1
222 2223 1 323 2 0 356 357 1
222 2223 1 323 2 0 524 525 1
2222 2223 1 323 2 0 -256 -255 1
2222 2223 1 323 2 0 -255 -254 1
2222 2223 1 323 2 0 -235 -234 1
2222 2223 1 323 2 0 228 229 1
2222 2223 1 323 0 0 -161 -160 1
2222 2223 1 323 0 0 -64 -63 1
2222 2223 1 323 0 0 -63 -62 1
2222 2223 1 323 0 0 -62 -61 1
2222 2223 1 323 0 0 -61 -60 1
2222 2223 1 323 0 0 90 91 3
2222 2223 1 323 0 0 91 92 2
2222 2223 1 323 0 0 92 93 1
2222 2223 1 323 0 0 93 94 2
2222 2223 1 323 0 0 94 95 2
2222 2223 1 323 0 0 223 224 1
2222 2223 1 323 0 0 232 233 1
2222 2223 1 323 0 0 233 234 1
2222 2223 1 323 0 0 238 239 1
2222 2223 1 323 0 0 242 243 1
2222 2223 1 323 0 0 272 273 1
2222 2223 1 323 0 0 273 274 1
2222 2223 1 323 0 0 274 275 2
2222 2223 1 323 0 0 349 350 1
221 223 -1 101 0 0 440 441 1
221 223 -1 101 0 0 441 442 1
221 223 -1 101 0 0 442 443 1
221 223 -1 101 0 0 443 444 1
221 223 -1 101 0 0 444 445 1
221 223 -1 101 0 0 445 446 1
221 223 -1 101 0 0 446 447 1
221 223 -1 101 0 0 447 448 1
221 223 -1 101 0 0 448 449 1
221 223 -1 101 0 0 449 450 1
221 223 -1 101 0 0 450 451 1
221 223 -1 101 0 0 451 452 1
221 223 -1 101 0 0 452 453 1
221 223 -1 101 0 0 453 454 1
221 223 -1 101 0 0 454 455 1
221 223 -1 101 0 0 455 456 1
221 223 -1 101 0 0 456 457 1
221 223 -1 101 0 0 457 458 1
221 223 -1 101 0 0 458 459 1
221 223 -1 101 0 0 459 460 1
221 223 -1 101 0 0 460 461 1
221 223 -1 101 0 0 461 462 1
221 223 -1 101 0 0 462 463 1
221 223 -1 101 0 0 463 464 1
221 223 -1 101 0 0 464 465 1
221 223 -1 101 0 0 465 466 1
221 223 -1 101 0 0 466 467 1
221 223 -1 101 0 0 467 468 1
221 223 -1 101 0 0 468 469 1
221 223 -1 101 0 0 469 470 1
221 223 -1 101 0 0 470 471 1
221 223 -1 101 0 0 471 472 1
221 223 -1 101 0 0 472 473 1
221 223 -1 101 0 0 473 474 2
221 223 -1 101 0 0 474 475 2
221 223 -1 101 0 0 475 476 2
221 223 -1 101 0 0 476 477 2
221 223 -1 101 0 0 477 478 1
221 223 -1 101 0 0 478 479 2
221 223 -1 101 0 0 479 480 2
221 223 -1 101 0 0 480 481 2
221 223 -1 101 0 0 481 482 2
221 223 -1 101 0 0 482 483 2
221 223 -1 101 0 0 483 484 2
221 223 -1 101 0 0 484 485 1
221 223 -1 101 0 0 485 486 1
221 223 -1 101 0 0 486 487 1
221 223 -1 101 0 0 487 488 1
221 223 -1 101 0 0 488 489 1
221 223 -1 101 0 0 511 512 1
221 223 -1 101 0 0 582 583 1
221 223 -1 101 0 0 583 584 1
221 223 -1 101 0 0 584 585 1
221 223 -1 101 0 0 585 586 1
221 223 -1 101 0 0 586 587 1
221 223 -1 101 0 0 587 588 1
221 223 -1 101 0 0 588 589 1
221 223 -1 101 0 0 589 590 1
221 223 -1 101 0 0 590 591 1
221 223 -1 101 0 0 591 592 1
221 223 -1 101 0 0 592 593 1
221 223 -1 101 0 0 593 594 1
221 223 -1 101 0 0 594 595 1
221 223 -1 101 0 0 595 596 1
221 223 -1 101 0 0 596 597 1
221 223 -1 101 0 0 597 598 1
221 223 -1 101 0 0 598 599 1
221 223 -1 101 0 0 599 600 1
221 223 -1 101 0 0 600 601 1
221 223 -1 101 0 0 610 611 1
221 223 -1 101 0 0 611 612 1
221 223 -1 101 0 0 612 613 1
221 223 -1 101 0 0 613 614 1
221 223 -1 101 0 0 614 615 1
221 223 -1 101 0 0 615 616 1
221 223 -1 101 0 0 616 617 1
221 223 -1 101 0 0 617 618 1
221 223 -1 101 0 0 618 619 1
221 223 -1 101 0 0 619 620 1
221 223 -1 101 0 0 620 621 1
221 223 -1 101 0 0 621 622 1
221 223 -1 101 0 0 622 623 1
221 223 -1 101 0 0 623 624 1
221 223 -1 101 0 0 624 625 1
221 223 -1 101 0 0 625 626 1
221 223 -1 101 0 0 626 627 1
221 223 -1 101 0 0 627 628 1
221 223 -1 101 0 0 628 629 2
221 223 -1 101 0 0 639 640 1
221 223 -1 101 0 0 640 641 1
221 223 -1 101 0 0 641 642 1
221 223 -1 101 0 0 642 643 1
221 223 -1 101 0 0 643 644 1
221 223 -1 101 0 0 644 645 1
221 223 -1 101 0 0 645 646 1
221 223 -1 101 0 0 646 647 1
221 223 -1 101 0 0 647 648 1
221 223 -1 101 0 0 648 649 1
221 223 -1 101 0 0 649 650 1
221 223 -1 101 0 0 650 651 1
221 223 -1 101 0 0 651 652 1
221 223 -1 101 0 0 652 653 1
221 223 -1 101 0 0 653 654 1
221 223 -1 101 0 0 654 655 1
221 223 -1 101 0 0 655 656 1
221 223 -1 101 0 0 656 657 1
221 223 -1 101 0 0 657 658 1
221 223 -1 101 0 0 658 659 1
221 223 -1 101 0 0 659 660 1
221 223 -1 101 0 0 660 661 1
221 223 -1 101 0 0 661 662 1
221 223 -1 101 0 0 662 663 1
221 223 -1 101 0 0 663 664 1
221 223 -1 101 0 0 664 665 1
221 223 -1 101 0 0 665 666 1
221 223 -1 101 0 0 666 667 1
221 223 -1 101 0 0 667 668 1
221 223 -1 101 0 0 668 669 1
221 223 -1 101 0 0 669 670 1
221 223 -1 101 0 0 670 671 1
221 223 -1 101 0 0 671 672 1
221 223 -1 101 0 0 672 673 1
221 223 -1 101 0 0 673 674 1
221 223 -1 101 0 0 674 675 1
221 223 -1 101 0 0 675 676 1
221 223 -1 101 0 0 676 677 1
221 223 -1 101 0 0 677 678 1
221 223 -1 101 0 0 678 679 1
221 223 -1 101 0 0 679 680 1
221 223 -1 101 0 0 680 681 1
221 223 -1 101 0 0 681 682 1
221 223 -1 101 0 0 682 683 1
221 223 -1 101 0 0 683 684 1
221 223 -1 101 0 0 684 685 1
221 223 -1 101 0 0 685 686 1
221 223 -1 101 0 0 686 687 1
221 223 -1 101 0 0 687 688 1
221 223 -1 101 0 0 688 689 1
221 223 -1 101 0 0 689 690 1
221 223 -1 101 0 0 738 739 1
221 223 -1 101 0 0 739 740 1
221 223 -1 101 0 0 740 741 1
221 223 -1 101 0 0 741 742 1
221 223 -1 101 0 0 742 743 1
221 223 -1 101 0 0 743 744 2
221 223 -1 101 0 0 744 745 2
221 223 -1 101 0 0 745 746 2
221 223 -1 101 0 0 746 747 2
221 223 -1 101 0 0 747 748 1
221 223 -1 101 0 0 748 749 2
221 223 -1 101 0 0 749 750 2
221 223 -1 101 0 0 750 751 2
221 223 -1 101 0 0 751 752 2
221 223 -1 101 0 0 752 753 2
221 223 -1 101 0 0 753 754 2
221 223 -1 101 0 0 754 755 2
221 223 -1 101 0 0 755 756 2
221 223 -1 101 0 0 756 757 2
221 223 -1 101 0 0 757 758 2
221 223 -1 101 0 0 758 759 2
221 223 -1 101 0 0 759 760 2
221 223 -1 101 0 0 760 761 2
221 223 -1 101 0 0 761 762 1
221 223 -1 101 0 0 762 763 1
221 223 -1 101 0 0 763 764 1
221 223 -1 101 0 0 764 765 1
221 223 -1 101 0 0 765 766 1
221 223 -1 101 0 0 766 767 1
221 223 -1 101 0 0 767 768 1
221 223 -1 101 0 0 768 769 1
221 223 -1 101 0 0 769 770 1
221 223 -1 101 0 0 770 771 1
221 223 -1 101 0 0 771 772 1
221 223 -1 101 0 0 772 773 1
221 223 -1 101 0 0 773 774 1
221 223 -1 101 0 0 774 775 1
221 223 -1 101 0 0 775 776 1
221 223 -1 101 0 0 776 777 1
221 223 -1 101 0 0 777 778 1
221 223 -1 101 0 0 778 779 1
221 223 -1 101 0 0 779 780 2
221 223 -1 101 0 0 780 781 2
221 223 -1 101 0 0 781 782 2
221 223 -1 101 0 0 782 783 2
221 223 -1 101 0 0 783 784 2
221 223 -1 101 0 0 784 785 2
221 223 -1 101 0 0 785 786 2
221 223 -1 101 0 0 786 787 2
221 223 -1 101 0 0 787 788 2
221 223 -1 101 0 0 788 789 2
221 223 -1 101 0 0 795 796 1
221 223 -1 101 0 0 796 797 1
221 223 -1 101 0 0 797 798 1
221 223 -1 101 0 0 798 799 1
221 223 -1 101 0 0 799 800 1
221 223 -1 101 0 0 800 801 1
221 223 -1 101 0 0 801 802 1
221 223 -1 101 0 0 802 803 1
221 223 -1 101 0 0 803 804 1
221 223 -1 101 0 0 804 805 1
221 223 -1 101 0 0 805 806 1
221 223 -1 101 0 0 806 807 1
221 223 -1 101 0 0 807 808 1
221 223 -1 101 0 0 808 809 1
221 223 -1 101 0 0 809 810 1
221 223 -1 101 0 0 810 811 1
221 223 -1 101 0 0 811 812 1
221 223 -1 101 0 0 812 813 1
221 223 -1 101 0 0 813 814 1
221 223 -1 101 0 0 814 815 1
221 223 -1 101 0 0 815 816 1
221 223 -1 101 0 0 816 817 1
221 223 -1 101 0 0 817 818 1
221 223 -1 101 0 0 826 827 1
221 223 -1 102 3 7 445 446 1
221 223 -1 102 3 7 446 447 1
221 223 -1 102 3 7 455 456 1
221 223 -1 102 3 7 456 457 1
221 223 -1 102 3 7 457 458 1
221 223 -1 102 3 7 458 459 1
221 223 -1 102 3 7 464 465 1
221 223 -1 102 3 7 465 466 1
221 223 -1 102 3 7 466 467 1
221 223 -1 102 3 7 467 468 1
221 223 -1 102 3 7 468 469 1
221 223 -1 102 3 7 469 470 1
221 223 -1 102 3 7 470 471 1
221 223 -1 102 3 7 471 472 1
221 223 -1 102 3 7 472 473 1
221 223 -1 102 3 7 473 474 2
221 223 -1 102 3 7 474 475 2
221 223 -1 102 3 7 475 476 2
221 223 -1 102 3 7 476 477 2
221 223 -1 102 3 7 477 478 2
221 223 -1 102 3 7 478 479 2
221 223 -1 102 3 7 479 480 2
221 223 -1 102 3 7 480 481 2
221 223 -1 102 3 7 481 482 1
221 223 -1 102 3 7 482 483 1
221 223 -1 102 3 7 483 484 1
221 223 -1 102 3 7 484 485 1
221 223 -1 102 3 7 485 486 1
221 223 -1 102 3 7 486 487 1
221 223 -1 102 3 7 487 488 1
221 223 -1 102 3 7 488 489 1
221 223 -1 102 3 7 610 611 1
221 223 -1 102 3 7 611 612 1
221 223 -1 102 3 7 612 613 1
221 223 -1 102 3 7 613 614 1
221 223 -1 102 3 7 614 615 1
221 223 -1 102 3 7 615 616 1
221 223 -1 102 3 7 616 617 1
221 223 -1 102 3 7 617 618 1
221 223 -1 102 3 7 618 619 1
221 223 -1 102 3 7 619 620 1
221 223 -1 102 3 7 620 621 1
221 223 -1 102 3 7 621 622 1
221 223 -1 102 3 7 622 623 1
221 223 -1 102 3 7 623 624 1
221 223 -1 102 3 7 624 625 1
221 223 -1 102 3 7 625 626 1
221 223 -1 102 3 7 626 627 1
221 223 -1 102 3 7 627 628 1
221 223 -1 102 3 7 628 629 2
221 223 -1 102 3 7 653 654 1
221 223 -1 102 3 7 654 655 1
221 223 -1 102 3 7 655 656 1
221 223 -1 102 3 7 656 657 1
221 223 -1 102 3 7 657 658 1
221 223 -1 102 3 7 658 659 1
221 223 -1 102 3 7 659 660 1
221 223 -1 102 3 7 660 661 1
221 223 -1 102 3 7 661 662 1
221 223 -1 102 3 7 662 663 1
221 223 -1 102 3 7 663 664 1
221 223 -1 102 3 7 664 665 1
221 223 -1 102 3 7 665 666 1
221 223 -1 102 3 7 666 667 1
221 223 -1 102 3 7 667 668 1
221 223 -1 102 3 7 668 669 1
221 223 -1 102 3 7 669 670 1
221 223 -1 102 3 7 670 671 1
221 223 -1 102 3 7 671 672 1
221 223 -1 102 3 7 672 673 1
221 223 -1 102 3 7 673 674 1
221 223 -1 102 3 7 674 675 1
221 223 -1 102 3 7 675 676 1
221 223 -1 102 3 7 676 677 1
221 223 -1 102 3 7 677 678 1
221 223 -1 102 3 7 678 679 1
221 223 -1 102 3 7 679 680 1
221 223 -1 102 3 7 680 681 1
221 223 -1 102 3 7 683 684 1
221 223 -1 102 3 7 684 685 1
221 223 -1 102 3 7 685 686 1
221 223 -1 102 3 7 766 767 1
221 223 -1 102 3 7 767 768 1
221 223 -1 102 3 7 768 769 1
221 223 -1 102 3 7 769 770 1
221 223 -1 102 3 7 770 771 1
221 223 -1 102 3 7 771 772 1
221 223 -1 102 3 7 772 773 1
221 223 -1 102 3 7 773 774 1
221 223 -1 102 3 7 774 775 1
221 223 -1 102 3 7 775 776 1
221 223 -1 102 3 7 776 777 1
221 223 -1 102 3 7 777 778 1
221 223 -1 102 3 7 778 779 1
221 223 -1 102 3 7 779 780 2
221 223 -1 102 3 7 780 781 2
221 223 -1 102 3 7 781 782 2
221 223 -1 102 3 7 782 783 2
221 223 -1 102 3 7 783 784 2
221 223 -1 102 3 7 784 785 2
221 223 -1 102 3 7 785 786 2
221 223 -1 102 3 7 786 787 2
221 223 -1 102 3 7 787 788 2
221 223 -1 102 3 7 788 789 2
221 223 -1 102 3 7 823 824 1
221 223 -1 102 3 7 826 827 1
221 223 -1 101 1 0 476 477 1
221 223 -1 101 1 0 477 478 1
221 223 -1 101 1 0 478 479 1
221 223 -1 101 1 0 487 488 1
221 223 -1 101 1 0 488 489 1
221 223 -1 101 1 0 676 677 1
221 223 -1 101 1 0 678 679 1
221 223 -1 101 1 0 683 684 1
221 223 -1 101 1 0 685 686 1
221 223 -1 101 1 0 761 762 1
221 223 -1 101 1 0 823 824 1
221 231 1 310 0 0 637 638 1
221 231 1 310 0 0 638 639 1
221 231 1 310 0 0 639 640 1
221 231 1 310 0 0 640 641 1
221 231 1 310 0 0 641 642 1
221 231 1 310 0 0 642 643 1
221 231 1 310 0 0 643 644 1
221 231 1 310 0 0 644 645 1
221 231 1 310 0 0 645 646 1
221 231 1 310 0 0 646 647 1
221 231 1 310 0 0 647 648 1
221 231 1 310 0 0 751 752 1
221 231 1 310 0 0 752 753 1
221 231 1 310 0 0 753 754 1
221 231 1 310 0 0 754 755 1
221 231 1 310 0 0 755 756 1
221 231 1 310 0 0 756 757 1
221 231 1 310 0 0 757 758 1
221 231 1 310 0 0 758 759 1
221 231 1 311 0 0 637 638 1
221 231 1 311 0 0 638 639 1
221 231 1 311 0 0 639 640 1
221 231 1 311 0 0 640 641 1
221 231 1 311 0 0 641 642 1
221 231 1 311 0 0 642 643 1
221 231 1 311 0 0 643 644 1
221 231 1 311 0 0 644 645 1
221 231 1 311 0 0 645 646 1
221 231 1 311 0 0 646 647 1
221 231 1 311 0 0 647 648 1
221 231 1 311 0 0 648 649 1
221 231 1 311 0 0 649 650 1
221 231 1 311 0 0 650 651 1
221 231 1 311 0 0 651 652 1
221 231 1 311 0 0 652 653 1
221 231 1 311 0 0 653 654 1
221 231 1 311 0 0 654 655 1
221 231 1 311 0 0 655 656 1
221 231 1 311 0 0 656 657 1
221 231 1 311 0 0 661 662 1
221 231 1 311 0 0 662 663 1
221 231 1 311 0 0 663 664 1
221 231 1 311 0 0 664 665 1
221 231 1 311 0 0 665 666 1
221 231 1 311 0 0 666 667 1
221 231 1 311 0 0 667 668 1
221 231 1 311 0 0 668 669 1
221 231 1 311 0 0 669 670 1
221 231 1 311 0 0 670 671 1
221 231 1 311 0 0 671 672 1
221 231 1 311 0 0 672 673 1
221 231 1 311 0 0 673 674 1
221 231 1 311 0 0 674 675 1
221 231 1 311 0 0 675 676 1
221 231 1 311 0 0 677 678 1
221 231 1 311 0 0 751 752 1
221 231 1 311 0 0 752 753 1
221 231 1 311 0 0 753 754 1
221 231 1 311 0 0 754 755 1
221 231 1 311 0 0 755 756 1
221 231 1 311 0 0 756 757 1
221 231 1 311 0 0 757 758 1
221 231 1 311 0 0 758 759 1
223 111 -1 383 0 0 -249 -248 1
223 111 -1 383 0 0 -248 -247 1
223 111 -1 383 0 0 -247 -246 1
223 111 -1 383 0 0 -246 -245 1
223 111 -1 383 0 0 -245 -244 1
223 111 -1 383 0 0 -244 -243 1
223 111 -1 383 0 0 -241 -240 1
223 111 -1 383 0 0 -240 -239 1
223 111 -1 383 0 0 -239 -238 1
223 111 -1 383 0 0 -238 -237 1
223 111 -1 383 0 0 -237 -236 1
223 111 -1 383 0 0 -236 -235 1
223 111 -1 383 0 0 -234 -233 1
223 111 -1 383 0 0 -233 -232 1
223 111 -1 383 0 0 -232 -231 1
223 111 -1 383 0 0 -231 -230 1
223 111 -1 383 0 0 -230 -229 1
223 111 -1 383 0 0 -229 -228 1
223 111 -1 383 0 0 -228 -227 1
223 111 -1 383 0 0 -227 -226 1
223 111 -1 383 0 0 -226 -225 1
223 111 -1 383 0 0 -225 -224 1
223 211 1 146 1 1 -372 -371 1
223 211 1 146 1 1 -370 -369 1
223 211 1 146 1 1 -369 -368 1
223 211 1 146 1 1 -368 -367 1
223 211 1 146 1 1 -366 -365 1
223 211 1 146 1 1 -364 -363 1
223 211 1 146 1 1 -363 -362 1
223 211 1 146 1 1 -360 -359 1
223 211 1 146 1 1 -359 -358 1
223 211 1 146 1 1 -355 -354 1
223 211 1 146 1 1 -352 -351 1
223 211 1 146 1 1 -351 -350 1
223 211 1 146 1 1 -347 -346 1
223 211 1 146 1 1 -341 -340 1
223 211 1 146 1 1 -340 -339 1
223 211 1 146 1 1 -339 -338 1
223 211 1 146 1 1 42 43 1
223 211 1 146 1 1 43 44 1
223 211 1 146 1 1 44 45 1
223 211 1 146 1 1 45 46 1
223 211 1 146 1 1 46 47 1
223 211 1 146 1 1 47 48 1
223 211 1 146 1 1 48 49 1
223 211 1 146 1 1 49 50 1
223 211 1 146 1 1 50 51 1
223 211 1 146 1 1 51 52 1
223 211 1 146 1 1 52 53 1
223 211 1 146 1 1 53 54 1
223 211 1 146 1 1 54 55 1
223 211 1 146 1 1 55 56 1
223 211 1 146 1 1 56 57 1
223 211 1 146 1 1 57 58 1
223 211 1 146 1 1 58 59 1
223 211 1 146 1 1 59 60 1
223 211 1 146 1 1 60 61 1
223 211 1 146 1 1 61 62 1
223 211 1 146 1 1 62 63 1
223 211 1 146 1 1 63 64 1
223 211 1 146 1 1 64 65 1
223 211 1 146 1 1 65 66 1
223 211 1 146 1 1 66 67 1
223 211 1 146 1 1 67 68 1
223 211 1 146 1 1 68 69 1
223 111 -1 382 1 0 -249 -248 1
223 111 -1 382 1 0 -248 -247 1
223 111 -1 382 1 0 -247 -246 1
223 111 -1 382 1 0 -246 -245 1
223 111 -1 382 1 0 -245 -244 1
223 111 -1 382 1 0 -244 -243 1
223 111 -1 382 1 0 -241 -240 1
223 111 -1 382 1 0 -239 -238 1
223 111 -1 382 1 0 -238 -237 1
223 111 -1 382 1 0 -237 -236 1
223 111 -1 382 1 0 -236 -235 1
223 111 -1 382 1 0 -234 -233 1
223 111 -1 382 1 0 -233 -232 1
223 111 -1 382 1 0 -232 -231 1
223 111 -1 382 1 0 -231 -230 1
223 111 -1 382 1 0 -230 -229 1
223 111 -1 382 1 0 -229 -228 1
223 111 -1 382 1 0 -228 -227 1
223 111 -1 382 1 0 -227 -226 1
223 111 -1 382 1 0 -226 -225 1
223 111 -1 382 1 0 -225 -224 1
222 221 1 489 0 0 -334 -333 1
222 221 1 489 0 0 -333 -332 1
222 221 1 489 0 0 -332 -331 1
222 221 1 489 0 0 -331 -330 1
222 221 1 489 0 0 -330 -329 1
222 221 1 489 0 0 -329 -328 1
222 221 1 489 0 0 -328 -327 1
222 221 1 489 0 0 -327 -326 1
222 221 1 489 0 0 -326 -325 1
222 221 1 489 0 0 -325 -324 1
222 221 1 489 0 0 -324 -323 1
222 221 1 489 0 0 -323 -322 1
222 221 1 489 0 0 -322 -321 1
222 221 1 489 0 0 -292 -291 1
222 221 1 489 0 0 -291 -290 1
222 221 1 489 0 0 -290 -289 1
222 221 1 489 0 0 -289 -288 1
222 221 1 489 0 0 -288 -287 1
222 221 1 489 0 0 -287 -286 1
222 221 1 489 0 0 -286 -285 1
222 221 1 489 0 0 -283 -282 1
222 221 1 489 0 0 -282 -281 1
222 221 1 489 0 0 -280 -279 6
222 221 1 489 0 0 -279 -278 6
222 221 1 489 0 0 -278 -277 6
222 221 1 489 0 0 -277 -276 1
222 221 1 489 0 0 -276 -275 1
222 221 1 489 0 0 -270 -269 1
222 221 1 489 0 0 -269 -268 1
222 221 1 489 0 0 -268 -267 1
222 221 1 489 0 0 -258 -257 1
222 221 1 489 0 0 -257 -256 1
222 221 1 489 0 0 -256 -255 1
222 221 1 489 0 0 -254 -253 1
222 221 1 489 0 0 -253 -252 1
222 221 1 489 0 0 -235 -234 1
222 221 1 489 0 0 -234 -233 1
222 221 1 489 0 0 -233 -232 1
222 221 1 489 0 0 -232 -231 1
222 221 1 489 0 0 -231 -230 1
222 221 1 489 0 0 -230 -229 1
222 221 1 489 0 0 -229 -228 1
222 221 1 489 0 0 -228 -227 1
222 221 1 489 0 0 -227 -226 1
222 221 1 489 0 0 -200 -199 1
222 221 1 489 0 0 -199 -198 2
222 221 1 489 0 0 -198 -197 2
222 221 1 489 0 0 -193 -192 1
222 221 1 489 0 0 -188 -187 1
222 221 1 489 0 0 -184 -183 1
222 221 1 489 0 0 -183 -182 1
222 221 1 489 0 0 -182 -181 2
222 221 1 489 0 0 -181 -180 1
222 221 1 489 0 0 -180 -179 2
222 221 1 489 0 0 -179 -178 2
222 221 1 489 0 0 -175 -174 1
222 221 1 489 0 0 -174 -173 1
222 221 1 489 0 0 -173 -172 1
222 221 1 489 0 0 -160 -159 2
222 221 1 489 0 0 -159 -158 1
222 221 1 489 0 0 -157 -156 1
222 221 1 489 0 0 -156 -155 2
222 221 1 489 0 0 -155 -154 2
222 221 1 489 0 0 -154 -153 3
222 221 1 489 0 0 -153 -152 2
222 221 1 489 0 0 -152 -151 1
222 221 1 489 0 0 -151 -150 1
222 221 1 489 0 0 -144 -143 2
222 221 1 489 0 0 -138 -137 1
222 221 1 489 0 0 -137 -136 1
222 221 1 489 0 0 -136 -135 1
222 221 1 489 0 0 -135 -134 1
222 221 1 489 0 0 -134 -133 5
222 221 1 489 0 0 -133 -132 4
222 221 1 489 0 0 -132 -131 4
222 221 1 489 0 0 -130 -129 1
222 221 1 489 0 0 -129 -128 1
222 221 1 489 0 0 -128 -127 1
222 221 1 489 0 0 -116 -115 3
222 221 1 489 0 0 -115 -114 3
222 221 1 489 0 0 -114 -113 3
222 221 1 489 0 0 -108 -107 3
222 221 1 489 0 0 -107 -106 3
222 221 1 489 0 0 -106 -105 5
222 221 1 489 0 0 -105 -104 2
222 221 1 489 0 0 -104 -103 1
222 221 1 489 0 0 -103 -102 12
222 221 1 489 0 0 -102 -101 1
222 221 1 489 0 0 -101 -100 1
222 221 1 489 0 0 -100 -99 1
222 221 1 489 0 0 -94 -93 1
222 221 1 489 0 0 -93 -92 1
222 221 1 489 0 0 -81 -80 1
222 221 1 489 0 0 -80 -79 1
222 221 1 489 0 0 -79 -78 4
222 221 1 489 0 0 -78 -77 1
222 221 1 489 0 0 -77 -76 1
222 221 1 489 0 0 -76 -75 1
222 221 1 489 0 0 -66 -65 9
222 221 1 489 0 0 -65 -64 2
222 221 1 489 0 0 -64 -63 2
222 221 1 489 0 0 -54 -53 6
222 221 1 489 0 0 -53 -52 2
222 221 1 489 0 0 -52 -51 2
222 221 1 489 0 0 -48 -47 1
222 221 1 489 0 0 -47 -46 1
222 221 1 489 0 0 -46 -45 1
222 221 1 489 0 0 -44 -43 1
222 221 1 489 0 0 -43 -42 1
222 221 1 489 0 0 -42 -41 1
222 221 1 489 0 0 -41 -40 1
222 221 1 489 0 0 -35 -34 2
222 221 1 489 0 0 -34 -33 7
222 221 1 489 0 0 -33 -32 7
222 221 1 489 0 0 -32 -31 7
222 221 1 489 0 0 -29 -28 6
222 221 1 489 0 0 -28 -27 6
222 221 1 489 0 0 -27 -26 6
222 221 1 489 0 0 -26 -25 1
222 221 1 489 0 0 -25 -24 1
222 221 1 489 0 0 -24 -23 1
222 221 1 489 0 0 -23 -22 1
222 221 1 489 0 0 -22 -21 1
222 221 1 489 0 0 -18 -17 3
222 221 1 489 0 0 -17 -16 4
222 221 1 489 0 0 -16 -15 2
222 221 1 489 0 0 -2 -1 1
222 221 1 489 0 0 -1 0 1
222 221 1 489 0 0 18 19 1
222 221 1 489 0 0 41 42 1
222 221 1 489 0 0 42 43 1
222 221 1 489 0 0 43 44 1
222 221 1 489 0 0 86 87 2
222 221 1 489 0 0 87 88 2
222 221 1 489 0 0 88 89 2
222 221 1 489 0 0 98 99 2
222 221 1 489 0 0 99 100 2
222 221 1 489 0 0 100 101 2
222 221 1 489 0 0 101 102 2
222 221 1 489 0 0 102 103 2
222 221 1 489 0 0 103 104 2
222 221 1 489 0 0 104 105 2
222 221 1 489 0 0 116 117 1
222 221 1 489 0 0 117 118 1
222 221 1 489 0 0 118 119 1
222 221 1 489 0 0 119 120 1
222 221 1 489 0 0 120 121 1
222 221 1 489 0 0 258 259 1
222 221 1 489 0 0 277 278 8
222 221 1 489 0 0 278 279 8
222 221 1 489 0 0 279 280 8
222 221 1 489 0 0 282 283 1
222 221 1 489 0 0 283 284 1
222 221 1 489 0 0 284 285 1
222 221 1 489 0 0 286 287 2
222 221 1 489 0 0 287 288 2
222 221 1 489 0 0 288 289 2
222 221 1 489 0 0 289 290 2
222 221 1 489 0 0 290 291 2
222 221 1 489 0 0 291 292 2
222 221 1 489 0 0 308 309 1
222 221 1 489 0 0 309 310 1
222 221 1 489 0 0 310 311 1
222 221 1 489 0 0 311 312 1
222 221 1 489 0 0 312 313 1
222 221 1 489 0 0 313 314 1
222 221 1 489 0 0 314 315 1
222 221 1 489 0 0 366 367 1
222 221 1 489 0 0 367 368 1
222 221 1 489 0 0 368 369 1
222 221 1 489 0 0 369 370 1
222 221 1 489 0 0 370 371 1
222 221 1 489 0 0 371 372 1
222 221 1 489 0 0 372 373 1
222 221 1 489 0 0 683 684 1
222 221 1 489 0 0 684 685 1
222 221 1 489 0 0 685 686 1
222 221 1 489 0 0 686 687 1
222 221 1 489 0 0 687 688 1
223 222 -1 115 2 0 -609 -608 1
223 222 -1 115 2 0 -608 -607 1
223 222 -1 115 2 0 -607 -606 1
223 222 -1 115 2 0 -606 -605 1
223 222 -1 115 2 0 -605 -604 1
223 222 -1 115 2 0 -594 -593 1
223 222 -1 115 2 0 -593 -592 1
223 222 -1 115 2 0 -592 -591 1
223 222 -1 115 2 0 -584 -583 1
223 222 -1 115 2 0 -583 -582 1
223 222 -1 115 2 0 -582 -581 1
223 222 -1 115 2 0 -581 -580 1
223 222 -1 115 2 0 -580 -579 1
223 222 -1 115 2 0 -579 -578 1
223 222 -1 115 2 0 -578 -577 1
223 222 -1 115 2 0 -577 -576 1
223 222 -1 115 2 0 -576 -575 1
223 222 -1 115 2 0 -575 -574 1
223 222 -1 115 2 0 -574 -573 1
223 222 -1 115 2 0 -573 -572 1
223 222 -1 115 2 0 -546 -545 1
223 222 -1 115 2 0 -545 -544 1
223 222 -1 115 2 0 -544 -543 1
223 222 -1 115 2 0 -543 -542 1
223 222 -1 115 2 0 -542 -541 1
223 222 -1 115 2 0 -541 -540 2
223 222 -1 115 2 0 -540 -539 2
223 222 -1 115 2 0 -539 -538 2
223 222 -1 115 2 0 -538 -537 2
223 222 -1 115 2 0 -537 -536 2
223 222 -1 115 2 0 -536 -535 1
223 222 -1 115 2 0 -535 -534 1
223 222 -1 115 2 0 -534 -533 1
223 222 -1 115 2 0 -533 -532 1
223 222 -1 115 2 0 -532 -531 1
223 222 -1 115 2 0 -531 -530 1
223 222 -1 115 2 0 -530 -529 1
223 222 -1 115 2 0 -488 -487 1
223 222 -1 115 2 0 -477 -476 1
223 222 -1 115 2 0 -476 -475 1
223 222 -1 115 2 0 -475 -474 1
223 222 -1 115 2 0 -474 -473 1
223 222 -1 115 2 0 -473 -472 1
223 222 -1 115 2 0 -472 -471 1
223 222 -1 115 2 0 -471 -470 1
223 222 -1 115 2 0 -470 -469 1
223 222 -1 115 2 0 -469 -468 1
223 222 -1 115 2 0 -468 -467 1
223 222 -1 115 2 0 -402 -401 1
223 222 -1 115 2 0 -401 -400 1
223 222 -1 115 2 0 -400 -399 1
223 222 -1 115 2 0 -399 -398 1
223 222 -1 115 2 0 -398 -397 1
223 222 -1 115 2 0 -180 -179 1
223 222 -1 115 2 0 -179 -178 1
223 222 -1 115 2 0 -178 -177 1
223 222 -1 115 2 0 -177 -176 1
223 222 -1 115 2 0 399 400 1
223 222 -1 115 2 0 400 401 1
223 222 -1 115 2 0 401 402 1
223 222 -1 115 2 0 402 403 1
223 222 -1 115 2 0 403 404 1
223 222 -1 115 2 0 404 405 1
223 222 -1 115 2 0 405 406 1
223 222 -1 115 2 0 406 407 1
223 222 -1 115 2 0 407 408 1
223 222 -1 115 2 0 408 409 1
223 222 -1 115 2 0 409 410 1
223 222 -1 115 2 0 410 411 1
223 222 -1 115 2 0 441 442 1
223 222 -1 115 2 0 442 443 1
223 222 -1 115 2 0 443 444 1
223 222 -1 115 2 0 444 445 1
223 222 -1 115 2 0 445 446 1
223 222 -1 115 2 0 446 447 1
223 222 -1 115 2 0 447 448 1
223 222 -1 115 2 0 448 449 1
223 222 -1 115 2 0 449 450 1
223 222 -1 115 2 0 450 451 1
223 222 -1 115 2 0 451 452 1
223 222 -1 115 2 0 452 453 1
223 222 -1 115 2 0 453 454 1
223 222 -1 115 2 0 454 455 1
223 222 -1 115 2 0 455 456 1
223 222 -1 115 2 0 456 457 1
223 222 -1 115 2 0 457 458 1
223 222 -1 115 2 0 458 459 1
223 222 -1 115 2 0 459 460 1
223 222 -1 115 2 0 460 461 1
223 222 -1 115 2 0 461 462 1
223 222 -1 115 2 0 462 463 1
223 222 -1 115 2 0 463 464 1
223 222 -1 115 2 0 464 465 1
223 222 -1 115 2 0 473 474 1
223 222 -1 115 2 0 474 475 1
223 222 -1 115 2 0 475 476 1
223 222 -1 115 2 0 476 477 1
223 222 -1 115 2 0 477 478 1
223 222 -1 115 2 0 478 479 1
223 222 -1 115 2 0 479 480 1
223 222 -1 115 2 0 480 481 1
223 222 -1 115 2 0 481 482 1
223 222 -1 115 2 0 482 483 1
223 222 -1 115 2 0 483 484 1
223 222 -1 115 2 0 484 485 1
223 222 -1 115 2 0 485 486 1
223 222 -1 115 2 0 534 535 1
223 222 -1 115 2 0 535 536 1
223 222 -1 115 2 0 536 537 1
223 222 -1 115 2 0 537 538 1
223 222 -1 115 2 0 538 539 1
223 222 -1 115 2 0 539 540 1
223 222 -1 115 2 0 540 541 1
223 222 -1 115 2 0 541 542 1
223 222 -1 115 2 0 542 543 1
223 222 -1 115 2 0 543 544 1
223 222 -1 115 2 0 544 545 1
223 222 -1 115 2 0 545 546 1
223 222 -1 115 2 0 546 547 1
223 222 -1 115 2 0 547 548 1
223 222 -1 115 2 0 548 549 1
223 222 -1 115 2 0 549 550 1
223 222 -1 115 2 0 550 551 1
223 222 -1 115 2 0 551 552 1
223 222 -1 115 2 0 552 553 1
223 222 -1 115 2 0 553 554 1
223 222 -1 115 2 0 554 555 1
223 222 -1 115 2 0 555 556 1
223 222 -1 115 2 0 556 557 1
223 222 -1 115 2 0 557 558 1
223 222 -1 115 2 0 558 559 1
223 222 -1 115 2 0 559 560 1
223 222 -1 115 2 0 560 561 1
223 222 -1 115 2 0 561 562 1
223 222 -1 115 2 0 562 563 1
223 222 -1 115 2 0 563 564 1
223 222 -1 115 2 0 564 565 1
223 222 -1 115 2 0 565 566 1
223 222 -1 115 2 0 566 567 1
223 222 -1 115 2 0 567 568 1
223 222 -1 115 2 0 568 569 1
223 222 -1 115 2 0 569 570 1
223 222 -1 115 2 0 570 571 1
223 222 -1 115 2 0 591 592 1
223 222 -1 115 2 0 592 593 1
223 222 -1 115 2 0 593 594 1
223 222 -1 115 2 0 594 595 1
223 222 -1 115 2 0 595 596 1
223 222 -1 115 2 0 596 597 1
223 222 -1 115 2 0 597 598 1
223 222 -1 115 2 0 598 599 1
223 222 -1 115 2 0 599 600 1
223 222 -1 115 2 0 600 601 1
223 222 -1 115 2 0 601 602 1
223 222 -1 115 2 0 602 603 1
223 222 -1 115 2 0 603 604 1
223 222 -1 115 2 0 604 605 1
223 222 -1 115 2 0 605 606 1
223 222 -1 115 2 0 606 607 1
223 222 -1 115 2 0 607 608 1
223 222 -1 115 2 0 608 609 1
223 222 -1 115 2 0 609 610 1
223 222 -1 115 2 0 610 611 1
223 222 -1 115 2 0 611 612 1
223 222 -1 115 2 0 612 613 1
223 222 -1 115 2 0 613 614 1
223 222 -1 115 2 0 623 624 1
223 222 -1 115 2 0 624 625 1
223 222 -1 115 2 0 625 626 1
223 222 -1 115 2 0 626 627 1
223 222 -1 115 2 0 627 628 1
223 222 -1 115 2 0 628 629 1
223 222 -1 115 2 0 629 630 1
223 222 -1 115 2 0 630 631 1
223 222 -1 115 2 0 631 632 1
223 222 -1 115 2 0 632 633 1
223 222 -1 115 2 0 633 634 2
223 222 -1 115 2 0 634 635 2
223 222 -1 115 2 0 635 636 2
223 222 -1 115 2 0 636 637 2
223 222 -1 115 2 0 637 638 2
223 222 -1 115 2 0 638 639 2
223 222 -1 115 2 0 639 640 2
223 222 -1 115 2 0 640 641 2
223 222 -1 115 2 0 641 642 2
223 222 -1 115 2 0 642 643 2
223 222 -1 115 2 0 643 644 2
223 222 -1 115 2 0 644 645 2
223 222 -1 115 2 0 645 646 2
223 222 -1 115 2 0 646 647 2
223 222 -1 115 2 0 647 648 2
223 222 -1 115 2 0 648 649 2
223 222 -1 115 2 0 649 650 2
223 222 -1 115 2 0 650 651 2
223 222 -1 115 2 0 651 652 2
223 222 -1 115 2 0 652 653 2
223 222 -1 115 2 0 653 654 2
223 222 -1 115 2 0 654 655 2
223 222 -1 115 2 0 655 656 2
223 222 -1 115 2 0 656 657 1
223 222 -1 115 2 0 676 677 2
223 222 -1 115 2 0 677 678 2
223 222 -1 115 2 0 678 679 2
223 222 -1 115 2 0 679 680 2
223 222 -1 115 2 0 680 681 2
223 222 -1 115 2 0 681 682 2
223 222 -1 115 2 0 682 683 2
223 222 -1 115 2 0 683 684 2
223 222 -1 115 2 0 684 685 2
223 222 -1 115 2 0 685 686 2
223 222 -1 115 2 0 686 687 2
223 222 -1 115 2 0 687 688 2
223 222 -1 115 2 0 689 690 1
223 222 -1 115 2 0 690 691 1
223 222 -1 115 2 0 691 692 1
223 222 -1 115 2 0 692 693 1
223 222 -1 115 2 0 693 694 1
223 222 -1 115 2 0 694 695 1
223 222 -1 115 2 0 695 696 1
223 222 -1 115 2 0 696 697 1
223 222 -1 115 2 0 697 698 1
223 222 -1 115 2 0 698 699 1
223 222 -1 115 2 0 699 700 1
223 222 -1 115 2 0 794 795 2
223 222 -1 115 2 0 795 796 1
223 222 -1 115 2 0 796 797 1
223 222 -1 115 2 0 797 798 1
223 222 -1 115 2 0 798 799 1
223 222 -1 115 2 0 799 800 1
223 222 -1 115 2 0 800 801 1
223 222 -1 115 2 0 801 802 1
223 222 -1 115 2 0 802 803 1
223 222 -1 115 2 0 803 804 1
223 222 -1 115 2 0 804 805 1
223 222 -1 115 2 0 805 806 1
223 222 -1 115 2 0 806 807 1
223 222 -1 116 0 0 -609 -608 1
223 222 -1 116 0 0 -608 -607 1
223 222 -1 116 0 0 -607 -606 1
223 222 -1 116 0 0 -606 -605 1
223 222 -1 116 0 0 -605 -604 1
223 222 -1 116 0 0 -594 -593 1
223 222 -1 116 0 0 -593 -592 1
223 222 -1 116 0 0 -592 -591 1
223 222 -1 116 0 0 -584 -583 6
223 222 -1 116 0 0 -583 -582 1
223 222 -1 116 0 0 -582 -581 1
223 222 -1 116 0 0 -581 -580 1
223 222 -1 116 0 0 -580 -579 1
223 222 -1 116 0 0 -579 -578 1
223 222 -1 116 0 0 -578 -577 1
223 222 -1 116 0 0 -577 -576 1
223 222 -1 116 0 0 -576 -575 1
223 222 -1 116 0 0 -575 -574 1
223 222 -1 116 0 0 -574 -573 1
223 222 -1 116 0 0 -573 -572 1
223 222 -1 116 0 0 -546 -545 1
223 222 -1 116 0 0 -545 -544 1
223 222 -1 116 0 0 -544 -543 1
223 222 -1 116 0 0 -543 -542 1
223 222 -1 116 0 0 -542 -541 1
223 222 -1 116 0 0 -541 -540 2
223 222 -1 116 0 0 -540 -539 2
223 222 -1 116 0 0 -539 -538 2
223 222 -1 116 0 0 -538 -537 2
223 222 -1 116 0 0 -537 -536 2
223 222 -1 116 0 0 -536 -535 2
223 222 -1 116 0 0 -535 -534 1
223 222 -1 116 0 0 -534 -533 1
223 222 -1 116 0 0 -533 -532 1
223 222 -1 116 0 0 -532 -531 1
223 222 -1 116 0 0 -531 -530 1
223 222 -1 116 0 0 -530 -529 1
223 222 -1 116 0 0 -472 -471 1
223 222 -1 116 0 0 -471 -470 1
223 222 -1 116 0 0 -470 -469 1
223 222 -1 116 0 0 -469 -468 1
223 222 -1 116 0 0 -468 -467 1
223 222 -1 116 0 0 -402 -401 1
223 222 -1 116 0 0 -401 -400 1
223 222 -1 116 0 0 -400 -399 1
223 222 -1 116 0 0 -399 -398 1
223 222 -1 116 0 0 -398 -397 1
223 222 -1 116 0 0 -180 -179 1
223 222 -1 116 0 0 -179 -178 1
223 222 -1 116 0 0 -178 -177 1
223 222 -1 116 0 0 -177 -176 1
223 222 -1 116 0 0 -114 -113 1
223 222 -1 116 0 0 -113 -112 1
223 222 -1 116 0 0 -112 -111 1
223 222 -1 116 0 0 -111 -110 1
223 222 -1 116 0 0 -110 -109 1
223 222 -1 116 0 0 335 336 1
223 222 -1 116 0 0 336 337 1
223 222 -1 116 0 0 337 338 1
223 222 -1 116 0 0 338 339 1
223 222 -1 116 0 0 339 340 1
223 222 -1 116 0 0 340 341 1
223 222 -1 116 0 0 341 342 1
223 222 -1 116 0 0 342 343 1
223 222 -1 116 0 0 343 344 1
223 222 -1 116 0 0 344 345 1
223 222 -1 116 0 0 345 346 2
223 222 -1 116 0 0 346 347 2
223 222 -1 116 0 0 347 348 1
223 222 -1 116 0 0 348 349 1
223 222 -1 116 0 0 349 350 1
223 222 -1 116 0 0 350 351 1
223 222 -1 116 0 0 351 352 1
223 222 -1 116 0 0 352 353 1
223 222 -1 116 0 0 353 354 1
223 222 -1 116 0 0 354 355 1
223 222 -1 116 0 0 355 356 1
223 222 -1 116 0 0 356 357 1
223 222 -1 116 0 0 357 358 1
223 222 -1 116 0 0 358 359 1
223 222 -1 116 0 0 359 360 1
223 222 -1 116 0 0 360 361 1
223 222 -1 116 0 0 361 362 1
223 222 -1 116 0 0 362 363 1
223 222 -1 116 0 0 363 364 1
223 222 -1 116 0 0 364 365 1
223 222 -1 116 0 0 365 366 1
223 222 -1 116 0 0 366 367 1
223 222 -1 116 0 0 367 368 1
223 222 -1 116 0 0 368 369 1
223 222 -1 116 0 0 369 370 1
223 222 -1 116 0 0 370 371 1
223 222 -1 116 0 0 371 372 1
223 222 -1 116 0 0 372 373 1
223 222 -1 116 0 0 373 374 1
223 222 -1 116 0 0 374 375 1
223 222 -1 116 0 0 375 376 1
223 222 -1 116 0 0 376 377 1
223 222 -1 116 0 0 377 378 1
223 222 -1 116 0 0 378 379 1
223 222 -1 116 0 0 379 380 1
223 222 -1 116 0 0 380 381 1
223 222 -1 116 0 0 381 382 1
223 222 -1 116 0 0 382 383 1
223 222 -1 116 0 0 383 384 1
223 222 -1 116 0 0 384 385 1
223 222 -1 116 0 0 385 386 1
223 222 -1 116 0 0 386 387 1
223 222 -1 116 0 0 387 388 1
223 222 -1 116 0 0 388 389 1
223 222 -1 116 0 0 389 390 1
223 222 -1 116 0 0 399 400 1
223 222 -1 116 0 0 400 401 1
223 222 -1 116 0 0 401 402 1
223 222 -1 116 0 0 402 403 1
223 222 -1 116 0 0 403 404 1
223 222 -1 116 0 0 404 405 1
223 222 -1 116 0 0 405 406 1
223 222 -1 116 0 0 406 407 1
223 222 -1 116 0 0 407 408 1
223 222 -1 116 0 0 408 409 1
223 222 -1 116 0 0 409 410 1
223 222 -1 116 0 0 410 411 1
223 222 -1 116 0 0 441 442 1
223 222 -1 116 0 0 442 443 1
223 222 -1 116 0 0 443 444 1
223 222 -1 116 0 0 444 445 1
223 222 -1 116 0 0 445 446 1
223 222 -1 116 0 0 446 447 1
223 222 -1 116 0 0 447 448 1
223 222 -1 116 0 0 448 449 1
223 222 -1 116 0 0 449 450 1
223 222 -1 116 0 0 450 451 1
223 222 -1 116 0 0 451 452 1
223 222 -1 116 0 0 452 453 1
223 222 -1 116 0 0 453 454 1
223 222 -1 116 0 0 454 455 1
223 222 -1 116 0 0 455 456 1
223 222 -1 116 0 0 456 457 1
223 222 -1 116 0 0 457 458 1
223 222 -1 116 0 0 458 459 1
223 222 -1 116 0 0 459 460 1
223 222 -1 116 0 0 460 461 1
223 222 -1 116 0 0 461 462 1
223 222 -1 116 0 0 462 463 1
223 222 -1 116 0 0 463 464 1
223 222 -1 116 0 0 464 465 1
223 222 -1 116 0 0 473 474 1
223 222 -1 116 0 0 474 475 1
223 222 -1 116 0 0 475 476 1
223 222 -1 116 0 0 476 477 1
223 222 -1 116 0 0 477 478 1
223 222 -1 116 0 0 478 479 1
223 222 -1 116 0 0 479 480 1
223 222 -1 116 0 0 480 481 1
223 222 -1 116 0 0 481 482 1
223 222 -1 116 0 0 482 483 1
223 222 -1 116 0 0 483 484 1
223 222 -1 116 0 0 484 485 1
223 222 -1 116 0 0 485 486 1
223 222 -1 116 0 0 527 528 1
223 222 -1 116 0 0 528 529 1
223 222 -1 116 0 0 529 530 1
223 222 -1 116 0 0 530 531 1
223 222 -1 116 0 0 531 532 1
223 222 -1 116 0 0 532 533 1
223 222 -1 116 0 0 533 534 1
223 222 -1 116 0 0 534 535 1
223 222 -1 116 0 0 535 536 1
223 222 -1 116 0 0 536 537 1
223 222 -1 116 0 0 537 538 1
223 222 -1 116 0 0 538 539 1
223 222 -1 116 0 0 539 540 1
223 222 -1 116 0 0 540 541 1
223 222 -1 116 0 0 541 542 1
223 222 -1 116 0 0 542 543 1
223 222 -1 116 0 0 543 544 1
223 222 -1 116 0 0 544 545 1
223 222 -1 116 0 0 545 546 1
223 222 -1 116 0 0 546 547 1
223 222 -1 116 0 0 547 548 1
223 222 -1 116 0 0 548 549 1
223 222 -1 116 0 0 549 550 1
223 222 -1 116 0 0 550 551 1
223 222 -1 116 0 0 551 552 1
223 222 -1 116 0 0 552 553 1
223 222 -1 116 0 0 553 554 1
223 222 -1 116 0 0 554 555 1
223 222 -1 116 0 0 555 556 1
223 222 -1 116 0 0 556 557 1
223 222 -1 116 0 0 557 558 4
223 222 -1 116 0 0 558 559 1
223 222 -1 116 0 0 559 560 1
223 222 -1 116 0 0 560 561 1
223 222 -1 116 0 0 561 562 1
223 222 -1 116 0 0 562 563 1
223 222 -1 116 0 0 563 564 1
223 222 -1 116 0 0 564 565 1
223 222 -1 116 0 0 565 566 1
223 222 -1 116 0 0 566 567 1
223 222 -1 116 0 0 567 568 1
223 222 -1 116 0 0 568 569 1
223 222 -1 116 0 0 569 570 1
223 222 -1 116 0 0 570 571 1
223 222 -1 116 0 0 591 592 1
223 222 -1 116 0 0 592 593 1
223 222 -1 116 0 0 593 594 1
223 222 -1 116 0 0 594 595 1
223 222 -1 116 0 0 595 596 1
223 222 -1 116 0 0 596 597 1
223 222 -1 116 0 0 597 598 1
223 222 -1 116 0 0 598 599 1
223 222 -1 116 0 0 599 600 1
223 222 -1 116 0 0 600 601 1
223 222 -1 116 0 0 601 602 1
223 222 -1 116 0 0 602 603 1
223 222 -1 116 0 0 603 604 1
223 222 -1 116 0 0 604 605 1
223 222 -1 116 0 0 605 606 1
223 222 -1 116 0 0 606 607 1
223 222 -1 116 0 0 607 608 1
223 222 -1 116 0 0 608 609 1
223 222 -1 116 0 0 609 610 1
223 222 -1 116 0 0 610 611 1
223 222 -1 116 0 0 611 612 1
223 222 -1 116 0 0 612 613 1
223 222 -1 116 0 0 613 614 1
223 222 -1 116 0 0 623 624 1
223 222 -1 116 0 0 624 625 1
223 222 -1 116 0 0 625 626 1
223 222 -1 116 0 0 626 627 1
223 222 -1 116 0 0 627 628 1
223 222 -1 116 0 0 628 629 1
223 222 -1 116 0 0 629 630 1
223 222 -1 116 0 0 630 631 1
223 222 -1 116 0 0 631 632 1
223 222 -1 116 0 0 632 633 1
223 222 -1 116 0 0 633 634 1
223 222 -1 116 0 0 634 635 2
223 222 -1 116 0 0 635 636 2
223 222 -1 116 0 0 636 637 2
223 222 -1 116 0 0 637 638 2
223 222 -1 116 0 0 638 639 2
223 222 -1 116 0 0 639 640 2
223 222 -1 116 0 0 640 641 2
223 222 -1 116 0 0 641 642 2
223 222 -1 116 0 0 642 643 2
223 222 -1 116 0 0 643 644 2
223 222 -1 116 0 0 644 645 2
223 222 -1 116 0 0 645 646 2
223 222 -1 116 0 0 646 647 2
223 222 -1 116 0 0 647 648 2
223 222 -1 116 0 0 648 649 2
223 222 -1 116 0 0 649 650 2
223 222 -1 116 0 0 650 651 2
223 222 -1 116 0 0 651 652 2
223 222 -1 116 0 0 652 653 2
223 222 -1 116 0 0 653 654 2
223 222 -1 116 0 0 654 655 2
223 222 -1 116 0 0 655 656 2
223 222 -1 116 0 0 656 657 1
223 222 -1 116 0 0 676 677 3
223 222 -1 116 0 0 677 678 3
223 222 -1 116 0 0 678 679 3
223 222 -1 116 0 0 679 680 3
223 222 -1 116 0 0 680 681 3
223 222 -1 116 0 0 681 682 3
223 222 -1 116 0 0 682 683 2
223 222 -1 116 0 0 683 684 2
223 222 -1 116 0 0 684 685 2
223 222 -1 116 0 0 685 686 2
223 222 -1 116 0 0 686 687 2
223 222 -1 116 0 0 687 688 2
223 222 -1 116 0 0 688 689 1
223 222 -1 116 0 0 691 692 1
223 222 -1 116 0 0 692 693 1
223 222 -1 116 0 0 693 694 1
223 222 -1 116 0 0 694 695 1
223 222 -1 116 0 0 695 696 1
223 222 -1 116 0 0 696 697 1
223 222 -1 116 0 0 697 698 1
223 222 -1 116 0 0 698 699 1
223 222 -1 116 0 0 699 700 1
223 222 -1 116 0 0 794 795 1
223 222 -1 116 0 0 795 796 1
223 222 -1 116 0 0 796 797 1
223 222 -1 116 0 0 797 798 1
223 222 -1 116 0 0 798 799 1
223 222 -1 116 0 0 799 800 1
223 222 -1 116 0 0 800 801 1
223 222 -1 116 0 0 801 802 1
223 222 -1 116 0 0 802 803 1
223 222 -1 116 0 0 803 804 1
223 222 -1 116 0 0 804 805 1
223 222 -1 116 0 0 805 806 1
223 222 -1 116 0 0 806 807 1
223 222 -1 116 0 0 847 848 1
223 222 -1 116 0 0 848 849 1
223 222 -1 116 0 0 849 850 1
223 222 -1 116 0 0 850 851 1
223 222 -1 116 0 0 851 852 1
223 222 -1 116 0 0 852 853 1
223 222 -1 116 0 0 853 854 1
222 232 1 322 1 0 -110 -109 1
222 232 1 322 1 0 -109 -108 1
222 232 1 322 1 0 -108 -107 1
222 232 1 322 1 0 -107 -106 1
222 232 1 322 1 0 -106 -105 1
222 232 1 322 1 0 -105 -104 1
222 232 1 322 1 0 -42 -41 1
222 232 1 322 1 0 -41 -40 1
222 232 1 322 1 0 -24 -23 1
222 232 1 322 1 0 285 286 1
222 232 1 322 1 0 286 287 1
222 232 1 322 1 0 287 288 1
222 232 1 322 1 0 288 289 1
222 232 1 322 1 0 289 290 1
222 232 1 322 1 0 290 291 1
222 232 1 322 1 0 291 292 1
222 232 1 322 1 0 292 293 1
222 232 1 322 1 0 293 294 1
222 232 1 322 1 0 294 295 1
222 232 1 322 1 0 295 296 1
222 232 1 322 1 0 296 297 1
222 232 1 322 1 0 297 298 1
222 232 1 322 1 0 298 299 1
222 232 1 322 1 0 299 300 1
222 232 1 322 1 0 300 301 1
222 232 1 322 1 0 434 435 1
222 232 1 322 1 0 448 449 1
222 232 1 322 1 0 449 450 1
222 232 1 322 1 0 450 451 1
222 232 1 322 1 0 451 452 1
222 232 1 322 1 0 452 453 1
222 232 1 322 1 0 453 454 1
222 232 1 322 1 0 454 455 1
222 232 1 322 1 0 455 456 1
222 232 1 322 1 0 456 457 1
222 232 1 322 1 0 457 458 1
222 232 1 322 1 0 458 459 1
222 232 1 322 1 0 459 460 1
222 232 1 322 1 0 460 461 1
222 232 1 322 1 0 461 462 1
222 232 1 322 1 0 462 463 1
222 232 1 322 1 0 463 464 1
222 232 1 322 1 0 464 465 1
222 232 1 322 1 0 465 466 1
222 232 1 322 1 0 466 467 1
222 232 1 322 1 0 472 473 1
222 232 1 322 1 0 473 474 1
222 232 1 322 1 0 474 475 1
222 232 1 322 1 0 475 476 1
222 232 1 322 1 0 476 477 1
222 232 1 322 1 0 477 478 1
222 232 1 322 1 0 478 479 1
222 232 1 322 1 0 479 480 1
222 232 1 322 1 0 480 481 1
222 232 1 322 1 0 481 482 1
222 232 1 322 1 0 482 483 1
222 232 1 322 1 0 483 484 1
222 232 1 322 1 0 484 485 1
222 232 1 322 1 0 485 486 1
222 232 1 322 1 0 486 487 1
222 232 1 322 1 0 487 488 1
222 232 1 322 1 0 488 489 1
222 232 1 322 1 0 489 490 1
222 232 1 322 1 0 490 491 1
222 232 1 322 1 0 491 492 1
222 232 1 322 1 0 492 493 1
222 232 1 322 1 0 493 494 1
222 232 1 322 1 0 494 495 1
222 232 1 322 1 0 495 496 1
222 232 1 322 1 0 496 497 1
222 232 1 322 1 0 497 498 1
222 232 1 322 1 0 498 499 1
222 232 1 322 1 0 499 500 1
222 232 1 322 1 0 500 501 1
222 232 1 322 1 0 501 502 1
222 232 1 322 1 0 502 503 1
222 232 1 322 1 0 503 504 1
222 232 1 322 1 0 504 505 1
222 232 1 322 1 0 505 506 1
222 232 1 322 1 0 506 507 1
222 232 1 322 1 0 507 508 1
222 232 1 322 1 0 508 509 1
222 232 1 322 1 0 509 510 1
222 232 1 322 1 0 510 511 1
222 232 1 322 1 0 511 512 1
222 232 1 322 1 0 512 513 1
222 232 1 322 1 0 513 514 1
222 232 1 322 1 0 514 515 1
222 232 1 322 1 0 515 516 1
222 232 1 322 1 0 516 517 1
222 232 1 322 1 0 517 518 1
222 232 1 322 1 0 518 519 1
222 232 1 322 1 0 519 520 1
222 232 1 322 1 0 520 521 1
222 232 1 322 1 0 521 522 1
222 232 1 322 1 0 522 523 1
222 232 1 322 1 0 523 524 1
222 232 1 322 1 0 524 525 1
222 232 1 322 1 0 525 526 1
222 232 1 322 1 0 526 527 1
222 232 1 322 1 0 527 528 1
222 232 1 322 1 0 528 529 1
222 232 1 322 1 0 529 530 1
222 232 1 322 1 0 530 531 1
222 232 1 322 1 0 531 532 1
222 232 1 322 1 0 532 533 1
222 232 1 322 1 0 533 534 1
222 232 1 322 1 0 534 535 1
222 232 1 322 1 0 535 536 1
222 232 1 322 1 0 536 537 1
222 232 1 322 1 0 537 538 1
222 232 1 322 1 0 538 539 1
222 232 1 322 1 0 539 540 1
222 232 1 322 1 0 540 541 1
222 232 1 322 1 0 541 542 1
222 232 1 322 1 0 542 543 1
222 232 1 322 1 0 543 544 1
222 232 1 322 1 0 544 545 1
222 232 1 322 1 0 545 546 1
222 232 1 322 1 0 546 547 1
222 232 1 322 1 0 547 548 1
222 232 1 322 1 0 548 549 1
222 232 1 322 1 0 549 550 1
222 232 1 322 1 0 550 551 1
222 232 1 322 1 0 551 552 1
222 232 1 322 1 0 552 553 1
222 232 1 322 1 0 553 554 1
222 232 1 322 1 0 757 758 1
222 232 1 322 1 0 758 759 1
222 232 1 322 1 0 759 760 1
222 232 1 322 1 0 760 761 1
222 232 1 322 1 0 761 762 1
222 232 1 322 1 0 762 763 1
222 232 1 322 1 0 763 764 1
222 232 1 322 1 0 764 765 1
222 232 1 322 1 0 765 766 1
222 232 1 322 1 0 766 767 1
222 232 1 322 1 0 767 768 1
222 232 1 322 1 0 768 769 1
222 232 1 322 1 0 769 770 1
222 232 1 323 0 0 -110 -109 1
222 232 1 323 0 0 -109 -108 1
222 232 1 323 0 0 -108 -107 1
222 232 1 323 0 0 -107 -106 1
222 232 1 323 0 0 -106 -105 1
222 232 1 323 0 0 -105 -104 1
222 232 1 323 0 0 -44 -43 1
222 232 1 323 0 0 -42 -41 2
222 232 1 323 0 0 -41 -40 1
222 232 1 323 0 0 -24 -23 1
222 232 1 323 0 0 286 287 1
222 232 1 323 0 0 287 288 1
222 232 1 323 0 0 288 289 1
222 232 1 323 0 0 289 290 1
222 232 1 323 0 0 290 291 1
222 232 1 323 0 0 291 292 1
222 232 1 323 0 0 292 293 1
222 232 1 323 0 0 293 294 1
222 232 1 323 0 0 294 295 1
222 232 1 323 0 0 295 296 1
222 232 1 323 0 0 296 297 1
222 232 1 323 0 0 297 298 1
222 232 1 323 0 0 298 299 1
222 232 1 323 0 0 299 300 1
222 232 1 323 0 0 300 301 1
222 232 1 323 0 0 349 350 1
222 232 1 323 0 0 350 351 1
222 232 1 323 0 0 351 352 1
222 232 1 323 0 0 352 353 1
222 232 1 323 0 0 353 354 1
222 232 1 323 0 0 354 355 1
222 232 1 323 0 0 355 356 1
222 232 1 323 0 0 356 357 1
222 232 1 323 0 0 357 358 1
222 232 1 323 0 0 358 359 1
222 232 1 323 0 0 359 360 1
222 232 1 323 0 0 360 361 1
222 232 1 323 0 0 361 362 1
222 232 1 323 0 0 362 363 1
222 232 1 323 0 0 363 364 1
222 232 1 323 0 0 364 365 1
222 232 1 323 0 0 365 366 1
222 232 1 323 0 0 366 367 1
222 232 1 323 0 0 367 368 1
222 232 1 323 0 0 368 369 1
222 232 1 323 0 0 369 370 1
222 232 1 323 0 0 370 371 1
222 232 1 323 0 0 371 372 1
222 232 1 323 0 0 372 373 1
222 232 1 323 0 0 373 374 1
222 232 1 323 0 0 374 375 1
222 232 1 323 0 0 375 376 1
222 232 1 323 0 0 376 377 1
222 232 1 323 0 0 377 378 1
222 232 1 323 0 0 378 379 1
222 232 1 323 0 0 379 380 1
222 232 1 323 0 0 380 381 1
222 232 1 323 0 0 381 382 1
222 232 1 323 0 0 382 383 1
222 232 1 323 0 0 383 384 1
222 232 1 323 0 0 384 385 1
222 232 1 323 0 0 385 386 1
222 232 1 323 0 0 386 387 1
222 232 1 323 0 0 387 388 1
222 232 1 323 0 0 388 389 1
222 232 1 323 0 0 389 390 1
222 232 1 323 0 0 390 391 1
222 232 1 323 0 0 391 392 1
222 232 1 323 0 0 392 393 1
222 232 1 323 0 0 393 394 1
222 232 1 323 0 0 394 395 1
222 232 1 323 0 0 395 396 1
222 232 1 323 0 0 396 397 1
222 232 1 323 0 0 397 398 1
222 232 1 323 0 0 398 399 1
222 232 1 323 0 0 399 400 1
222 232 1 323 0 0 400 401 1
222 232 1 323 0 0 401 402 1
222 232 1 323 0 0 402 403 1
222 232 1 323 0 0 403 404 1
222 232 1 323 0 0 404 405 1
222 232 1 323 0 0 405 406 1
222 232 1 323 0 0 406 407 1
222 232 1 323 0 0 407 408 1
222 232 1 323 0 0 408 409 1
222 232 1 323 0 0 409 410 1
222 232 1 323 0 0 410 411 1
222 232 1 323 0 0 411 412 1
222 232 1 323 0 0 412 413 1
222 232 1 323 0 0 413 414 1
222 232 1 323 0 0 414 415 1
222 232 1 323 0 0 415 416 1
222 232 1 323 0 0 416 417 1
222 232 1 323 0 0 417 418 1
222 232 1 323 0 0 418 419 1
222 232 1 323 0 0 419 420 1
222 232 1 323 0 0 420 421 1
222 232 1 323 0 0 421 422 1
222 232 1 323 0 0 422 423 1
222 232 1 323 0 0 423 424 1
222 232 1 323 0 0 424 425 1
222 232 1 323 0 0 425 426 1
222 232 1 323 0 0 426 427 1
222 232 1 323 0 0 427 428 1
222 232 1 323 0 0 428 429 1
222 232 1 323 0 0 429 430 1
222 232 1 323 0 0 430 431 1
222 232 1 323 0 0 431 432 1
222 232 1 323 0 0 432 433 1
222 232 1 323 0 0 433 434 1
222 232 1 323 0 0 434 435 1
222 232 1 323 0 0 435 436 1
222 232 1 323 0 0 436 437 1
222 232 1 323 0 0 437 438 1
222 232 1 323 0 0 438 439 1
222 232 1 323 0 0 439 440 1
222 232 1 323 0 0 440 441 1
222 232 1 323 0 0 441 442 1
222 232 1 323 0 0 442 443 1
222 232 1 323 0 0 443 444 1
222 232 1 323 0 0 444 445 1
222 232 1 323 0 0 445 446 1
222 232 1 323 0 0 446 447 1
222 232 1 323 0 0 447 448 1
222 232 1 323 0 0 448 449 1
222 232 1 323 0 0 449 450 1
222 232 1 323 0 0 450 451 1
222 232 1 323 0 0 451 452 1
222 232 1 323 0 0 452 453 1
222 232 1 323 0 0 453 454 1
222 232 1 323 0 0 454 455 1
222 232 1 323 0 0 547 548 1
222 232 1 323 0 0 548 549 1
222 232 1 323 0 0 549 550 1
222 232 1 323 0 0 550 551 1
222 232 1 323 0 0 551 552 1
222 232 1 323 0 0 552 553 1
222 232 1 323 0 0 553 554 1
222 232 1 323 0 0 646 647 1
222 232 1 323 0 0 647 648 1
222 232 1 323 0 0 648 649 1
222 232 1 323 0 0 649 650 1
222 232 1 323 0 0 650 651 1
222 232 1 323 0 0 651 652 1
222 232 1 323 0 0 652 653 1
222 232 1 323 0 0 653 654 1
222 232 1 323 0 0 654 655 1
222 232 1 323 0 0 655 656 1
222 232 1 323 0 0 656 657 1
222 232 1 323 0 0 657 658 1
222 232 1 323 0 0 658 659 1
222 232 1 323 0 0 659 660 1
222 232 1 323 0 0 660 661 1
222 232 1 323 0 0 661 662 1
222 232 1 323 0 0 662 663 1
222 232 1 323 0 0 663 664 1
222 232 1 323 0 0 664 665 1
222 232 1 323 0 0 665 666 1
222 232 1 323 0 0 666 667 1
222 232 1 323 0 0 667 668 1
222 232 1 323 0 0 668 669 1
222 232 1 323 0 0 669 670 1
222 232 1 323 0 0 670 671 1
222 232 1 323 0 0 671 672 1
222 232 1 323 0 0 672 673 1
222 232 1 323 0 0 673 674 1
222 232 1 323 0 0 674 675 1
222 232 1 323 0 0 675 676 1
222 232 1 323 0 0 676 677 1
222 232 1 323 0 0 677 678 1
222 232 1 323 0 0 678 679 1
222 232 1 323 0 0 679 680 1
222 232 1 323 0 0 680 681 1
222 232 1 323 0 0 681 682 1
222 232 1 323 0 0 682 683 1
222 232 1 323 0 0 683 684 1
222 232 1 323 0 0 684 685 1
222 232 1 323 0 0 685 686 1
222 232 1 323 0 0 686 687 1
222 232 1 323 0 0 687 688 1
222 232 1 323 0 0 688 689 1
222 232 1 323 0 0 689 690 1
222 232 1 323 0 0 690 691 1
222 232 1 323 0 0 691 692 1
222 232 1 323 0 0 692 693 1
222 232 1 323 0 0 693 694 1
222 232 1 323 0 0 694 695 1
222 232 1 323 0 0 695 696 1
222 232 1 323 0 0 696 697 1
222 232 1 323 0 0 697 698 1
222 232 1 323 0 0 698 699 1
222 232 1 323 0 0 699 700 1
222 232 1 323 0 0 700 701 1
222 232 1 323 0 0 701 702 1
222 232 1 323 0 0 702 703 1
222 232 1 323 0 0 703 704 1
222 232 1 323 0 0 704 705 1
222 232 1 323 0 0 705 706 1
222 232 1 323 0 0 706 707 1
222 232 1 323 0 0 707 708 1
222 232 1 323 0 0 708 709 1
222 232 1 323 0 0 709 710 1
222 232 1 323 0 0 710 711 1
222 232 1 323 0 0 711 712 1
222 232 1 323 0 0 712 713 1
222 232 1 323 0 0 713 714 1
222 232 1 323 0 0 714 715 1
222 232 1 323 0 0 715 716 1
222 232 1 323 0 0 716 717 1
222 232 1 323 0 0 717 718 1
222 232 1 323 0 0 718 719 1
222 232 1 323 0 0 719 720 1
222 232 1 323 0 0 720 721 1
222 232 1 323 0 0 721 722 1
222 232 1 323 0 0 722 723 1
222 232 1 323 0 0 723 724 1
222 232 1 323 0 0 724 725 1
222 232 1 323 0 0 725 726 1
222 232 1 323 0 0 726 727 1
222 232 1 323 0 0 727 728 1
222 232 1 323 0 0 728 729 1
222 232 1 323 0 0 729 730 1
222 232 1 323 0 0 730 731 1
222 232 1 323 0 0 731 732 1
222 232 1 323 0 0 732 733 1
222 232 1 323 0 0 733 734 1
222 232 1 323 0 0 734 735 1
222 232 1 323 0 0 735 736 1
222 232 1 323 0 0 736 737 1
222 232 1 323 0 0 737 738 1
222 232 1 323 0 0 738 739 1
222 232 1 323 0 0 739 740 1
222 232 1 323 0 0 740 741 1
222 232 1 323 0 0 741 742 1
222 232 1 323 0 0 742 743 1
222 232 1 323 0 0 743 744 1
222 232 1 323 0 0 744 745 1
222 232 1 323 0 0 745 746 1
222 232 1 323 0 0 746 747 1
222 232 1 323 0 0 747 748 1
222 232 1 323 0 0 748 749 1
222 232 1 323 0 0 749 750 1
222 232 1 323 0 0 750 751 1
222 232 1 323 0 0 751 752 1
222 232 1 323 0 0 757 758 1
222 232 1 323 0 0 758 759 1
222 232 1 323 0 0 759 760 1
222 232 1 323 0 0 760 761 1
222 232 1 323 0 0 761 762 1
222 232 1 323 0 0 762 763 1
222 232 1 323 0 0 763 764 1
222 232 1 323 0 0 764 765 1
222 232 1 323 0 0 765 766 1
222 232 1 323 0 0 766 767 1
222 232 1 323 0 0 767 768 1
222 232 1 323 0 0 768 769 1
222 232 1 323 0 0 769 770 1
222 232 1 323 1 0 -110 -109 1
222 232 1 323 1 0 -108 -107 1
222 232 1 323 1 0 -107 -106 1
222 232 1 323 1 0 -106 -105 1
222 232 1 323 1 0 -59 -58 1
222 232 1 323 1 0 -58 -57 1
222 232 1 323 1 0 -57 -56 1
222 232 1 323 1 0 -56 -55 1
222 232 1 323 1 0 -55 -54 1
222 232 1 323 1 0 -54 -53 1
222 232 1 323 1 0 -53 -52 1
222 232 1 323 1 0 -52 -51 1
222 232 1 323 1 0 -51 -50 1
222 232 1 323 1 0 -50 -49 1
222 232 1 323 1 0 -49 -48 1
222 232 1 323 1 0 -48 -47 1
222 232 1 323 1 0 -47 -46 1
222 232 1 323 1 0 -46 -45 1
222 232 1 323 1 0 -45 -44 1
222 232 1 323 1 0 -43 -42 1
222 232 1 323 1 0 -42 -41 1
222 232 1 323 1 0 -41 -40 2
222 232 1 323 1 0 349 350 1
222 232 1 323 1 0 746 747 1
222 232 1 323 1 0 747 748 1
222 232 1 323 1 0 748 749 1
222 232 1 323 1 0 750 751 1
222 232 1 323 1 0 751 752 1
222 2222 -1 267 2 0 -267 -266 1
222 2222 -1 267 2 0 -8 -7 1
222 222 -1 268 3 7 -541 -540 1
222 222 -1 268 3 7 -267 -266 3
222 222 -1 268 3 7 -266 -265 3
222 222 -1 268 3 7 -265 -264 3
222 222 -1 268 3 7 -264 -263 2
222 222 -1 268 3 7 -263 -262 2
222 222 -1 268 3 7 -9 -8 3
222 222 -1 268 3 7 -8 -7 5
222 222 -1 268 3 7 -7 -6 4
222 222 -1 268 3 7 -6 -5 4
222 222 -1 268 3 7 -2 -1 2
222 222 -1 268 3 7 -1 0 7
222 222 -1 268 3 7 23 24 4
222 222 -1 268 3 7 24 25 3
222 222 -1 268 3 7 25 26 4
222 222 -1 268 3 7 26 27 3
222 222 -1 268 3 7 27 28 2
222 222 -1 268 3 7 33 34 1
222 222 -1 268 3 7 34 35 1
222 222 -1 268 3 7 35 36 2
222 222 -1 268 3 7 49 50 2
222 222 -1 268 3 7 50 51 1
222 222 -1 268 3 7 51 52 1
222 222 -1 268 3 7 53 54 1
222 222 -1 268 3 7 54 55 4
222 222 -1 268 3 7 55 56 4
222 222 -1 268 3 7 56 57 4
222 222 -1 268 3 7 57 58 4
222 222 -1 268 3 7 64 65 1
222 222 -1 268 3 7 65 66 1
222 222 -1 268 3 7 76 77 1
222 222 -1 268 3 7 79 80 1
222 222 -1 268 3 7 80 81 2
222 222 -1 268 3 7 81 82 2
222 211 1 296 0 0 314 315 1
222 211 1 296 0 0 315 316 1
222 211 1 296 0 0 316 317 1
222 211 1 296 0 0 317 318 1
222 211 1 296 0 0 318 319 1
222 211 1 296 0 0 319 320 1
222 211 1 296 0 0 320 321 1
222 211 1 296 0 0 321 322 1
222 211 1 296 0 0 322 323 1
222 211 1 296 0 0 323 324 1
222 211 1 296 0 0 324 325 1
222 211 1 296 0 0 325 326 1
222 211 1 296 0 0 326 327 1
222 211 1 296 0 0 327 328 1
222 211 1 296 0 0 514 515 1
222 211 1 296 0 0 515 516 1
222 211 1 296 0 0 516 517 1
222 211 1 296 0 0 517 518 1
222 211 1 296 0 0 518 519 1
222 211 1 296 0 0 519 520 1
222 211 1 296 0 0 520 521 1
222 211 1 296 0 0 521 522 1
222 211 1 296 0 0 522 523 1
222 211 1 296 0 0 523 524 1
222 211 1 296 0 0 524 525 1
222 211 1 296 0 0 525 526 1
222 211 1 296 0 0 526 527 1
222 211 1 296 0 0 527 528 1
222 211 1 296 0 0 528 529 1
222 211 1 296 0 0 529 530 1
222 211 1 297 2 3 314 315 1
222 211 1 297 2 3 315 316 1
222 211 1 297 2 3 316 317 1
222 211 1 297 2 3 317 318 1
222 211 1 297 2 3 318 319 1
222 211 1 297 2 3 319 320 1
222 211 1 297 2 3 320 321 1
222 211 1 297 2 3 321 322 1
222 211 1 297 2 3 322 323 1
222 211 1 297 2 3 324 325 1
222 211 1 297 2 3 325 326 1
222 211 1 297 2 3 327 328 1
222 211 1 297 2 3 520 521 1
222 211 1 297 2 3 525 526 1
222 211 1 297 1 1 315 316 1
222 211 1 297 1 1 316 317 1
222 211 1 297 1 1 317 318 1
222 211 1 297 1 1 318 319 1
222 211 1 297 1 1 319 320 1
222 211 1 297 1 1 320 321 1
222 211 1 297 1 1 321 322 1
222 211 1 297 1 1 322 323 1
222 211 1 297 1 1 323 324 1
222 211 1 297 1 1 324 325 1
222 211 1 297 1 1 325 326 1
222 211 1 297 1 1 326 327 1
222 211 1 297 1 1 520 521 1
222 211 1 297 1 1 521 522 1
222 211 1 297 1 1 522 523 1
222 211 1 297 1 1 523 524 1
222 211 1 297 1 1 524 525 1
222 211 1 297 1 1 525 526 1
222 211 1 297 1 1 526 527 1
222 211 1 297 1 1 527 528 1
222 211 1 297 1 1 528 529 1
222 211 1 297 1 1 529 530 1
222 221 1 490 1 1 -356 -355 1
222 221 1 490 1 1 -188 -187 1
222 221 1 490 1 1 -187 -186 1
222 221 1 490 1 1 -186 -185 3
222 221 1 490 1 1 -185 -184 3
222 221 1 490 1 1 -184 -183 3
222 221 1 490 1 1 -183 -182 3
222 221 1 490 1 1 -182 -181 3
222 221 1 490 1 1 -181 -180 3
222 221 1 490 1 1 -180 -179 3
222 221 1 490 1 1 -179 -178 3
222 221 1 490 1 1 -178 -177 3
222 221 1 490 1 1 -177 -176 3
222 221 1 490 1 1 -176 -175 3
222 221 1 490 1 1 -175 -174 3
222 221 1 490 1 1 -174 -173 3
222 221 1 490 1 1 -173 -172 3
222 221 1 490 1 1 -159 -158 1
222 221 1 490 1 1 -158 -157 1
222 221 1 490 1 1 -157 -156 5
222 221 1 490 1 1 -156 -155 1
222 221 1 490 1 1 -155 -154 2
222 221 1 490 1 1 -154 -153 1
222 221 1 490 1 1 -153 -152 1
222 221 1 490 1 1 259 260 1
222 221 1 490 1 1 261 262 1
222 223 1 323 1 0 273 274 1
222 223 1 323 1 0 274 275 1
222 223 1 323 1 0 281 282 1
222 223 1 324 0 0 -282 -281 1
222 223 1 324 0 0 -281 -280 1
222 223 1 324 0 0 -280 -279 1
222 223 1 324 0 0 -279 -278 1
222 223 1 324 0 0 -278 -277 1
222 223 1 324 0 0 -277 -276 1
222 223 1 324 0 0 -276 -275 1
222 223 1 324 0 0 -275 -274 1
222 223 1 324 0 0 -274 -273 1
222 223 1 324 0 0 -273 -272 1
222 223 1 324 0 0 -272 -271 1
222 223 1 324 0 0 -265 -264 2
222 223 1 324 0 0 -264 -263 2
222 223 1 324 0 0 -263 -262 2
222 223 1 324 0 0 -262 -261 2
222 223 1 324 0 0 -261 -260 2
222 223 1 324 0 0 -256 -255 1
222 223 1 324 0 0 -255 -254 1
222 223 1 324 0 0 -254 -253 1
222 223 1 324 0 0 -253 -252 1
222 223 1 324 0 0 -252 -251 1
222 223 1 324 0 0 -251 -250 1
222 223 1 324 0 0 -250 -249 1
222 223 1 324 0 0 -249 -248 1
222 223 1 324 0 0 -248 -247 1
222 223 1 324 0 0 -247 -246 1
222 223 1 324 0 0 -246 -245 1
222 223 1 324 0 0 -244 -243 1
222 223 1 324 0 0 -243 -242 1
222 223 1 324 0 0 -242 -241 1
222 223 1 324 0 0 -241 -240 1
222 223 1 324 0 0 -240 -239 1
222 223 1 324 0 0 -239 -238 1
222 223 1 324 0 0 -238 -237 1
222 223 1 324 0 0 -237 -236 1
222 223 1 324 0 0 -236 -235 1
222 223 1 324 0 0 -235 -234 1
222 223 1 324 0 0 -234 -233 1
222 223 1 324 0 0 -233 -232 1
222 223 1 324 0 0 -232 -231 1
222 223 1 324 0 0 -231 -230 1
222 223 1 324 0 0 -230 -229 1
222 223 1 324 0 0 -229 -228 1
222 223 1 324 0 0 -228 -227 1
222 223 1 324 0 0 -227 -226 1
222 223 1 324 0 0 -226 -225 1
222 223 1 324 0 0 -225 -224 1
222 223 1 324 0 0 -224 -223 1
222 223 1 324 0 0 -223 -222 1
222 223 1 324 0 0 -222 -221 1
222 223 1 324 0 0 -221 -220 1
222 223 1 324 0 0 -220 -219 1
222 223 1 324 0 0 -209 -208 1
222 223 1 324 0 0 -208 -207 1
222 223 1 324 0 0 -207 -206 1
222 223 1 324 0 0 -206 -205 1
222 223 1 324 0 0 -205 -204 1
222 223 1 324 0 0 -204 -203 1
222 223 1 324 0 0 -203 -202 1
222 223 1 324 0 0 -78 -77 3
222 223 1 324 0 0 -77 -76 3
222 223 1 324 0 0 -76 -75 3
222 223 1 324 0 0 -75 -74 3
222 223 1 324 0 0 -74 -73 3
222 223 1 324 0 0 -73 -72 3
222 223 1 324 0 0 -72 -71 3
222 223 1 324 0 0 -71 -70 3
222 223 1 324 0 0 -70 -69 3
222 223 1 324 0 0 -69 -68 4
222 223 1 324 0 0 -68 -67 4
222 223 1 324 0 0 -67 -66 1
222 223 1 324 0 0 -66 -65 1
222 223 1 324 0 0 -65 -64 3
222 223 1 324 0 0 -64 -63 1
222 223 1 324 0 0 -63 -62 1
222 223 1 324 0 0 -62 -61 1
222 223 1 324 0 0 -61 -60 1
222 223 1 324 0 0 -60 -59 1
222 223 1 324 0 0 -59 -58 2
222 223 1 324 0 0 -58 -57 1
222 223 1 324 0 0 -57 -56 1
222 223 1 324 0 0 -56 -55 1
222 223 1 324 0 0 -55 -54 1
222 223 1 324 0 0 -54 -53 1
222 223 1 324 0 0 -53 -52 1
222 223 1 324 0 0 -52 -51 1
222 223 1 324 0 0 -51 -50 1
222 223 1 324 0 0 -50 -49 1
222 223 1 324 0 0 -49 -48 2
222 223 1 324 0 0 -48 -47 3
222 223 1 324 0 0 -47 -46 3
222 223 1 324 0 0 -46 -45 1
222 223 1 324 0 0 -45 -44 1
222 223 1 324 0 0 -44 -43 1
222 223 1 324 0 0 -43 -42 1
222 223 1 324 0 0 -42 -41 1
222 223 1 324 0 0 -41 -40 1
222 223 1 324 0 0 -40 -39 1
222 223 1 324 0 0 -39 -38 1
222 223 1 324 0 0 -38 -37 1
222 223 1 324 0 0 -37 -36 1
222 223 1 324 0 0 -36 -35 1
222 223 1 324 0 0 -35 -34 1
222 223 1 324 0 0 -34 -33 1
222 223 1 324 0 0 -33 -32 1
222 223 1 324 0 0 -32 -31 1
222 223 1 324 0 0 -31 -30 1
222 223 1 324 0 0 -30 -29 1
222 223 1 324 0 0 -29 -28 2
222 223 1 324 0 0 -28 -27 2
222 223 1 324 0 0 -27 -26 2
222 223 1 324 0 0 -26 -25 2
222 223 1 324 0 0 -25 -24 2
222 223 1 324 0 0 -24 -23 2
222 223 1 324 0 0 -23 -22 2
222 223 1 324 0 0 -22 -21 2
222 223 1 324 0 0 -21 -20 2
222 223 1 324 0 0 -20 -19 3
222 223 1 324 0 0 -19 -18 3
222 223 1 324 0 0 -18 -17 3
222 223 1 324 0 0 -17 -16 3
222 223 1 324 0 0 -16 -15 2
222 223 1 324 0 0 -15 -14 2
222 223 1 324 0 0 -14 -13 1
222 223 1 324 0 0 -13 -12 1
222 223 1 324 0 0 -12 -11 1
222 223 1 324 0 0 -11 -10 1
222 223 1 324 0 0 -10 -9 1
222 223 1 324 0 0 -9 -8 1
222 223 1 324 0 0 -8 -7 1
222 223 1 324 0 0 -7 -6 2
222 223 1 324 0 0 -6 -5 2
222 223 1 324 0 0 -5 -4 2
222 223 1 324 0 0 -4 -3 1
222 223 1 324 0 0 -3 -2 1
222 223 1 324 0 0 -2 -1 2
222 223 1 324 0 0 -1 0 2
222 223 1 324 0 0 0 1 2
222 223 1 324 0 0 1 2 3
222 223 1 324 0 0 2 3 3
222 223 1 324 0 0 3 4 3
222 223 1 324 0 0 4 5 2
222 223 1 324 0 0 5 6 2
222 223 1 324 0 0 6 7 2
222 223 1 324 0 0 7 8 1
222 223 1 324 0 0 8 9 1
222 223 1 324 0 0 9 10 1
222 223 1 324 0 0 10 11 1
222 223 1 324 0 0 43 44 2
222 223 1 324 0 0 44 45 2
222 223 1 324 0 0 45 46 1
222 223 1 324 0 0 46 47 1
222 223 1 324 0 0 47 48 1
222 223 1 324 0 0 48 49 1
222 223 1 324 0 0 49 50 1
222 223 1 324 0 0 50 51 1
222 223 1 324 0 0 51 52 1
222 223 1 324 0 0 52 53 1
222 223 1 324 0 0 53 54 1
222 223 1 324 0 0 54 55 1
222 223 1 324 0 0 55 56 1
222 223 1 324 0 0 56 57 1
222 223 1 324 0 0 57 58 1
222 223 1 324 0 0 58 59 1
222 223 1 324 0 0 59 60 1
222 223 1 324 0 0 62 63 1
222 223 1 324 0 0 63 64 1
222 223 1 324 0 0 64 65 1
222 223 1 324 0 0 65 66 1
222 223 1 324 0 0 66 67 1
222 223 1 324 0 0 67 68 1
222 223 1 324 0 0 68 69 1
222 223 1 324 0 0 69 70 1
222 223 1 324 0 0 70 71 1
222 223 1 324 0 0 71 72 1
222 223 1 324 0 0 72 73 1
222 223 1 324 0 0 73 74 1
222 223 1 324 0 0 74 75 1
222 223 1 324 0 0 75 76 1
222 223 1 324 0 0 76 77 1
222 223 1 324 0 0 77 78 1
222 223 1 324 0 0 78 79 1
222 223 1 324 0 0 79 80 1
222 223 1 324 0 0 80 81 1
222 223 1 324 0 0 81 82 1
222 223 1 324 0 0 82 83 1
222 223 1 324 0 0 83 84 1
222 223 1 324 0 0 84 85 1
222 223 1 324 0 0 85 86 1
222 223 1 324 0 0 86 87 1
222 223 1 324 0 0 87 88 1
222 223 1 324 0 0 88 89 1
222 223 1 324 0 0 89 90 1
222 223 1 324 0 0 90 91 1
222 223 1 324 0 0 91 92 1
222 223 1 324 0 0 92 93 1
222 223 1 324 0 0 93 94 1
222 223 1 324 0 0 94 95 1
222 223 1 324 0 0 95 96 1
222 223 1 324 0 0 96 97 1
222 223 1 324 0 0 97 98 1
222 223 1 324 0 0 98 99 1
222 223 1 324 0 0 99 100 1
222 223 1 324 0 0 100 101 1
222 223 1 324 0 0 101 102 1
222 223 1 324 0 0 102 103 1
222 223 1 324 0 0 103 104 1
222 223 1 324 0 0 104 105 1
222 223 1 324 0 0 105 106 1
222 223 1 324 0 0 106 107 1
222 223 1 324 0 0 107 108 1
222 223 1 324 0 0 108 109 2
222 223 1 324 0 0 109 110 2
222 223 1 324 0 0 110 111 1
222 223 1 324 0 0 111 112 2
222 223 1 324 0 0 112 113 1
222 223 1 324 0 0 113 114 1
222 223 1 324 0 0 114 115 2
222 223 1 324 0 0 115 116 1
222 223 1 324 0 0 116 117 1
222 223 1 324 0 0 117 118 1
222 223 1 324 0 0 118 119 1
222 223 1 324 0 0 119 120 1
222 223 1 324 0 0 120 121 1
222 223 1 324 0 0 121 122 1
222 223 1 324 0 0 122 123 1
222 223 1 324 0 0 123 124 1
222 223 1 324 0 0 124 125 1
222 223 1 324 0 0 125 126 1
222 223 1 324 0 0 126 127 1
222 223 1 324 0 0 127 128 1
222 223 1 324 0 0 128 129 1
222 223 1 324 0 0 129 130 1
222 223 1 324 0 0 130 131 1
222 223 1 324 0 0 131 132 1
222 223 1 324 0 0 132 133 1
222 223 1 324 0 0 133 134 1
222 223 1 324 0 0 134 135 4
222 223 1 324 0 0 135 136 1
222 223 1 324 0 0 136 137 1
222 223 1 324 0 0 137 138 1
222 223 1 324 0 0 138 139 1
222 223 1 324 0 0 139 140 1
222 223 1 324 0 0 140 141 1
222 223 1 324 0 0 141 142 1
222 223 1 324 0 0 142 143 1
222 223 1 324 0 0 143 144 1
222 223 1 324 0 0 144 145 1
222 223 1 324 0 0 145 146 1
222 223 1 324 0 0 146 147 1
222 223 1 324 0 0 147 148 1
222 223 1 324 0 0 148 149 2
222 223 1 324 0 0 149 150 1
222 223 1 324 0 0 150 151 2
222 223 1 324 0 0 151 152 2
222 223 1 324 0 0 152 153 1
222 223 1 324 0 0 153 154 1
222 223 1 324 0 0 154 155 1
222 223 1 324 0 0 155 156 1
222 223 1 324 0 0 156 157 1
222 223 1 324 0 0 157 158 1
222 223 1 324 0 0 158 159 1
222 223 1 324 0 0 159 160 1
222 223 1 324 0 0 160 161 1
222 223 1 324 0 0 161 162 1
222 223 1 324 0 0 162 163 1
222 223 1 324 0 0 163 164 1
222 223 1 324 0 0 164 165 1
222 223 1 324 0 0 165 166 1
222 223 1 324 0 0 166 167 1
222 223 1 324 0 0 167 168 1
222 223 1 324 0 0 168 169 1
222 223 1 324 0 0 169 170 1
222 223 1 324 0 0 170 171 1
222 223 1 324 0 0 171 172 1
222 223 1 324 0 0 172 173 1
222 223 1 324 0 0 173 174 1
222 223 1 324 0 0 174 175 1
222 223 1 324 0 0 175 176 1
222 223 1 324 0 0 176 177 1
222 223 1 324 0 0 177 178 1
222 223 1 324 0 0 178 179 1
222 223 1 324 0 0 179 180 1
222 223 1 324 0 0 181 182 1
222 223 1 324 0 0 182 183 1
222 223 1 324 0 0 183 184 1
222 223 1 324 0 0 184 185 1
222 223 1 324 0 0 185 186 1
222 223 1 324 0 0 186 187 1
222 223 1 324 0 0 189 190 1
222 223 1 324 0 0 190 191 1
222 223 1 324 0 0 191 192 1
222 223 1 324 0 0 192 193 1
222 223 1 324 0 0 193 194 1
222 223 1 324 0 0 194 195 1
222 223 1 324 0 0 195 196 1
222 223 1 324 0 0 196 197 1
222 223 1 324 0 0 197 198 1
222 223 1 324 0 0 198 199 1
222 223 1 324 0 0 199 200 1
222 223 1 324 0 0 200 201 1
222 223 1 324 0 0 201 202 1
222 223 1 324 0 0 202 203 1
222 223 1 324 0 0 203 204 1
222 223 1 324 0 0 204 205 1
222 223 1 324 0 0 205 206 1
222 223 1 324 0 0 206 207 1
222 223 1 324 0 0 207 208 1
222 223 1 324 0 0 208 209 1
222 223 1 324 0 0 209 210 1
222 223 1 324 0 0 210 211 1
222 223 1 324 0 0 211 212 1
222 223 1 324 0 0 212 213 1
222 223 1 324 0 0 213 214 2
222 223 1 324 0 0 214 215 1
222 223 1 324 0 0 215 216 1
222 223 1 324 0 0 216 217 1
222 223 1 324 0 0 217 218 1
222 223 1 324 0 0 218 219 2
222 223 1 324 0 0 219 220 2
222 223 1 324 0 0 220 221 1
222 223 1 324 0 0 221 222 1
222 223 1 324 0 0 222 223 1
222 223 1 324 0 0 223 224 1
222 223 1 324 0 0 224 225 1
222 223 1 324 0 0 225 226 1
222 223 1 324 0 0 226 227 1
222 223 1 324 0 0 227 228 1
222 223 1 324 0 0 228 229 1
222 223 1 324 0 0 229 230 1
222 223 1 324 0 0 231 232 1
222 223 1 324 0 0 232 233 1
222 223 1 324 0 0 233 234 1
222 223 1 324 0 0 234 235 1
222 223 1 324 0 0 235 236 1
222 223 1 324 0 0 236 237 1
222 223 1 324 0 0 237 238 1
222 223 1 324 0 0 242 243 1
222 223 1 324 0 0 243 244 1
222 223 1 324 0 0 244 245 1
222 223 1 324 0 0 245 246 1
222 223 1 324 0 0 246 247 1
222 223 1 324 0 0 247 248 1
222 223 1 324 0 0 248 249 1
222 223 1 324 0 0 249 250 1
222 223 1 324 0 0 250 251 1
222 223 1 324 0 0 251 252 1
222 223 1 324 0 0 252 253 1
222 223 1 324 0 0 253 254 1
222 223 1 324 0 0 264 265 1
222 223 1 324 0 0 265 266 1
222 223 1 324 0 0 266 267 1
222 223 1 324 0 0 267 268 1
222 223 1 324 0 0 268 269 1
222 223 1 324 0 0 269 270 1
222 223 1 324 0 0 270 271 1
222 223 1 324 0 0 271 272 1
222 223 1 324 0 0 272 273 1
222 223 1 324 0 0 273 274 1
222 223 1 324 0 0 275 276 1
222 223 1 324 0 0 276 277 1
222 223 1 324 0 0 277 278 1
222 223 1 324 0 0 278 279 1
222 223 1 324 0 0 279 280 1
222 223 1 324 0 0 280 281 1
222 223 1 324 0 0 295 296 1
222 223 1 324 0 0 296 297 1
222 223 1 324 0 0 297 298 1
222 223 1 324 0 0 298 299 1
222 223 1 324 0 0 299 300 1
222 223 1 324 0 0 302 303 1
222 223 1 324 0 0 304 305 1
222 223 1 324 0 0 307 308 1
222 223 1 324 0 0 308 309 1
222 223 1 324 0 0 309 310 2
222 223 1 324 0 0 310 311 2
222 223 1 324 0 0 311 312 1
222 223 1 324 0 0 312 313 1
222 223 1 324 0 0 313 314 1
222 223 1 324 0 0 314 315 1
222 223 1 324 0 0 315 316 1
222 223 1 324 0 0 316 317 1
222 223 1 324 0 0 318 319 1
222 223 1 324 0 0 319 320 1
222 223 1 324 0 0 321 322 1
222 223 1 324 0 0 322 323 1
222 223 1 324 0 0 323 324 1
222 223 1 324 0 0 324 325 1
222 223 1 324 0 0 326 327 2
222 223 1 324 0 0 327 328 2
222 223 1 324 0 0 328 329 1
222 223 1 324 0 0 329 330 1
222 223 1 324 0 0 330 331 1
222 223 1 324 0 0 331 332 1
222 223 1 324 0 0 332 333 1
222 223 1 324 0 0 333 334 1
222 223 1 324 0 0 334 335 1
222 223 1 324 0 0 335 336 1
222 223 1 324 0 0 336 337 1
222 223 1 324 0 0 337 338 1
222 223 1 324 0 0 338 339 1
222 223 1 324 0 0 339 340 1
222 223 1 324 0 0 340 341 1
222 223 1 324 0 0 341 342 1
222 223 1 324 0 0 342 343 1
222 223 1 324 0 0 344 345 1
222 223 1 324 0 0 345 346 1
222 223 1 324 0 0 346 347 1
222 223 1 324 0 0 347 348 1
222 223 1 324 0 0 348 349 1
222 223 1 324 0 0 349 350 1
222 223 1 324 0 0 350 351 1
222 223 1 324 0 0 351 352 1
222 223 1 324 0 0 352 353 1
222 223 1 324 0 0 353 354 1
222 223 1 324 0 0 354 355 1
222 223 1 324 0 0 355 356 1
222 223 1 324 0 0 356 357 1
222 223 1 324 0 0 357 358 1
222 223 1 324 0 0 358 359 1
222 223 1 324 0 0 359 360 1
222 223 1 324 0 0 361 362 1
222 223 1 324 0 0 362 363 1
222 223 1 324 0 0 363 364 1
222 223 1 324 0 0 364 365 1
222 223 1 324 0 0 365 366 1
222 223 1 324 0 0 366 367 1
222 223 1 324 0 0 367 368 1
222 223 1 324 0 0 368 369 1
222 223 1 324 0 0 369 370 1
222 223 1 324 0 0 370 371 1
222 223 1 324 0 0 371 372 1
222 223 1 324 0 0 394 395 1
222 223 1 324 0 0 395 396 1
222 223 1 324 0 0 396 397 1
222 223 1 324 0 0 430 431 1
222 223 1 324 0 0 431 432 1
222 223 1 324 0 0 432 433 1
222 223 1 324 0 0 433 434 1
222 223 1 324 0 0 434 435 2
222 223 1 324 0 0 435 436 1
222 223 1 324 0 0 436 437 1
222 223 1 324 0 0 437 438 1
222 223 1 324 0 0 438 439 1
222 223 1 324 0 0 439 440 1
222 223 1 324 0 0 440 441 1
222 223 1 324 0 0 441 442 1
222 223 1 324 0 0 442 443 1
222 223 1 324 0 0 443 444 1
222 223 1 324 0 0 444 445 1
222 223 1 324 0 0 445 446 1
222 223 1 324 0 0 446 447 1
222 223 1 324 0 0 447 448 1
222 223 1 324 0 0 448 449 1
222 223 1 324 0 0 449 450 1
222 223 1 324 0 0 450 451 1
222 223 1 324 0 0 451 452 1
222 223 1 324 0 0 452 453 1
222 223 1 324 0 0 453 454 1
222 223 1 324 0 0 454 455 1
222 223 1 324 0 0 455 456 1
222 223 1 324 0 0 456 457 1
222 223 1 324 0 0 457 458 1
222 223 1 324 0 0 458 459 1
222 223 1 324 0 0 459 460 1
222 223 1 324 0 0 460 461 1
222 223 1 324 0 0 461 462 1
222 223 1 324 0 0 462 463 1
222 223 1 324 0 0 463 464 1
222 223 1 324 0 0 464 465 1
222 223 1 324 0 0 465 466 1
222 223 1 324 0 0 466 467 1
222 223 1 324 0 0 467 468 1
222 223 1 324 0 0 468 469 1
222 223 1 324 0 0 469 470 1
222 223 1 324 0 0 470 471 1
222 223 1 324 0 0 471 472 1
222 223 1 324 0 0 472 473 1
222 223 1 324 0 0 473 474 1
222 223 1 324 0 0 474 475 1
222 223 1 324 0 0 475 476 1
222 223 1 324 0 0 476 477 1
222 223 1 324 0 0 477 478 1
222 223 1 324 0 0 478 479 1
222 223 1 324 0 0 479 480 1
222 223 1 324 0 0 480 481 1
222 223 1 324 0 0 481 482 1
222 223 1 324 0 0 482 483 1
222 223 1 324 0 0 483 484 1
222 223 1 324 0 0 484 485 1
222 223 1 324 0 0 485 486 1
222 223 1 324 0 0 498 499 1
222 223 1 324 0 0 502 503 1
222 223 1 324 0 0 515 516 1
222 223 1 324 0 0 516 517 1
222 223 1 324 0 0 517 518 1
222 223 1 324 0 0 518 519 1
222 223 1 324 0 0 519 520 1
222 223 1 324 0 0 520 521 1
222 223 1 324 0 0 521 522 1
222 223 1 324 0 0 522 523 1
222 223 1 324 0 0 523 524 1
222 223 1 324 0 0 524 525 1
222 223 1 324 0 0 525 526 1
222 223 1 324 0 0 526 527 1
222 223 1 324 0 0 527 528 1
222 223 1 324 0 0 528 529 1
222 223 1 324 0 0 529 530 1
222 223 1 324 0 0 530 531 1
222 223 1 324 0 0 531 532 1
222 223 1 324 0 0 532 533 1
222 223 1 324 0 0 533 534 1
222 223 1 324 0 0 534 535 1
222 223 1 324 0 0 602 603 1
222 223 1 324 0 0 618 619 1
222 223 1 324 0 0 620 621 1
222 223 1 324 0 0 621 622 1
222 223 1 324 0 0 622 623 1
222 223 1 324 0 0 623 624 1
222 223 1 324 0 0 624 625 1
222 223 1 324 0 0 625 626 1
222 223 1 324 0 0 626 627 1
222 223 1 324 0 0 627 628 1
222 223 1 324 0 0 628 629 1
222 223 1 324 0 0 629 630 1
222 223 1 324 0 0 630 631 1
222 223 1 324 0 0 631 632 1
222 223 1 324 0 0 632 633 1
222 223 1 324 0 0 633 634 1
222 223 1 324 0 0 634 635 1
222 223 1 324 0 0 635 636 1
222 223 1 324 0 0 636 637 1
222 223 1 324 0 0 637 638 1
222 223 1 324 0 0 638 639 1
222 223 1 324 0 0 639 640 1
222 223 1 324 0 0 640 641 1
222 223 1 324 0 0 641 642 1
222 223 1 324 0 0 642 643 1
222 223 1 324 0 0 643 644 1
222 223 1 324 0 0 644 645 1
222 223 1 324 0 0 645 646 1
222 223 1 324 0 0 646 647 1
222 223 1 324 0 0 647 648 1
222 223 1 324 0 0 648 649 1
222 223 1 324 0 0 649 650 1
222 223 1 324 0 0 650 651 1
222 223 1 324 0 0 651 652 1
222 223 1 324 0 0 652 653 1
222 223 1 324 0 0 653 654 1
222 223 1 324 0 0 654 655 1
222 223 1 324 0 0 655 656 1
222 223 1 324 0 0 656 657 1
222 223 1 324 0 0 657 658 1
222 223 1 324 0 0 658 659 1
222 223 1 324 0 0 659 660 1
222 223 1 324 0 0 660 661 1
222 223 1 324 0 0 661 662 1
222 223 1 324 0 0 662 663 1
222 223 1 324 0 0 663 664 1
222 223 1 324 0 0 664 665 1
222 223 1 324 0 0 665 666 1
222 223 1 324 0 0 666 667 1
222 223 1 324 0 0 667 668 1
222 223 1 324 0 0 668 669 1
222 223 1 324 0 0 669 670 1
222 223 1 324 0 0 670 671 1
222 223 1 324 0 0 671 672 1
222 223 1 324 0 0 718 719 1
222 223 1 324 0 0 719 720 1
222 223 1 324 0 0 720 721 1
222 223 1 324 0 0 721 722 1
222 223 1 324 0 0 722 723 1
222 223 1 324 0 0 723 724 1
222 223 1 324 0 0 724 725 1
222 223 1 324 0 0 728 729 1
222 223 1 324 0 0 729 730 1
222 223 1 324 0 0 730 731 1
222 223 1 324 2 3 -78 -77 2
222 223 1 324 2 3 49 50 1
222 223 1 324 2 3 54 55 1
222 223 1 324 2 3 56 57 1
222 223 1 324 2 3 60 61 1
222 223 1 324 2 3 61 62 1
222 223 1 324 2 3 62 63 1
222 223 1 324 2 3 79 80 1
222 223 1 324 2 3 80 81 1
222 223 1 324 2 3 81 82 1
222 223 1 324 2 3 82 83 1
222 223 1 324 2 3 83 84 1
222 223 1 324 2 3 84 85 1
222 223 1 324 2 3 89 90 1
222 223 1 324 2 3 90 91 1
222 223 1 324 2 3 91 92 1
222 223 1 324 2 3 93 94 1
222 223 1 324 2 3 94 95 1
222 223 1 324 2 3 96 97 1
222 223 1 324 2 3 97 98 1
222 223 1 324 2 3 98 99 1
222 223 1 324 2 3 99 100 1
222 223 1 324 2 3 100 101 1
222 223 1 324 2 3 101 102 1
222 223 1 324 2 3 102 103 1
222 223 1 324 2 3 103 104 1
222 223 1 324 2 3 138 139 1
222 223 1 324 2 3 139 140 1
222 223 1 324 2 3 140 141 1
222 223 1 324 2 3 141 142 1
222 223 1 324 2 3 147 148 1
222 223 1 324 2 3 148 149 1
222 223 1 324 2 3 149 150 1
222 223 1 324 2 3 150 151 1
222 223 1 324 2 3 151 152 1
222 223 1 324 2 3 152 153 1
222 223 1 324 2 3 153 154 1
222 223 1 324 2 3 154 155 1
222 223 1 324 2 3 155 156 1
222 223 1 324 2 3 171 172 1
222 223 1 324 2 3 172 173 1
222 223 1 324 2 3 173 174 1
222 223 1 324 2 3 200 201 1
222 223 1 324 2 3 201 202 1
222 223 1 324 2 3 219 220 1
222 223 1 324 2 3 228 229 1
222 223 1 324 2 3 238 239 1
222 223 1 324 2 3 241 242 1
222 223 1 324 2 3 242 243 1
222 223 1 324 2 3 244 245 1
222 223 1 324 2 3 245 246 1
222 223 1 324 2 3 246 247 1
222 223 1 324 2 3 273 274 1
222 223 1 324 2 3 274 275 1
222 223 1 324 2 3 275 276 1
222 223 1 324 2 3 277 278 1
222 223 1 324 2 3 278 279 1
222 223 1 324 2 3 279 280 1
222 223 1 324 2 3 281 282 1
222 223 1 324 2 3 299 300 1
222 223 1 324 2 3 300 301 1
222 223 1 324 2 3 301 302 1
222 223 1 324 2 3 302 303 1
222 223 1 324 2 3 303 304 1
222 223 1 324 2 3 307 308 1
222 223 1 324 2 3 309 310 2
222 223 1 324 2 3 310 311 2
222 223 1 324 2 3 311 312 1
222 223 1 324 2 3 313 314 1
222 223 1 324 2 3 316 317 1
222 223 1 324 2 3 318 319 1
222 223 1 324 2 3 321 322 1
222 223 1 324 2 3 330 331 1
222 223 1 324 2 3 333 334 1
222 223 1 324 1 1 -279 -278 1
222 223 1 324 1 1 -249 -248 1
222 223 1 324 1 1 -209 -208 1
222 223 1 324 1 1 -208 -207 1
222 223 1 324 1 1 -207 -206 1
222 223 1 324 1 1 -206 -205 1
222 223 1 324 1 1 -78 -77 3
222 223 1 324 1 1 -65 -64 3
222 223 1 324 1 1 -49 -48 2
222 223 1 324 1 1 -48 -47 2
222 223 1 324 1 1 -47 -46 2
222 223 1 324 1 1 -20 -19 1
222 223 1 324 1 1 49 50 1
222 223 1 324 1 1 58 59 1
222 223 1 324 1 1 60 61 1
222 223 1 324 1 1 61 62 1
222 223 1 324 1 1 65 66 1
222 223 1 324 1 1 68 69 1
222 223 1 324 1 1 72 73 1
222 223 1 324 1 1 79 80 1
222 223 1 324 1 1 80 81 1
222 223 1 324 1 1 81 82 1
222 223 1 324 1 1 82 83 1
222 223 1 324 1 1 85 86 1
222 223 1 324 1 1 86 87 1
222 223 1 324 1 1 87 88 1
222 223 1 324 1 1 88 89 1
222 223 1 324 1 1 89 90 1
222 223 1 324 1 1 90 91 1
222 223 1 324 1 1 91 92 1
222 223 1 324 1 1 92 93 1
222 223 1 324 1 1 93 94 1
222 223 1 324 1 1 94 95 1
222 223 1 324 1 1 95 96 1
222 223 1 324 1 1 96 97 1
222 223 1 324 1 1 97 98 1
222 223 1 324 1 1 99 100 1
222 223 1 324 1 1 100 101 1
222 223 1 324 1 1 101 102 1
222 223 1 324 1 1 102 103 1
222 223 1 324 1 1 103 104 1
222 223 1 324 1 1 104 105 1
222 223 1 324 1 1 105 106 1
222 223 1 324 1 1 106 107 1
222 223 1 324 1 1 107 108 1
222 223 1 324 1 1 108 109 1
222 223 1 324 1 1 109 110 1
222 223 1 324 1 1 110 111 2
222 223 1 324 1 1 111 112 1
222 223 1 324 1 1 112 113 1
222 223 1 324 1 1 114 115 2
222 223 1 324 1 1 115 116 1
222 223 1 324 1 1 116 117 1
222 223 1 324 1 1 118 119 1
222 223 1 324 1 1 121 122 1
222 223 1 324 1 1 122 123 1
222 223 1 324 1 1 123 124 1
222 223 1 324 1 1 124 125 1
222 223 1 324 1 1 125 126 1
222 223 1 324 1 1 126 127 1
222 223 1 324 1 1 127 128 1
222 223 1 324 1 1 128 129 1
222 223 1 324 1 1 129 130 1
222 223 1 324 1 1 132 133 1
222 223 1 324 1 1 145 146 1
222 223 1 324 1 1 146 147 1
222 223 1 324 1 1 147 148 1
222 223 1 324 1 1 148 149 1
222 223 1 324 1 1 149 150 1
222 223 1 324 1 1 150 151 1
222 223 1 324 1 1 151 152 1
222 223 1 324 1 1 152 153 1
222 223 1 324 1 1 153 154 1
222 223 1 324 1 1 154 155 1
222 223 1 324 1 1 155 156 2
222 223 1 324 1 1 172 173 1
222 223 1 324 1 1 173 174 1
222 223 1 324 1 1 175 176 1
222 223 1 324 1 1 176 177 1
222 223 1 324 1 1 181 182 1
222 223 1 324 1 1 182 183 1
222 223 1 324 1 1 183 184 1
222 223 1 324 1 1 185 186 1
222 223 1 324 1 1 189 190 1
222 223 1 324 1 1 190 191 1
222 223 1 324 1 1 192 193 1
222 223 1 324 1 1 193 194 1
222 223 1 324 1 1 219 220 1
222 223 1 324 1 1 225 226 1
222 223 1 324 1 1 226 227 1
222 223 1 324 1 1 228 229 1
222 223 1 324 1 1 230 231 1
222 223 1 324 1 1 231 232 1
222 223 1 324 1 1 232 233 1
222 223 1 324 1 1 238 239 1
222 223 1 324 1 1 239 240 1
222 223 1 324 1 1 241 242 2
222 223 1 324 1 1 246 247 1
222 223 1 324 1 1 281 282 1
222 223 1 324 1 1 312 313 1
222 223 1 324 1 1 313 314 1
222 223 1 324 1 1 316 317 1
222 223 1 324 1 1 320 321 1
222 223 1 324 1 1 321 322 1
222 223 1 324 1 1 322 323 1
222 223 1 324 1 1 323 324 1
222 223 1 324 1 1 324 325 1
222 223 1 324 1 1 325 326 2
222 223 1 324 1 1 326 327 2
222 223 1 324 1 1 327 328 2
222 223 1 324 1 1 350 351 1
222 223 1 324 1 1 351 352 1
222 223 1 324 1 1 352 353 1
222 223 1 324 1 1 353 354 1
222 223 1 324 1 1 354 355 1
222 223 1 324 1 1 357 358 1
222 223 1 324 1 1 358 359 1
222 223 1 324 1 1 359 360 1
222 223 1 324 1 1 361 362 1
222 223 1 324 1 1 362 363 1
222 223 1 324 1 1 431 432 1
222 223 1 324 1 1 432 433 2
222 223 1 324 1 1 433 434 1
222 223 1 324 1 1 434 435 1
222 223 1 324 1 1 435 436 1
222 223 1 324 1 1 440 441 1
222 223 1 324 1 1 441 442 1
222 223 1 324 1 1 442 443 1
222 223 1 324 1 1 443 444 1
222 223 1 324 1 1 444 445 1
222 223 1 324 1 1 446 447 1
222 223 1 324 1 1 447 448 1
222 223 1 324 1 1 448 449 1
222 223 1 324 1 1 449 450 1
222 223 1 324 1 1 450 451 1
222 223 1 324 1 1 452 453 1
222 223 1 324 1 1 453 454 1
222 223 1 324 1 1 454 455 1
222 223 1 324 1 1 455 456 1
222 223 1 324 1 1 456 457 1
222 223 1 324 1 1 457 458 1
222 223 1 324 1 1 458 459 1
222 223 1 324 1 1 459 460 1
222 223 1 324 1 1 461 462 1
222 223 1 324 1 1 466 467 1
222 223 1 324 1 1 467 468 1
222 223 1 324 1 1 468 469 1
222 223 1 324 1 1 469 470 1
222 223 1 324 1 1 470 471 1
222 223 1 324 1 1 471 472 1
222 223 1 324 1 1 472 473 1
222 223 1 324 1 1 475 476 1
222 223 1 324 1 1 476 477 1
222 223 1 324 1 1 478 479 1
222 223 1 324 1 1 479 480 1
222 223 1 324 1 1 583 584 1
222 223 1 324 1 1 584 585 1
222 223 1 324 1 1 585 586 1
222 223 1 324 1 1 586 587 1
222 223 1 324 1 1 587 588 1
222 223 1 324 1 1 588 589 1
222 223 1 324 1 1 589 590 1
222 223 1 324 1 1 590 591 1
222 223 1 324 1 1 591 592 1
222 223 1 324 1 1 592 593 1
222 223 1 324 1 1 593 594 1
222 223 1 324 1 1 594 595 1
222 223 1 324 1 1 595 596 1
222 223 1 324 1 1 596 597 1
222 223 1 324 1 1 597 598 1
222 223 1 324 1 1 598 599 1
222 223 1 324 1 1 599 600 1
222 223 1 324 1 1 600 601 1
222 223 1 324 1 1 601 602 1
222 223 1 324 1 1 618 619 1
222 223 1 324 1 1 620 621 1
222 223 1 324 1 1 621 622 1
222 223 1 324 1 1 622 623 1
222 223 1 324 1 1 638 639 1
222 223 1 324 1 1 640 641 1
222 223 1 324 1 1 641 642 1
222 223 1 324 1 1 642 643 1
222 223 1 324 1 1 643 644 1
222 223 1 324 1 1 645 646 1
222 223 1 324 1 1 646 647 1
222 223 1 324 1 1 647 648 1
222 223 1 324 1 1 648 649 1
222 223 1 324 1 1 649 650 1
222 223 1 324 1 1 650 651 1
222 223 1 324 1 1 651 652 1
222 223 1 324 1 1 652 653 1
222 223 1 324 1 1 653 654 1
222 223 1 324 1 1 654 655 1
222 223 1 324 1 1 655 656 1
222 223 1 324 1 1 656 657 1
222 223 1 324 1 1 657 658 1
222 223 1 324 1 1 658 659 1
222 223 1 324 1 1 659 660 1
222 223 1 324 1 1 660 661 1
222 223 1 324 1 1 661 662 1
222 223 1 324 1 1 662 663 1
222 223 1 324 1 1 663 664 1
222 223 1 324 1 1 664 665 1
222 223 1 324 1 1 665 666 1
222 223 1 324 1 1 666 667 1
222 223 1 324 1 1 667 668 1
222 223 1 324 1 1 668 669 1
222 223 1 324 1 1 669 670 1
222 223 1 324 1 1 670 671 1
222 223 1 324 1 1 702 703 1
222 223 1 324 1 1 703 704 1
222 223 1 324 1 1 704 705 1
222 223 1 324 1 1 705 706 1
222 223 1 324 1 1 706 707 1
222 223 1 324 1 1 707 708 1
222 223 1 324 1 1 708 709 1
222 223 1 324 1 1 709 710 1
222 223 1 324 1 1 710 711 1
222 223 1 324 1 1 711 712 1
222 223 1 324 1 1 712 713 1
222 223 1 324 1 1 713 714 1
222 223 1 324 1 1 714 715 1
222 223 1 324 1 1 715 716 1
222 223 1 324 1 1 716 717 1
222 223 1 324 1 1 717 718 1
222 223 1 324 1 1 718 719 1
222 2223 1 324 0 0 -78 -77 3
222 2223 1 324 0 0 -77 -76 3
222 2223 1 324 0 0 -76 -75 3
222 2223 1 324 0 0 -75 -74 3
222 2223 1 324 0 0 -74 -73 3
222 2223 1 324 0 0 -73 -72 3
222 2223 1 324 0 0 -72 -71 3
222 2223 1 324 0 0 -69 -68 3
222 2223 1 324 0 0 -49 -48 2
222 2223 1 324 0 0 -20 -19 1
222 2223 1 324 0 0 44 45 1
222 2223 1 324 0 0 49 50 1
222 2223 1 324 0 0 80 81 1
222 2223 1 324 0 0 108 109 1
222 2223 1 324 0 0 111 112 1
222 2223 1 324 0 0 114 115 1
222 2223 1 324 0 0 132 133 1
222 2223 1 324 0 0 134 135 4
222 2223 1 324 0 0 149 150 1
222 2223 1 324 0 0 150 151 1
222 2223 1 324 0 0 152 153 1
222 2223 1 324 0 0 335 336 1
222 2223 1 324 0 0 337 338 1
221 223 1 196 0 0 -96 -95 8
221 223 1 196 0 0 -95 -94 8
221 223 1 196 0 0 -94 -93 8
221 223 1 196 0 0 -93 -92 8
221 223 1 196 0 0 -92 -91 8
221 223 1 196 0 0 -91 -90 8
221 223 1 196 0 0 -90 -89 8
221 223 1 196 0 0 -89 -88 8
221 223 1 196 0 0 -88 -87 8
221 223 1 196 0 0 -87 -86 8
221 223 1 196 0 0 -86 -85 8
221 223 1 196 0 0 -85 -84 8
221 223 1 196 0 0 -84 -83 8
221 223 1 196 0 0 -83 -82 8
221 223 1 196 0 0 -82 -81 8
221 223 1 196 0 0 -81 -80 8
221 223 1 196 0 0 -80 -79 8
221 223 1 196 0 0 -79 -78 8
221 223 1 196 0 0 -78 -77 8
221 223 1 196 0 0 -77 -76 8
221 223 1 196 0 0 -76 -75 8
221 223 1 196 0 0 1 2 1
221 223 1 196 0 0 2 3 1
221 223 1 196 0 0 3 4 1
221 223 1 196 0 0 4 5 1
221 223 1 196 0 0 5 6 1
221 223 1 196 0 0 6 7 1
221 223 1 196 0 0 7 8 1
221 223 1 196 0 0 8 9 1
221 223 1 196 0 0 9 10 1
221 223 1 196 0 0 10 11 1
221 223 1 196 0 0 11 12 1
221 223 1 196 0 0 50 51 1
221 223 1 196 0 0 51 52 1
221 223 1 196 0 0 52 53 1
221 223 1 196 0 0 53 54 4
221 223 1 196 0 0 84 85 1
221 223 1 196 0 0 85 86 1
221 223 1 196 0 0 89 90 1
221 223 1 196 0 0 90 91 1
221 223 1 196 0 0 91 92 1
221 223 1 196 0 0 92 93 1
221 223 1 196 0 0 93 94 1
221 223 1 196 0 0 94 95 1
221 223 1 196 0 0 748 749 2
221 223 1 196 0 0 749 750 2
221 223 1 196 0 0 750 751 2
221 223 1 196 0 0 751 752 2
221 223 1 196 0 0 752 753 2
221 223 1 196 0 0 753 754 2
221 223 1 196 0 0 754 755 2
221 223 1 196 0 0 755 756 2
221 223 1 196 0 0 756 757 2
221 223 1 196 0 0 757 758 2
221 223 1 196 0 0 758 759 3
221 223 1 196 0 0 759 760 3
221 223 1 196 0 0 760 761 3
221 223 1 196 0 0 761 762 2
221 223 1 196 0 0 762 763 1
221 223 1 196 0 0 763 764 2
221 223 1 196 0 0 764 765 2
221 223 1 196 0 0 765 766 2
221 223 1 196 0 0 766 767 2
221 223 1 196 0 0 767 768 2
221 223 1 196 0 0 768 769 2
221 223 1 196 0 0 769 770 2
221 223 1 196 0 0 770 771 2
221 223 1 196 0 0 771 772 2
221 223 1 196 0 0 852 853 1
221 223 1 196 0 0 853 854 1
221 223 1 196 0 0 854 855 5
221 223 1 196 0 0 855 856 3
221 223 1 196 0 0 856 857 2
221 223 1 196 0 0 857 858 2
221 223 1 196 0 0 858 859 2
221 223 1 196 0 0 859 860 3
221 223 1 196 0 0 860 861 3
221 223 1 196 0 0 861 862 3
221 223 1 196 0 0 862 863 3
221 223 1 196 0 0 863 864 3
221 223 1 196 0 0 864 865 3
221 223 1 196 0 0 865 866 4
221 223 1 196 0 0 866 867 4
221 223 1 196 0 0 867 868 3
221 223 1 196 0 0 868 869 3
221 223 1 196 0 0 869 870 3
221 223 1 196 0 0 870 871 2
221 223 1 196 0 0 871 872 2
221 223 1 196 0 0 872 873 2
221 223 1 196 0 0 873 874 2
221 223 1 196 0 0 874 875 2
221 223 1 195 2 0 -96 -95 4
221 223 1 195 2 0 -95 -94 5
221 223 1 195 2 0 -94 -93 5
221 223 1 195 2 0 -93 -92 4
221 223 1 195 2 0 -92 -91 4
221 223 1 195 2 0 -91 -90 8
221 223 1 195 2 0 -90 -89 8
221 223 1 195 2 0 -89 -88 8
221 223 1 195 2 0 -88 -87 3
221 223 1 195 2 0 -87 -86 3
221 223 1 195 2 0 -86 -85 3
221 223 1 195 2 0 -85 -84 3
221 223 1 195 2 0 -84 -83 3
221 223 1 195 2 0 -83 -82 3
221 223 1 195 2 0 -82 -81 8
221 223 1 195 2 0 -81 -80 8
221 223 1 195 2 0 -80 -79 8
221 223 1 195 2 0 -79 -78 8
221 223 1 195 2 0 -78 -77 8
221 223 1 195 2 0 -77 -76 8
221 223 1 195 2 0 -76 -75 8
221 223 1 195 2 0 1 2 1
221 223 1 195 2 0 2 3 1
221 223 1 195 2 0 3 4 1
221 223 1 195 2 0 4 5 1
221 223 1 195 2 0 5 6 1
221 223 1 195 2 0 6 7 1
221 223 1 195 2 0 7 8 1
221 223 1 195 2 0 89 90 1
221 223 1 195 2 0 748 749 2
221 223 1 195 2 0 749 750 2
221 223 1 195 2 0 750 751 2
221 223 1 195 2 0 751 752 1
221 223 1 195 2 0 752 753 1
221 223 1 195 2 0 753 754 1
221 223 1 195 2 0 754 755 1
221 223 1 195 2 0 755 756 1
221 223 1 195 2 0 756 757 1
221 223 1 195 2 0 757 758 1
221 223 1 195 2 0 758 759 3
221 223 1 195 2 0 759 760 2
221 223 1 195 2 0 760 761 2
221 223 1 195 2 0 761 762 1
221 223 1 195 2 0 763 764 1
221 223 1 195 2 0 764 765 1
221 223 1 195 2 0 765 766 1
221 223 1 195 2 0 766 767 1
221 223 1 195 2 0 767 768 1
221 223 1 195 2 0 768 769 1
221 223 1 195 2 0 769 770 1
221 223 1 195 2 0 770 771 1
221 223 1 195 2 0 771 772 1
221 223 1 195 2 0 854 855 2
221 223 1 195 2 0 855 856 2
221 223 1 195 2 0 856 857 2
221 223 1 195 2 0 857 858 2
221 223 1 195 2 0 858 859 1
221 223 1 195 2 0 859 860 1
221 223 1 195 2 0 860 861 1
221 223 1 195 2 0 861 862 2
221 223 1 195 2 0 862 863 2
221 223 1 195 2 0 863 864 2
221 223 1 195 2 0 864 865 2
221 223 1 195 2 0 865 866 2
221 223 1 195 2 0 866 867 4
221 223 1 195 2 0 867 868 3
221 223 1 195 2 0 868 869 3
221 223 1 195 2 0 869 870 3
221 223 1 195 2 0 870 871 1
221 223 1 195 2 0 871 872 2
221 223 1 195 2 0 872 873 1
221 223 1 195 2 0 873 874 1
221 223 1 195 2 0 874 875 1
221 223 1 195 1 0 -96 -95 5
221 223 1 195 1 0 -95 -94 4
221 223 1 195 1 0 -94 -93 4
221 223 1 195 1 0 -93 -92 4
221 223 1 195 1 0 -92 -91 5
221 223 1 195 1 0 -38 -37 1
221 223 1 195 1 0 -37 -36 1
221 223 1 195 1 0 -36 -35 1
221 223 1 195 1 0 -35 -34 1
221 223 1 195 1 0 -34 -33 1
221 223 1 195 1 0 -33 -32 1
221 223 1 195 1 0 -32 -31 1
221 223 1 195 1 0 -31 -30 1
221 223 1 195 1 0 -30 -29 1
221 223 1 195 1 0 -29 -28 1
221 223 1 195 1 0 -28 -27 1
221 223 1 195 1 0 -27 -26 1
221 223 1 195 1 0 -26 -25 1
221 223 1 195 1 0 -25 -24 1
221 223 1 195 1 0 -24 -23 1
221 223 1 195 1 0 -23 -22 1
221 223 1 195 1 0 55 56 1
221 223 1 195 1 0 57 58 1
221 223 1 195 1 0 58 59 1
221 223 1 195 1 0 63 64 1
221 223 1 195 1 0 84 85 1
221 223 1 195 1 0 85 86 1
221 223 1 195 1 0 86 87 1
221 223 1 195 1 0 87 88 1
221 223 1 195 1 0 88 89 1
221 223 1 195 1 0 89 90 1
221 223 1 195 1 0 90 91 1
221 223 1 195 1 0 91 92 1
221 223 1 195 1 0 92 93 1
221 223 1 195 1 0 93 94 1
221 223 1 195 1 0 94 95 1
221 223 1 195 1 0 751 752 1
221 223 1 195 1 0 752 753 1
221 223 1 195 1 0 753 754 1
221 223 1 195 1 0 754 755 1
221 223 1 195 1 0 755 756 1
221 223 1 195 1 0 756 757 1
221 223 1 195 1 0 757 758 1
221 223 1 195 1 0 761 762 2
221 223 1 195 1 0 762 763 1
221 223 1 195 1 0 763 764 2
221 223 1 195 1 0 764 765 2
221 223 1 195 1 0 765 766 2
221 223 1 195 1 0 766 767 2
221 223 1 195 1 0 767 768 1
221 223 1 195 1 0 768 769 2
221 223 1 195 1 0 769 770 1
221 223 1 195 1 0 770 771 2
221 223 1 195 1 0 771 772 2
221 223 1 195 1 0 772 773 1
221 223 1 195 1 0 785 786 1
221 223 1 195 1 0 786 787 1
221 223 1 195 1 0 787 788 1
221 223 1 195 1 0 788 789 1
221 223 1 195 1 0 789 790 1
221 223 1 195 1 0 790 791 1
221 223 1 195 1 0 791 792 1
221 223 1 195 1 0 792 793 1
221 223 1 195 1 0 793 794 1
221 223 1 195 1 0 794 795 1
221 223 1 195 1 0 795 796 1
221 223 1 195 1 0 796 797 1
221 223 1 195 1 0 797 798 1
221 223 1 195 1 0 798 799 1
221 223 1 195 1 0 799 800 1
221 223 1 195 1 0 800 801 1
221 223 1 195 1 0 801 802 1
221 223 1 195 1 0 854 855 2
221 223 1 195 1 0 855 856 2
221 223 1 195 1 0 856 857 1
221 223 1 195 1 0 857 858 1
221 223 1 195 1 0 861 862 1
221 223 1 195 1 0 862 863 1
221 223 1 195 1 0 863 864 1
221 223 1 195 1 0 864 865 2
221 223 1 195 1 0 865 866 1
221 223 1 195 1 0 873 874 1
221 223 1 195 1 0 874 875 2
222 232 1 324 0 0 -59 -58 1
222 232 1 324 0 0 -58 -57 1
222 232 1 324 0 0 -57 -56 1
222 232 1 324 0 0 -56 -55 1
222 232 1 324 0 0 -55 -54 1
222 232 1 324 0 0 -54 -53 1
222 232 1 324 0 0 -53 -52 1
222 232 1 324 0 0 -52 -51 1
222 232 1 324 0 0 -51 -50 1
222 232 1 324 0 0 -50 -49 1
222 232 1 324 0 0 -49 -48 1
222 232 1 324 0 0 -48 -47 1
222 232 1 324 0 0 -47 -46 1
222 232 1 324 0 0 -46 -45 1
222 232 1 324 0 0 -45 -44 1
222 232 1 324 0 0 -44 -43 1
222 232 1 324 0 0 -43 -42 1
222 232 1 324 0 0 -42 -41 1
222 232 1 324 0 0 -41 -40 1
221 222 1 44 2 0 -338 -337 1
221 222 1 44 2 0 -337 -336 1
221 222 1 44 2 0 -336 -335 1
221 222 1 44 2 0 -335 -334 1
221 222 1 44 2 0 -334 -333 1
221 222 1 44 2 0 -333 -332 1
221 222 1 44 2 0 -332 -331 1
221 222 1 44 2 0 -331 -330 1
221 222 1 44 2 0 -330 -329 1
221 222 1 44 2 0 -329 -328 1
221 222 1 44 2 0 -328 -327 1
221 222 1 44 2 0 -327 -326 1
221 222 1 44 2 0 -326 -325 1
221 222 1 44 2 0 -325 -324 1
221 222 1 44 2 0 -324 -323 1
221 222 1 44 2 0 -323 -322 1
221 222 1 44 2 0 -167 -166 2
221 222 1 44 2 0 -166 -165 2
221 222 1 44 2 0 -165 -164 2
221 222 1 44 2 0 -164 -163 2
221 222 1 44 2 0 -163 -162 2
221 222 1 44 2 0 -162 -161 2
221 222 1 44 2 0 -161 -160 2
221 222 1 44 2 0 -160 -159 2
221 222 1 44 2 0 -159 -158 2
221 222 1 44 2 0 -158 -157 2
221 222 1 44 2 0 -157 -156 2
221 222 1 44 2 0 -156 -155 2
221 222 1 44 2 0 -155 -154 2
221 222 1 44 2 0 -154 -153 2
221 222 1 44 2 0 -153 -152 2
221 222 1 44 2 0 188 189 1
221 222 1 44 2 0 189 190 1
221 222 1 44 2 0 190 191 1
221 222 1 44 2 0 195 196 1
221 222 1 44 2 0 196 197 1
221 222 1 44 2 0 197 198 1
221 222 1 44 2 0 198 199 1
221 222 1 44 2 0 199 200 1
221 222 1 44 2 0 244 245 1
221 222 1 44 2 0 245 246 1
221 222 1 44 2 0 246 247 2
221 222 1 44 2 0 247 248 2
221 222 1 44 2 0 248 249 2
221 222 1 44 2 0 249 250 2
221 222 1 44 2 0 250 251 2
221 222 1 44 2 0 251 252 2
221 222 1 44 2 0 252 253 2
221 222 1 44 2 0 253 254 2
221 222 1 44 2 0 254 255 2
221 222 1 44 2 0 255 256 2
221 222 1 44 2 0 256 257 2
221 222 1 44 2 0 257 258 2
221 222 1 44 2 0 258 259 2
221 222 1 44 2 0 259 260 2
221 222 1 44 2 0 486 487 2
221 222 1 44 2 0 487 488 2
221 222 1 44 2 0 488 489 2
221 222 1 44 2 0 489 490 2
221 222 1 44 2 0 490 491 2
221 222 1 44 2 0 491 492 2
221 222 1 44 2 0 492 493 2
221 222 1 44 2 0 493 494 2
221 222 1 44 2 0 494 495 2
221 222 1 44 2 0 495 496 2
221 222 1 44 2 0 496 497 2
221 222 1 44 2 0 497 498 2
221 222 1 44 2 0 1063 1064 1
221 222 1 44 2 0 1064 1065 1
221 222 1 44 2 0 1065 1066 1
221 222 1 45 0 0 -338 -337 1
221 222 1 45 0 0 -337 -336 1
221 222 1 45 0 0 -336 -335 1
221 222 1 45 0 0 -335 -334 1
221 222 1 45 0 0 -334 -333 1
221 222 1 45 0 0 -333 -332 1
221 222 1 45 0 0 -332 -331 1
221 222 1 45 0 0 -331 -330 1
221 222 1 45 0 0 -330 -329 1
221 222 1 45 0 0 -329 -328 1
221 222 1 45 0 0 -328 -327 1
221 222 1 45 0 0 -327 -326 1
221 222 1 45 0 0 -326 -325 1
221 222 1 45 0 0 -325 -324 1
221 222 1 45 0 0 -324 -323 1
221 222 1 45 0 0 -323 -322 1
221 222 1 45 0 0 -167 -166 3
221 222 1 45 0 0 -166 -165 3
221 222 1 45 0 0 -165 -164 3
221 222 1 45 0 0 -164 -163 3
221 222 1 45 0 0 -163 -162 3
221 222 1 45 0 0 -162 -161 3
221 222 1 45 0 0 -161 -160 3
221 222 1 45 0 0 -160 -159 3
221 222 1 45 0 0 -159 -158 3
221 222 1 45 0 0 -158 -157 3
221 222 1 45 0 0 -157 -156 3
221 222 1 45 0 0 -156 -155 3
221 222 1 45 0 0 -155 -154 2
221 222 1 45 0 0 -154 -153 2
221 222 1 45 0 0 -153 -152 2
221 222 1 45 0 0 -39 -38 1
221 222 1 45 0 0 -38 -37 1
221 222 1 45 0 0 -37 -36 1
221 222 1 45 0 0 -36 -35 1
221 222 1 45 0 0 -35 -34 1
221 222 1 45 0 0 -34 -33 1
221 222 1 45 0 0 -33 -32 1
221 222 1 45 0 0 -32 -31 1
221 222 1 45 0 0 -31 -30 1
221 222 1 45 0 0 -30 -29 1
221 222 1 45 0 0 -29 -28 1
221 222 1 45 0 0 -28 -27 1
221 222 1 45 0 0 -27 -26 1
221 222 1 45 0 0 -26 -25 1
221 222 1 45 0 0 -25 -24 1
221 222 1 45 0 0 188 189 1
221 222 1 45 0 0 189 190 1
221 222 1 45 0 0 190 191 1
221 222 1 45 0 0 191 192 1
221 222 1 45 0 0 192 193 1
221 222 1 45 0 0 193 194 1
221 222 1 45 0 0 194 195 1
221 222 1 45 0 0 195 196 1
221 222 1 45 0 0 196 197 1
221 222 1 45 0 0 197 198 1
221 222 1 45 0 0 198 199 1
221 222 1 45 0 0 199 200 1
221 222 1 45 0 0 200 201 1
221 222 1 45 0 0 201 202 1
221 222 1 45 0 0 202 203 1
221 222 1 45 0 0 244 245 2
221 222 1 45 0 0 245 246 2
221 222 1 45 0 0 246 247 2
221 222 1 45 0 0 247 248 2
221 222 1 45 0 0 248 249 2
221 222 1 45 0 0 249 250 2
221 222 1 45 0 0 250 251 2
221 222 1 45 0 0 251 252 2
221 222 1 45 0 0 252 253 2
221 222 1 45 0 0 253 254 2
221 222 1 45 0 0 254 255 2
221 222 1 45 0 0 255 256 2
221 222 1 45 0 0 256 257 2
221 222 1 45 0 0 257 258 2
221 222 1 45 0 0 258 259 2
221 222 1 45 0 0 259 260 2
221 222 1 45 0 0 486 487 2
221 222 1 45 0 0 487 488 2
221 222 1 45 0 0 488 489 2
221 222 1 45 0 0 489 490 2
221 222 1 45 0 0 490 491 2
221 222 1 45 0 0 491 492 2
221 222 1 45 0 0 492 493 2
221 222 1 45 0 0 493 494 2
221 222 1 45 0 0 494 495 2
221 222 1 45 0 0 495 496 2
221 222 1 45 0 0 496 497 2
221 222 1 45 0 0 497 498 2
221 222 1 45 0 0 498 499 2
221 222 1 45 0 0 499 500 2
221 222 1 45 0 0 500 501 2
221 222 1 45 0 0 1063 1064 1
221 222 1 45 0 0 1064 1065 1
221 222 1 45 0 0 1065 1066 1
221 222 1 389 1 0 90 91 1
221 222 1 389 1 0 93 94 1
221 222 1 389 1 0 96 97 1
221 222 1 389 1 0 99 100 1
221 222 1 389 1 0 108 109 1
221 222 1 389 1 0 109 110 1
221 222 1 389 1 0 112 113 1
221 222 1 389 1 0 113 114 1
221 222 1 389 1 0 114 115 1
221 222 1 389 1 0 115 116 1
221 222 1 389 1 0 116 117 1
221 222 1 389 1 0 118 119 1
221 222 1 389 1 0 121 122 1
221 222 1 389 1 0 125 126 1
221 222 1 389 1 0 128 129 1
221 222 1 389 1 0 129 130 1
221 222 1 389 1 0 135 136 1
221 222 1 389 1 0 145 146 1
221 222 1 389 1 0 146 147 1
221 222 1 389 1 0 148 149 1
221 222 1 389 1 0 149 150 1
221 222 1 389 1 0 150 151 1
221 222 1 389 1 0 151 152 1
221 222 1 389 1 0 152 153 1
221 222 1 389 1 0 154 155 1
221 222 1 389 1 0 155 156 1
221 222 1 389 1 0 161 162 1
221 222 1 389 1 0 163 164 1
221 222 1 389 1 0 165 166 1
221 222 1 389 1 0 167 168 1
221 222 1 389 1 0 176 177 1
221 222 1 389 1 0 179 180 1
221 222 1 390 0 0 90 91 1
221 222 1 390 0 0 91 92 1
221 222 1 390 0 0 92 93 1
221 222 1 390 0 0 93 94 1
221 222 1 390 0 0 94 95 1
221 222 1 390 0 0 95 96 1
221 222 1 390 0 0 96 97 1
221 222 1 390 0 0 97 98 1
221 222 1 390 0 0 98 99 1
221 222 1 390 0 0 99 100 1
221 222 1 390 0 0 100 101 1
221 222 1 390 0 0 101 102 1
221 222 1 390 0 0 102 103 1
221 222 1 390 0 0 104 105 1
221 222 1 390 0 0 105 106 1
221 222 1 390 0 0 106 107 1
221 222 1 390 0 0 107 108 1
221 222 1 390 0 0 108 109 1
221 222 1 390 0 0 109 110 1
221 222 1 390 0 0 110 111 1
221 222 1 390 0 0 111 112 1
221 222 1 390 0 0 112 113 1
221 222 1 390 0 0 113 114 1
221 222 1 390 0 0 114 115 1
221 222 1 390 0 0 115 116 1
221 222 1 390 0 0 116 117 1
221 222 1 390 0 0 118 119 1
221 222 1 390 0 0 119 120 1
221 222 1 390 0 0 120 121 1
221 222 1 390 0 0 121 122 1
221 222 1 390 0 0 122 123 1
221 222 1 390 0 0 123 124 1
221 222 1 390 0 0 124 125 1
221 222 1 390 0 0 125 126 1
221 222 1 390 0 0 126 127 1
221 222 1 390 0 0 127 128 1
221 222 1 390 0 0 128 129 1
221 222 1 390 0 0 129 130 1
221 222 1 390 0 0 130 131 1
221 222 1 390 0 0 132 133 1
221 222 1 390 0 0 133 134 1
221 222 1 390 0 0 134 135 1
221 222 1 390 0 0 135 136 1
221 222 1 390 0 0 136 137 1
221 222 1 390 0 0 137 138 1
221 222 1 390 0 0 138 139 1
221 222 1 390 0 0 139 140 1
221 222 1 390 0 0 140 141 1
221 222 1 390 0 0 141 142 1
221 222 1 390 0 0 142 143 1
221 222 1 390 0 0 143 144 1
221 222 1 390 0 0 144 145 1
221 222 1 390 0 0 145 146 1
221 222 1 390 0 0 146 147 1
221 222 1 390 0 0 147 148 1
221 222 1 390 0 0 148 149 1
221 222 1 390 0 0 149 150 1
221 222 1 390 0 0 150 151 1
221 222 1 390 0 0 151 152 1
221 222 1 390 0 0 152 153 1
221 222 1 390 0 0 153 154 1
221 222 1 390 0 0 154 155 1
221 222 1 390 0 0 155 156 1
221 222 1 390 0 0 156 157 1
221 222 1 390 0 0 157 158 1
221 222 1 390 0 0 158 159 1
221 222 1 390 0 0 159 160 1
221 222 1 390 0 0 160 161 1
221 222 1 390 0 0 161 162 1
221 222 1 390 0 0 162 163 1
221 222 1 390 0 0 163 164 1
221 222 1 390 0 0 164 165 1
221 222 1 390 0 0 165 166 1
221 222 1 390 0 0 166 167 1
221 222 1 390 0 0 167 168 1
221 222 1 390 0 0 168 169 1
221 222 1 390 0 0 169 170 1
221 222 1 390 0 0 170 171 1
221 222 1 390 0 0 171 172 1
221 222 1 390 0 0 172 173 1
221 222 1 390 0 0 173 174 1
221 222 1 390 0 0 174 175 1
221 222 1 390 0 0 175 176 1
221 222 1 390 0 0 176 177 1
221 222 1 390 0 0 177 178 1
221 222 1 390 0 0 178 179 1
221 222 1 390 0 0 179 180 1
221 222 1 389 0 0 90 91 1
221 222 1 389 0 0 91 92 1
221 222 1 389 0 0 92 93 1
221 222 1 389 0 0 93 94 1
221 222 1 389 0 0 94 95 1
221 222 1 389 0 0 95 96 1
221 222 1 389 0 0 96 97 1
221 222 1 389 0 0 97 98 1
221 222 1 389 0 0 98 99 1
221 222 1 389 0 0 99 100 1
221 222 1 389 0 0 100 101 1
221 222 1 389 0 0 101 102 1
221 222 1 389 0 0 102 103 1
221 222 1 389 0 0 104 105 1
221 222 1 389 0 0 105 106 1
221 222 1 389 0 0 106 107 1
221 222 1 389 0 0 107 108 1
221 222 1 389 0 0 108 109 1
221 222 1 389 0 0 109 110 1
221 222 1 389 0 0 110 111 1
221 222 1 389 0 0 111 112 1
221 222 1 389 0 0 112 113 1
221 222 1 389 0 0 113 114 1
221 222 1 389 0 0 114 115 1
221 222 1 389 0 0 115 116 1
221 222 1 389 0 0 116 117 1
221 222 1 389 0 0 118 119 1
221 222 1 389 0 0 119 120 1
221 222 1 389 0 0 120 121 1
221 222 1 389 0 0 121 122 1
221 222 1 389 0 0 122 123 1
221 222 1 389 0 0 123 124 1
221 222 1 389 0 0 124 125 1
221 222 1 389 0 0 125 126 1
221 222 1 389 0 0 126 127 1
221 222 1 389 0 0 127 128 1
221 222 1 389 0 0 128 129 1
221 222 1 389 0 0 129 130 1
221 222 1 389 0 0 130 131 2
221 222 1 389 0 0 131 132 1
221 222 1 389 0 0 132 133 1
221 222 1 389 0 0 133 134 1
221 222 1 389 0 0 134 135 1
221 222 1 389 0 0 135 136 1
221 222 1 389 0 0 136 137 1
221 222 1 389 0 0 137 138 1
221 222 1 389 0 0 138 139 1
221 222 1 389 0 0 139 140 1
221 222 1 389 0 0 140 141 1
221 222 1 389 0 0 141 142 1
221 222 1 389 0 0 142 143 1
221 222 1 389 0 0 143 144 1
221 222 1 389 0 0 144 145 1
221 222 1 389 0 0 145 146 1
221 222 1 389 0 0 146 147 1
221 222 1 389 0 0 147 148 1
221 222 1 389 0 0 148 149 1
221 222 1 389 0 0 149 150 1
221 222 1 389 0 0 150 151 1
221 222 1 389 0 0 151 152 1
221 222 1 389 0 0 152 153 1
221 222 1 389 0 0 153 154 1
221 222 1 389 0 0 154 155 1
221 222 1 389 0 0 155 156 1
221 222 1 389 0 0 156 157 1
221 222 1 389 0 0 157 158 1
221 222 1 389 0 0 158 159 1
221 222 1 389 0 0 159 160 1
221 222 1 389 0 0 160 161 1
221 222 1 389 0 0 161 162 1
221 222 1 389 0 0 162 163 1
221 222 1 389 0 0 163 164 1
221 222 1 389 0 0 164 165 1
221 222 1 389 0 0 165 166 1
221 222 1 389 0 0 166 167 1
221 222 1 389 0 0 167 168 1
221 222 1 389 0 0 168 169 1
221 222 1 389 0 0 169 170 1
221 222 1 389 0 0 170 171 1
221 222 1 389 0 0 171 172 1
221 222 1 389 0 0 172 173 1
221 222 1 389 0 0 173 174 1
221 222 1 389 0 0 174 175 1
221 222 1 389 0 0 175 176 1
221 222 1 389 0 0 176 177 1
221 222 1 389 0 0 177 178 1
221 222 1 389 0 0 178 179 1
221 222 1 389 0 0 179 180 1
221 222 1 390 1 0 115 116 1
221 222 1 390 1 0 119 120 1
221 222 1 390 1 0 121 122 1
221 222 1 390 1 0 122 123 1
221 222 1 390 1 0 123 124 1
223 121 1 460 0 0 -3 -2 7
223 121 1 460 0 0 -2 -1 7
223 121 1 460 0 0 -1 0 7
223 121 1 460 0 0 0 1 7
223 121 1 460 0 0 1 2 7
223 121 1 460 0 0 2 3 7
223 121 1 460 0 0 3 4 7
223 121 1 460 0 0 4 5 7
223 121 1 460 0 0 5 6 7
223 121 1 460 0 0 6 7 7
223 121 1 460 0 0 7 8 7
223 121 1 460 0 0 8 9 7
223 121 1 460 0 0 9 10 7
223 121 1 460 0 0 10 11 7
223 121 1 460 0 0 11 12 7
223 121 1 460 0 0 12 13 7
223 121 1 460 0 0 13 14 7
223 121 1 460 0 0 14 15 7
223 121 1 460 0 0 15 16 7
223 121 1 460 0 0 16 17 7
223 121 1 460 0 0 17 18 7
223 121 1 460 0 0 18 19 7
223 121 1 460 0 0 19 20 7
223 121 1 460 0 0 20 21 7
223 121 1 460 0 0 21 22 7
223 121 1 460 0 0 22 23 7
223 121 1 460 0 0 23 24 7
223 121 1 460 0 0 24 25 7
223 121 1 460 0 0 25 26 7
223 121 1 460 0 0 26 27 7
223 121 1 460 0 0 27 28 7
223 121 1 460 0 0 28 29 7
223 121 1 460 0 0 29 30 7
223 121 1 460 0 0 30 31 7
223 121 1 460 0 0 31 32 7
223 121 1 460 0 0 32 33 7
223 121 1 460 0 0 33 34 7
223 121 1 460 0 0 34 35 7
223 121 1 460 0 0 35 36 7
223 121 1 460 0 0 36 37 7
223 121 1 460 0 0 37 38 7
223 121 1 460 0 0 38 39 7
223 121 1 460 0 0 39 40 7
223 121 1 460 0 0 40 41 7
223 121 1 460 0 0 41 42 7
223 121 1 460 0 0 391 392 3
223 121 1 460 0 0 394 395 2
223 121 1 460 0 0 395 396 2
223 121 1 460 0 0 396 397 2
223 121 1 460 0 0 397 398 2
223 121 1 460 0 0 398 399 2
223 121 1 460 0 0 399 400 2
223 121 1 460 0 0 400 401 2
223 121 1 460 0 0 401 402 2
223 121 1 460 0 0 402 403 2
223 121 1 460 0 0 403 404 2
223 121 1 460 0 0 404 405 2
223 121 1 461 0 0 306 307 2
223 121 1 461 0 0 307 308 2
223 121 1 461 0 0 308 309 2
223 121 1 461 0 0 309 310 2
223 121 1 461 0 0 310 311 2
223 121 1 461 0 0 311 312 2
223 121 1 461 0 0 312 313 2
223 121 1 461 0 0 313 314 2
223 121 1 461 0 0 314 315 2
223 121 1 461 0 0 315 316 2
223 121 1 461 0 0 316 317 2
223 121 1 461 0 0 317 318 2
223 121 1 461 0 0 318 319 2
223 121 1 461 0 0 373 374 1
223 121 1 461 0 0 376 377 1
223 121 1 461 0 0 377 378 1
223 121 1 461 0 0 378 379 1
223 121 1 461 0 0 379 380 1
223 121 1 461 0 0 380 381 1
223 121 1 461 0 0 381 382 1
223 121 1 461 0 0 382 383 1
223 121 1 461 0 0 383 384 1
223 121 1 461 0 0 390 391 1
223 121 1 461 0 0 391 392 1
223 121 1 461 0 0 392 393 1
223 121 1 461 0 0 393 394 1
223 121 1 461 0 0 394 395 2
223 121 1 461 0 0 395 396 2
223 121 1 461 0 0 396 397 2
223 121 1 461 0 0 397 398 2
223 121 1 461 0 0 398 399 1
223 121 1 461 0 0 399 400 1
223 121 1 461 0 0 400 401 1
223 121 1 461 0 0 401 402 1
223 121 1 461 0 0 402 403 1
223 121 1 461 0 0 403 404 1
223 121 1 461 0 0 404 405 1
223 121 1 460 1 0 306 307 2
223 121 1 460 1 0 307 308 2
223 121 1 460 1 0 308 309 2
223 121 1 460 1 0 309 310 2
223 121 1 460 1 0 310 311 2
223 121 1 460 1 0 311 312 2
223 121 1 460 1 0 312 313 2
223 121 1 460 1 0 313 314 2
223 121 1 460 1 0 314 315 2
223 121 1 460 1 0 315 316 2
223 121 1 460 1 0 316 317 2
223 121 1 460 1 0 317 318 2
223 121 1 460 1 0 318 319 2
223 121 1 460 1 0 381 382 1
223 121 1 460 1 0 382 383 1
223 121 1 460 1 0 383 384 1
223 121 1 460 1 0 384 385 1
223 121 1 460 1 0 385 386 1
223 121 1 460 1 0 386 387 1
223 121 1 460 1 0 387 388 1
223 121 1 460 1 0 388 389 1
223 121 1 460 1 0 389 390 1
223 121 1 460 1 0 390 391 1
223 121 1 460 1 0 392 393 2
223 121 1 460 1 0 393 394 1
222 2222 1 173 0 0 484 485 1
222 223 -1 416 2 0 -96 -95 1
222 223 -1 416 2 0 -95 -94 1
222 223 -1 416 2 0 -94 -93 1
222 223 -1 416 2 0 -93 -92 1
222 223 -1 416 2 0 -90 -89 2
222 223 -1 416 2 0 -89 -88 2
222 223 -1 416 2 0 -88 -87 2
222 223 -1 416 2 0 -87 -86 2
222 223 -1 416 2 0 -86 -85 2
222 223 -1 416 2 0 -85 -84 2
222 223 -1 416 2 0 -84 -83 2
222 223 -1 416 2 0 -83 -82 2
222 223 -1 416 2 0 -82 -81 2
222 223 -1 416 2 0 -81 -80 2
222 223 -1 416 2 0 -80 -79 2
222 223 -1 416 2 0 -79 -78 2
222 223 -1 416 2 0 -78 -77 2
222 223 -1 416 2 0 -77 -76 2
222 223 -1 416 2 0 -76 -75 2
222 223 -1 416 2 0 -75 -74 2
222 223 -1 416 2 0 -74 -73 2
222 223 -1 416 2 0 -73 -72 2
222 223 -1 416 2 0 -72 -71 2
222 223 -1 416 2 0 -71 -70 2
222 223 -1 416 2 0 -70 -69 2
222 223 -1 416 2 0 -69 -68 2
222 223 -1 416 2 0 -68 -67 2
222 223 -1 416 2 0 -67 -66 2
222 223 -1 416 2 0 -66 -65 1
222 223 -1 416 2 0 -65 -64 1
222 223 -1 416 2 0 -64 -63 1
222 223 -1 416 2 0 -63 -62 1
222 223 -1 416 2 0 -62 -61 1
222 223 -1 416 2 0 -61 -60 1
222 223 -1 416 2 0 -60 -59 1
222 223 -1 416 2 0 -59 -58 1
222 223 -1 416 2 0 -58 -57 1
222 223 -1 416 2 0 -57 -56 1
222 223 -1 416 2 0 -56 -55 1
222 223 -1 416 2 0 -55 -54 1
222 223 -1 416 2 0 -54 -53 1
222 223 -1 416 2 0 -53 -52 1
222 223 -1 416 2 0 -52 -51 1
222 223 -1 416 2 0 -51 -50 1
222 223 -1 416 2 0 -50 -49 1
222 223 -1 416 2 0 -49 -48 1
222 223 -1 416 2 0 -48 -47 1
222 223 -1 416 2 0 -47 -46 1
222 223 -1 416 2 0 -46 -45 1
222 223 -1 416 2 0 -45 -44 1
222 223 -1 416 2 0 45 46 1
222 223 -1 416 2 0 46 47 1
222 223 -1 416 2 0 47 48 1
222 223 -1 416 2 0 48 49 1
222 223 -1 416 2 0 49 50 1
222 223 -1 416 2 0 50 51 1
222 223 -1 416 2 0 51 52 1
222 223 -1 416 2 0 52 53 1
222 223 -1 416 2 0 53 54 1
222 223 -1 416 2 0 54 55 1
222 223 -1 416 2 0 55 56 1
222 223 -1 416 2 0 56 57 1
222 223 -1 416 2 0 57 58 1
222 223 -1 416 2 0 58 59 1
222 223 -1 416 2 0 59 60 1
222 223 -1 416 2 0 60 61 1
222 223 -1 416 2 0 61 62 1
222 223 -1 416 2 0 63 64 1
222 223 -1 416 2 0 64 65 1
222 223 -1 416 2 0 65 66 1
222 223 -1 416 2 0 66 67 1
222 223 -1 416 2 0 67 68 1
222 223 -1 416 2 0 68 69 1
222 223 -1 416 2 0 69 70 1
222 223 -1 416 2 0 70 71 1
222 223 -1 416 2 0 71 72 1
222 223 -1 416 2 0 72 73 1
222 223 -1 416 2 0 73 74 1
222 223 -1 416 2 0 74 75 1
222 223 -1 416 2 0 75 76 1
222 223 -1 416 2 0 76 77 1
221 231 1 312 0 0 647 648 1
221 231 1 312 0 0 648 649 1
221 231 1 312 0 0 649 650 1
221 231 1 312 0 0 650 651 1
221 231 1 312 0 0 651 652 1
221 231 1 312 0 0 652 653 1
221 231 1 312 0 0 653 654 1
221 231 1 312 0 0 654 655 1
221 231 1 312 0 0 655 656 1
221 231 1 312 0 0 656 657 1
221 231 1 312 0 0 661 662 1
221 231 1 312 0 0 662 663 1
221 231 1 312 0 0 663 664 1
221 231 1 312 0 0 664 665 1
221 231 1 312 0 0 665 666 1
221 231 1 312 0 0 666 667 1
221 231 1 312 0 0 667 668 1
221 231 1 312 0 0 668 669 1
221 231 1 312 0 0 669 670 1
221 231 1 312 0 0 670 671 1
221 223 -1 100 2 0 440 441 1
221 223 -1 100 2 0 441 442 1
221 223 -1 100 2 0 442 443 1
221 223 -1 100 2 0 443 444 1
221 223 -1 100 2 0 444 445 1
221 223 -1 100 2 0 445 446 1
221 223 -1 100 2 0 446 447 1
221 223 -1 100 2 0 447 448 1
221 223 -1 100 2 0 448 449 1
221 223 -1 100 2 0 449 450 1
221 223 -1 100 2 0 450 451 1
221 223 -1 100 2 0 451 452 1
221 223 -1 100 2 0 452 453 1
221 223 -1 100 2 0 453 454 1
221 223 -1 100 2 0 454 455 1
221 223 -1 100 2 0 455 456 1
221 223 -1 100 2 0 456 457 1
221 223 -1 100 2 0 457 458 1
221 223 -1 100 2 0 458 459 1
221 223 -1 100 2 0 459 460 1
221 223 -1 100 2 0 460 461 1
221 223 -1 100 2 0 461 462 1
221 223 -1 100 2 0 462 463 1
221 223 -1 100 2 0 463 464 1
221 223 -1 100 2 0 464 465 1
221 223 -1 100 2 0 465 466 1
221 223 -1 100 2 0 466 467 1
221 223 -1 100 2 0 467 468 1
221 223 -1 100 2 0 468 469 1
221 223 -1 100 2 0 469 470 1
221 223 -1 100 2 0 470 471 1
221 223 -1 100 2 0 471 472 1
221 223 -1 100 2 0 472 473 1
221 223 -1 100 2 0 473 474 1
221 223 -1 100 2 0 474 475 1
221 223 -1 100 2 0 475 476 1
221 223 -1 100 2 0 476 477 1
221 223 -1 100 2 0 481 482 1
221 223 -1 100 2 0 482 483 1
221 223 -1 100 2 0 483 484 1
221 223 -1 100 2 0 486 487 1
221 223 -1 100 2 0 487 488 1
221 223 -1 100 2 0 488 489 1
221 223 -1 100 2 0 639 640 1
221 223 -1 100 2 0 640 641 1
221 223 -1 100 2 0 641 642 1
221 223 -1 100 2 0 642 643 1
221 223 -1 100 2 0 643 644 1
221 223 -1 100 2 0 644 645 1
221 223 -1 100 2 0 645 646 1
221 223 -1 100 2 0 646 647 1
221 223 -1 100 2 0 647 648 1
221 223 -1 100 2 0 648 649 1
221 223 -1 100 2 0 649 650 1
221 223 -1 100 2 0 650 651 1
221 223 -1 100 2 0 651 652 1
221 223 -1 100 2 0 652 653 1
221 223 -1 100 2 0 653 654 1
221 223 -1 100 2 0 654 655 1
221 223 -1 100 2 0 655 656 1
221 223 -1 100 2 0 656 657 1
221 223 -1 100 2 0 657 658 1
221 223 -1 100 2 0 658 659 1
221 223 -1 100 2 0 659 660 1
221 223 -1 100 2 0 660 661 1
221 223 -1 100 2 0 661 662 1
221 223 -1 100 2 0 662 663 1
221 223 -1 100 2 0 663 664 1
221 223 -1 100 2 0 664 665 1
221 223 -1 100 2 0 665 666 1
221 223 -1 100 2 0 666 667 1
221 223 -1 100 2 0 667 668 1
221 223 -1 100 2 0 668 669 1
221 223 -1 100 2 0 669 670 1
221 223 -1 100 2 0 670 671 1
221 223 -1 100 2 0 671 672 1
221 223 -1 100 2 0 672 673 1
221 223 -1 100 2 0 673 674 1
221 223 -1 100 2 0 674 675 1
221 223 -1 100 2 0 675 676 1
221 223 -1 100 2 0 676 677 1
221 223 -1 100 2 0 677 678 1
221 223 -1 100 2 0 678 679 1
221 223 -1 100 2 0 679 680 1
221 223 -1 100 2 0 680 681 1
221 223 -1 100 2 0 681 682 1
221 223 -1 100 2 0 682 683 1
221 223 -1 100 2 0 683 684 1
221 223 -1 100 2 0 684 685 1
221 223 -1 100 2 0 685 686 1
221 223 -1 100 2 0 686 687 1
221 223 -1 100 2 0 687 688 1
221 223 -1 100 2 0 688 689 1
221 223 -1 100 2 0 689 690 1
221 223 -1 100 2 0 738 739 1
221 223 -1 100 2 0 739 740 1
221 223 -1 100 2 0 740 741 1
221 223 -1 100 2 0 741 742 1
221 223 -1 100 2 0 742 743 1
221 223 -1 100 2 0 743 744 1
221 223 -1 100 2 0 744 745 2
221 223 -1 100 2 0 745 746 2
221 223 -1 100 2 0 746 747 2
221 223 -1 100 2 0 747 748 2
221 223 -1 100 2 0 748 749 2
221 223 -1 100 2 0 749 750 2
221 223 -1 100 2 0 750 751 2
221 223 -1 100 2 0 751 752 2
221 223 -1 100 2 0 752 753 1
221 223 -1 100 2 0 753 754 1
221 223 -1 100 2 0 754 755 1
221 223 -1 100 2 0 755 756 1
221 223 -1 100 2 0 756 757 1
221 223 -1 100 2 0 757 758 1
221 223 -1 100 2 0 758 759 1
221 223 -1 100 2 0 759 760 1
221 223 -1 100 2 0 760 761 1
221 223 -1 100 2 0 761 762 1
221 223 -1 100 2 0 763 764 1
221 223 -1 100 2 0 764 765 1
221 223 -1 100 2 0 765 766 1
221 223 -1 100 2 0 766 767 1
221 223 -1 100 2 0 767 768 1
221 223 -1 100 2 0 768 769 1
221 223 -1 100 2 0 769 770 1
221 223 -1 100 2 0 774 775 1
221 223 -1 100 2 0 775 776 1
221 223 -1 100 2 0 776 777 1
221 223 -1 100 2 0 777 778 1
221 223 -1 100 2 0 778 779 1
221 223 -1 100 2 0 779 780 1
221 223 -1 100 2 0 780 781 1
221 223 -1 100 2 0 781 782 1
221 223 -1 100 2 0 782 783 1
221 223 -1 100 2 0 783 784 1
221 223 -1 100 2 0 784 785 1
221 223 -1 100 2 0 785 786 1
221 223 -1 100 2 0 786 787 1
221 223 -1 100 2 0 787 788 1
221 223 -1 100 2 0 788 789 1
221 223 -1 100 2 0 796 797 1
221 223 -1 100 2 0 798 799 1
221 223 -1 100 2 0 799 800 1
221 223 -1 100 2 0 800 801 1
221 223 -1 100 2 0 801 802 1
221 223 -1 100 2 0 802 803 1
221 223 -1 100 2 0 803 804 1
221 223 -1 100 2 0 804 805 1
221 223 -1 100 2 0 805 806 1
221 223 -1 100 2 0 806 807 1
221 223 -1 100 2 0 807 808 1
221 223 -1 100 2 0 808 809 1
221 223 -1 100 2 0 809 810 1
221 223 -1 100 2 0 810 811 1
221 223 -1 100 2 0 811 812 1
221 223 -1 100 2 0 812 813 1
221 223 -1 100 2 0 813 814 1
221 223 -1 100 2 0 814 815 1
221 223 -1 100 2 0 815 816 1
221 223 -1 100 2 0 816 817 1
221 223 -1 100 2 0 817 818 1
222 223 1 324 3 7 273 274 1
222 223 1 324 3 7 281 282 1
223 211 1 145 1 1 -376 -375 1
223 211 1 145 1 1 -375 -374 1
223 211 1 145 1 1 -373 -372 1
223 211 1 145 1 1 -372 -371 1
223 211 1 145 1 1 -371 -370 1
223 222 -1 114 2 0 559 560 1
223 222 -1 114 2 0 560 561 1
223 222 -1 114 2 0 561 562 1
223 222 -1 114 2 0 562 563 1
223 222 -1 114 2 0 563 564 1
223 222 -1 114 2 0 564 565 1
223 222 -1 114 2 0 565 566 1
223 222 -1 114 2 0 566 567 1
223 222 -1 114 2 0 567 568 1
223 222 -1 114 2 0 568 569 1
223 222 -1 114 2 0 569 570 1
223 222 -1 114 2 0 570 571 1
223 222 -1 114 2 0 805 806 1
223 222 -1 114 2 0 806 807 1
223 222 -1 114 2 0 807 808 1
223 222 -1 114 2 0 808 809 1
223 222 -1 114 2 0 809 810 1
223 222 -1 115 0 0 399 400 1
223 222 -1 115 0 0 400 401 1
223 222 -1 115 0 0 401 402 1
223 222 -1 115 0 0 402 403 1
223 222 -1 115 0 0 403 404 1
223 222 -1 115 0 0 404 405 1
223 222 -1 115 0 0 405 406 1
223 222 -1 115 0 0 406 407 1
223 222 -1 115 0 0 407 408 1
223 222 -1 115 0 0 408 409 1
223 222 -1 115 0 0 409 410 1
223 222 -1 115 0 0 410 411 1
223 222 -1 115 0 0 473 474 1
223 222 -1 115 0 0 474 475 1
223 222 -1 115 0 0 475 476 1
223 222 -1 115 0 0 476 477 1
223 222 -1 115 0 0 477 478 1
223 222 -1 115 0 0 478 479 1
223 222 -1 115 0 0 479 480 1
223 222 -1 115 0 0 480 481 1
223 222 -1 115 0 0 481 482 1
223 222 -1 115 0 0 482 483 1
223 222 -1 115 0 0 483 484 1
223 222 -1 115 0 0 484 485 1
223 222 -1 115 0 0 485 486 1
223 222 -1 115 0 0 527 528 1
223 222 -1 115 0 0 528 529 1
223 222 -1 115 0 0 529 530 1
223 222 -1 115 0 0 530 531 1
223 222 -1 115 0 0 531 532 1
223 222 -1 115 0 0 532 533 1
223 222 -1 115 0 0 533 534 1
223 222 -1 115 0 0 548 549 1
223 222 -1 115 0 0 549 550 1
223 222 -1 115 0 0 550 551 1
223 222 -1 115 0 0 551 552 1
223 222 -1 115 0 0 552 553 1
223 222 -1 115 0 0 553 554 1
223 222 -1 115 0 0 554 555 1
223 222 -1 115 0 0 555 556 1
223 222 -1 115 0 0 556 557 1
223 222 -1 115 0 0 557 558 1
223 222 -1 115 0 0 558 559 1
223 222 -1 115 0 0 559 560 1
223 222 -1 115 0 0 560 561 1
223 222 -1 115 0 0 561 562 1
223 222 -1 115 0 0 562 563 1
223 222 -1 115 0 0 563 564 1
223 222 -1 115 0 0 564 565 1
223 222 -1 115 0 0 565 566 1
223 222 -1 115 0 0 566 567 1
223 222 -1 115 0 0 567 568 1
223 222 -1 115 0 0 568 569 1
223 222 -1 115 0 0 569 570 1
223 222 -1 115 0 0 570 571 1
223 222 -1 115 0 0 676 677 1
223 222 -1 115 0 0 677 678 1
223 222 -1 115 0 0 678 679 1
223 222 -1 115 0 0 679 680 1
223 222 -1 115 0 0 680 681 1
223 222 -1 115 0 0 681 682 1
223 222 -1 115 0 0 682 683 1
223 222 -1 115 0 0 683 684 1
223 222 -1 115 0 0 684 685 1
223 222 -1 115 0 0 685 686 1
223 222 -1 115 0 0 686 687 1
223 222 -1 115 0 0 687 688 1
223 222 -1 115 0 0 773 774 1
223 222 -1 115 0 0 774 775 1
223 222 -1 115 0 0 775 776 1
223 222 -1 115 0 0 776 777 1
223 222 -1 115 0 0 777 778 1
223 222 -1 115 0 0 778 779 1
223 222 -1 115 0 0 779 780 1
223 222 -1 115 0 0 805 806 1
223 222 -1 115 0 0 806 807 1
223 222 -1 115 0 0 807 808 1
223 222 -1 115 0 0 808 809 1
223 222 -1 115 0 0 809 810 1
223 222 -1 115 1 0 548 549 1
223 222 -1 115 1 0 549 550 1
223 222 -1 115 1 0 551 552 1
223 222 -1 115 1 0 552 553 1
223 222 -1 115 1 0 553 554 1
223 222 -1 115 1 0 554 555 1
223 222 -1 115 1 0 555 556 1
221 222 1 46 3 7 1063 1064 1
221 222 1 46 3 7 1064 1065 1
221 222 1 46 3 7 1065 1066 1
222 2222 1 172 2 0 -228 -227 1
222 2222 1 172 2 0 419 420 1
231 121 -1 251 0 0 378 379 1
231 121 -1 251 0 0 379 380 1
231 121 -1 251 0 0 380 381 1
231 121 -1 251 0 0 381 382 1
231 121 -1 251 0 0 382 383 1
231 121 -1 251 0 0 383 384 1
231 121 -1 251 0 0 384 385 1
231 121 -1 251 0 0 385 386 1
231 121 -1 251 0 0 403 404 1
231 121 -1 251 0 0 404 405 1
231 121 -1 251 0 0 405 406 1
231 121 -1 251 0 0 406 407 1
231 121 -1 251 0 0 407 408 1
231 121 -1 251 0 0 408 409 1
231 121 -1 251 0 0 409 410 1
231 121 -1 251 0 0 410 411 1
231 121 -1 251 0 0 411 412 1
231 121 -1 251 0 0 412 413 1
231 121 -1 251 0 0 413 414 1
231 121 -1 251 0 0 414 415 1
231 121 -1 251 0 0 415 416 1
231 121 -1 251 0 0 416 417 1
231 121 -1 251 0 0 418 419 1
2231 121 -1 251 0 0 426 427 1
231 121 -1 251 1 1 379 380 1
231 121 -1 251 1 1 380 381 1
231 121 -1 251 1 1 408 409 1
231 121 -1 252 1 1 378 379 1
231 121 -1 252 1 1 379 380 1
231 121 -1 252 1 1 380 381 1
231 121 -1 252 1 1 381 382 1
231 121 -1 252 1 1 382 383 1
231 121 -1 252 1 1 383 384 1
231 121 -1 252 1 1 384 385 1
231 121 -1 252 1 1 385 386 1
231 121 -1 252 1 1 403 404 1
231 121 -1 252 1 1 404 405 1
231 121 -1 252 1 1 405 406 1
231 121 -1 252 1 1 406 407 1
231 121 -1 252 1 1 407 408 1
231 121 -1 252 1 1 408 409 1
231 121 -1 252 1 1 409 410 1
231 121 -1 252 1 1 410 411 1
231 121 -1 252 1 1 411 412 1
231 121 -1 252 1 1 412 413 1
231 121 -1 252 1 1 413 414 1
231 121 -1 252 1 1 414 415 1
231 121 -1 252 1 1 415 416 1
231 121 -1 252 1 1 416 417 1
231 121 -1 252 1 1 417 418 1
231 121 -1 252 1 1 418 419 1
22222 22222 1 172 2 3 -1 0 1
22222 22222 1 172 3 4 -2 -1 1
22222 22222 1 172 3 5 -2 -1 1
2223 2121 1 461 0 0 381 382 1
222 211 -1 202 0 0 655 656 1
222 211 -1 202 0 0 656 657 1
222 211 -1 202 0 0 657 658 1
222 211 -1 202 0 0 658 659 1
222 211 -1 202 0 0 696 697 2
222 211 -1 202 0 0 697 698 2
222 211 -1 202 0 0 698 699 2
222 211 -1 202 0 0 699 700 2
222 211 -1 202 0 0 700 701 2
222 211 -1 202 0 0 702 703 1
222 211 -1 202 0 0 703 704 1
222 211 -1 202 0 0 704 705 1
222 211 -1 202 0 0 706 707 1
221 231 -1 405 0 0 -343 -342 2
221 231 -1 405 0 0 -342 -341 2
221 231 -1 405 0 0 -341 -340 2
221 231 -1 405 0 0 -340 -339 2
221 231 -1 405 0 0 -339 -338 2
221 231 -1 405 0 0 -338 -337 2
221 231 -1 405 0 0 -337 -336 2
221 231 -1 405 0 0 -336 -335 2
221 231 -1 405 0 0 -215 -214 1
221 231 -1 405 0 0 -214 -213 2
221 231 -1 405 0 0 -213 -212 2
221 231 -1 405 0 0 -212 -211 2
221 231 -1 405 0 0 -211 -210 2
221 231 -1 405 0 0 -210 -209 2
221 231 -1 405 0 0 -209 -208 2
221 231 -1 405 0 0 -198 -197 1
221 231 -1 405 0 0 -197 -196 1
221 231 -1 405 0 0 -192 -191 1
221 231 -1 405 0 0 -191 -190 1
221 231 -1 405 0 0 -180 -179 1
221 231 -1 405 0 0 -179 -178 1
221 231 -1 405 0 0 -178 -177 1
221 231 -1 405 0 0 -177 -176 1
221 231 -1 405 0 0 -176 -175 1
221 231 -1 405 0 0 -175 -174 1
221 231 -1 405 0 0 -174 -173 1
221 231 -1 405 0 0 595 596 2
221 231 -1 405 0 0 596 597 2
221 231 -1 405 0 0 597 598 2
221 231 -1 405 0 0 598 599 2
221 231 -1 405 0 0 599 600 2
221 231 -1 405 0 0 600 601 2
221 231 -1 405 0 0 601 602 1
221 231 -1 405 0 0 602 603 1
221 231 -1 405 0 0 603 604 1
221 231 -1 405 0 0 604 605 1
221 231 -1 405 0 0 605 606 1
221 231 -1 405 0 0 606 607 1
221 231 -1 405 0 0 607 608 2
221 231 -1 405 0 0 608 609 2
221 231 -1 405 0 0 609 610 2
221 231 -1 405 0 0 610 611 1
221 231 -1 405 0 0 611 612 1
221 231 -1 405 0 0 612 613 1
221 231 -1 405 0 0 613 614 2
221 231 -1 405 0 0 614 615 2
221 231 -1 405 0 0 615 616 2
221 231 -1 405 0 0 616 617 2
221 231 -1 405 0 0 617 618 1
221 231 -1 405 0 0 618 619 1
221 231 -1 405 0 0 619 620 1
221 231 -1 405 0 0 628 629 2
221 231 -1 405 0 0 629 630 2
221 231 -1 405 0 0 630 631 2
221 231 -1 405 0 0 631 632 2
221 231 -1 405 0 0 632 633 2
221 231 -1 405 0 0 633 634 2
221 231 -1 405 0 0 634 635 2
212 232 1 195 0 0 -327 -326 1
212 232 1 195 0 0 -326 -325 1
212 232 1 195 0 0 -325 -324 1
212 232 1 195 0 0 -324 -323 1
212 232 1 195 0 0 -323 -322 1
212 232 1 195 0 0 -322 -321 1
223 211 1 144 0 0 -358 -357 1
223 211 1 144 0 0 -357 -356 1
223 211 1 144 0 0 -355 -354 1
223 211 1 144 0 0 -354 -353 1
223 211 1 144 0 0 -353 -352 1
223 211 1 145 2 3 -375 -374 1
223 211 1 145 2 3 -374 -373 1
223 211 1 145 2 3 -368 -367 1
223 211 1 145 2 3 -367 -366 1
223 211 1 145 2 3 -364 -363 1
223 211 1 145 2 3 -354 -353 1
223 211 1 145 2 3 -353 -352 1
222 223 1 323 1 1 -65 -64 1
222 223 1 323 1 1 -64 -63 1
222 223 1 323 1 1 -63 -62 1
222 223 1 323 1 1 -62 -61 1
222 221 -1 393 0 0 -431 -430 1
222 221 -1 393 0 0 -430 -429 1
222 221 -1 393 0 0 -429 -428 1
222 221 -1 393 0 0 -428 -427 1
222 221 -1 393 0 0 -427 -426 1
222 221 -1 393 0 0 -426 -425 1
222 221 -1 393 0 0 -425 -424 1
222 221 -1 393 0 0 -424 -423 1
222 221 -1 393 0 0 -309 -308 5
222 221 -1 393 0 0 -308 -307 5
222 221 -1 393 0 0 -307 -306 5
222 221 -1 393 0 0 -306 -305 5
222 221 -1 393 0 0 -291 -290 2
222 221 -1 393 0 0 -290 -289 2
222 221 -1 393 0 0 -289 -288 2
222 221 -1 393 0 0 -288 -287 2
222 221 -1 393 0 0 -272 -271 4
222 221 -1 393 0 0 -271 -270 8
222 221 -1 393 0 0 -270 -269 7
222 221 -1 393 0 0 -269 -268 3
222 221 -1 393 0 0 -268 -267 8
222 221 -1 393 0 0 -267 -266 8
222 221 -1 393 0 0 -266 -265 8
222 221 -1 393 0 0 -265 -264 5
222 221 -1 393 0 0 -264 -263 5
222 221 -1 393 0 0 -262 -261 6
222 221 -1 393 0 0 -261 -260 7
222 221 -1 393 0 0 -260 -259 10
222 221 -1 393 0 0 -259 -258 7
222 221 -1 393 0 0 -258 -257 7
222 221 -1 393 0 0 -244 -243 3
222 221 -1 393 0 0 -243 -242 3
222 221 -1 393 0 0 -242 -241 3
222 221 -1 393 0 0 -234 -233 1
222 221 -1 393 0 0 -233 -232 3
222 221 -1 393 0 0 -232 -231 3
222 221 -1 393 0 0 -231 -230 3
222 221 -1 393 0 0 -230 -229 3
222 221 -1 393 0 0 -229 -228 3
222 221 -1 393 0 0 -228 -227 2
222 221 -1 393 0 0 99 100 3
222 221 -1 393 0 0 100 101 3
222 221 -1 393 0 0 101 102 3
222 221 -1 393 0 0 102 103 3
222 221 -1 393 0 0 103 104 3
222 221 -1 393 0 0 104 105 3
222 221 -1 393 0 0 105 106 3
222 221 -1 393 0 0 106 107 3
222 221 -1 393 0 0 303 304 1
222 221 -1 393 0 0 304 305 1
222 221 -1 393 0 0 305 306 1
222 221 -1 393 0 0 306 307 1
222 221 -1 393 0 0 307 308 1
222 221 -1 393 0 0 308 309 1
222 221 -1 393 0 0 309 310 1
222 221 -1 393 0 0 310 311 1
222 221 -1 393 0 0 489 490 1
222 221 -1 393 0 0 490 491 1
222 221 -1 393 0 0 491 492 1
222 2222 1 171 0 0 -103 -102 1
222 2222 1 171 0 0 -99 -98 1
222 2222 1 171 0 0 -93 -92 1
222 2222 1 171 0 0 -29 -28 2
222 2222 1 171 0 0 -28 -27 2
222 2222 1 171 0 0 -27 -26 2
222 221 1 490 0 0 -108 -107 1
222 221 1 490 0 0 -107 -106 1
222 221 1 490 0 0 -106 -105 1
222 221 1 490 0 0 -24 -23 1
222 221 1 490 0 0 -23 -22 1
222 221 1 490 0 0 -22 -21 2
222 221 1 490 0 0 -21 -20 3
222 221 1 490 0 0 -20 -19 3
222 221 1 490 0 0 -19 -18 2
222 221 1 490 0 0 -18 -17 3
222 221 1 490 0 0 -17 -16 1
222 221 1 490 0 0 -16 -15 1
222 221 1 490 0 0 -15 -14 1
222 221 1 490 0 0 -14 -13 3
222 221 1 490 0 0 -10 -9 1
222 221 1 490 0 0 -9 -8 1
222 221 1 490 0 0 -8 -7 1
222 221 1 490 0 0 -7 -6 1
222 221 1 490 0 0 -6 -5 1
222 221 1 490 0 0 -5 -4 1
222 221 1 490 0 0 -4 -3 1
222 221 1 490 0 0 -3 -2 1
222 221 1 490 0 0 -2 -1 1
222 221 1 490 0 0 22 23 1
222 221 1 490 0 0 23 24 1
222 221 1 490 0 0 24 25 1
222 221 1 490 0 0 25 26 1
222 221 1 490 0 0 26 27 1
222 221 1 490 0 0 27 28 1
222 221 1 490 0 0 28 29 1
222 221 1 490 0 0 29 30 1
222 221 1 490 0 0 30 31 1
222 221 1 490 0 0 31 32 1
222 221 1 490 0 0 32 33 1
222 221 1 490 0 0 33 34 1
222 221 1 490 0 0 34 35 1
222 221 1 490 0 0 39 40 1
222 221 1 490 0 0 40 41 1
222 221 1 490 0 0 41 42 1
222 221 1 490 0 0 42 43 1
222 221 1 490 0 0 43 44 1
222 221 1 490 0 0 44 45 1
222 221 1 490 0 0 45 46 1
222 221 1 490 0 0 46 47 1
222 221 1 490 0 0 47 48 2
222 221 1 490 0 0 48 49 3
222 221 1 490 0 0 49 50 3
222 221 1 490 0 0 50 51 3
222 221 1 490 0 0 51 52 5
222 221 1 490 0 0 52 53 5
222 221 1 490 0 0 53 54 5
222 221 1 490 0 0 54 55 5
222 221 1 490 0 0 55 56 5
222 221 1 490 0 0 56 57 5
222 221 1 490 0 0 81 82 1
222 221 1 490 0 0 82 83 1
222 221 1 490 0 0 83 84 1
222 221 1 490 0 0 84 85 1
222 221 1 490 0 0 115 116 5
222 221 1 490 0 0 116 117 5
222 221 1 490 0 0 117 118 5
222 221 1 490 0 0 118 119 6
222 221 1 490 0 0 119 120 1
222 221 1 490 0 0 120 121 1
222 221 1 490 0 0 121 122 1
222 221 1 490 0 0 255 256 1
222 221 1 490 0 0 256 257 1
222 221 1 490 0 0 257 258 1
223 211 1 145 0 0 -377 -376 1
223 211 1 145 0 0 -376 -375 1
223 211 1 145 0 0 -375 -374 1
223 211 1 145 0 0 -374 -373 1
223 211 1 145 0 0 -373 -372 1
223 211 1 145 0 0 -371 -370 1
223 211 1 145 0 0 -370 -369 1
223 211 1 145 0 0 -369 -368 1
223 211 1 145 0 0 -368 -367 1
223 211 1 145 0 0 -367 -366 1
223 211 1 145 0 0 -366 -365 1
223 211 1 145 0 0 -365 -364 1
223 211 1 145 0 0 -364 -363 1
223 211 1 145 0 0 -363 -362 1
223 211 1 145 0 0 -362 -361 1
223 211 1 145 0 0 -361 -360 1
223 211 1 145 0 0 -360 -359 1
223 211 1 145 0 0 -359 -358 1
223 211 1 145 0 0 -358 -357 2
223 211 1 145 0 0 -357 -356 2
223 211 1 145 0 0 -356 -355 1
223 211 1 145 0 0 -355 -354 1
223 211 1 145 0 0 -352 -351 1
223 211 1 145 0 0 -351 -350 1
223 211 1 145 0 0 -350 -349 1
223 211 1 145 0 0 -349 -348 1
223 211 1 145 0 0 -343 -342 1
223 211 1 145 0 0 -341 -340 1
223 211 1 145 0 0 -340 -339 1
222 221 -1 50 1 1 611 612 1
222 221 -1 50 1 1 612 613 1
222 221 -1 50 1 1 613 614 1
222 221 -1 50 1 1 614 615 1
222 221 -1 50 1 1 615 616 1
222 221 -1 50 1 1 616 617 1
222 221 -1 50 1 1 617 618 1
222 221 -1 50 1 1 618 619 1
222 221 -1 50 1 1 619 620 1
222 221 -1 50 1 1 620 621 1
222 221 -1 50 1 1 621 622 1
222 221 -1 50 1 1 622 623 1
222 221 -1 50 1 1 623 624 1
222 212 1 489 0 0 611 612 1
222 212 1 489 0 0 612 613 1
222 212 1 489 0 0 613 614 1
222 212 1 489 0 0 614 615 1
222 212 1 489 0 0 615 616 1
222 212 1 489 0 0 616 617 1
222 212 1 489 0 0 617 618 1
222 212 1 489 0 0 618 619 1
222 212 1 489 0 0 619 620 1
222 212 1 489 0 0 620 621 1
222 212 1 489 0 0 621 622 1
222 212 1 489 0 0 622 623 1
222 212 1 489 0 0 623 624 1
221 212 -1 267 0 0 -252 -251 1
221 212 -1 267 0 0 -251 -250 1
221 212 -1 267 0 0 -250 -249 1
221 212 -1 267 0 0 -249 -248 1
221 212 -1 267 0 0 -248 -247 1
221 212 -1 267 0 0 -247 -246 1
221 212 -1 267 0 0 -246 -245 1
221 212 -1 267 0 0 -245 -244 1
221 212 -1 267 0 0 -244 -243 1
221 212 -1 267 0 0 -243 -242 1
221 212 -1 267 0 0 -242 -241 1
221 212 -1 267 0 0 -241 -240 1
221 212 -1 267 0 0 -240 -239 1
221 212 -1 267 0 0 -239 -238 1
221 212 -1 267 0 0 -238 -237 1
221 212 -1 267 0 0 -237 -236 1
221 212 -1 267 0 0 -236 -235 1
221 212 -1 267 0 0 -235 -234 1
221 212 -1 267 0 0 -234 -233 1
221 212 -1 267 0 0 -233 -232 1
221 212 -1 267 0 0 -232 -231 1
221 212 -1 267 0 0 -231 -230 1
221 212 -1 267 0 0 -230 -229 1
222 2221 -1 394 0 0 492 493 2
222 2221 -1 394 0 0 594 595 1
2222 2223 -1 417 0 0 -61 -60 1
222 221 1 488 3 0 -334 -333 1
222 221 1 488 3 0 -333 -332 1
222 221 1 488 3 0 -332 -331 1
222 221 1 488 3 0 -331 -330 1
222 221 1 488 3 0 -330 -329 1
222 221 1 488 3 0 -329 -328 1
222 221 1 488 3 0 -328 -327 1
222 221 1 488 3 0 -327 -326 1
222 221 1 488 3 0 -326 -325 1
222 221 1 488 3 0 -325 -324 1
222 221 1 488 3 0 -324 -323 1
222 221 1 488 3 0 -323 -322 1
222 221 1 488 3 0 -322 -321 1
222 221 1 488 3 0 -292 -291 1
222 221 1 488 3 0 -291 -290 1
222 221 1 488 3 0 -290 -289 1
222 221 1 488 3 0 -289 -288 1
222 221 1 488 3 0 -288 -287 1
222 221 1 488 3 0 -287 -286 1
222 221 1 488 3 0 -286 -285 1
222 221 1 488 3 0 -283 -282 1
222 221 1 488 3 0 -282 -281 1
222 221 1 488 3 0 -281 -280 1
222 221 1 488 3 0 -280 -279 1
222 221 1 488 3 0 -270 -269 1
222 221 1 488 3 0 -269 -268 1
222 221 1 488 3 0 -268 -267 1
222 221 1 488 3 0 -254 -253 1
222 221 1 488 3 0 -174 -173 1
222 221 1 488 3 0 -172 -171 1
222 221 1 488 3 0 -160 -159 2
222 221 1 488 3 0 -116 -115 3
222 221 1 488 3 0 -115 -114 3
222 221 1 488 3 0 -114 -113 3
222 221 1 488 3 0 -108 -107 3
222 221 1 488 3 0 -107 -106 3
222 221 1 488 3 0 -106 -105 3
222 221 1 488 3 0 -78 -77 2
222 221 1 488 3 0 -77 -76 2
222 221 1 488 3 0 -76 -75 3
222 221 1 488 3 0 -48 -47 1
222 221 1 488 3 0 -46 -45 1
222 221 1 488 3 0 -42 -41 1
222 221 1 488 3 0 -35 -34 2
222 221 1 488 3 0 -34 -33 7
222 221 1 488 3 0 -33 -32 7
222 221 1 488 3 0 42 43 1
222 221 1 488 3 0 43 44 1
222 221 1 488 3 0 86 87 2
222 221 1 488 3 0 87 88 2
222 221 1 488 3 0 88 89 2
222 221 1 488 3 0 98 99 2
222 221 1 488 3 0 99 100 2
222 221 1 488 3 0 100 101 2
222 221 1 488 3 0 101 102 2
222 221 1 488 3 0 102 103 2
222 221 1 488 3 0 103 104 2
222 221 1 488 3 0 104 105 2
221 231 -1 405 1 0 535 536 1
221 231 -1 405 1 0 536 537 1
221 231 -1 405 1 0 537 538 1
221 231 -1 405 1 0 538 539 1
221 231 -1 405 1 0 539 540 1
221 231 -1 405 1 0 540 541 1
221 231 -1 405 1 0 541 542 1
221 231 -1 405 1 0 600 601 1
221 231 -1 405 1 0 601 602 1
221 231 -1 405 1 0 602 603 1
221 231 -1 405 1 0 606 607 1
221 231 -1 405 1 0 607 608 1
221 231 -1 405 1 0 608 609 2
221 231 -1 405 1 0 609 610 1
221 231 -1 405 1 0 610 611 1
221 231 -1 405 1 0 611 612 1
221 231 -1 405 1 0 612 613 1
221 231 -1 405 1 0 613 614 1
221 231 -1 405 1 0 614 615 1
221 231 -1 405 1 0 615 616 1
221 231 -1 405 1 0 616 617 1
221 231 -1 405 1 0 617 618 1
221 231 -1 406 0 0 -267 -266 1
221 231 -1 406 0 0 -266 -265 1
221 231 -1 406 0 0 -265 -264 1
221 231 -1 406 0 0 -264 -263 1
221 231 -1 406 0 0 -263 -262 1
221 231 -1 406 0 0 -262 -261 1
221 231 -1 406 0 0 -261 -260 1
221 231 -1 406 0 0 -260 -259 1
221 231 -1 406 0 0 -259 -258 1
221 231 -1 406 0 0 -258 -257 1
221 231 -1 406 0 0 -257 -256 1
221 231 -1 406 0 0 -256 -255 1
221 231 -1 406 0 0 -218 -217 1
221 231 -1 406 0 0 -217 -216 1
221 231 -1 406 0 0 -216 -215 1
221 231 -1 406 0 0 -215 -214 1
221 231 -1 406 0 0 601 602 1
221 231 -1 406 0 0 602 603 1
221 231 -1 406 0 0 603 604 1
221 231 -1 406 0 0 604 605 1
221 231 -1 406 0 0 605 606 1
221 231 -1 406 0 0 606 607 1
221 231 -1 406 0 0 607 608 1
221 231 -1 406 0 0 608 609 1
221 231 -1 406 0 0 609 610 1
221 231 -1 406 0 0 610 611 1
221 231 -1 406 0 0 611 612 1
221 231 -1 406 0 0 612 613 1
221 231 -1 406 0 0 613 614 2
221 231 -1 406 0 0 614 615 2
221 231 -1 406 0 0 615 616 2
221 231 -1 406 0 0 616 617 2
221 231 -1 406 0 0 617 618 1
221 231 -1 406 0 0 618 619 1
221 231 -1 406 0 0 619 620 1
221 2223 1 196 0 0 854 855 1
222 2223 -1 417 0 0 -61 -60 1
222 2223 -1 417 0 0 -59 -58 1
222 2222 -1 266 0 0 -343 -342 4
222 2222 -1 266 0 0 -340 -339 2
222 2222 -1 266 0 0 -337 -336 1
222 2222 -1 266 0 0 -331 -330 1
222 2222 -1 266 0 0 -299 -298 2
222 2222 -1 266 0 0 -297 -296 1
222 2222 -1 266 0 0 -244 -243 1
222 2222 -1 266 0 0 -243 -242 1
222 2222 -1 266 0 0 -241 -240 1
222 2222 -1 266 0 0 36 37 1
222 2222 -1 266 0 0 54 55 1
222 2222 -1 266 0 0 63 64 2
223 211 1 146 0 0 -373 -372 1
223 211 1 146 0 0 -371 -370 1
223 211 1 146 0 0 -367 -366 1
223 211 1 146 0 0 -365 -364 1
223 211 1 146 0 0 -364 -363 1
223 211 1 146 0 0 -363 -362 1
223 211 1 146 0 0 -362 -361 1
223 211 1 146 0 0 -361 -360 1
223 211 1 146 0 0 -360 -359 1
223 211 1 146 0 0 -359 -358 1
223 211 1 146 0 0 -358 -357 1
223 211 1 146 0 0 -357 -356 1
223 211 1 146 0 0 -356 -355 1
223 211 1 146 0 0 -354 -353 1
223 211 1 146 0 0 -353 -352 1
223 211 1 146 0 0 -352 -351 1
223 211 1 146 0 0 -351 -350 1
223 211 1 146 0 0 -350 -349 1
223 211 1 146 0 0 -349 -348 1
223 211 1 146 0 0 -348 -347 1
223 211 1 146 0 0 -346 -345 1
223 211 1 146 0 0 -345 -344 1
223 211 1 146 0 0 -344 -343 1
223 211 1 146 0 0 -343 -342 1
223 211 1 146 0 0 -342 -341 1
221 223 -1 100 1 0 752 753 1
221 223 -1 100 1 0 753 754 1
221 223 -1 100 1 0 754 755 1
221 223 -1 100 1 0 755 756 1
221 223 -1 100 1 0 756 757 1
221 223 -1 100 1 0 757 758 1
221 223 -1 100 1 0 758 759 1
221 223 -1 100 1 0 759 760 1
221 223 -1 100 1 0 760 761 1
221 223 -1 100 1 0 762 763 1
221 223 -1 100 1 0 770 771 1
221 223 -1 100 1 0 771 772 1
221 223 -1 100 1 0 772 773 1
221 223 -1 100 1 0 773 774 1
221 223 -1 100 1 0 795 796 1
221 223 -1 100 1 0 797 798 1
223 111 -1 382 0 0 -240 -239 1
2222 2223 1 324 0 0 188 189 4
222 2223 1 324 1 1 152 153 1
222 2221 1 490 2 3 -175 -174 1
221 223 -1 101 1 1 750 751 1
221 223 -1 101 1 1 751 752 1
221 223 -1 101 1 1 752 753 1
221 223 -1 101 1 1 753 754 1
221 223 -1 101 1 1 754 755 1
221 223 -1 101 1 1 755 756 1
221 223 -1 101 1 1 756 757 1
221 223 -1 101 1 1 757 758 1
221 223 -1 101 1 1 758 759 1
221 223 -1 101 1 1 759 760 1
222 221 -1 394 2 3 -428 -427 1
222 221 -1 394 2 3 -427 -426 1
222 221 -1 394 2 3 -426 -425 1
222 221 -1 394 2 3 -425 -424 1
222 221 -1 394 2 3 -424 -423 1
222 221 -1 394 2 3 -291 -290 1
222 221 -1 394 2 3 -290 -289 1
222 221 -1 394 2 3 -289 -288 1
222 221 -1 394 2 3 -288 -287 1
222 221 -1 394 2 3 -271 -270 2
222 221 -1 394 2 3 -270 -269 1
222 221 -1 394 2 3 -269 -268 3
222 221 -1 394 2 3 -268 -267 8
222 221 -1 394 2 3 -267 -266 4
222 221 -1 394 2 3 -266 -265 4
222 221 -1 394 2 3 -265 -264 2
222 221 -1 394 2 3 -264 -263 3
222 221 -1 394 2 3 -262 -261 2
222 221 -1 394 2 3 -261 -260 2
222 221 -1 394 2 3 -260 -259 10
222 221 -1 394 2 3 -259 -258 10
222 221 -1 394 2 3 -258 -257 10
222 221 -1 394 2 3 -234 -233 1
222 221 -1 394 2 3 -233 -232 3
222 221 -1 394 2 3 -232 -231 3
222 221 -1 394 2 3 -231 -230 3
222 221 -1 394 2 3 -230 -229 3
222 221 -1 394 2 3 -229 -228 3
222 221 -1 394 2 3 -228 -227 2
222 221 -1 394 2 3 104 105 3
222 221 -1 394 2 3 303 304 1
222 221 -1 394 2 3 304 305 1
222 221 -1 394 2 3 305 306 1
222 221 -1 394 2 3 306 307 1
222 221 -1 394 2 3 307 308 1
222 221 -1 394 2 3 308 309 1
222 221 -1 394 2 3 309 310 1
222 221 -1 394 2 3 310 311 1
223 212 -1 242 0 0 -28 -27 3
223 212 -1 242 0 0 -27 -26 3
223 212 -1 242 0 0 -26 -25 3
223 212 -1 242 0 0 -25 -24 3
223 212 -1 242 0 0 -24 -23 3
223 212 -1 242 0 0 -23 -22 3
223 212 -1 242 0 0 -22 -21 3
223 212 -1 242 0 0 -21 -20 3
223 212 -1 242 0 0 -20 -19 3
223 212 -1 242 0 0 -19 -18 3
223 212 -1 242 0 0 -18 -17 3
223 212 -1 242 0 0 -17 -16 3
223 212 -1 242 0 0 -16 -15 3
223 212 -1 242 0 0 -15 -14 3
223 212 -1 242 0 0 -14 -13 3
223 212 -1 242 0 0 -13 -12 3
223 212 -1 242 0 0 -12 -11 3
223 212 -1 242 0 0 -11 -10 3
223 212 -1 242 0 0 -10 -9 3
223 212 -1 242 0 0 -9 -8 3
223 212 -1 242 0 0 -8 -7 3
223 212 -1 242 0 0 -7 -6 3
223 212 -1 242 0 0 -6 -5 3
211 231 1 157 1 0 -252 -251 1
211 231 1 157 1 0 -251 -250 1
211 231 1 157 1 0 -250 -249 1
211 231 1 157 1 0 -249 -248 1
211 231 1 157 1 0 -248 -247 1
211 231 1 157 1 0 -247 -246 1
211 231 1 157 1 0 -246 -245 1
211 231 1 157 1 0 -245 -244 1
211 231 1 158 0 0 -270 -269 1
211 231 1 158 0 0 -269 -268 1
211 231 1 158 0 0 -268 -267 1
211 231 1 158 0 0 -267 -266 1
211 231 1 158 0 0 -266 -265 1
211 231 1 158 0 0 -265 -264 1
211 231 1 158 0 0 -264 -263 1
211 231 1 158 0 0 -263 -262 1
211 231 1 158 0 0 -262 -261 1
211 231 1 158 0 0 -261 -260 1
211 231 1 158 0 0 -260 -259 1
211 231 1 158 0 0 -259 -258 1
211 231 1 158 0 0 -258 -257 1
211 231 1 158 0 0 -257 -256 1
211 231 1 158 0 0 -252 -251 1
211 231 1 158 0 0 -251 -250 1
211 231 1 158 0 0 -250 -249 1
211 231 1 158 0 0 -249 -248 1
211 231 1 158 0 0 -248 -247 1
211 231 1 158 0 0 -247 -246 1
211 231 1 158 0 0 -246 -245 1
211 231 1 158 0 0 -245 -244 1
211 231 1 159 1 1 -270 -269 1
211 231 1 159 1 1 -268 -267 1
211 231 1 159 1 1 -267 -266 1
211 231 1 159 1 1 -261 -260 1
211 231 1 159 1 1 -260 -259 1
211 231 1 159 1 1 -259 -258 1
211 231 1 159 1 1 -252 -251 1
211 231 1 159 1 1 -251 -250 1
211 231 1 159 1 1 -250 -249 1
211 231 1 159 1 1 -249 -248 1
211 231 1 159 1 1 -248 -247 1
211 231 1 159 1 1 -247 -246 1
211 231 1 159 1 1 -246 -245 1
211 231 1 159 1 1 -245 -244 1
223 211 1 145 1 0 -377 -376 1
223 211 1 145 1 0 -376 -375 1
223 211 1 145 1 0 -374 -373 1
223 211 1 145 1 0 -373 -372 1
223 211 1 145 1 0 -372 -371 1
223 211 1 145 1 0 -369 -368 1
223 211 1 145 1 0 -367 -366 1
223 211 1 145 1 0 -366 -365 1
223 211 1 145 1 0 -365 -364 1
223 211 1 145 1 0 -364 -363 1
223 211 1 145 1 0 -363 -362 1
223 211 1 145 1 0 -359 -358 1
223 211 1 145 1 0 -358 -357 1
223 211 1 145 1 0 -357 -356 1
223 211 1 145 1 0 -354 -353 1
223 211 1 145 1 0 -353 -352 1
223 211 1 145 1 0 -352 -351 1
223 211 1 145 1 0 -351 -350 1
223 211 1 145 1 0 -350 -349 1
223 211 1 145 1 0 -348 -347 1
223 211 1 145 1 0 -347 -346 1
223 211 1 145 1 0 -346 -345 1
223 211 1 145 1 0 -345 -344 1
223 211 1 145 1 0 -344 -343 1
223 211 1 145 1 0 -342 -341 1
223 211 1 145 1 0 -339 -338 1
221 231 -1 407 1 1 -218 -217 1
221 231 -1 407 1 1 -217 -216 1
221 231 -1 407 1 1 -216 -215 1
221 231 -1 407 1 1 -215 -214 1
222 2223 -1 419 2 3 -27 -26 1
223 121 1 459 1 0 328 329 1
223 121 1 459 1 0 329 330 1
223 121 1 459 1 0 330 331 1
223 121 1 459 1 0 331 332 1
223 121 1 459 1 0 332 333 1
223 121 1 459 1 0 333 334 1
223 121 1 459 1 0 334 335 1
223 121 1 459 1 0 335 336 1
223 121 1 459 1 0 336 337 1
223 121 1 459 1 0 337 338 1
223 121 1 459 1 0 338 339 1
223 121 1 459 1 0 339 340 1
223 121 1 459 1 0 340 341 1
222 2221 1 490 1 1 -159 -158 1
222 2221 1 490 1 1 -157 -156 5
223 212 -1 241 2 0 -28 -27 3
223 212 -1 241 2 0 -27 -26 3
223 212 -1 241 2 0 -26 -25 3
223 212 -1 241 2 0 -25 -24 3
223 212 -1 241 2 0 -24 -23 3
223 212 -1 241 2 0 -23 -22 3
223 212 -1 241 2 0 -22 -21 3
223 212 -1 241 2 0 -21 -20 3
223 212 -1 241 2 0 -20 -19 3
223 212 -1 241 2 0 -19 -18 3
223 212 -1 241 2 0 -18 -17 3
223 212 -1 241 2 0 -17 -16 3
223 212 -1 241 2 0 -16 -15 3
223 212 -1 241 2 0 -15 -14 3
223 212 -1 241 2 0 -14 -13 3
223 212 -1 241 2 0 -13 -12 3
223 212 -1 241 2 0 -12 -11 3
223 212 -1 241 2 0 -11 -10 3
223 212 -1 241 2 0 -10 -9 3
223 212 -1 241 2 0 -9 -8 3
223 212 -1 241 2 0 -8 -7 3
223 212 -1 241 2 0 -7 -6 3
223 212 -1 241 2 0 -6 -5 3
221 231 -1 406 2 3 535 536 1
221 231 -1 406 2 3 536 537 1
221 231 -1 406 2 3 537 538 1
221 231 -1 406 2 3 538 539 1
221 231 -1 406 2 3 539 540 1
221 231 -1 406 2 3 540 541 1
221 231 -1 406 2 3 541 542 1
2223 2222 -1 116 0 0 557 558 4
221 2231 -1 405 1 0 614 615 1
222 2221 1 490 0 0 46 47 1
211 231 1 158 1 0 -269 -268 1
211 231 1 158 1 0 -262 -261 1
211 231 1 158 1 0 -259 -258 1
211 231 1 159 0 0 -270 -269 1
211 231 1 159 0 0 -269 -268 1
211 231 1 159 0 0 -268 -267 1
211 231 1 159 0 0 -267 -266 1
211 231 1 159 0 0 -266 -265 1
211 231 1 159 0 0 -265 -264 1
211 231 1 159 0 0 -264 -263 1
211 231 1 159 0 0 -263 -262 1
211 231 1 159 0 0 -262 -261 1
211 231 1 159 0 0 -261 -260 1
211 231 1 159 0 0 -260 -259 1
211 231 1 159 0 0 -259 -258 1
211 231 1 159 0 0 -258 -257 1
211 231 1 159 0 0 -257 -256 1
211 231 1 160 1 1 -270 -269 1
211 231 1 160 1 1 -269 -268 1
211 231 1 160 1 1 -268 -267 1
211 231 1 160 1 1 -267 -266 1
211 231 1 160 1 1 -266 -265 1
211 231 1 160 1 1 -265 -264 1
211 231 1 160 1 1 -264 -263 1
211 231 1 160 1 1 -263 -262 1
211 231 1 160 1 1 -262 -261 1
211 231 1 160 1 1 -261 -260 1
211 231 1 160 1 1 -260 -259 1
211 231 1 160 1 1 -259 -258 1
211 231 1 160 1 1 -258 -257 1
211 231 1 160 1 1 -257 -256 1
222 222 -1 266 1 1 -356 -355 2
