FREIMAN_DYADIC_GRAPH_V1 22 91 -117 116 32 1824 67734
0 281474976710656
0 17592186044416
8796093022208 26388279066624
17592186044416 35184372088832
26388279066624 43980465111040
35184372088832 52776558133248
43980465111040 61572651155456
52776558133248 70368744177664
61572651155456 79164837199872
70368744177664 87960930222080
79164837199872 96757023244288
87960930222080 105553116266496
96757023244288 114349209288704
105553116266496 123145302310912
114349209288704 131941395333120
123145302310912 140737488355328
131941395333120 149533581377536
140737488355328 158329674399744
149533581377536 167125767421952
158329674399744 175921860444160
167125767421952 184717953466368
175921860444160 193514046488576
184717953466368 202310139510784
193514046488576 211106232532992
202310139510784 219902325555200
211106232532992 228698418577408
219902325555200 237494511599616
228698418577408 246290604621824
237494511599616 255086697644032
246290604621824 263882790666240
255086697644032 272678883688448
263882790666240 281474976710656
0 1 0
0 2 0
0 3 0
0 4 0
0 5 0
0 6 0
0 7 0
0 8 0
0 9 0
0 10 0
0 11 0
0 12 0
0 13 0
0 14 0
0 15 0
0 16 0
0 17 0
0 18 0
0 19 0
0 20 0
0 21 0
0 22 0
0 23 0
0 24 0
0 25 0
0 26 0
0 27 0
0 28 0
0 29 0
0 30 0
0 31 0
0 32 0
0 33 0
0 34 0
0 35 0
0 36 0
0 37 0
0 38 0
0 39 0
1 0 0
1 1 0
1 2 0
1 3 0
1 4 0
1 5 0
1 6 0
1 7 0
1 8 0
1 9 0
1 10 0
1 11 0
1 12 0
2 0 0
2 1 0
2 2 0
2 3 0
2 4 0
2 5 0
2 6 0
2 7 0
2 8 0
2 9 0
2 10 0
2 11 0
2 12 0
3 0 0
3 1 0
3 2 0
3 3 0
3 4 0
3 5 0
3 6 0
3 7 0
3 8 0
3 9 0
3 10 0
3 11 0
3 12 0
4 0 0
4 1 0
4 2 0
4 3 0
5 0 0
5 1 0
5 2 0
5 3 0
6 0 0
6 1 0
6 2 0
6 3 0
7 0 0
7 1 0
7 2 0
7 3 0
8 0 0
8 1 0
8 2 0
8 3 0
9 0 0
9 1 0
9 2 0
9 3 0
10 0 0
10 1 0
10 2 0
10 3 0
11 0 0
11 1 0
11 2 0
11 3 0
12 0 0
12 1 0
12 2 0
12 3 0
13 0 0
14 0 0
15 0 0
16 0 0
17 0 0
18 0 0
19 0 0
20 0 0
21 0 0
22 0 0
23 0 0
24 0 0
25 0 0
26 0 0
27 0 0
28 0 0
29 0 0
30 0 0
31 0 0
32 0 0
33 0 0
34 0 0
35 0 0
36 0 0
37 0 0
38 0 0
39 0 0
40 40 0
40 41 0
40 42 0
40 43 0
40 44 0
40 45 0
41 40 0
41 41 0
41 42 0
41 43 0
41 44 0
41 45 0
42 40 0
42 41 0
42 42 0
42 43 0
42 44 0
42 45 0
43 40 0
43 41 0
43 42 0
43 43 0
43 44 0
43 45 0
44 40 0
44 41 0
44 42 0
44 43 0
44 44 0
44 45 0
45 40 0
45 41 0
45 42 0
45 43 0
45 44 0
45 45 0
4 4 1
4 5 1
4 6 1
4 7 1
4 8 1
4 9 1
4 10 1
4 11 1
4 12 1
5 4 1
5 5 1
5 6 1
5 7 1
5 8 1
5 9 1
5 10 1
5 11 1
5 12 1
6 4 1
6 5 1
6 6 1
6 7 1
6 8 1
6 9 1
6 10 1
6 11 1
6 12 1
7 4 1
7 5 1
7 6 1
7 7 1
7 8 1
7 9 1
7 10 1
7 11 1
7 12 1
8 4 1
8 5 1
8 6 1
8 7 1
8 8 1
8 9 1
8 10 1
8 11 1
8 12 1
9 4 1
9 5 1
9 6 1
9 7 1
9 8 1
9 9 1
9 10 1
9 11 1
9 12 1
10 4 1
10 5 1
10 6 1
10 7 1
10 8 1
10 9 1
10 10 1
10 11 1
10 12 1
11 4 1
11 5 1
11 6 1
11 7 1
11 8 1
11 9 1
11 10 1
11 11 1
11 12 1
12 4 1
12 5 1
12 6 1
12 7 1
12 8 1
12 9 1
12 10 1
12 11 1
12 12 1
13 13 1
13 14 1
13 15 1
13 16 1
13 17 1
13 18 1
13 19 1
13 20 1
13 21 1
13 22 1
13 23 1
13 24 1
13 25 1
13 26 1
13 27 1
13 28 1
13 29 1
13 30 1
13 31 1
13 32 1
13 33 1
13 34 1
13 35 1
13 36 1
13 37 1
13 38 1
13 39 1
14 13 1
14 14 1
14 15 1
14 16 1
14 17 1
14 18 1
14 19 1
14 20 1
14 21 1
14 22 1
14 23 1
14 24 1
14 25 1
14 26 1
14 27 1
14 28 1
14 29 1
14 30 1
14 31 1
14 32 1
14 33 1
14 34 1
14 35 1
14 36 1
14 37 1
14 38 1
14 39 1
15 13 1
15 14 1
15 15 1
15 16 1
15 17 1
15 18 1
15 19 1
15 20 1
15 21 1
15 22 1
15 23 1
15 24 1
15 25 1
15 26 1
15 27 1
15 28 1
15 29 1
15 30 1
15 31 1
15 32 1
15 33 1
15 34 1
15 35 1
15 36 1
15 37 1
15 38 1
15 39 1
16 13 1
16 14 1
16 15 1
16 16 1
16 17 1
16 18 1
16 19 1
16 20 1
16 21 1
16 22 1
16 23 1
16 24 1
16 25 1
16 26 1
16 27 1
16 28 1
16 29 1
16 30 1
16 31 1
16 32 1
16 33 1
16 34 1
16 35 1
16 36 1
16 37 1
16 38 1
16 39 1
17 13 1
17 14 1
17 15 1
17 16 1
17 17 1
17 18 1
17 19 1
17 20 1
17 21 1
17 22 1
17 23 1
17 24 1
17 25 1
17 26 1
17 27 1
17 28 1
17 29 1
17 30 1
17 31 1
17 32 1
17 33 1
17 34 1
17 35 1
17 36 1
17 37 1
17 38 1
17 39 1
18 13 1
18 14 1
18 15 1
18 16 1
18 17 1
18 18 1
18 19 1
18 20 1
18 21 1
18 22 1
18 23 1
18 24 1
18 25 1
18 26 1
18 27 1
18 28 1
18 29 1
18 30 1
18 31 1
18 32 1
18 33 1
18 34 1
18 35 1
18 36 1
18 37 1
18 38 1
18 39 1
19 13 1
19 14 1
19 15 1
19 16 1
19 17 1
19 18 1
19 19 1
19 20 1
19 21 1
19 22 1
19 23 1
19 24 1
19 25 1
19 26 1
19 27 1
19 28 1
19 29 1
19 30 1
19 31 1
19 32 1
19 33 1
19 34 1
19 35 1
19 36 1
19 37 1
19 38 1
19 39 1
20 13 1
20 14 1
20 15 1
20 16 1
20 17 1
20 18 1
20 19 1
20 20 1
20 21 1
20 22 1
20 23 1
20 24 1
20 25 1
20 26 1
20 27 1
20 28 1
20 29 1
20 30 1
20 31 1
20 32 1
20 33 1
20 34 1
20 35 1
20 36 1
20 37 1
20 38 1
20 39 1
21 13 1
21 14 1
21 15 1
21 16 1
21 17 1
21 18 1
21 19 1
21 20 1
21 21 1
21 22 1
21 23 1
21 24 1
21 25 1
21 26 1
21 27 1
21 28 1
21 29 1
21 30 1
21 31 1
21 32 1
21 33 1
21 34 1
21 35 1
21 36 1
21 37 1
21 38 1
21 39 1
22 13 1
22 14 1
22 15 1
22 16 1
22 17 1
22 18 1
22 19 1
22 20 1
22 21 1
22 22 1
22 23 1
22 24 1
22 25 1
22 26 1
22 27 1
22 28 1
22 29 1
22 30 1
22 31 1
22 32 1
22 33 1
22 34 1
22 35 1
22 36 1
22 37 1
22 38 1
22 39 1
23 13 1
23 14 1
23 15 1
23 16 1
23 17 1
23 18 1
23 19 1
23 20 1
23 21 1
23 22 1
23 23 1
23 24 1
23 25 1
23 26 1
23 27 1
23 28 1
23 29 1
23 30 1
23 31 1
23 32 1
23 33 1
23 34 1
23 35 1
23 36 1
23 37 1
23 38 1
23 39 1
24 13 1
24 14 1
24 15 1
24 16 1
24 17 1
24 18 1
24 19 1
24 20 1
24 21 1
24 22 1
24 23 1
24 24 1
24 25 1
24 26 1
24 27 1
24 28 1
24 29 1
24 30 1
24 31 1
24 32 1
24 33 1
24 34 1
24 35 1
24 36 1
24 37 1
24 38 1
24 39 1
25 13 1
25 14 1
25 15 1
25 16 1
25 17 1
25 18 1
25 19 1
25 20 1
25 21 1
25 22 1
25 23 1
25 24 1
25 25 1
25 26 1
25 27 1
25 28 1
25 29 1
25 30 1
25 31 1
25 32 1
25 33 1
25 34 1
25 35 1
25 36 1
25 37 1
25 38 1
25 39 1
26 13 1
26 14 1
26 15 1
26 16 1
26 17 1
26 18 1
26 19 1
26 20 1
26 21 1
26 22 1
26 23 1
26 24 1
26 25 1
26 26 1
26 27 1
26 28 1
26 29 1
26 30 1
26 31 1
26 32 1
26 33 1
26 34 1
26 35 1
26 36 1
26 37 1
26 38 1
26 39 1
27 13 1
27 14 1
27 15 1
27 16 1
27 17 1
27 18 1
27 19 1
27 20 1
27 21 1
27 22 1
27 23 1
27 24 1
27 25 1
27 26 1
27 27 1
27 28 1
27 29 1
27 30 1
27 31 1
27 32 1
27 33 1
27 34 1
27 35 1
27 36 1
27 37 1
27 38 1
27 39 1
28 13 1
28 14 1
28 15 1
28 16 1
28 17 1
28 18 1
28 19 1
28 20 1
28 21 1
28 22 1
28 23 1
28 24 1
28 25 1
28 26 1
28 27 1
28 28 1
28 29 1
28 30 1
28 31 1
28 32 1
28 33 1
28 34 1
28 35 1
28 36 1
28 37 1
28 38 1
28 39 1
29 13 1
29 14 1
29 15 1
29 16 1
29 17 1
29 18 1
29 19 1
29 20 1
29 21 1
29 22 1
29 23 1
29 24 1
29 25 1
29 26 1
29 27 1
29 28 1
29 29 1
29 30 1
29 31 1
29 32 1
29 33 1
29 34 1
29 35 1
29 36 1
29 37 1
29 38 1
29 39 1
30 13 1
30 14 1
30 15 1
30 16 1
30 17 1
30 18 1
30 19 1
30 20 1
30 21 1
30 22 1
30 23 1
30 24 1
30 25 1
30 26 1
30 27 1
30 28 1
30 29 1
30 30 1
30 31 1
30 32 1
30 33 1
30 34 1
30 35 1
30 36 1
30 37 1
30 38 1
30 39 1
31 13 1
31 14 1
31 15 1
31 16 1
31 17 1
31 18 1
31 19 1
31 20 1
31 21 1
31 22 1
31 23 1
31 24 1
31 25 1
31 26 1
31 27 1
31 28 1
31 29 1
31 30 1
31 31 1
31 32 1
31 33 1
31 34 1
31 35 1
31 36 1
31 37 1
31 38 1
31 39 1
32 13 1
32 14 1
32 15 1
32 16 1
32 17 1
32 18 1
32 19 1
32 20 1
32 21 1
32 22 1
32 23 1
32 24 1
32 25 1
32 26 1
32 27 1
32 28 1
32 29 1
32 30 1
32 31 1
32 32 1
32 33 1
32 34 1
32 35 1
32 36 1
32 37 1
32 38 1
32 39 1
33 13 1
33 14 1
33 15 1
33 16 1
33 17 1
33 18 1
33 19 1
33 20 1
33 21 1
33 22 1
33 23 1
33 24 1
33 25 1
33 26 1
33 27 1
33 28 1
33 29 1
33 30 1
33 31 1
33 32 1
33 33 1
33 34 1
33 35 1
33 36 1
33 37 1
33 38 1
33 39 1
34 13 1
34 14 1
34 15 1
34 16 1
34 17 1
34 18 1
34 19 1
34 20 1
34 21 1
34 22 1
34 23 1
34 24 1
34 25 1
34 26 1
34 27 1
34 28 1
34 29 1
34 30 1
34 31 1
34 32 1
34 33 1
34 34 1
34 35 1
34 36 1
34 37 1
34 38 1
34 39 1
35 13 1
35 14 1
35 15 1
35 16 1
35 17 1
35 18 1
35 19 1
35 20 1
35 21 1
35 22 1
35 23 1
35 24 1
35 25 1
35 26 1
35 27 1
35 28 1
35 29 1
35 30 1
35 31 1
35 32 1
35 33 1
35 34 1
35 35 1
35 36 1
35 37 1
35 38 1
35 39 1
36 13 1
36 14 1
36 15 1
36 16 1
36 17 1
36 18 1
36 19 1
36 20 1
36 21 1
36 22 1
36 23 1
36 24 1
36 25 1
36 26 1
36 27 1
36 28 1
36 29 1
36 30 1
36 31 1
36 32 1
36 33 1
36 34 1
36 35 1
36 36 1
36 37 1
36 38 1
36 39 1
37 13 1
37 14 1
37 15 1
37 16 1
37 17 1
37 18 1
37 19 1
37 20 1
37 21 1
37 22 1
37 23 1
37 24 1
37 25 1
37 26 1
37 27 1
37 28 1
37 29 1
37 30 1
37 31 1
37 32 1
37 33 1
37 34 1
37 35 1
37 36 1
37 37 1
37 38 1
37 39 1
38 13 1
38 14 1
38 15 1
38 16 1
38 17 1
38 18 1
38 19 1
38 20 1
38 21 1
38 22 1
38 23 1
38 24 1
38 25 1
38 26 1
38 27 1
38 28 1
38 29 1
38 30 1
38 31 1
38 32 1
38 33 1
38 34 1
38 35 1
38 36 1
38 37 1
38 38 1
38 39 1
39 13 1
39 14 1
39 15 1
39 16 1
39 17 1
39 18 1
39 19 1
39 20 1
39 21 1
39 22 1
39 23 1
39 24 1
39 25 1
39 26 1
39 27 1
39 28 1
39 29 1
39 30 1
39 31 1
39 32 1
39 33 1
39 34 1
39 35 1
39 36 1
39 37 1
39 38 1
39 39 1
40 52 1
40 53 1
40 60 1
40 61 1
40 68 1
40 69 1
40 73 1
40 74 1
40 81 1
40 82 1
40 89 1
40 90 1
41 52 1
41 53 1
41 60 1
41 61 1
41 68 1
41 69 1
41 73 1
41 74 1
41 81 1
41 82 1
41 89 1
41 90 1
42 52 1
42 53 1
42 60 1
42 61 1
42 68 1
42 69 1
42 73 1
42 74 1
42 81 1
42 82 1
42 89 1
42 90 1
43 52 1
43 53 1
43 60 1
43 61 1
43 68 1
43 69 1
43 73 1
43 74 1
43 81 1
43 82 1
43 89 1
43 90 1
44 52 1
44 53 1
44 60 1
44 61 1
44 68 1
44 69 1
44 73 1
44 74 1
44 81 1
44 82 1
44 89 1
44 90 1
45 52 1
45 53 1
45 60 1
45 61 1
45 68 1
45 69 1
45 73 1
45 74 1
45 81 1
45 82 1
45 89 1
45 90 1
46 46 1
46 47 1
46 48 1
46 54 1
46 55 1
46 56 1
46 62 1
46 63 1
46 64 1
46 75 1
46 76 1
46 77 1
46 83 1
46 84 1
46 85 1
47 46 1
47 47 1
47 48 1
47 54 1
47 55 1
47 56 1
47 62 1
47 63 1
47 64 1
47 75 1
47 76 1
47 77 1
47 83 1
47 84 1
47 85 1
48 46 1
48 47 1
48 48 1
48 54 1
48 55 1
48 56 1
48 62 1
48 63 1
48 64 1
48 75 1
48 76 1
48 77 1
48 83 1
48 84 1
48 85 1
49 49 1
49 50 1
49 51 1
49 57 1
49 58 1
49 59 1
49 65 1
49 66 1
49 67 1
49 70 1
49 71 1
49 72 1
49 78 1
49 79 1
49 80 1
49 86 1
49 87 1
49 88 1
50 49 1
50 50 1
50 51 1
50 57 1
50 58 1
50 59 1
50 65 1
50 66 1
50 67 1
50 70 1
50 71 1
50 72 1
50 78 1
50 79 1
50 80 1
50 86 1
50 87 1
50 88 1
51 49 1
51 50 1
51 51 1
51 57 1
51 58 1
51 59 1
51 65 1
51 66 1
51 67 1
51 70 1
51 71 1
51 72 1
51 78 1
51 79 1
51 80 1
51 86 1
51 87 1
51 88 1
52 40 1
52 41 1
52 42 1
52 43 1
52 44 1
52 45 1
52 52 1
52 53 1
52 60 1
52 61 1
52 68 1
52 69 1
52 73 1
52 74 1
52 81 1
52 82 1
52 89 1
52 90 1
53 40 1
53 41 1
53 42 1
53 43 1
53 44 1
53 45 1
53 52 1
53 53 1
53 60 1
53 61 1
53 68 1
53 69 1
53 73 1
53 74 1
53 81 1
53 82 1
53 89 1
53 90 1
54 46 1
54 47 1
54 48 1
54 54 1
54 55 1
54 56 1
54 62 1
54 63 1
54 64 1
54 75 1
54 76 1
54 77 1
54 83 1
54 84 1
54 85 1
55 46 1
55 47 1
55 48 1
55 54 1
55 55 1
55 56 1
55 62 1
55 63 1
55 64 1
55 75 1
55 76 1
55 77 1
55 83 1
55 84 1
55 85 1
56 46 1
56 47 1
56 48 1
56 54 1
56 55 1
56 56 1
56 62 1
56 63 1
56 64 1
56 75 1
56 76 1
56 77 1
56 83 1
56 84 1
56 85 1
57 49 1
57 50 1
57 51 1
57 57 1
57 58 1
57 59 1
57 65 1
57 66 1
57 67 1
57 70 1
57 71 1
57 72 1
57 78 1
57 79 1
57 80 1
57 86 1
57 87 1
57 88 1
58 49 1
58 50 1
58 51 1
58 57 1
58 58 1
58 59 1
58 65 1
58 66 1
58 67 1
58 70 1
58 71 1
58 72 1
58 78 1
58 79 1
58 80 1
58 86 1
58 87 1
58 88 1
59 49 1
59 50 1
59 51 1
59 57 1
59 58 1
59 59 1
59 65 1
59 66 1
59 67 1
59 70 1
59 71 1
59 72 1
59 78 1
59 79 1
59 80 1
59 86 1
59 87 1
59 88 1
60 40 1
60 41 1
60 42 1
60 43 1
60 44 1
60 45 1
60 52 1
60 53 1
60 60 1
60 61 1
60 68 1
60 69 1
60 73 1
60 74 1
60 81 1
60 82 1
60 89 1
60 90 1
61 40 1
61 41 1
61 42 1
61 43 1
61 44 1
61 45 1
61 52 1
61 53 1
61 60 1
61 61 1
61 68 1
61 69 1
61 73 1
61 74 1
61 81 1
61 82 1
61 89 1
61 90 1
62 46 1
62 47 1
62 48 1
62 54 1
62 55 1
62 56 1
62 62 1
62 63 1
62 64 1
62 75 1
62 76 1
62 77 1
62 83 1
62 84 1
62 85 1
63 46 1
63 47 1
63 48 1
63 54 1
63 55 1
63 56 1
63 62 1
63 63 1
63 64 1
63 75 1
63 76 1
63 77 1
63 83 1
63 84 1
63 85 1
64 46 1
64 47 1
64 48 1
64 54 1
64 55 1
64 56 1
64 62 1
64 63 1
64 64 1
64 75 1
64 76 1
64 77 1
64 83 1
64 84 1
64 85 1
65 49 1
65 50 1
65 51 1
65 57 1
65 58 1
65 59 1
65 65 1
65 66 1
65 67 1
65 70 1
65 71 1
65 72 1
65 78 1
65 79 1
65 80 1
65 86 1
65 87 1
65 88 1
66 49 1
66 50 1
66 51 1
66 57 1
66 58 1
66 59 1
66 65 1
66 66 1
66 67 1
66 70 1
66 71 1
66 72 1
66 78 1
66 79 1
66 80 1
66 86 1
66 87 1
66 88 1
67 49 1
67 50 1
67 51 1
67 57 1
67 58 1
67 59 1
67 65 1
67 66 1
67 67 1
67 70 1
67 71 1
67 72 1
67 78 1
67 79 1
67 80 1
67 86 1
67 87 1
67 88 1
68 40 1
68 41 1
68 42 1
68 43 1
68 44 1
68 45 1
68 52 1
68 53 1
68 60 1
68 61 1
68 68 1
68 69 1
68 73 1
68 74 1
68 81 1
68 82 1
68 89 1
68 90 1
69 40 1
69 41 1
69 42 1
69 43 1
69 44 1
69 45 1
69 52 1
69 53 1
69 60 1
69 61 1
69 68 1
69 69 1
69 73 1
69 74 1
69 81 1
69 82 1
69 89 1
69 90 1
70 49 1
70 50 1
70 51 1
70 57 1
70 58 1
70 59 1
70 65 1
70 66 1
70 67 1
70 70 1
70 71 1
70 72 1
70 78 1
70 79 1
70 80 1
70 86 1
70 87 1
70 88 1
71 49 1
71 50 1
71 51 1
71 57 1
71 58 1
71 59 1
71 65 1
71 66 1
71 67 1
71 70 1
71 71 1
71 72 1
71 78 1
71 79 1
71 80 1
71 86 1
71 87 1
71 88 1
72 49 1
72 50 1
72 51 1
72 57 1
72 58 1
72 59 1
72 65 1
72 66 1
72 67 1
72 70 1
72 71 1
72 72 1
72 78 1
72 79 1
72 80 1
72 86 1
72 87 1
72 88 1
73 40 1
73 41 1
73 42 1
73 43 1
73 44 1
73 45 1
73 52 1
73 53 1
73 60 1
73 61 1
73 68 1
73 69 1
73 73 1
73 74 1
73 81 1
73 82 1
73 89 1
73 90 1
74 40 1
74 41 1
74 42 1
74 43 1
74 44 1
74 45 1
74 52 1
74 53 1
74 60 1
74 61 1
74 68 1
74 69 1
74 73 1
74 74 1
74 81 1
74 82 1
74 89 1
74 90 1
75 46 1
75 47 1
75 48 1
75 54 1
75 55 1
75 56 1
75 62 1
75 63 1
75 64 1
75 75 1
75 76 1
75 77 1
75 83 1
75 84 1
75 85 1
76 46 1
76 47 1
76 48 1
76 54 1
76 55 1
76 56 1
76 62 1
76 63 1
76 64 1
76 75 1
76 76 1
76 77 1
76 83 1
76 84 1
76 85 1
77 46 1
77 47 1
77 48 1
77 54 1
77 55 1
77 56 1
77 62 1
77 63 1
77 64 1
77 75 1
77 76 1
77 77 1
77 83 1
77 84 1
77 85 1
78 49 1
78 50 1
78 51 1
78 57 1
78 58 1
78 59 1
78 65 1
78 66 1
78 67 1
78 70 1
78 71 1
78 72 1
78 78 1
78 79 1
78 80 1
78 86 1
78 87 1
78 88 1
79 49 1
79 50 1
79 51 1
79 57 1
79 58 1
79 59 1
79 65 1
79 66 1
79 67 1
79 70 1
79 71 1
79 72 1
79 78 1
79 79 1
79 80 1
79 86 1
79 87 1
79 88 1
80 49 1
80 50 1
80 51 1
80 57 1
80 58 1
80 59 1
80 65 1
80 66 1
80 67 1
80 70 1
80 71 1
80 72 1
80 78 1
80 79 1
80 80 1
80 86 1
80 87 1
80 88 1
81 40 1
81 41 1
81 42 1
81 43 1
81 44 1
81 45 1
81 52 1
81 53 1
81 60 1
81 61 1
81 68 1
81 69 1
81 73 1
81 74 1
81 81 1
81 82 1
81 89 1
81 90 1
82 40 1
82 41 1
82 42 1
82 43 1
82 44 1
82 45 1
82 52 1
82 53 1
82 60 1
82 61 1
82 68 1
82 69 1
82 73 1
82 74 1
82 81 1
82 82 1
82 89 1
82 90 1
83 46 1
83 47 1
83 48 1
83 54 1
83 55 1
83 56 1
83 62 1
83 63 1
83 64 1
83 75 1
83 76 1
83 77 1
83 83 1
83 84 1
83 85 1
84 46 1
84 47 1
84 48 1
84 54 1
84 55 1
84 56 1
84 62 1
84 63 1
84 64 1
84 75 1
84 76 1
84 77 1
84 83 1
84 84 1
84 85 1
85 46 1
85 47 1
85 48 1
85 54 1
85 55 1
85 56 1
85 62 1
85 63 1
85 64 1
85 75 1
85 76 1
85 77 1
85 83 1
85 84 1
85 85 1
86 49 1
86 50 1
86 51 1
86 57 1
86 58 1
86 59 1
86 65 1
86 66 1
86 67 1
86 70 1
86 71 1
86 72 1
86 78 1
86 79 1
86 80 1
86 86 1
86 87 1
86 88 1
87 49 1
87 50 1
87 51 1
87 57 1
87 58 1
87 59 1
87 65 1
87 66 1
87 67 1
87 70 1
87 71 1
87 72 1
87 78 1
87 79 1
87 80 1
87 86 1
87 87 1
87 88 1
88 49 1
88 50 1
88 51 1
88 57 1
88 58 1
88 59 1
88 65 1
88 66 1
88 67 1
88 70 1
88 71 1
88 72 1
88 78 1
88 79 1
88 80 1
88 86 1
88 87 1
88 88 1
89 40 1
89 41 1
89 42 1
89 43 1
89 44 1
89 45 1
89 52 1
89 53 1
89 60 1
89 61 1
89 68 1
89 69 1
89 73 1
89 74 1
89 81 1
89 82 1
89 89 1
89 90 1
90 40 1
90 41 1
90 42 1
90 43 1
90 44 1
90 45 1
90 52 1
90 53 1
90 60 1
90 61 1
90 68 1
90 69 1
90 73 1
90 74 1
90 81 1
90 82 1
90 89 1
90 90 1
27747233937485 27747233937486
28302178616234 28302178616235
28868222188559 28868222188560
29445586632330 29445586632331
30034498364977 30034498364978
30635188332276 30635188332277
31247892098922 31247892098923
31872849940900 31872849940901
32510306939718 32510306939719
33160513078513 33160513078514
33823723340083 33823723340084
34500197806885 34500197806886
35190201763022 35190201763023
35894005798283 35894005798284
36611885914248 36611885914249
37344123632533 37344123632534
38091006105184 38091006105185
38852826227288 38852826227289
39629882751833 39629882751834
40422480406870 40422480406871
41230930015008 41230930015009
42055548615308 42055548615309
42896659587614 42896659587615
43754592779366 43754592779367
44629684634954 44629684634955
45522278327653 45522278327654
46432723894206 46432723894207
47361378372090 47361378372091
48308605939532 48308605939533
49274778058322 49274778058323
50260273619489 50260273619490
51265479091878 51265479091879
52290788673716 52290788673717
53336604447190 53336604447191
54403336536134 54403336536135
55491403266857 55491403266858
56601231332194 56601231332195
57733255958838 57733255958839
58887921078015 58887921078016
60065679499575 60065679499576
61266993089566 61266993089567
62492332951358 62492332951359
63742179610385 63742179610386
65017023202593 65017023202594
66317363666645 66317363666646
67643710939977 67643710939978
68996585158777 68996585158778
70376516861953 70376516861954
71784047199192 71784047199193
73219728143175 73219728143176
74684122706039 74684122706040
76177805160160 76177805160161
77701361263363 77701361263364
79255388488630 79255388488631
80840496258403 80840496258404
82457306183571 82457306183572
84106452307242 84106452307243
85788581353387 85788581353388
87504352980455 87504352980456
89254440040064 89254440040065
91039528840865 91039528840866
92860319417683 92860319417684
94717525806036 94717525806037
96611876322157 96611876322158
98544113848600 98544113848601
100514996125572 100514996125573
102525296048084 102525296048085
104575801969045 104575801969046
106667318008426 106667318008427
108800664368595 108800664368596
110976677655967 110976677655968
113196211209086 113196211209087
115460135433268 115460135433269
117769338141933 117769338141934
120124724904772 120124724904773
122527219402867 122527219402868
124977763790925 124977763790926
127477319066743 127477319066744
130026865448078 130026865448079
132627402757040 132627402757041
135279950812180 135279950812181
137985549828424 137985549828425
140745260824993 140745260824994
143560166041492 143560166041493
146431369362322 146431369362323
149359996749569 149359996749570
152347196684560 152347196684561
155394140618251 155394140618252
158502023430616 158502023430617
161672063899229 161672063899230
164905505177213 164905505177214
168203615280758 168203615280759
171567687586373 171567687586374
174999041338100 174999041338101
178499022164862 178499022164863
182069002608159 182069002608160
185710382660323 185710382660324
189424590313529 189424590313530
193213082119800 193213082119801
197077343762196 197077343762197
201018890637440 201018890637441
205039268450188 205039268450189
209140053819192 209140053819193
213322854895576 213322854895577
217589311993488 217589311993489
221941098233357 221941098233358
226379920198025 226379920198026
230907518601985 230907518601986
235525668974025 235525668974026
240236182353505 240236182353506
245040906000575 245040906000576
249941724120587 249941724120588
254940558602999 254940558603000
260039369775059 260039369775060
265240157170560 265240157170561
270544960313971 270544960313972
275955859520250 275955859520251
281474976710656 281474976710656
287104476244869 287104476244870
292846565769766 292846565769767
298703497085161 298703497085162
304677567026865 304677567026866
310771118367402 310771118367403
316986540734750 316986540734751
323326271549445 323326271549446
329792796980434 329792796980435
336388652920043 336388652920044
343116425978443 343116425978444
349978754498012 349978754498013
356978329587973 356978329587974
364117896179732 364117896179733
371400254103327 371400254103328
378828259185393 378828259185394
386404824369101 386404824369102
394132920856483 394132920856484
402015579273613 402015579273614
410055890859085 410055890859086
418257008676267 418257008676268
426622148849792 426622148849793
435154591826788 435154591826789
443857683663324 443857683663325
452734837336590 452734837336591
461789534083322 461789534083323
471025324764988 471025324764989
480445831260288 480445831260289
490054747885494 490054747885495
499855842843204 499855842843205
509852959700068 509852959700069
520050018894069 520050018894070
530451019271951 530451019271952
541060039657390 541060039657391
551881240450538 551881240450539
562918865259548 562918865259549
574177242564739 574177242564740
585660787416034 585660787416035
597374003164355 597374003164356
609321483227642 609321483227643
621507912892195 621507912892196
633938071150039 633938071150040
646616832573039 646616832573040
659549169224500 659549169224501
672740152608990 672740152608991
686194955661170 686194955661171
699918854774393 699918854774394
713917231869881 713917231869882
728195576507279 728195576507280
742759488037425 742759488037426
757614677798173 757614677798174
772766971354137 772766971354138
788222310781219 788222310781220
803986756996844 803986756996845
820066492136781 820066492136782
836467821979516 836467821979517
853197178419107 853197178419108
870261121987489 870261121987490
887666344427238 887666344427239
905419671315783 905419671315784
923528064742099 923528064742100
941998626036941 941998626036942
960838598557680 960838598557681
980055370528833 980055370528834
999656477939410 999656477939411
1019649607498198 1019649607498199
1040042599648162 1040042599648163
1060843451641125 1060843451641126
1082060320673948 1082060320673949
1103701527087427 1103701527087428
1125775557629175 1125775557629176
1148291068781759 1148291068781760
1171256890157394 1171256890157395
1194682027960542 1194682027960543
1218575668519753 1218575668519754
1242947181890148 1242947181890149
1267806125527951 1267806125527952
1293162248038510 1293162248038511
1319025492999280 1319025492999281
1345406002859266 1345406002859267
1372314122916451 1372314122916452
1399760405374780 1399760405374781
1427755613482276 1427755613482277
1456310725751921 1456310725751922
1485436940266960 1485436940266961
1515145679072299 1515145679072300
1545448592653745 1545448592653746
1576357564506820 1576357564506821
1607884715796956 1607884715796957
1640042410112895 1640042410112896
1672843258315153 1672843258315154
1706300123481456 1706300123481457
1740426125951085 1740426125951086
1775234648470107 1775234648470108
1810739341439509 1810739341439510
1846954128268300 1846954128268301
1883893210833666 1883893210833667
1921571075050339 1921571075050340
1960002496551346 1960002496551347
1999202546482373 1999202546482374
2039186597412020 2039186597412021
2079970329360260 2079970329360261
2121569735947466 2121569735947467
2164001130666415 2164001130666416
2207281153279743 2207281153279744
2251426776345338 2251426776345339
2296455311872245 2296455311872246
2342384418109690 2342384418109691
2389232106471884 2389232106471885
2437016748601321 2437016748601322
2485757083573348 2485757083573349
2535472225244815 2535472225244816
2586181669749711 2586181669749712
2637905303144705 2637905303144706
2690663409207599 2690663409207600
2744476677391751 2744476677391752
2799366210939586 2799366210939587
2855353535158378 2855353535158379
114255989214280 120373801640949
0 140737488355328 187649984473771 0 118
74290118234948 74290118234949
222697964583563 222697964583564
157144812870925 157144812870926
100844361320859 100844361320860
124330163839730 124330163839731
86238015427197 86238015427198
180630615389796 180630615389797
195236961283458 195236961283459
207230329813276 207230329813277
215461961389066 215461961389067
110024633177393 110024633177394
115277832901678 115277832901679
119356494556657 119356494556658
122041945193153 122041945193154
79103989580119 79103989580120
81783479650615 81783479650616
83815440986657 83815440986658
85130887495109 85130887495110
171450343533262 171450343533263
162118482153998 162118482153999
166197143808977 166197143808978
159433031517502 159433031517503
202370987130536 202370987130537
197659535723998 197659535723999
199691497060040 199691497060041
196344089215546 196344089215547
219724858965771 219724858965772
216890886472456 216890886472457
218104110521984 218104110521985
216112643713183 216112643713184
106549533214591 106549533214592
102869632265219 102869632265220
104496874026261 104496874026262
101781795739296 101781795739297
117728312616815 117728312616816
116118150061543 116118150061544
116816450331236 116816450331237
115662919042574 115662919042575
123397984511852 123397984511853
122499074933944 122499074933945
122885146713689 122885146713690
122250431600834 122250431600835
77291579817693 77291579817694
75336629342194 75336629342195
76205700303586 76205700303587
74751525986480 74751525986481
83009271060438 83009271060439
82205529682065 82205529682066
82554896751387 82554896751388
81977111204780 81977111204781
85788501933392 85788501933393
85353066920356 85353066920357
85540318655562 85540318655563
85232280850561 85232280850562
222022197300482 222022197300483
222044802271731 222044802271732
75351491818558 75351491818559
207210255392417 207210255392418
100857370221053 100857370221054
222674429829821 222674429829822
74305266710793 74305266710794
74452077448081 74452077448082
74565644309826 74565644309827
74650882682354 74650882682355
74705662928103 74705662928104
74374498315228 74374498315229
74327719516362 74327719516363
74313669899628 74313669899629
74320066321618 74320066321619
74324218295155 74324218295156
75686350326485 75686350326486
75880582328674 75880582328675
76028541937036 76028541937037
76124635765901 76124635765902
75555534390087 75555534390088
75414936169070 75414936169071
75477374287401 75477374287402
75372957764282 75372957764283
75359631411035 75359631411036
75365741792294 75365741792295
75369669281319 75369669281320
220834860642881 220834860642882
221505291187730 221505291187731
222409511685390 222409511685391
222596629249008 222596629249009
222472365947540 222472365947541
222525627236523 222525627236524
222438149907917 222438149907918
222645157783361 222645157783362
221827383080658 221827383080659
221615056584494 221615056584495
221706814152412 221706814152413
221555504396577 221555504396578
221908660607183 221908660607184
221957250856418 221957250856419
221996082419299 221996082419300
204183396892962 204183396892963
205269276407069 205269276407070
206138347368461 206138347368462
206723450724175 206723450724176
207022899262574 207022899262575
206824094028301 206824094028302
206909332400829 206909332400830
206769313782552 206769313782553
207100478395427 207100478395428
207147257194293 207147257194294
207184858475707 207184858475708
101227433488789 101227433488790
101437488352939 101437488352940
101595297990621 101595297990622
101696786375930 101696786375931
101084074471204 101084074471205
100928269825594 100928269825595
100997683499139 100997683499140
100881400217797 100881400217798
100866487087874 100866487087875
100873327075719 100873327075720
100877721700162 100877721700163
0 0 1 281474976710656 281474976710656 0 0 281474976710656 281474976710656 0 1
5 1 0 64433303672555 68704811924842 171450343533262 174925443496065 281474976710656 281474976710656 2 1
6 1 0 32554327169844 33296803749311 59608925200425 62096537096636 108491274160973 111989159444854 3 4
13 1 2 19607503771235 19607503771236 0 0 27424069913583 28742540005449 0 5
0 0 0 40333258611182 43007090887031 171450343533262 174925443496065 213099066429183 215762882566386 2 6
1 0 0 17084330227322 18664282591603 237699979971138 239593744537110 257202308512989 258334511605147 7 8
10 0 0 9385650416069 10375440770396 270239919663517 270789246839969 281474976710656 281474976710656 9 1
2 0 0 20378003638103 20842771051623 59608925200425 62096537096636 79122521690460 82123051494496 3 10
3 0 0 7860080785520 8131679296498 90051099301987 93275031518626 98420157672088 101784396038305 11 12
11 0 0 4133666973245 4298645777080 103876055564408 107317454949981 108491274160973 111989159444854 13 4
16 1 3 12201801242085 12201801242086 0 0 11172075316303 11745319880696 0 14
4 1 0 4499391115032 4529086113647 17318384652689 18185781439850 21945416031534 23024359728764 15 16
12 1 0 2314683040981 2336685393596 24925381325045 26136080311501 27424069913583 28742540005449 17 5
5 0 0 9376136546642 10092553290459 197136282432810 200184754796761 213099066429183 215762882566386 18 6
6 0 0 4690306499025 5017924601280 180495627822974 183847714108819 187821131660721 191051866282011 19 20
13 0 0 2809608618026 2995867364879 171450343533262 174925443496065 175627245945670 179049233347683 2 21
7 0 0 4378643397277 4803927695600 249374224019669 250828061046918 257202308512989 258334511605147 22 8
8 0 0 2055279628499 2248612444103 241688879316965 243437693045754 245015070940786 246638753958363 23 24
14 0 0 1190091827258 1300151066994 237699979971138 239593744537110 239526083944459 241354182986682 7 25
17 0 0 2525887912771 2798979674236 276883895377152 277113614547192 281474976710656 281474976710656 26 1
9 0 0 1147983884339 1270074397910 272475076389478 272918577986458 274366408995876 274719019480290 27 28
15 0 0 653802970619 722751615121 270239919663517 270789246839969 271258748317736 271760051658275 9 29
5 0 0 4564671423905 4690213644502 71798791102077 74624009839283 79122521690460 82123051494496 30 10
6 0 0 2338696650647 2395953110416 63960104787044 66574813431749 67437009693744 70148016458705 31 32
13 0 0 1419528612644 1451904239495 59608925200425 62096537096636 61626245761664 64173694138238 3 33
7 0 0 1982867103780 2055252693946 95091297565156 98402915572097 98420157672088 101784396038305 34 12
8 0 0 940462480419 973589988811 91783579554070 95038742284415 93220005206460 96500195475544 35 36
14 0 0 547532023788 566451534470 90051099301987 93275031518626 90845563238393 94083958706640 11 37
17 0 0 1102787195417 1147972640667 106614831382757 110090720698849 108491274160973 111989159444854 38 4
9 0 0 504112933475 524413414495 104800525618647 108253883802431 105580332665376 109043527265207 39 40
15 0 0 287950608306 299443006517 103876055564408 107317454949981 104297838187777 107744733746830 13 41
5 1 0 2691616851184 2698775135176 6985537655939 7349809947381 11172075316303 11745319880696 42 14
6 1 0 1396993650312 1398292448713 2443087489684 2572706428023 4465859145930 4700988950571 43 44
19 1 4 874091170836 874091170837 0 0 1078147933496 1135644217947 0 45
7 0 0 1125934614840 1134566997255 20113149348528 21109336966245 21945416031534 23024359728764 46 16
8 0 0 536859122443 540599730844 18281843842932 19193989501432 19078428679626 20027294471006 47 48
14 0 0 313426896014 315495445071 17318384652689 18185781439850 17760564869243 18648544909517 15 49
17 0 0 614851208755 621044835929 26410586608573 27685641279865 27424069913583 28742540005449 50 5
9 0 0 281870347793 284603788195 25427504865312 26660058952894 25850424950596 27101309500870 51 52
15 0 0 161240466153 162773146667 24925381325045 26136080311501 25154572114340 26375259067673 17 53
10 0 0 28933400745 32102753976 280434508251297 280487202881360 280469341736193 280520278226677 54 55
16 0 0 37908054670 37943298153 2443087489684 2572706428023 2477726350815 2609165882481 43 56
18 0 0 29529136142 32489015483 257170173126852 258303740139331 257202308512989 258334511605147 57 8
20 0 0 34300909027 35083220438 59608925200425 62096537096636 59636958807673 62125413019555 3 58
1 0 0 31024210852 34435077822 281438770696974 281440610586998 281474976710656 281474976710656 59 1
2 1 5 38068025677 38068025678 0 0 35421457726 37317840626 0 60
20 1 6 473787704676 473787704677 0 0 378619613906 398863991898 0 61
4 1 0 195132232492 195180045470 643995427071 678394916047 843112925342 888114785935 62 63
12 1 0 100192227097 100229246037 971051904152 1022857725151 1078147933496 1135644217947 64 45
5 1 0 117037442575 117046227350 197283264745 207838954826 378619613906 398863991898 65 61
6 1 7 60814542220 60814542221 0 0 87919424236 92625501795 0 66
-1
3 1 0 14569399919 14569705176 55069784107 58017876093 70025543247 73774063198 67 68
11 1 0 7635373627 7635605250 79733296808 84001324979 87919424236 92625501795 69 66
2 0 0 874474890540 875287898237 2443087489684 2572706428023 3257728641548 3430037375628 43 70
3 0 0 334787009105 335259701152 3709788024750 3905671555697 4053967711184 4267745328046 71 72
11 0 0 175476881459 175762564960 4277413244327 4502782552750 4465859145930 4700988950571 73 44
5 0 0 195294624941 195514107129 2953110062352 3109486896651 3257728641548 3430037375628 74 70
6 0 0 100251964527 100352133417 2625573211149 2764778066744 2771046519653 2917883494738 75 76
13 0 0 60915786953 60972420946 2443087489684 2572706428023 2527752576411 2661820602429 43 77
4 0 0 13942473465 13955720419 2496696006098 2629132365515 2510936183208 2644120748545 78 79
12 0 0 7164531383 7171402308 2520089009759 2653754439116 2527752576411 2661820602429 80 77
0 0 0 1581127842309 1752074852814 276883895377152 277113614547192 278602038757754 278746636086649 26 81
1 0 0 713499580036 791428140661 279637425853020 279730237647772 280469341736193 280520278226677 82 55
18 0 0 404426710264 448824144940 281031069262968 281053596398258 281474976710656 281474976710656 83 1
21 0 0 109538972317 121576661529 281319066352623 281326986089469 281474976710656 281474976710656 84 1
9 0 0 49573085636 55017076503 281127825057305 281145447847988 281209801622413 281223266684478 85 86
15 0 0 28172302701 31265021202 281031069262968 281053596398258 281075155926167 281095448800681 83 87
0 0 0 68568014468 76103236231 281319066352623 281326986089469 281393735368950 281397863203401 84 88
-1
7 0 0 184927423194 205162046005 280134223054866 280202056628483 280469341736193 280520278226677 89 55
8 0 0 86164538227 95581292586 279806774728014 279891081426428 279948304303578 280025495508384 90 91
14 0 0 49702271476 55130763076 279637425853020 279730237647772 279714901962863 279803823947352 82 92
0 0 0 115758856971 128425106072 280134223054866 280202056628483 280259521755576 280321042128063 89 93
1 0 0 51440897804 57073649941 280334416846633 280392161042985 280394263617914 280448988984631 94 95
0 0 0 2740895568633 3007110408008 249374224019669 250828061046918 252305494560797 253641392366491 22 96
1 0 0 1212533893594 1332566392129 254055097795719 255319174281396 255451812903056 256657789650114 97 98
10 0 0 680471788031 748467741700 256390376865548 257556930758583 257202308512989 258334511605147 99 8
17 0 0 183927700426 202341838102 256870170271874 258016452983218 257202308512989 258334511605147 100 8
9 0 0 83352094651 91686394111 256551674913748 257711422918577 256688250949396 257842229131271 101 102
15 0 0 47401560543 52138148263 256390376865548 257556930758583 256463885464527 257627338821135 99 103
0 0 0 115133061386 126659743004 256870170271874 258016452983218 256994411092049 258135431616512 100 104
1 0 0 52048574687 57263615132 257069313937815 258207159381507 257129515021769 258264807169856 105 106
16 0 0 883376394620 903523832485 59608925200425 62096537096636 60433968908613 62946243212281 3 107
4 0 0 325005866547 332578093775 60885971800657 63411645691518 61225363737022 63761046869626 108 109
12 0 0 167031733024 170959207187 61443543706100 63985637785871 61626245761664 64173694138238 110 33
5 0 0 194687068295 199166041470 60125320127090 62628399099055 60433968908613 62946243212281 111 107
6 0 0 101106004496 103418994068 59789725023573 62282763995596 59939257920568 62436775858345 112 113
19 0 0 63281764039 64725050749 59608925200425 62096537096636 59688739503520 62178748750546 3 114
4 0 0 14125834560 14448265977 59656604599495 62145648919904 59671343626594 62160830570882 115 116
12 0 0 7252712752 7418328225 59680813145257 62170584421776 59688739503520 62178748750546 117 114
124632764501881 127768340845639
0 93824992236885 112589990684263 0 118
74290118234948 74290118234949
222697964583563 222697964583564
157144812870925 157144812870926
100844361320859 100844361320860
124330163839730 124330163839731
86238015427197 86238015427198
180630615389796 180630615389797
195236961283458 195236961283459
207230329813276 207230329813277
215461961389066 215461961389067
110024633177393 110024633177394
115277832901678 115277832901679
119356494556657 119356494556658
122041945193153 122041945193154
79103989580119 79103989580120
81783479650615 81783479650616
83815440986657 83815440986658
85130887495109 85130887495110
171450343533262 171450343533263
162118482153998 162118482153999
166197143808977 166197143808978
159433031517502 159433031517503
202370987130536 202370987130537
197659535723998 197659535723999
199691497060040 199691497060041
196344089215546 196344089215547
219724858965771 219724858965772
216890886472456 216890886472457
218104110521984 218104110521985
216112643713183 216112643713184
106549533214591 106549533214592
102869632265219 102869632265220
104496874026261 104496874026262
101781795739296 101781795739297
117728312616815 117728312616816
116118150061543 116118150061544
116816450331236 116816450331237
115662919042574 115662919042575
123397984511852 123397984511853
122499074933944 122499074933945
122885146713689 122885146713690
122250431600834 122250431600835
77291579817693 77291579817694
75336629342194 75336629342195
76205700303586 76205700303587
74751525986480 74751525986481
83009271060438 83009271060439
82205529682065 82205529682066
82554896751387 82554896751388
81977111204780 81977111204781
85788501933392 85788501933393
85353066920356 85353066920357
85540318655562 85540318655563
85232280850561 85232280850562
222022197300482 222022197300483
222044802271731 222044802271732
75351491818558 75351491818559
207210255392417 207210255392418
100857370221053 100857370221054
222674429829821 222674429829822
74305266710793 74305266710794
74452077448081 74452077448082
74565644309826 74565644309827
74650882682354 74650882682355
74705662928103 74705662928104
74374498315228 74374498315229
74327719516362 74327719516363
74313669899628 74313669899629
74320066321618 74320066321619
74324218295155 74324218295156
75686350326485 75686350326486
75880582328674 75880582328675
76028541937036 76028541937037
76124635765901 76124635765902
75555534390087 75555534390088
75414936169070 75414936169071
75477374287401 75477374287402
75372957764282 75372957764283
75359631411035 75359631411036
75365741792294 75365741792295
75369669281319 75369669281320
220834860642881 220834860642882
221505291187730 221505291187731
222409511685390 222409511685391
222596629249008 222596629249009
222472365947540 222472365947541
222525627236523 222525627236524
222438149907917 222438149907918
222645157783361 222645157783362
221827383080658 221827383080659
221615056584494 221615056584495
221706814152412 221706814152413
221555504396577 221555504396578
221908660607183 221908660607184
221957250856418 221957250856419
221996082419299 221996082419300
204183396892962 204183396892963
205269276407069 205269276407070
206138347368461 206138347368462
206723450724175 206723450724176
207022899262574 207022899262575
206824094028301 206824094028302
206909332400829 206909332400830
206769313782552 206769313782553
207100478395427 207100478395428
207147257194293 207147257194294
207184858475707 207184858475708
101227433488789 101227433488790
101437488352939 101437488352940
101595297990621 101595297990622
101696786375930 101696786375931
101084074471204 101084074471205
100928269825594 100928269825595
100997683499139 100997683499140
100881400217797 100881400217798
100866487087874 100866487087875
100873327075719 100873327075720
100877721700162 100877721700163
1 0 1 281474976710656 281474976710656 0 0 281474976710656 281474976710656 0 1
7 1 0 71656796170142 73817541377836 167430005520712 169111531942343 281474976710656 281474976710656 2 1
8 1 0 33784006786193 34128249187531 56855926884539 57991633778626 104544469792027 106182454389878 3 4
14 1 2 19607503771235 19607503771236 0 0 25983426434816 26575411669174 0 5
0 0 0 44854941877054 46207501660388 167430005520712 169111531942343 209965844755618 211283132543288 2 6
1 0 0 19789987298524 20631705264265 235450587443520 236399198903322 255847003013474 256419957898121 7 8
10 0 0 11091269839217 11632202874694 269578921032472 269858815252231 281474976710656 281474976710656 9 1
2 0 0 21147745109488 21363230223656 56855926884539 57991633778626 75776104367884 77159919284466 3 10
3 0 0 8312437815721 8441379267770 86439913933986 87935219250262 94639285733199 96206464099385 11 12
11 0 0 4409151612303 4488322831827 100000088698123 101607761832083 104544469792027 106182454389878 13 4
16 1 3 12201801242085 12201801242086 0 0 10549730034997 10804957178375 0 14
4 1 0 4548191293778 4561514142473 16374397406252 16761821129760 20769049140274 21252116195043 15 16
12 1 0 2350891617480 2360821585221 23603803704675 24146697488811 25983426434816 26575411669174 17 5
5 0 0 10593558104094 10963304180821 193573316166311 195068305600022 209965844755618 211283132543288 18 6
6 0 0 5245284022010 5412184749472 176603639200005 178233310483220 184059101632072 185635789689625 19 20
13 0 0 3124588381854 3218807489224 167430005520712 169111531942343 171661777447566 173321213794505 2 21
7 0 0 5108568612499 5337220182874 247639325106833 248372034182415 255847003013474 256419957898121 22 8
8 0 0 2386613318897 2489933503098 239608355711457 240486189684524 243080851967558 243897295377891 23 24
14 0 0 1378567484481 1437201429071 235450587443520 236399198903322 237353108724364 238269702800573 7 25
17 0 0 2997085513872 3147113734805 276606743963311 276724199313785 281474976710656 281474976710656 26 1
9 0 0 1358462341880 1425303474174 271940940644759 272167179333526 273941418564072 274121470389819 27 28
15 0 0 772616158429 810297470840 269578921032472 269858815252231 270655291132868 270910852601670 9 29
5 0 0 4773061070757 4831821892201 68657027863121 69955048652432 75776104367884 77159919284466 30 10
6 0 0 2433600146441 2460236529868 61061456882643 62257885882447 64427462278585 65670194187028 31 32
13 0 0 1473148685659 1488159345713 56855926884539 57991633778626 58804772837145 59969015085620 3 33
7 0 0 2103540716393 2138040869497 91374472588403 92914473475173 94639285733199 96206464099385 34 12
8 0 0 995655267008 1011403779374 88134906649961 89646056008963 89541184383769 91065088672796 35 36
14 0 0 579043145236 588025187040 86439913933986 87935219250262 87217034436834 88719667785518 11 37
17 0 0 1178277141903 1200007354955 102695764157255 104321862032608 104544469792027 106182454389878 38 4
9 0 0 538016880155 547765837067 100909663369690 102523698272264 101677180717137 103296468995347 39 40
15 0 0 307140826074 312655881102 100000088698123 101607761832083 100415031580966 102025625227117 13 41
5 1 0 2703358464971 2706544420286 6590718899738 6752553826691 10549730034997 10804957178375 42 14
6 1 0 1399122284407 1399698309863 2302851610670 2360302133264 4211266344043 4315591167500 43 44
19 1 4 874091170836 874091170837 0 0 1015975794945 1041441673694 0 45
7 0 0 1140128152514 1144009537524 19027798739109 19473391193299 20769049140274 21252116195043 46 16
8 0 0 543007447556 544686950835 17288777666215 17696391751251 18045058872986 18469257106484 47 48
14 0 0 316826308992 317754376593 16374397406252 16761821129760 16794007672119 17190715716010 15 49
17 0 0 625046636958 627845132588 25017940612149 25590132215817 25983426434816 26575411669174 50 5
9 0 0 286369097765 287603218517 24081803045849 24634640665986 24484481194433 25045663455427 51 52
15 0 0 163762750046 164454470079 23603803704675 24146697488811 23821970863987 24369408347849 17 53
10 0 0 34405605240 36151609380 280370843196868 280397836161288 280407799991183 280433892820617 54 55
16 0 0 37965816119 37981446832 2302851610670 2360302133264 2335518805795 2393777307134 43 56
18 0 0 34616844809 36217960627 255813252318883 256386887764476 255847003013474 256419957898121 57 8
20 0 0 35596562549 35959274002 56855926884539 57991633778626 56882997722733 58019105687106 3 58
1 0 0 36914553447 38795089914 281436546872261 281437489857381 281474976710656 281474976710656 59 1
2 1 5 38068025677 38068025678 0 0 33371698747 34211179372 0 60
20 1 6 473787704676 473787704677 0 0 356734933693 365698197523 0 61
4 1 0 195210568732 195231744516 606804810384 622037386170 794455840047 814385347109 62 63
12 1 0 100252882121 100269281518 915035377701 937979602467 1015975794945 1041441673694 64 45
5 1 0 117051834279 117055723601 185873118153 190546245733 356734933693 365698197523 65 61
6 1 7 60814542220 60814542221 0 0 82832621775 84915939555 0 66
-1
3 1 0 14569899994 14570035127 51883230894 53188289729 65973794161 67633198598 67 68
11 1 0 7635753076 7635855614 75119997180 77009388337 82832621775 84915939555 69 66
2 0 0 875807349758 876167923909 2302851610670 2360302133264 3071246166218 3147650120243 43 70
3 0 0 335561895092 335771743215 3497753600220 3584631243243 3822532275648 3917363130383 71 72
11 0 0 175945252030 176072134972 4033407072502 4133391510106 4211266344043 4315591167500 73 44
5 0 0 195654373371 195751753665 2783890416998 2853219031763 3071246166218 3147650120243 74 70
6 0 0 100416139353 100460571192 2474955363269 2536660441161 2612161668099 2677254719724 75 76
13 0 0 61008605858 61033723399 2302851610670 2360302133264 2382698328535 2442123406385 43 77
4 0 0 13964184449 13970059804 2353408893528 2412109799087 2366838750556 2425871724712 78 79
12 0 0 7175792475 7178839958 2375470788104 2434717181837 2382698328535 2442123406385 80 77
0 0 0 1876082991571 1969996025499 276606743963311 276724199313785 278427465519460 278501464736548 26 81
1 0 0 848030338488 890934514497 279525327332731 279572850550879 280407799991183 280433892820617 82 55
18 0 0 481092128001 505562234924 281003845757780 281015388953876 281474976710656 281474976710656 83 1
21 0 0 130326788836 136962986240 281309494440420 281313553229272 281474976710656 281474976710656 84 1
9 0 0 58973935572 61974675538 281106527513719 281115558118342 281193528256476 281200428575629 85 86
15 0 0 33512803959 35217387861 281003845757780 281015388953876 281050632040620 281061030612979 83 87
0 0 0 81580545750 85734600421 281309494440420 281313553229272 281388746258035 281390861816284 84 88
-1
7 0 0 219862495266 231007169375 280052277114097 280087019570624 280407799991183 280433892820617 89 55
8 0 0 102421536364 107606692998 279704941826107 279748113941089 279855060846142 279894592164519 90 91
14 0 0 59073663507 62062361838 279525327332731 279572850550879 279607498255366 279653031590730 82 92
0 0 0 137627133408 144603355290 280052277114097 280087019570624 280185198725857 280216709808254 89 93
1 0 0 61166218556 64269071155 280264653748145 280294231813591 280328146111623 280356178734603 94 95
0 0 0 3197806215680 3340935038729 247639325106833 248372034182415 250709472793813 251383776600661 22 96
1 0 0 1418733362344 1483505320614 252543829257423 253182465580435 254009203047908 254618932061658 97 98
10 0 0 797331903967 834091125428 254994403367617 255584490592573 255847003013474 256419957898121 99 8
17 0 0 215577765808 225536358734 255498192320461 256078171337645 255847003013474 256419957898121 100 8
9 0 0 97676143234 102182309940 255163756584965 255750450694521 255307162452824 255890979480174 101 102
15 0 0 55542018323 58102660061 254994403367617 255584490592573 255071581490105 255660123004227 99 103
0 0 0 134945025065 141178796749 255498192320461 256078171337645 255628663809148 256206017911930 100 104
1 0 0 61012485000 63833283607 255707326427975 256283096533905 255770551179507 256345047386465 105 106
16 0 0 916744307290 926085480579 56855926884539 57991633778626 57652767999607 58800225208426 3 107
4 0 0 337549839374 341064119763 58089436090064 59243283857698 58417367734346 59575992101548 108 109
12 0 0 173538562957 175362099060 58628204869269 59789890009055 58804772837145 59969015085620 110 33
5 0 0 202105788983 204183257316 57354637758461 58497712119387 57652767999607 58800225208426 111 107
6 0 0 104936874055 106009421026 57030522981426 58168814294228 57174934934366 58315359714647 112 113
19 0 0 65672115863 66341282402 56855926884539 57991633778626 56933000924817 58069849368042 3 114
4 0 0 14659845780 14809343667 56901968999792 58038357955892 56916202081903 58052801807640 115 116
12 0 0 7527006480 7603796854 56925346587506 58062081709745 56933000924817 58069849368042 117 114
111576801251553 114255989214281
0 187649984473770 211106232532992 0 118
74290118234948 74290118234949
222697964583563 222697964583564
157144812870925 157144812870926
100844361320859 100844361320860
124330163839730 124330163839731
86238015427197 86238015427198
180630615389796 180630615389797
195236961283458 195236961283459
207230329813276 207230329813277
215461961389066 215461961389067
110024633177393 110024633177394
115277832901678 115277832901679
119356494556657 119356494556658
122041945193153 122041945193154
79103989580119 79103989580120
81783479650615 81783479650616
83815440986657 83815440986658
85130887495109 85130887495110
171450343533262 171450343533263
162118482153998 162118482153999
166197143808977 166197143808978
159433031517502 159433031517503
202370987130536 202370987130537
197659535723998 197659535723999
199691497060040 199691497060041
196344089215546 196344089215547
219724858965771 219724858965772
216890886472456 216890886472457
218104110521984 218104110521985
216112643713183 216112643713184
106549533214591 106549533214592
102869632265219 102869632265220
104496874026261 104496874026262
101781795739296 101781795739297
117728312616815 117728312616816
116118150061543 116118150061544
116816450331236 116816450331237
115662919042574 115662919042575
123397984511852 123397984511853
122499074933944 122499074933945
122885146713689 122885146713690
122250431600834 122250431600835
77291579817693 77291579817694
75336629342194 75336629342195
76205700303586 76205700303587
74751525986480 74751525986481
83009271060438 83009271060439
82205529682065 82205529682066
82554896751387 82554896751388
81977111204780 81977111204781
85788501933392 85788501933393
85353066920356 85353066920357
85540318655562 85540318655563
85232280850561 85232280850562
222022197300482 222022197300483
222044802271731 222044802271732
75351491818558 75351491818559
207210255392417 207210255392418
100857370221053 100857370221054
222674429829821 222674429829822
74305266710793 74305266710794
74452077448081 74452077448082
74565644309826 74565644309827
74650882682354 74650882682355
74705662928103 74705662928104
74374498315228 74374498315229
74327719516362 74327719516363
74313669899628 74313669899629
74320066321618 74320066321619
74324218295155 74324218295156
75686350326485 75686350326486
75880582328674 75880582328675
76028541937036 76028541937037
76124635765901 76124635765902
75555534390087 75555534390088
75414936169070 75414936169071
75477374287401 75477374287402
75372957764282 75372957764283
75359631411035 75359631411036
75365741792294 75365741792295
75369669281319 75369669281320
220834860642881 220834860642882
221505291187730 221505291187731
222409511685390 222409511685391
222596629249008 222596629249009
222472365947540 222472365947541
222525627236523 222525627236524
222438149907917 222438149907918
222645157783361 222645157783362
221827383080658 221827383080659
221615056584494 221615056584495
221706814152412 221706814152413
221555504396577 221555504396578
221908660607183 221908660607184
221957250856418 221957250856419
221996082419299 221996082419300
204183396892962 204183396892963
205269276407069 205269276407070
206138347368461 206138347368462
206723450724175 206723450724176
207022899262574 207022899262575
206824094028301 206824094028302
206909332400829 206909332400830
206769313782552 206769313782553
207100478395427 207100478395428
207147257194293 207147257194294
207184858475707 207184858475708
101227433488789 101227433488790
101437488352939 101437488352940
101595297990621 101595297990622
101696786375930 101696786375931
101084074471204 101084074471205
100928269825594 100928269825595
100997683499139 100997683499140
100881400217797 100881400217798
100866487087874 100866487087875
100873327075719 100873327075720
100877721700162 100877721700163
2 0 1 281474976710656 281474976710656 0 0 281474976710656 281474976710656 0 1
5 1 0 62552491469741 64433303672556 174925443496064 176492054332847 281474976710656 281474976710656 2 1
6 1 0 32212146628510 32554327169845 62096537096635 63252532963869 111989159444853 113593030555577 3 4
13 1 2 19607503771235 19607503771236 0 0 28742540005448 29360715865222 0 5
0 0 0 39155928245495 40333258611183 174925443496064 176492054332847 215762882566385 216950537988553 2 6
1 0 0 16406791063090 17084330227323 239593744537109 240432619543775 258334511605146 258833484505528 7 8
10 0 0 8966600118766 9385650416070 270789246839968 271030518773337 281474976710656 281474976710656 9 1
2 0 0 20163809184634 20378003638104 62096537096635 63252532963869 82123051494495 83509944785849 3 10
3 0 0 7736471176918 7860080785521 93275031518625 94760735656552 101784396038304 103331221427345 11 12
11 0 0 4059006110521 4133666973246 107317454949980 108897408051317 111989159444853 113593030555577 13 4
16 1 3 12201801242085 12201801242086 0 0 11745319880695 12015310143740 0 14
4 1 0 4485462899889 4499391115033 18185781439849 18593613394195 23024359728763 23531003178888 15 16
12 1 0 2304395753233 2314683040982 26136080311500 26704121315023 28742540005448 29360715865222 17 5
5 0 0 9063917785944 9376136546643 200184754796760 201549667297792 215762882566385 216950537988553 18 6
6 0 0 4546574197543 4690306499026 183847714108818 185355224661790 191051866282010 192501969902472 19 20
13 0 0 2727595965054 2809608618027 174925443496064 176492054332847 179049233347682 180590180245006 2 21
7 0 0 4197105523089 4378643397278 250828061046917 251470094318279 258334511605146 258833484505528 22 8
8 0 0 1972502355216 2055279628500 243437693045753 244211548967519 246638753958362 247356612712131 23 24
14 0 0 1142894552840 1190091827259 239593744537109 240432619543775 241354182986681 242163582176199 7 25
17 0 0 2410569093832 2525887912772 277113614547191 277214336063268 281474976710656 281474976710656 26 1
9 0 0 1096339388027 1147983884340 272918577986457 273113256585268 274719019480289 274873724546291 27 28
15 0 0 624611991085 653802970620 270789246839968 271030518773337 271760051658274 271980172475265 9 29
5 0 0 4507104128990 4564671423906 74624009839282 75932497576433 82123051494495 83509944785849 30 10
6 0 0 2312356650841 2338696650648 66574813431748 67788416458856 70148016458704 71405113006240 31 32
13 0 0 1404607859819 1419528612645 62096537096635 63252532963869 64173694138237 65356838510683 3 33
7 0 0 1949991093084 1982867103781 98402915572096 99926929837292 101784396038304 103331221427345 34 12
8 0 0 925396240906 940462480420 95038742284414 96538128853147 96500195475543 98010517732288 35 36
14 0 0 538921397383 547532023789 93275031518625 94760735656552 94083958706639 95576004171201 11 37
17 0 0 1082361487574 1102787195418 110090720698848 111685319492256 111989159444853 113593030555577 38 4
9 0 0 494929459640 504112933476 108253883802430 109838928370604 109043527265206 110632749383984 39 40
15 0 0 282749744043 287950608307 107317454949980 108897408051317 107744733746829 109327028499676 13 41
5 1 0 2688244750561 2691616851185 7349809947380 7521577958387 11745319880695 12015310143740 42 14
6 1 0 1396380649303 1396993650313 2572706428022 2633904319721 4700988950570 4811939601714 43 44
19 1 4 874091170836 874091170837 0 0 1135644217946 1162800714531 0 45
7 0 0 1121890389350 1125934614841 21109336966244 21577359082322 23024359728763 23531003178888 46 16
8 0 0 535105325060 536859122444 19193989501431 19622746295783 20027294471005 20473212683948 47 48
14 0 0 312456658680 313426896015 18185781439849 18593613394195 18648544909516 19066003226496 15 49
17 0 0 611957148048 614851208756 27685641279864 28283629916309 28742540005448 29360715865222 50 5
9 0 0 280592584652 281870347794 26660058952893 27238273267135 27101309500869 27688053964671 51 52
15 0 0 160523855263 161240466154 26136080311500 26704121315023 26375259067672 26947949758429 17 53
10 0 0 27596933332 28933400746 280487202881359 280510285800109 280520278226676 280542590789331 54 55
16 0 0 37891420610 37908054671 2572706428022 2633904319721 2609165882480 2671222741885 43 56
18 0 0 28269550147 29529136143 258303740139330 258803318327292 258334511605146 258833484505528 57 8
20 0 0 33940370056 34300909028 62096537096635 63252532963869 62125413019554 63281791380595 3 58
1 0 0 29586466043 31024210853 281440610586997 281441416341930 281474976710656 281474976710656 59 1
2 1 5 38068025677 38068025678 0 0 37317840625 38213796904 0 60
20 1 6 473787704676 473787704677 0 0 398863991897 408427637576 0 61
4 1 0 195109648882 195132232493 678394916046 694644369312 888114785934 909371347502 62 63
12 1 0 100174744260 100192227098 1022857725150 1047327250552 1135644217946 1162800714531 64 45
5 1 0 117033292464 117037442576 207838954825 212825821165 398863991897 408427637576 65 61
6 1 7 60814542220 60814542221 0 0 92625501794 94848880702 0 66
-1
3 1 0 14569255701 14569399920 58017876092 59410710309 73774063197 75545054402 67 68
11 1 0 7635264198 7635373628 84001324978 86017752768 92625501794 94848880702 69 66
2 0 0 874091170836 874474890541 2572706428022 2633904319721 3430037375627 3511372151084 43 70
3 0 0 334564028655 334787009106 3905671555696 3998122630746 4267745328045 4368632151921 71 72
11 0 0 175342149636 175476881460 4502782552749 4609133127273 4700988950570 4811939601714 73 44
5 0 0 195191056909 195294624942 3109486896650 3183307641233 3430037375627 3511372151084 74 70
6 0 0 100204690890 100251964528 2764778066743 2830498467277 2917883494737 2987204294329 75 76
13 0 0 60889057097 60915786954 2572706428022 2633904319721 2661820602428 2725117572797 43 77
4 0 0 13936221368 13942473466 2629132365514 2691659527575 2644120748544 2707000910335 78 79
12 0 0 7161288581 7164531384 2653754439115 2716861468595 2661820602428 2725117572797 80 77
0 0 0 1508941822318 1581127842310 277113614547191 277214336063268 278746636086648 278810007203895 26 81
1 0 0 680628051489 713499580037 279730237647771 279770902335802 280520278226676 280542590789331 82 55
18 0 0 385709367269 404426710265 281053596398257 281063462896668 281474976710656 281474976710656 83 1
21 0 0 104464621392 109538972318 281326986089468 281330454538826 281474976710656 281474976710656 84 1
9 0 0 47278061464 49573085637 281145447847987 281153166133765 281223266684477 281229163876743 85 86
15 0 0 26868455454 28172302702 281053596398257 281063462896668 281095448800680 281104336629494 83 87
0 0 0 65391627469 68568014469 281326986089468 281330454538826 281397863203400 281399670953766 84 88
-1
7 0 0 176393791559 184927423195 280202056628482 280231773489299 280520278226676 280542590789331 89 55
8 0 0 82192662127 86164538228 279891081426427 279928018054957 280025495508383 280059313438633 90 91
14 0 0 47412445832 49702271477 279730237647771 279770902335802 279803823947351 279842783564471 82 92
0 0 0 110417067057 115758856972 280202056628482 280231773489299 280321042128062 280347992394069 89 93
1 0 0 49065559973 51440897805 280392161042984 280417456585239 280448988984630 280472961719518 94 95
0 0 0 2627258464682 2740895568634 250828061046917 251470094318279 253641392366490 254230889735912 22 96
1 0 0 1161390984867 1212533893595 255319174281395 255876723544205 256657789650113 257189518514643 97 98
10 0 0 651527010651 680471788032 257556930758582 258071151478703 258334511605146 258833484505528 99 8
17 0 0 176090580492 183927700427 258016452983217 258521674752456 258334511605146 258833484505528 100 8
9 0 0 79804543511 83352094652 257711422918576 258222622032580 257842229131270 258350866842196 101 102
15 0 0 45385271783 47401560544 257556930758582 258071151478703 257627338821134 258140182962800 99 103
0 0 0 110227266292 115133061387 258016452983217 258521674752456 258135431616511 258638317761594 100 104
1 0 0 49829209650 52048574688 258207159381506 258708636346841 258264807169855 258765150963520 105 106
16 0 0 874091170836 883376394621 62096537096635 63252532963869 62946243212280 64113434419390 3 107
4 0 0 321517944282 325005866548 63411645691517 64584916212785 63761046869625 64938856968739 108 109
12 0 0 165223075392 167031733025 63985637785870 65166354791819 64173694138237 65356838510683 110 33
5 0 0 192623312792 194687068296 62628399099054 63791417070829 62946243212280 64113434419390 111 107
6 0 0 100040111168 101106004497 62282763995595 63441224126321 62436775858344 63597269458958 112 113
19 0 0 62616605513 63281764040 62096537096635 63252532963869 62178748750545 63335833225819 3 114
4 0 0 13977240540 14125834561 62145648919903 63302295242564 62160830570881 63317677881103 115 116
12 0 0 7176388855 7252712753 62170584421775 63327560840828 62178748750545 63335833225819 117 114
123364563489818 124632764501882
0 112589990684262 120632132875996 0 118
74290118234948 74290118234949
222697964583563 222697964583564
157144812870925 157144812870926
100844361320859 100844361320860
124330163839730 124330163839731
86238015427197 86238015427198
180630615389796 180630615389797
195236961283458 195236961283459
207230329813276 207230329813277
215461961389066 215461961389067
110024633177393 110024633177394
115277832901678 115277832901679
119356494556657 119356494556658
122041945193153 122041945193154
79103989580119 79103989580120
81783479650615 81783479650616
83815440986657 83815440986658
85130887495109 85130887495110
171450343533262 171450343533263
162118482153998 162118482153999
166197143808977 166197143808978
159433031517502 159433031517503
202370987130536 202370987130537
197659535723998 197659535723999
199691497060040 199691497060041
196344089215546 196344089215547
219724858965771 219724858965772
216890886472456 216890886472457
218104110521984 218104110521985
216112643713183 216112643713184
106549533214591 106549533214592
102869632265219 102869632265220
104496874026261 104496874026262
101781795739296 101781795739297
117728312616815 117728312616816
116118150061543 116118150061544
116816450331236 116816450331237
115662919042574 115662919042575
123397984511852 123397984511853
122499074933944 122499074933945
122885146713689 122885146713690
122250431600834 122250431600835
77291579817693 77291579817694
75336629342194 75336629342195
76205700303586 76205700303587
74751525986480 74751525986481
83009271060438 83009271060439
82205529682065 82205529682066
82554896751387 82554896751388
81977111204780 81977111204781
85788501933392 85788501933393
85353066920356 85353066920357
85540318655562 85540318655563
85232280850561 85232280850562
222022197300482 222022197300483
222044802271731 222044802271732
75351491818558 75351491818559
207210255392417 207210255392418
100857370221053 100857370221054
222674429829821 222674429829822
74305266710793 74305266710794
74452077448081 74452077448082
74565644309826 74565644309827
74650882682354 74650882682355
74705662928103 74705662928104
74374498315228 74374498315229
74327719516362 74327719516363
74313669899628 74313669899629
74320066321618 74320066321619
74324218295155 74324218295156
75686350326485 75686350326486
75880582328674 75880582328675
76028541937036 76028541937037
76124635765901 76124635765902
75555534390087 75555534390088
75414936169070 75414936169071
75477374287401 75477374287402
75372957764282 75372957764283
75359631411035 75359631411036
75365741792294 75365741792295
75369669281319 75369669281320
220834860642881 220834860642882
221505291187730 221505291187731
222409511685390 222409511685391
222596629249008 222596629249009
222472365947540 222472365947541
222525627236523 222525627236524
222438149907917 222438149907918
222645157783361 222645157783362
221827383080658 221827383080659
221615056584494 221615056584495
221706814152412 221706814152413
221555504396577 221555504396578
221908660607183 221908660607184
221957250856418 221957250856419
221996082419299 221996082419300
204183396892962 204183396892963
205269276407069 205269276407070
206138347368461 206138347368462
206723450724175 206723450724176
207022899262574 207022899262575
206824094028301 206824094028302
206909332400829 206909332400830
206769313782552 206769313782553
207100478395427 207100478395428
207147257194293 207147257194294
207184858475707 207184858475708
101227433488789 101227433488790
101437488352939 101437488352940
101595297990621 101595297990622
101696786375930 101696786375931
101084074471204 101084074471205
100928269825594 100928269825595
100997683499139 100997683499140
100881400217797 100881400217798
100866487087874 100866487087875
100873327075719 100873327075720
100877721700162 100877721700163
3 0 1 281474976710656 281474976710656 0 0 281474976710656 281474976710656 0 1
7 1 0 70779776384757 71656796170143 169111531942342 169801266595060 281474976710656 281474976710656 2 1
8 1 0 33641352005696 33784006786194 57991633778625 58463968120858 106182454389877 106859617170199 3 4
14 1 2 19607503771235 19607503771236 0 0 26575411669173 26822575918337 0 5
0 0 0 44305954570881 44854941877055 169111531942342 169801266595060 211283132543287 211820623262483 2 6
1 0 0 19452635445372 19789987298525 236399198903321 236785044522176 256419957898120 256652422149306 7 8
10 0 0 10875832046414 11091269839218 269858815252230 269972185145256 281474976710656 281474976710656 9 1
2 0 0 21058447621606 21147745109489 57991633778625 58463968120858 77159919284465 77734072591835 3 10
3 0 0 8259301568749 8312437815722 87935219250261 88554800658623 96206464099384 96855158946779 11 12
11 0 0 4376608615460 4409151612304 101607761832082 102272771733029 106182454389877 106859617170199 13 4
16 1 3 12201801242085 12201801242086 0 0 10804957178374 10911727298983 0 14
4 1 0 4542627780357 4548191293779 16761821129759 16923774063369 21252116195042 21453938214465 15 16
12 1 0 2346750629067 2350891617481 24146697488810 24373433395554 26575411669173 26822575918337 17 5
5 0 0 10444211780647 10593558104095 195068305600021 195679541383294 211283132543287 211820623262483 18 6
6 0 0 5177656849128 5245284022011 178233310483219 178901014337633 185635789689624 186281188553521 19 20
13 0 0 3086346010181 3124588381855 169111531942342 169801266595060 173321213794504 174001529937493 2 21
7 0 0 5017133803052 5108568612500 248372034182414 248669615318745 256419957898120 256652422149306 22 8
8 0 0 2345235506516 2386613318898 240486189684523 240843063994126 243897295377890 244229070188937 23 24
14 0 0 1355067606054 1378567484482 236399198903321 236785044522176 238269702800572 238642438092617 7 25
17 0 0 2937411009020 2997085513873 276724199313784 276771733108916 281474976710656 281474976710656 26 1
9 0 0 1331853064966 1358462341881 272167179333525 272258789760108 274121470389818 274194360576688 27 28
15 0 0 757608794776 772616158430 269858815252230 269972185145256 270910852601669 271014352962003 9 29
5 0 0 4748764665498 4773061070758 69955048652431 70494087491830 77159919284465 77734072591835 30 10
6 0 0 2422570739059 2433600146442 62257885882446 62755210867817 65670194187027 66186547380089 31 32
13 0 0 1466928236329 1473148685660 57991633778625 58463968120858 59969015085619 60453098339133 3 33
7 0 0 2089336545221 2103540716394 92914473475172 93552179786157 96206464099384 96855158946779 34 12
8 0 0 989167440189 995655267009 89646056008962 90272069303671 91065088672795 91696274537440 35 36
14 0 0 575341682410 579043145237 87935219250261 88554800658623 88719667785517 89342224880727 11 37
17 0 0 1169349554369 1178277141904 104321862032607 104994266284008 106182454389877 106859617170199 38 4
9 0 0 534010297613 538016880156 102523698272263 103191263660506 103296468995346 103966142820370 39 40
15 0 0 304873885898 307140826075 101607761832082 102272771733029 102025625227116 102691808572336 13 41
5 1 0 2702025560791 2703358464972 6752553826690 6820288797515 10804957178374 10911727298983 42 14
6 1 0 1398881096798 1399122284408 2360302133263 2384360753133 4315591167499 4359268822800 43 44
19 1 4 874091170836 874091170837 0 0 1041441673693 1052107788587 0 45
7 0 0 1138508133883 1140128152515 19473391193298 19659597599829 21252116195042 21453938214465 46 16
8 0 0 542306222370 543007447557 17696391751250 17866765051425 18469257106483 18646545231709 47 48
14 0 0 316438755499 316826308993 16761821129759 16923774063369 17190715716009 17356540924554 15 49
17 0 0 623879923216 625046636959 25590132215816 25829061435569 26575411669173 26822575918337 50 5
9 0 0 285854492231 286369097766 24634640665985 24865515594315 25045663455426 25280011324430 51 52
15 0 0 163474289428 163762750047 24146697488810 24373433395554 24369408347848 24598035593089 17 53
10 0 0 33711604342 34405605241 280397836161287 280408755089734 280433892820616 280444447587541 54 55
16 0 0 37959271384 37965816120 2360302133263 2384360753133 2393777307133 2418174184124 43 56
18 0 0 33977545447 34616844810 256386887764475 256619629103686 256419957898120 256652422149306 57 8
20 0 0 35446254154 35596562550 57991633778625 58463968120858 58019105687105 58491605221732 3 58
1 0 0 36167225372 36914553448 281437489857380 281437871254667 281474976710656 281474976710656 59 1
2 1 5 38068025677 38068025678 0 0 34211179371 34562830799 0 60
20 1 6 473787704676 473787704677 0 0 365698197522 369452679959 0 61
4 1 0 195201699360 195210568733 622037386169 628417721025 814385347108 822732845558 62 63
12 1 0 100246013717 100252882122 937979602466 947589672175 1041441673693 1052107788587 64 45
5 1 0 117050205126 117051834280 190546245732 192503742012 365698197522 369452679959 65 61
6 1 7 60814542220 60814542221 0 0 84915939554 85788618509 0 66
-1
3 1 0 14569843388 14569899995 53188289728 53734966698 67633198597 68328306392 67 68
11 1 0 7635710124 7635753077 77009388336 77800834332 84915939554 85788618509 69 66
2 0 0 875656373762 875807349759 2360302133263 2384360753133 3147650120242 3179642773122 43 70
3 0 0 335474049552 335561895093 3584631243242 3621007580521 3917363130382 3957067903890 71 72
11 0 0 175892142356 175945252031 4133391510105 4175252920575 4315591167499 4359268822800 73 44
5 0 0 195613602999 195654373372 2853219031762 2882250083068 3147650120242 3179642773122 74 70
6 0 0 100397535907 100416139354 2536660441160 2562500182101 2677254719723 2704512741109 75 76
13 0 0 60998088894 61008605859 2360302133263 2384360753133 2442123406384 2467008661053 43 77
4 0 0 13961724404 13964184450 2412109799086 2436691885664 2425871724711 2450592829045 78 79
12 0 0 7174516482 7175792476 2434717181836 2459527632249 2442123406384 2467008661053 80 77
0 0 0 1838728594086 1876082991572 276724199313784 276771733108916 278501464736547 278531405297811 26 81
1 0 0 830974151315 848030338489 279572850550878 279592076166392 280433892820616 280444447587541 82 55
18 0 0 471366895168 481092128002 281015388953875 281020057932063 281474976710656 281474976710656 83 1
21 0 0 127689492116 130326788837 281313553229271 281315194861900 281474976710656 281474976710656 84 1
9 0 0 57781364443 58973935573 281115558118341 281119210760598 281200428575628 281203219543660 85 86
15 0 0 32835345730 33512803960 281015388953875 281020057932063 281061030612978 281065236591026 83 87
0 0 0 79929679434 81580545751 281313553229271 281315194861900 281390861816283 281391717474431 84 88
-1
7 0 0 215432455598 219862495267 280087019570623 280101073795699 280433892820616 280444447587541 89 55
8 0 0 100360290003 102421536365 279748113941088 279765578924663 279894592164518 279910583994721 90 91
14 0 0 57885532121 59073663508 279572850550878 279592076166392 279653031590729 279671452009687 82 92
0 0 0 134854065361 137627133409 280087019570623 280101073795699 280216709808253 280229456651145 89 93
1 0 0 59932874057 61166218557 280294231813590 280306196597274 280356178734602 280367518274796 94 95
0 0 0 3140570848171 3197806215681 248372034182414 248669615318745 251383776600660 251657533781800 22 96
1 0 0 1392855356521 1418733362345 253182465580434 253441683855318 254618932061657 254866372492521 97 98
10 0 0 782652328287 797331903968 255584490592572 255823931002914 256419957898120 256652422149306 99 8
17 0 0 211601231154 215577765809 256078171337644 256313495563986 256419957898120 256652422149306 100 8
9 0 0 95876688739 97676143235 255750450694520 255988509323509 255890979480173 256127866523080 101 102
15 0 0 54519441329 55542018324 255584490592572 255823931002914 255660123004226 255898933945371 99 103
0 0 0 132455837155 134945025066 256078171337644 256313495563986 256206017911929 256440273334988 100 104
1 0 0 59886164215 61012485001 256283096533904 256516707009358 256345047386464 256578139185360 105 106
16 0 0 912873305287 916744307291 57991633778625 58463968120858 58800225208425 59277398566331 3 107
4 0 0 336093853525 337549839375 59243283857697 59723088369424 59575992101547 60057762976811 108 109
12 0 0 172783138738 173538562958 59789890009054 60272920772134 59969015085619 60453098339133 110 33
5 0 0 201244962829 202105788984 58497712119386 58973080700473 58800225208425 59277398566331 111 107
6 0 0 104492422982 104936874056 58168814294227 58642213074934 58315359714646 58789637149564 112 113
19 0 0 65394811832 65672115864 57991633778625 58463968120858 58069849368041 58542653885938 3 114
4 0 0 14597894079 14659845781 58038357955891 58510973224097 58052801807639 58525503886140 115 116
12 0 0 7495184804 7527006481 58062081709744 58534839554149 58069849368041 58542653885938 117 114
122678336829865 123364563489819
0 120632132875995 125099989649181 0 118
74290118234948 74290118234949
222697964583563 222697964583564
157144812870925 157144812870926
100844361320859 100844361320860
124330163839730 124330163839731
86238015427197 86238015427198
180630615389796 180630615389797
195236961283458 195236961283459
207230329813276 207230329813277
215461961389066 215461961389067
110024633177393 110024633177394
115277832901678 115277832901679
119356494556657 119356494556658
122041945193153 122041945193154
79103989580119 79103989580120
81783479650615 81783479650616
83815440986657 83815440986658
85130887495109 85130887495110
171450343533262 171450343533263
162118482153998 162118482153999
166197143808977 166197143808978
159433031517502 159433031517503
202370987130536 202370987130537
197659535723998 197659535723999
199691497060040 199691497060041
196344089215546 196344089215547
219724858965771 219724858965772
216890886472456 216890886472457
218104110521984 218104110521985
216112643713183 216112643713184
106549533214591 106549533214592
102869632265219 102869632265220
104496874026261 104496874026262
101781795739296 101781795739297
117728312616815 117728312616816
116118150061543 116118150061544
116816450331236 116816450331237
115662919042574 115662919042575
123397984511852 123397984511853
122499074933944 122499074933945
122885146713689 122885146713690
122250431600834 122250431600835
77291579817693 77291579817694
75336629342194 75336629342195
76205700303586 76205700303587
74751525986480 74751525986481
83009271060438 83009271060439
82205529682065 82205529682066
82554896751387 82554896751388
81977111204780 81977111204781
85788501933392 85788501933393
85353066920356 85353066920357
85540318655562 85540318655563
85232280850561 85232280850562
222022197300482 222022197300483
222044802271731 222044802271732
75351491818558 75351491818559
207210255392417 207210255392418
100857370221053 100857370221054
222674429829821 222674429829822
74305266710793 74305266710794
74452077448081 74452077448082
74565644309826 74565644309827
74650882682354 74650882682355
74705662928103 74705662928104
74374498315228 74374498315229
74327719516362 74327719516363
74313669899628 74313669899629
74320066321618 74320066321619
74324218295155 74324218295156
75686350326485 75686350326486
75880582328674 75880582328675
76028541937036 76028541937037
76124635765901 76124635765902
75555534390087 75555534390088
75414936169070 75414936169071
75477374287401 75477374287402
75372957764282 75372957764283
75359631411035 75359631411036
75365741792294 75365741792295
75369669281319 75369669281320
220834860642881 220834860642882
221505291187730 221505291187731
222409511685390 222409511685391
222596629249008 222596629249009
222472365947540 222472365947541
222525627236523 222525627236524
222438149907917 222438149907918
222645157783361 222645157783362
221827383080658 221827383080659
221615056584494 221615056584495
221706814152412 221706814152413
221555504396577 221555504396578
221908660607183 221908660607184
221957250856418 221957250856419
221996082419299 221996082419300
204183396892962 204183396892963
205269276407069 205269276407070
206138347368461 206138347368462
206723450724175 206723450724176
207022899262574 207022899262575
206824094028301 206824094028302
206909332400829 206909332400830
206769313782552 206769313782553
207100478395427 207100478395428
207147257194293 207147257194294
207184858475707 207184858475708
101227433488789 101227433488790
101437488352939 101437488352940
101595297990621 101595297990622
101696786375930 101696786375931
101084074471204 101084074471205
100928269825594 100928269825595
100997683499139 100997683499140
100881400217797 100881400217798
100866487087874 100866487087875
100873327075719 100873327075720
100877721700162 100877721700163
4 0 1 281474976710656 281474976710656 0 0 281474976710656 281474976710656 0 1
7 1 0 70304500157007 70779776384758 169801266595059 170176834744849 281474976710656 281474976710656 2 1
8 1 0 33563315955576 33641352005697 58463968120857 58722771662798 106859617170198 107229645248187 3 4
14 1 2 19607503771235 19607503771236 0 0 26822575918336 26958243704482 0 5
0 0 0 44008446327271 44305954570882 169801266595059 170176834744849 211820623262482 212112602591515 2 6
1 0 0 19270847284893 19452635445373 236785044522175 236994352152197 256652422149305 256778384949071 7 8
10 0 0 10760064384500 10875832046415 269972185145255 270033569596237 281474976710656 281474976710656 9 1
2 0 0 21009599463727 21058447621607 58463968120857 58722771662798 77734072591834 78048325414009 3 10
3 0 0 8230308105853 8259301568750 88554800658622 88893711966390 96855158946778 97209830102573 11 12
11 0 0 4358872226993 4376608615461 102272771733028 102636252557108 106859617170198 107229645248187 13 4
16 1 3 12201801242085 12201801242086 0 0 10911727298982 10970385408165 0 14
4 1 0 4539573736778 4542627780358 16923774063368 17012718919109 21453938214464 21564751110929 15 16
12 1 0 2344478891733 2346750629068 24373433395553 24497905204610 26822575918336 26958243704482 17 5
5 0 0 10363454169094 10444211780648 195679541383293 196011882404343 211820623262482 212112602591515 18 6
6 0 0 5141036311420 5177656849129 178901014337632 179264400640975 186281188553520 186632290116605 19 20
13 0 0 3065621631493 3086346010182 169801266595059 170176834744849 174001529937492 174371882198963 2 21
7 0 0 4967911912742 5017133803053 248669615318744 248830934706661 256652422149305 256778384949071 22 8
8 0 0 2322945959777 2345235506517 240843063994125 241036611530878 244229070188936 244408970974460 23 24
14 0 0 1342404270635 1355067606055 236785044522175 236994352152197 238642438092616 238844612711561 7 25
17 0 0 2905362728933 2937411009021 276771733108915 276797460570771 281474976710656 281474976710656 26 1
9 0 0 1317557064454 1331853064967 272258789760107 272308386103724 274194360576687 274233817799269 27 28
15 0 0 749544437176 757608794777 269972185145255 270033569596237 271014352962002 271070390239917 9 29
5 0 0 4735487316208 4748764665499 70494087491829 70789240858637 77734072591834 78048325414009 30 10
6 0 0 2416539530690 2422570739060 62755210867816 63027641826565 66186547380088 66469347423958 31 32
13 0 0 1463525481132 1466928236330 58463968120857 58722771662798 60453098339132 60718309812010 3 33
7 0 0 2081589387315 2089336545222 93552179786156 93900907631015 96855158946778 97209830102573 34 12
8 0 0 985627909513 989167440190 90272069303670 90614465865282 91696274537439 92041472639417 35 36
14 0 0 573322002224 575341682411 88554800658622 88893711966390 89342224880726 89682748846374 11 37
17 0 0 1164485009152 1169349554370 104994266284007 105361732582858 106859617170198 107229645248187 38 4
9 0 0 531826822957 534010297614 103191263660505 103556122455067 103966142820369 104332138068316 39 40
15 0 0 303638371793 304873885899 102272771733028 102636252557108 102691808572335 103055922214731 13 41
5 1 0 2701293252688 2702025560792 6820288797514 6857510037429 10911727298982 10970385408165 42 14
6 1 0 1398748537007 1398881096799 2384360753132 2397584561155 4359268822799 4383273567338 43 44
19 1 4 874091170836 874091170837 0 0 1052107788586 1057970850745 0 45
7 0 0 1137619042875 1138508133884 19659597599828 19761846830862 21453938214464 21564751110929 46 16
8 0 0 541921321255 542306222371 17866765051424 17960329443814 18646545231708 18743902803821 47 48
14 0 0 316226011291 316438755500 16923774063368 17012718919109 17356540924553 17447610232343 15 49
17 0 0 623239944894 623879923217 25829061435568 25960216339431 26822575918336 26958243704482 50 5
9 0 0 285572192421 285854492232 24865515594314 24992256117518 25280011324429 25408655355897 51 52
15 0 0 163316040553 163474289429 24373433395553 24497905204610 24598035593088 24723544115316 17 53
10 0 0 33339004657 33711604343 280408755089733 280414663703113 280444447587540 280450159128933 54 55
16 0 0 37955674315 37959271385 2384360753132 2397584561155 2418174184123 2431583889596 43 56
18 0 0 33633623860 33977545448 256619629103685 256745742278709 256652422149305 256778384949071 57 8
20 0 0 35364031369 35446254155 58463968120857 58722771662798 58491605221731 58750498875391 3 58
1 0 0 35766029934 36167225373 281437871254666 281438077630100 281474976710656 281474976710656 59 1
2 1 5 38068025677 38068025678 0 0 34562830798 34756141272 0 60
20 1 6 473787704676 473787704677 0 0 369452679958 371516562264 0 61
4 1 0 195196823920 195201699361 628417721024 631925013810 822732845557 827321445221 62 63
12 1 0 100242238299 100246013718 947589672174 952872267248 1052107788586 1057970850745 64 45
5 1 0 117049309557 117050205127 192503742011 193579810965 369452679958 371516562264 65 61
6 1 7 60814542220 60814542221 0 0 85788618508 86268347821 0 66
-1
3 1 0 14569812271 14569843389 53734966697 54035486649 68328306391 68710421611 67 68
11 1 0 7635686512 7635710125 77800834331 78235908434 85788618508 86268347821 69 66
2 0 0 875573395426 875656373763 2384360753132 2397584561155 3179642773121 3197226734806 43 70
3 0 0 335425773538 335474049553 3621007580520 3641000430330 3957067903889 3978889689334 71 72
11 0 0 175862956994 175892142357 4175252920574 4198259714727 4359268822799 4383273567338 73 44
5 0 0 195591196020 195613603000 2882250083067 2898206540362 3179642773121 3197226734806 74 70
6 0 0 100387311369 100397535908 2562500182100 2576702840656 2704512741108 2719494829796 75 76
13 0 0 60992308635 60998088895 2384360753132 2397584561155 2467008661052 2480686765132 43 77
4 0 0 13960372337 13961724405 2436691885663 2450203377280 2450592829044 2464180720892 78 79
12 0 0 7173815185 7174516483 2459527632248 2473164626113 2467008661052 2480686765132 80 77
0 0 0 1818667360296 1838728594087 276771733108915 276797460570771 278531405297810 278547608892801 26 81
1 0 0 821816283478 830974151316 279592076166391 279602480296360 280444447587540 280450159128933 82 55
18 0 0 466145819014 471366895169 281020057932062 281022584392233 281474976710656 281474976710656 83 1
21 0 0 126273671653 127689492117 281315194861899 281316083161307 281474976710656 281474976710656 84 1
9 0 0 57141127584 57781364444 281119210760597 281121187253807 281203219543659 281204729766367 85 86
15 0 0 32471646364 32835345731 281020057932062 281022584392233 281065236591025 281067512508489 83 87
0 0 0 79043419540 79929679435 281315194861899 281316083161307 281391717474430 281392180475310 84 88
-1
7 0 0 213053965452 215432455599 280101073795698 280108679159245 280444447587540 280450159128933 89 55
8 0 0 99253574602 100360290004 279765578924662 279775030179135 279910583994720 279919237974986 90 91
14 0 0 57247596450 57885532122 279592076166391 279602480296360 279671452009686 279681420355126 82 92
0 0 0 133365203969 134854065362 280101073795698 280108679159245 280229456651144 280236354482455 89 93
1 0 0 59270702357 59932874058 280306196597273 280312671196808 280367518274795 280373654510118 94 95
0 0 0 3109759464647 3140570848172 248669615318744 248830934706661 251657533781799 251805913208710 22 96
1 0 0 1378930121783 1392855356522 253441683855317 253582168932456 254866372492520 255000463740326 97 98
10 0 0 774754678875 782652328288 255823931002913 255953679943556 256652422149305 256778384949071 99 8
17 0 0 209461933748 211601231155 256313495563985 256441010497928 256652422149305 256778384949071 100 8
9 0 0 94908591055 95876688740 255988509323508 256117508304427 256127866523079 256256229639647 101 102
15 0 0 53969292280 54519441330 255823931002913 255953679943556 255898933945370 256028341240631 99 103
0 0 0 131116703033 132455837156 256313495563985 256441010497928 256440273334987 256567208212041 100 104
1 0 0 59280236192 59886164216 256516707009357 256643291867360 256578139185359 256704442555223 105 106
16 0 0 910755761766 912873305288 58463968120857 58722771662798 59277398566330 59538841597341 3 107
4 0 0 335297473977 336093853526 59723088369423 59985966437935 60057762976810 60321713434076 108 109
12 0 0 172369964001 172783138739 60272920772133 60537558297995 60453098339132 60718309812010 110 33
5 0 0 200774087647 201244962830 58973080700472 59233539340014 59277398566330 59538841597341 111 107
6 0 0 104249299786 104492422983 58642213074933 58901597256080 58789637149563 59049500613703 112 113
19 0 0 65243118975 65394811833 58463968120857 58722771662798 58542653885937 58801713905532 3 114
4 0 0 14564004945 14597894080 58510973224096 58769930009665 58525503886139 58784508026021 115 116
12 0 0 7477777584 7495184805 58534839554148 58793874113819 58542653885937 58801713905532 117 114
182970783987783 192767915356525
1 140737488355328 187649984473771 0 118
222697964583563 222697964583564
74290118234948 74290118234949
157144812870925 157144812870926
124330163839730 124330163839731
100844361320859 100844361320860
86238015427197 86238015427198
180630615389796 180630615389797
207230329813276 207230329813277
195236961283458 195236961283459
215461961389066 215461961389067
110024633177393 110024633177394
119356494556657 119356494556658
115277832901678 115277832901679
122041945193153 122041945193154
79103989580119 79103989580120
83815440986657 83815440986658
81783479650615 81783479650616
85130887495109 85130887495110
171450343533262 171450343533263
166197143808977 166197143808978
162118482153998 162118482153999
159433031517502 159433031517503
202370987130536 202370987130537
199691497060040 199691497060041
197659535723998 197659535723999
196344089215546 196344089215547
219724858965771 219724858965772
218104110521984 218104110521985
216890886472456 216890886472457
216112643713183 216112643713184
106549533214591 106549533214592
104496874026261 104496874026262
102869632265219 102869632265220
101781795739296 101781795739297
117728312616815 117728312616816
116816450331236 116816450331237
116118150061543 116118150061544
115662919042574 115662919042575
123397984511852 123397984511853
122885146713689 122885146713690
122499074933944 122499074933945
122250431600834 122250431600835
77291579817693 77291579817694
76205700303586 76205700303587
75336629342194 75336629342195
74751525986480 74751525986481
83009271060438 83009271060439
82554896751387 82554896751388
82205529682065 82205529682066
81977111204780 81977111204781
85788501933392 85788501933393
85540318655562 85540318655563
85353066920356 85353066920357
85232280850561 85232280850562
222044802271731 222044802271732
222022197300482 222022197300483
75351491818558 75351491818559
207210255392417 207210255392418
100857370221053 100857370221054
222674429829821 222674429829822
74305266710793 74305266710794
74452077448081 74452077448082
74650882682354 74650882682355
74565644309826 74565644309827
74705662928103 74705662928104
74374498315228 74374498315229
74327719516362 74327719516363
74320066321618 74320066321619
74313669899628 74313669899629
74324218295155 74324218295156
75686350326485 75686350326486
76028541937036 76028541937037
75880582328674 75880582328675
76124635765901 76124635765902
75555534390087 75555534390088
75477374287401 75477374287402
75414936169070 75414936169071
75372957764282 75372957764283
75365741792294 75365741792295
75359631411035 75359631411036
75369669281319 75369669281320
220834860642881 220834860642882
221505291187730 221505291187731
222409511685390 222409511685391
222596629249008 222596629249009
222525627236523 222525627236524
222472365947540 222472365947541
222438149907917 222438149907918
222645157783361 222645157783362
221827383080658 221827383080659
221706814152412 221706814152413
221615056584494 221615056584495
221555504396577 221555504396578
221908660607183 221908660607184
221996082419299 221996082419300
221957250856418 221957250856419
204183396892962 204183396892963
206138347368461 206138347368462
205269276407069 205269276407070
206723450724175 206723450724176
207022899262574 207022899262575
206909332400829 206909332400830
206824094028301 206824094028302
206769313782552 206769313782553
207100478395427 207100478395428
207184858475707 207184858475708
207147257194293 207147257194294
101227433488789 101227433488790
101595297990621 101595297990622
101437488352939 101437488352940
101696786375930 101696786375931
101084074471204 101084074471205
100997683499139 100997683499140
100928269825594 100928269825595
100881400217797 100881400217798
100873327075719 100873327075720
100866487087874 100866487087875
100877721700162 100877721700163
5 0 1 281474976710656 281474976710656 0 0 281474976710656 281474976710656 0 1
0 1 8 176194644402237 176194644402238 0 0 106549533214591 110024633177394 0 2
1 1 0 71763165554599 76465219256253 169485817265802 172983702549683 219378439614020 221866051510231 3 4
10 1 0 38696591965195 42506876409249 252732436705207 254050906797073 281474976710656 281474976710656 5 1
5 1 0 40333258611182 41347921969287 65712094144270 68375910281473 106549533214591 110024633177394 6 2
6 1 0 20378003638103 20557806225072 23140465105509 24272668197667 41881232173546 43774996739518 7 8
13 1 9 12273691945766 12273691945767 0 0 10685729870687 11235057047139 0 9
7 0 0 18269185370450 19681087806745 199351925216160 202352455020196 219378439614020 221866051510231 10 4
8 0 0 8613366987103 9212282482155 179690580672351 183054819038568 188199945192030 191423877408669 11 12
14 0 0 4999011122377 5326555463140 169485817265802 172983702549683 174157521760675 177598921146248 3 13
17 0 0 10375054644493 11467067830430 269729656829960 270302901394353 281474976710656 281474976710656 14 1
9 0 0 4727094792106 5203335131221 258450616981892 259529560679122 263289195270806 264156592057967 15 16
15 0 0 2695598670113 2961022500962 252732436705207 254050906797073 255338896399155 256549595385611 5 17
0 0 0 25247374532642 25882522465359 65712094144270 68375910281473 81290221913895 84338694277846 6 18
1 0 0 10694263214551 11065334119481 90423110428645 93653845049935 97627262601837 100979348887682 19 20
10 0 0 5875127362539 6106304189628 102425743362973 105847730764986 106549533214591 110024633177394 21 2
2 0 0 12756001071931 12868551939664 23140465105509 24272668197667 30646915663738 32100752690987 7 22
3 0 0 4920167878373 4985594575134 34836222752293 36459905769870 38037283664902 39786097393691 23 24
11 0 0 2587547891253 2627195723339 40120793723974 41948892766197 41881232173546 43774996739518 25 8
16 1 10 7637950826179 7637950826180 0 0 4361362163464 4591081333504 0 26
4 1 0 2816479911657 2823723936313 6755957230366 7108567714780 8556398724198 8999900321178 27 28
12 1 0 1448920113878 1454280454637 9714925052381 10216228392920 10685729870687 11235057047139 29 9
0 0 0 11435945949731 12319753279963 199351925216160 202352455020196 206850966871373 209676185608579 10 30
1 0 0 5045536023926 5459356974883 211326960251951 214037967016912 214900163278907 217514871923612 31 32
10 0 0 2827763387651 3066378238456 217301282572418 219848730948992 219378439614020 221866051510231 33 4
2 0 0 5391701781571 5766604388939 179690580672351 183054819038568 183072061138559 186383679145500 11 34
3 0 0 2119289103788 2271058627358 184974781235112 188254971504196 186436234426241 189691397156586 35 36
11 0 0 1124130751538 1205703578774 187391018004016 190629413472263 188199945192030 191423877408669 37 12
16 0 0 3110897788616 3314729494610 169485817265802 172983702549683 171384256011807 174860145327899 3 38
4 0 0 1159579471694 1236899029759 172431449445449 175894644045280 173221092908225 176674451092009 39 40
12 0 0 599369174189 639640411891 173730242963826 177177138522879 174157521760675 177598921146248 41 13
0 0 0 6494463859994 7178030396627 269729656829960 270302901394353 274125166763275 274489439054717 14 42
1 0 0 2926144081717 3242381591908 276773987760085 277009117564726 278902270282633 279031889220972 43 44
18 0 0 1657299389784 1838776094495 280339332492709 280396828777160 281474976710656 281474976710656 45 1
2 0 0 2959015382767 3257127130323 258450616981892 259529560679122 260365639744411 261361827362128 15 46
3 0 0 1173784162010 1293443928373 261447682239650 262396548031030 262280987209224 263193132867724 47 48
11 0 0 625225572687 689307630407 262826431801139 263714411841413 263289195270806 264156592057967 49 16
16 0 0 1677478152492 1842652101543 252732436705207 254050906797073 253789335430791 255064390102083 5 50
4 0 0 628457546794 690750366664 254373667209786 255624551760060 254814917757762 256047471845344 51 52
12 0 0 325568794766 357933520109 255099717642983 256320404596316 255338896399155 256549595385611 53 17
13 0 0 38131401754 38145253224 954698483979 1005634974463 987773829296 1040468459359 54 55
17 0 0 32072939160 35566035964 278865810828175 278997250359841 278902270282633 279031889220972 56 44
19 0 0 39612430356 39961945333 23140465105509 24272668197667 23171236571325 24304803583804 7 57
21 0 0 33227333501 36058120986 219349563691101 221838017902983 219378439614020 221866051510231 58 4
6 1 5 38068025677 38068025678 0 0 34366123658 36206013682 0 59
7 0 0 32958884658 36582439046 281437658870030 281439555252930 281474976710656 281474976710656 60 1
21 0 0 448806774815 498084297353 281076112718758 281096357096750 281474976710656 281474976710656 61 1
9 0 0 203134383038 225398045542 280586861924721 280631863785314 280796581794609 280830981283585 62 63
15 0 0 115447221685 128088861144 280339332492709 280396828777160 280452118985505 280503924806504 45 64
0 0 0 280939183361 311785390943 281076112718758 281096357096750 281267137755830 281277693445911 61 65
1 0 0 127104881099 141076184569 281382351208861 281387057286420 281474976710656 281474976710656 66 1
-1
8 0 0 15352042389 17039647033 281401202647458 281404951167409 281416958834563 281419906926549 67 68
14 0 0 8854106551 9827345412 281382351208861 281387057286420 281390975385677 281395243413848 66 69
7 0 0 758196483291 840523108981 278044939335028 278217248069108 278902270282633 279031889220972 70 44
8 0 0 353336998590 391584538997 277207231382610 277421008999472 277569305154959 277765188685906 71 72
14 0 0 203834748608 225863805139 276773987760085 277009117564726 276972194157906 277197563466329 43 73
0 0 0 474607587934 526141513642 278044939335028 278217248069108 278365489814005 278521866648304 70 74
1 0 0 210882248006 233823568362 278557093215918 278703930191003 278710198643912 278849403499507 75 76
10 0 0 118605952711 131520946996 278813156108227 278947224134245 278902270282633 279031889220972 77 44
9 0 0 14530431826 16112752619 278830855962111 278964040527448 278845844345141 278978280704558 78 79
15 0 0 8262072502 9161729026 278813156108227 278947224134245 278821222271540 278954887700897 77 80
5 1 0 1684869040593 1686618423237 2728340624007 2872937952902 4361362163464 4591081333504 81 26
6 1 0 874474890540 874792548980 954698483979 1005634974463 1744739062884 1837550857636 54 82
19 1 11 547154083892 547154083893 0 0 421380312398 443907447688 0 83
20 1 12 296576474126 296576474127 0 0 147990621187 155910358033 0 84
4 1 0 122146752500 122158450195 251710026178 265175088243 329528862668 347151653351 85 86
12 1 0 62717240557 62726296919 379527909975 399820784489 421380312398 443907447688 87 83
5 1 0 73261825322 73263974730 77113507255 81241341706 147990621187 155910358033 88 84
-1
2 0 0 547394280578 547593124954 954698483979 1005634974463 1272920082173 1340753655790 54 89
3 0 0 209566330581 209681915549 1449481202272 1526672407078 1583895284228 1668201982642 90 91
11 0 0 109843109646 109912959482 1671152763304 1760074747793 1744739062884 1837550857636 92 82
5 0 0 122248405159 122302081073 1153934582593 1215454955080 1272920082173 1340753655790 93 89
6 0 0 62754634344 62779132746 1025987726025 1080713092742 1082815667671 1140559864023 94 95
5 0 0 2857343369371 2887681385700 27833584344165 29169482149859 30646915663738 32100752690987 96 22
6 0 0 1463951892068 1477807024474 24817187060542 26023163807600 26155802429260 27419878914937 97 98
13 0 0 888581081155 896421357366 23140465105509 24272668197667 23918045952073 25084599845108 7 99
16 0 0 552966347284 557845371821 23140465105509 24272668197667 23458523727438 24604806438782 7 100
4 0 0 203443637349 205276968152 23632747579385 24786725761260 23763553792079 24923301796908 101 102
12 0 0 104556707484 105507506298 23847637889521 25011091246129 23918045952073 25084599845108 103 99
5 0 0 121868093458 122952651569 23339545094144 24480565618607 23458523727438 24604806438782 104 100
6 0 0 63289236994 63849346913 23210169540800 24345461688887 23267817329149 24405662772841 105 106
17 0 0 764118879861 828969071767 218528733498375 221041007802043 219378439614020 221866051510231 107 4
9 0 0 346345380606 375627629620 217713929841030 220249612973634 218063331019138 220589004909999 108 109
15 0 0 196981564526 213603438491 217301282572418 219848730948992 217489338924785 220031433004556 33 110
0 0 0 478314825323 518909043096 218528733498375 221041007802043 218846577611601 221349656583566 107 111
1 0 0 216208709873 234601831866 219038200852311 221535718790088 219192212715060 221685251687083 112 113
18 0 0 122656352732 133103411829 219296227960110 221786237207136 219378439614020 221866051510231 114 4
9 0 0 15035639584 16316382967 219314146139774 221803633084062 219329327790752 221818372111161 115 116
15 0 0 8544222747 9271963284 219296227960110 221786237207136 219304392288880 221794163565399 114 117
172381426510370 176718288692874
1 93824992236885 112589990684263 0 118
222697964583563 222697964583564
74290118234948 74290118234949
157144812870925 157144812870926
124330163839730 124330163839731
100844361320859 100844361320860
86238015427197 86238015427198
180630615389796 180630615389797
207230329813276 207230329813277
195236961283458 195236961283459
215461961389066 215461961389067
110024633177393 110024633177394
119356494556657 119356494556658
115277832901678 115277832901679
122041945193153 122041945193154
79103989580119 79103989580120
83815440986657 83815440986658
81783479650615 81783479650616
85130887495109 85130887495110
171450343533262 171450343533263
166197143808977 166197143808978
162118482153998 162118482153999
159433031517502 159433031517503
202370987130536 202370987130537
199691497060040 199691497060041
197659535723998 197659535723999
196344089215546 196344089215547
219724858965771 219724858965772
218104110521984 218104110521985
216890886472456 216890886472457
216112643713183 216112643713184
106549533214591 106549533214592
104496874026261 104496874026262
102869632265219 102869632265220
101781795739296 101781795739297
117728312616815 117728312616816
116816450331236 116816450331237
116118150061543 116118150061544
115662919042574 115662919042575
123397984511852 123397984511853
122885146713689 122885146713690
122499074933944 122499074933945
122250431600834 122250431600835
77291579817693 77291579817694
76205700303586 76205700303587
75336629342194 75336629342195
74751525986480 74751525986481
83009271060438 83009271060439
82554896751387 82554896751388
82205529682065 82205529682066
81977111204780 81977111204781
85788501933392 85788501933393
85540318655562 85540318655563
85353066920356 85353066920357
85232280850561 85232280850562
222044802271731 222044802271732
222022197300482 222022197300483
75351491818558 75351491818559
207210255392417 207210255392418
100857370221053 100857370221054
222674429829821 222674429829822
74305266710793 74305266710794
74452077448081 74452077448082
74650882682354 74650882682355
74565644309826 74565644309827
74705662928103 74705662928104
74374498315228 74374498315229
74327719516362 74327719516363
74320066321618 74320066321619
74313669899628 74313669899629
74324218295155 74324218295156
75686350326485 75686350326486
76028541937036 76028541937037
75880582328674 75880582328675
76124635765901 76124635765902
75555534390087 75555534390088
75477374287401 75477374287402
75414936169070 75414936169071
75372957764282 75372957764283
75365741792294 75365741792295
75359631411035 75359631411036
75369669281319 75369669281320
220834860642881 220834860642882
221505291187730 221505291187731
222409511685390 222409511685391
222596629249008 222596629249009
222525627236523 222525627236524
222472365947540 222472365947541
222438149907917 222438149907918
222645157783361 222645157783362
221827383080658 221827383080659
221706814152412 221706814152413
221615056584494 221615056584495
221555504396577 221555504396578
221908660607183 221908660607184
221996082419299 221996082419300
221957250856418 221957250856419
204183396892962 204183396892963
206138347368461 206138347368462
205269276407069 205269276407070
206723450724175 206723450724176
207022899262574 207022899262575
206909332400829 206909332400830
206824094028301 206824094028302
206769313782552 206769313782553
207100478395427 207100478395428
207184858475707 207184858475708
207147257194293 207147257194294
101227433488789 101227433488790
101595297990621 101595297990622
101437488352939 101437488352940
101696786375930 101696786375931
101084074471204 101084074471205
100997683499139 100997683499140
100928269825594 100928269825595
100881400217797 100881400217798
100873327075719 100873327075720
100866487087874 100866487087875
100877721700162 100877721700163
6 0 1 281474976710656 281474976710656 0 0 281474976710656 281474976710656 0 1
2 1 8 176194644402237 176194644402238 0 0 112363444768313 114044971189944 0 2
3 1 0 66636794408731 68741259906890 175292522320778 176930506918629 223483342932030 224619049826117 3 4
11 1 0 34737754784512 36338659683390 254899565041482 255491550275840 281474976710656 281474976710656 5 1
5 1 0 39155928245495 39648783898109 70191844167368 71509131955038 112363444768313 114044971189944 6 2
6 1 0 20163809184634 20254221727455 25055018812535 25627973697182 45075777807334 46024389267136 7 8
13 1 9 12273691945766 12273691945767 0 0 11616161458425 11896055678184 0 9
7 0 0 16756506963301 17374106191045 204315057426190 205698872342772 223483342932030 224619049826117 10 4
8 0 0 7964302487676 8230256017646 185268512611271 186835690977457 193539757460394 195035062776670 11 12
14 0 0 4641908893433 4788505637748 175292522320778 176930506918629 179867214878573 181474888012533 3 13
17 0 0 9251355625216 9704402102045 270670019532281 270925246675659 281474976710656 281474976710656 14 1
9 0 0 4233893233723 4433135827177 260222860515613 260705927570382 264713155580896 265100579304404 15 16
15 0 0 2419826678382 2531345468469 254899565041482 255491550275840 257328279221845 257871173005981 5 17
0 0 0 24510402075800 24818914496580 70191844167368 71509131955038 86406671110634 87901660544345 6 18
1 0 0 10270144617916 10446850574977 95839187021031 97415875078584 103241666227436 104871337510651 19 20
10 0 0 5612814815319 5721856307350 108153762916151 109813199263090 112363444768313 114044971189944 21 2
2 0 0 12621921957678 12678517417843 25055018812535 25627973697182 33102942528241 33835651603823 7 22
3 0 0 4842792080045 4875377992401 37577681332765 38394124743098 40988787026132 41866620999199 23 24
11 0 0 2540812496469 2560474260978 43205273910083 44121867986292 45075777807334 46024389267136 25 8
16 1 10 7637950826179 7637950826180 0 0 4750777396871 4868232747345 0 26
4 1 0 2807761279034 2811453372656 7353506320837 7533558146584 9307797377130 9534036065897 27 28
12 1 0 1442480589385 1445205949003 10564124108986 10819685577788 11616161458425 11896055678184 29 9
0 0 0 10489055973374 10875654020516 204315057426190 205698872342772 211519928058224 212817948847535 10 30
1 0 0 4605245141253 4784618369842 215804782523628 217047514432071 219217090828209 220413519828013 31 32
10 0 0 2574760259580 2677721936286 221505961625036 222670203873511 223483342932030 224619049826117 33 4
2 0 0 4985407445900 5151886143894 185268512611271 186835690977457 188560503235483 190100504122253 11 34
3 0 0 1955319037692 2022440665709 190409888037860 191933792326887 191828920701693 193340070060695 35 36
11 0 0 1036124674115 1072134320375 192755308925138 194257942273822 193539757460394 195035062776670 37 12
16 0 0 2888672130954 2979899671070 175292522320778 176930506918629 177153114678048 178779212553401 3 38
4 0 0 1075428292107 1109955119406 178178507715309 179797795993519 178951278438392 180565313340966 39 40
12 0 0 555573149077 573538160962 179449351483539 181059945129690 179867214878573 181474888012533 41 13
0 0 0 5791062970046 6074656075960 270670019532281 270925246675659 274722422883965 274884257810918 14 42
1 0 0 2602022713675 2732538284903 277159385543156 277263710366613 279114674577392 279172125099986 43 44
18 0 0 1471671851712 1546372668534 280433535036962 280459000915711 281474976710656 281474976710656 45 1
2 0 0 2650286435656 2775006147205 260222860515613 260705927570382 262001585517357 262447177971547 15 46
3 0 0 1050073373043 1100023323820 263005719604172 263429917837670 263778584959405 264186199044441 47 48
11 0 0 559025835030 585748387009 264284260994646 264680969038537 264713155580896 265100579304404 49 16
16 0 0 1505864515667 1575262952474 254899565041482 255491550275840 255884844494839 256457036098507 5 50
4 0 0 563796511675 589937024485 256429313255229 256990495516223 256840336044670 257393173664807 51 52
12 0 0 291987514697 305561669258 257105568362807 257653005846669 257328279221845 257871173005981 53 17
13 0 0 38114669690 38121763401 1041083890039 1067176719473 1077140549368 1104133513788 54 55
17 0 0 28496978743 29936399951 279081199403522 279139457904861 279114674577392 279172125099986 56 44
19 0 0 39196061657 39371812954 25055018812535 25627973697182 25088088946180 25661724391773 7 57
21 0 0 30229395642 31448980706 223455871023550 224591978987923 223483342932030 224619049826117 58 4
6 1 5 38068025677 38068025678 0 0 37486853275 38429838395 0 59
7 0 0 29254742200 30745087858 281440765531284 281441605011909 281474976710656 281474976710656 60 1
21 0 0 398423061174 418696014574 281109278513133 281118241776963 281474976710656 281474976710656 61 1
9 0 0 180364668773 189527331014 280660591363547 280680520870609 280852939324486 280868171900272 62 63
15 0 0 102516435811 107720083272 280433535036962 280459000915711 280536997108189 280559941332955 45 64
0 0 0 249400534305 262090777172 281109278513133 281118241776963 281284430464923 281289103592503 61 65
1 0 0 112822410228 118568956160 281390060771101 281392144088881 281474976710656 281474976710656 66 1
-1
8 0 0 13626869904 14320990009 281407343512058 281409002916495 281421788420927 281423093479762 67 68
14 0 0 7859191818 8259495328 281390060771101 281392144088881 281397967322319 281399856713476 66 69
7 0 0 673877891308 707823304715 278327326590413 278403730544438 279114674577392 279172125099986 70 44
8 0 0 314145517436 329925746454 277557613580273 277652444435008 277890345467413 277977223110436 71 72
14 0 0 181256503748 190348198453 277159385543156 277263710366613 277341585200550 277441569638154 43 73
0 0 0 421826752833 443075533504 278327326590413 278403730544438 278621757678893 278691086293658 70 74
1 0 0 187392624410 196848348205 278797721990932 278862815042557 278938316269495 279000021347387 75 76
10 0 0 105384195203 110706360934 279032853304271 279092278382121 279114674577392 279172125099986 77 44
9 0 0 12910543141 13562596341 279049104985944 279108137960100 279062866911569 279121567817128 78 79
15 0 0 7341046898 7711788149 279032853304271 279092278382121 279040259528819 279099505922552 77 80
5 1 0 1682758209722 1683652800617 2973511974108 3047511191196 4750777396871 4868232747345 81 26
6 1 0 874091170836 874253852282 1041083890039 1067176719473 1902126159777 1949649377925 54 82
19 1 11 547154083892 547154083893 0 0 459587756780 471130952876 0 83
20 1 12 296576474126 296576474127 0 0 161423481384 165482270236 0 84
4 1 0 122132615857 122138610053 274548135027 281448454180 359418592314 368449196937 85 86
12 1 0 62706296841 62710937060 413946097677 424344670036 459587756780 471130952876 87 83
5 1 0 73259227480 73260329052 84114894372 86230452621 161423481384 165482270236 88 84
-1
2 0 0 547154083892 547255917454 1041083890039 1067176719473 1387957140032 1422699596559 54 89
3 0 0 209426751704 209485921622 1580384546137 1619915864514 1726862769567 1770034884549 90 91
11 0 0 109758771685 109794522443 1821945119926 1867478455290 1902126159777 1949649377925 92 82
5 0 0 122183574769 122211059114 1258266902402 1289777984799 1387957140032 1422699596559 93 89
6 0 0 62725042507 62737588058 1118797976053 1146830599033 1180744897065 1210322962511 94 95
5 0 0 2821308020242 2836504710445 30091200109995 30765503916843 33102942528241 33835651603823 96 22
6 0 0 1447463865482 1454421250988 26856044648998 27465773662748 28292511130221 28931147453233 97 98
13 0 0 879241150590 883183581678 25055018812535 25627973697182 25890486118083 26480573343039 7 99
16 0 0 547154083892 549607469143 25055018812535 25627973697182 25396805373011 25976784390195 7 100
4 0 0 201260305707 202181811681 25583997230482 26167814257832 25724526016135 26311220125691 101 102
12 0 0 103424543652 103902369220 25814853706429 26403395220551 25890486118083 26480573343039 103 99
5 0 0 120576246235 121121520030 25268958798726 25846312901508 25396805373011 25976784390195 104 100
6 0 0 62622020682 62903652145 25129929324191 25704425531149 25191880176751 25767650282681 105 106
17 0 0 695406944480 723363640947 222674751502230 223822208711049 223483342932030 224619049826117 107 4
9 0 0 315304827128 327936093027 221898984609108 223057608976310 222231692852958 223385540620592 108 109
15 0 0 179357405371 186529700003 221505961625036 222670203873511 221685086701601 222846771841387 33 110
0 0 0 435303275372 452803304150 222674751502230 223822208711049 222977264591269 224120338952195 107 111
1 0 0 196726026332 204652181982 223159616996009 224300041776290 223306162416428 224444453729230 112 113
18 0 0 111592082718 116093159351 223405127342614 224541975785839 223483342932030 224619049826117 114 4
9 0 0 13679244059 14231040111 223422174903016 224558774628753 223436618754764 224573007710864 115 116
15 0 0 7773487392 8087031702 223405127342614 224541975785839 223412895000911 224549630123150 114 117
192767915356524 197396668579686
1 187649984473770 211106232532992 0 118
222697964583563 222697964583564
74290118234948 74290118234949
157144812870925 157144812870926
124330163839730 124330163839731
100844361320859 100844361320860
86238015427197 86238015427198
180630615389796 180630615389797
207230329813276 207230329813277
195236961283458 195236961283459
215461961389066 215461961389067
110024633177393 110024633177394
119356494556657 119356494556658
115277832901678 115277832901679
122041945193153 122041945193154
79103989580119 79103989580120
83815440986657 83815440986658
81783479650615 81783479650616
85130887495109 85130887495110
171450343533262 171450343533263
166197143808977 166197143808978
162118482153998 162118482153999
159433031517502 159433031517503
202370987130536 202370987130537
199691497060040 199691497060041
197659535723998 197659535723999
196344089215546 196344089215547
219724858965771 219724858965772
218104110521984 218104110521985
216890886472456 216890886472457
216112643713183 216112643713184
106549533214591 106549533214592
104496874026261 104496874026262
102869632265219 102869632265220
101781795739296 101781795739297
117728312616815 117728312616816
116816450331236 116816450331237
116118150061543 116118150061544
115662919042574 115662919042575
123397984511852 123397984511853
122885146713689 122885146713690
122499074933944 122499074933945
122250431600834 122250431600835
77291579817693 77291579817694
76205700303586 76205700303587
75336629342194 75336629342195
74751525986480 74751525986481
83009271060438 83009271060439
82554896751387 82554896751388
82205529682065 82205529682066
81977111204780 81977111204781
85788501933392 85788501933393
85540318655562 85540318655563
85353066920356 85353066920357
85232280850561 85232280850562
222044802271731 222044802271732
222022197300482 222022197300483
75351491818558 75351491818559
207210255392417 207210255392418
100857370221053 100857370221054
222674429829821 222674429829822
74305266710793 74305266710794
74452077448081 74452077448082
74650882682354 74650882682355
74565644309826 74565644309827
74705662928103 74705662928104
74374498315228 74374498315229
74327719516362 74327719516363
74320066321618 74320066321619
74313669899628 74313669899629
74324218295155 74324218295156
75686350326485 75686350326486
76028541937036 76028541937037
75880582328674 75880582328675
76124635765901 76124635765902
75555534390087 75555534390088
75477374287401 75477374287402
75414936169070 75414936169071
75372957764282 75372957764283
75365741792294 75365741792295
75359631411035 75359631411036
75369669281319 75369669281320
220834860642881 220834860642882
221505291187730 221505291187731
222409511685390 222409511685391
222596629249008 222596629249009
222525627236523 222525627236524
222472365947540 222472365947541
222438149907917 222438149907918
222645157783361 222645157783362
221827383080658 221827383080659
221706814152412 221706814152413
221615056584494 221615056584495
221555504396577 221555504396578
221908660607183 221908660607184
221996082419299 221996082419300
221957250856418 221957250856419
204183396892962 204183396892963
206138347368461 206138347368462
205269276407069 205269276407070
206723450724175 206723450724176
207022899262574 207022899262575
206909332400829 206909332400830
206824094028301 206824094028302
206769313782552 206769313782553
207100478395427 207100478395428
207184858475707 207184858475708
207147257194293 207147257194294
101227433488789 101227433488790
101595297990621 101595297990622
101437488352939 101437488352940
101696786375930 101696786375931
101084074471204 101084074471205
100997683499139 100997683499140
100928269825594 100928269825595
100881400217797 100881400217798
100873327075719 100873327075720
100866487087874 100866487087875
100877721700162 100877721700163
7 0 1 281474976710656 281474976710656 0 0 281474976710656 281474976710656 0 1
0 1 8 176194644402237 176194644402238 0 0 104982922377809 106549533214592 0 2
1 1 0 76465219256252 78671121394242 167881946155079 169485817265803 218222443746787 219378439614021 3 4
10 1 0 42506876409248 44354959161932 252114260845434 252732436705208 281474976710656 281474976710656 5 1
5 1 0 41347921969286 41804369684615 64524438722103 65712094144271 104982922377809 106549533214592 6 2
6 1 0 20557806225071 20637297692074 22641492205128 23140465105510 41042357166881 41881232173547 7 8
13 1 9 12273691945766 12273691945767 0 0 10444457937319 10685729870688 0 9
7 0 0 19681087806744 20351448973143 197965031924807 199351925216161 218222443746787 219378439614021 10 4
8 0 0 9212282482154 9494409617465 178143755283311 179690580672352 186714241054104 188199945192031 11 12
14 0 0 5326555463139 5480218268250 167881946155079 169485817265803 172577568659339 174157521760676 3 13
17 0 0 11467067830429 12000315218787 269459666566916 269729656829961 281474976710656 281474976710656 14 1
9 0 0 5203335131220 5434849965340 257943973531768 258450616981893 262881363316461 263289195270807 15 16
15 0 0 2961022500961 3089759662489 252114260845434 252732436705208 254770855395633 255338896399156 5 17
0 0 0 25882522465358 26168244641555 64524438722103 65712094144271 79925309412864 81290221913896 6 18
1 0 0 11065334119480 11233945673384 88973006808184 90423110428646 96119752048866 97627262601838 19 20
10 0 0 6106304189627 6211861534373 100884796465650 102425743362974 104982922377809 106549533214592 21 2
2 0 0 12868551939663 12918311143573 22641492205128 23140465105510 30004882392377 30646915663739 7 22
3 0 0 4985594575133 5014658629690 34118363998525 34836222752294 37263427743137 38037283664903 23 24
11 0 0 2627195723338 2644846262203 39311394534457 40120793723975 41042357166881 41881232173547 25 8
16 1 10 7637950826179 7637950826180 0 0 4260640647388 4361362163465 0 26
4 1 0 2823723936312 2826905131418 6601252164365 6755957230367 8361720125388 8556398724199 27 28
12 1 0 1454280454636 1456637291446 9494804235391 9714925052382 10444457937319 10685729870688 29 9
0 0 0 12319753279962 12739378671587 197965031924807 199351925216161 205542479134223 206850966871374 10 30
1 0 0 5459356974882 5656780458626 210069863704416 211326960251952 213686560251800 214900163278908 31 32
10 0 0 3066378238455 3180487668950 216118138199973 217301282572419 218222443746787 219378439614021 33 4
2 0 0 5766604388938 5943207264489 178143755283311 179690580672352 181548046873364 183072061138560 11 34
3 0 0 2271058627357 2342703498877 183464458978368 184974781235113 184936847857509 186436234426242 35 36
11 0 0 1205703578773 1244248494707 185898972539455 187391018004017 186714241054104 188199945192031 37 12
16 0 0 3314729494609 3410354262970 167881946155079 169485817265803 169789657218400 171384256011808 3 38
4 0 0 1236899029758 1273215382533 170842227326672 172431449445450 171636048340052 173221092908226 39 40
12 0 0 639640411890 658565351817 172147948210980 173730242963827 172577568659339 174157521760676 41 13
0 0 0 7178030396626 7511826796818 269459666566916 269729656829961 273953398752269 274125166763276 14 42
1 0 0 3242381591907 3397238204334 276663037108942 276773987760086 278841072390935 278902270282634 43 44
18 0 0 1838776094494 1927768327756 280312175996125 280339332492710 281474976710656 281474976710656 45 1
2 0 0 3257127130322 3402048268067 257943973531768 258450616981893 259897617628334 260365639744412 15 46
3 0 0 1293443928372 1351683572420 261001764026708 261447682239651 261852230414873 262280987209225 47 48
11 0 0 689307630406 720514141077 262408973484160 262826431801140 262881363316461 263289195270807 49 16
16 0 0 1842652101542 1922765576249 252114260845434 252732436705208 253191346794347 253789335430792 5 50
4 0 0 690750366663 720983685749 253786922745985 254373667209787 254236703443521 254814917757763 51 52
12 0 0 357933520108 373646020550 254527026952227 255099717642984 254770855395633 255338896399156 53 17
13 0 0 38145253223 38151321606 932385921325 954698483980 964690910547 987773829297 54 55
17 0 0 35566035963 37277972895 278803753968771 278865810828176 278841072390935 278902270282634 56 44
19 0 0 39961945332 40116467349 22641492205128 23140465105510 22671658383364 23171236571326 7 57
21 0 0 36058120985 37412957699 218193185330061 219349563691102 218222443746787 219378439614021 58 4
6 1 5 38068025677 38068025678 0 0 33560368726 34366123659 0 59
7 0 0 36582439045 38360126322 281436762913752 281437658870031 281474976710656 281474976710656 60 1
21 0 0 498084297352 522255992851 281066549073080 281076112718759 281474976710656 281474976710656 61 1
9 0 0 225398045541 236316734856 280565605363154 280586861924722 280780332341344 280796581794610 62 63
15 0 0 128088861143 134288046484 280312175996125 280339332492710 280427649460104 280452118985506 45 64
0 0 0 311785390942 326916125983 281066549073080 281076112718759 281262150889491 281267137755831 61 65
1 0 0 141076184568 147930245659 281380127829954 281382351208862 281474976710656 281474976710656 66 1
-1
8 0 0 17039647032 17867560613 281399431656254 281401202647459 281415566000347 281416958834564 67 68
14 0 0 9827345411 10304798258 281380127829954 281382351208862 281388958957888 281390975385678 66 69
7 0 0 840523108980 880857536108 277963604559572 278044939335029 278841072390935 278902270282634 70 44
8 0 0 391584538996 410316990245 277106344558735 277207231382611 277476854079910 277569305154960 71 72
14 0 0 225863805138 236651093045 276663037108942 276773987760086 276865843583383 276972194157907 43 73
0 0 0 526141513641 551389619629 277963604559572 278044939335029 278291669069423 278365489814006 70 74
1 0 0 233823568361 245065535493 278487772416327 278557093215919 278644478243379 278710198643913 75 76
10 0 0 131520946995 137850343135 278749859137859 278813156108228 278841072390935 278902270282634 77 44
9 0 0 16112752618 16888223771 278767975800321 278830855962112 278783317183081 278845844345142 78 79
15 0 0 9161729025 9602633792 278749859137859 278813156108228 278758115242061 278821222271541 77 80
5 1 0 1686618423236 1687385392445 2664969506761 2728340624008 4260640647388 4361362163465 81 26
6 1 0 874792548979 874931716387 932385921325 954698483980 1704074374854 1744739062885 54 82
19 1 11 547154083892 547154083893 0 0 411513813988 421380312399 0 83
20 1 12 296576474126 296576474127 0 0 144522171830 147990621188 0 84
4 1 0 122158450194 122163573522 245812833913 251710026179 321810576891 329528862669 85 86
12 1 0 62726296918 62730263610 370640081162 379527909976 411513813988 421380312399 87 83
5 1 0 73263974729 73264916055 75305756890 77113507256 144522171830 147990621188 88 84
-1
2 0 0 547593124953 547680239454 932385921325 954698483980 1243203221357 1272920082174 54 89
3 0 0 209681915548 209732564056 1415663272023 1449481202273 1546958655699 1583895284229 90 91
11 0 0 109912959481 109943569964 1632193146185 1671152763305 1704074374854 1744739062885 92 82
5 0 0 122302081072 122325598623 1126984316587 1153934582594 1243203221357 1272920082174 93 89
6 0 0 62779132745 62789865905 1002014991138 1025987726026 1057520125417 1082815667672 94 95
5 0 0 2887681385699 2901119718705 27244086974744 27833584344166 30004882392377 30646915663739 96 22
6 0 0 1477807024473 1483936638793 24285458196013 24817187060543 25598253166451 26155802429261 97 98
13 0 0 896421357365 899887575890 22641492205128 23140465105510 23403825231953 23918045952074 7 99
16 0 0 557845371820 560002408738 22641492205128 23140465105510 22953301958200 23458523727439 7 100
4 0 0 205276968151 206087654535 23124109868460 23632747579386 23252354678076 23763553792080 101 102
12 0 0 105507506297 105927980014 23334793747856 23847637889522 23403825231953 23918045952074 103 99
5 0 0 122952651568 123432178249 22836658949062 23339545094145 22953301958200 23458523727439 104 100
6 0 0 63849346912 64096980885 22709825747136 23210169540801 22766340363815 23267817329150 105 106
17 0 0 828969071766 859996690991 217361542291266 218528733498376 218222443746787 219378439614021 107 4
9 0 0 375627629619 389633178966 216536119741917 217713929841031 216890060497871 218063331019139 108 109
15 0 0 213603438490 221552283944 216118138199973 217301282572419 216308621918837 217489338924786 33 110
0 0 0 518909043095 538331374700 217361542291266 218528733498376 217683559639827 218846577611602 107 111
1 0 0 234601831865 243403826260 217877707251698 219038200852312 218033752584335 219192212715061 112 113
18 0 0 133103411828 138103348250 218139143484837 219296227960111 218222443746787 219378439614021 114 4
9 0 0 16316382966 16929347945 218157298829553 219314146139775 218172681468092 219329327790753 115 116
15 0 0 9271963283 9620258090 218139143484837 219296227960111 218147415869828 219304392288881 114 117
176718288692873 178534971751853
1 112589990684262 120632132875996 0 118
222697964583563 222697964583564
74290118234948 74290118234949
157144812870925 157144812870926
124330163839730 124330163839731
100844361320859 100844361320860
86238015427197 86238015427198
180630615389796 180630615389797
207230329813276 207230329813277
195236961283458 195236961283459
215461961389066 215461961389067
110024633177393 110024633177394
119356494556657 119356494556658
115277832901678 115277832901679
122041945193153 122041945193154
79103989580119 79103989580120
83815440986657 83815440986658
81783479650615 81783479650616
85130887495109 85130887495110
171450343533262 171450343533263
166197143808977 166197143808978
162118482153998 162118482153999
159433031517502 159433031517503
202370987130536 202370987130537
199691497060040 199691497060041
197659535723998 197659535723999
196344089215546 196344089215547
219724858965771 219724858965772
218104110521984 218104110521985
216890886472456 216890886472457
216112643713183 216112643713184
106549533214591 106549533214592
104496874026261 104496874026262
102869632265219 102869632265220
101781795739296 101781795739297
117728312616815 117728312616816
116816450331236 116816450331237
116118150061543 116118150061544
115662919042574 115662919042575
123397984511852 123397984511853
122885146713689 122885146713690
122499074933944 122499074933945
122250431600834 122250431600835
77291579817693 77291579817694
76205700303586 76205700303587
75336629342194 75336629342195
74751525986480 74751525986481
83009271060438 83009271060439
82554896751387 82554896751388
82205529682065 82205529682066
81977111204780 81977111204781
85788501933392 85788501933393
85540318655562 85540318655563
85353066920356 85353066920357
85232280850561 85232280850562
222044802271731 222044802271732
222022197300482 222022197300483
75351491818558 75351491818559
207210255392417 207210255392418
100857370221053 100857370221054
222674429829821 222674429829822
74305266710793 74305266710794
74452077448081 74452077448082
74650882682354 74650882682355
74565644309826 74565644309827
74705662928103 74705662928104
74374498315228 74374498315229
74327719516362 74327719516363
74320066321618 74320066321619
74313669899628 74313669899629
74324218295155 74324218295156
75686350326485 75686350326486
76028541937036 76028541937037
75880582328674 75880582328675
76124635765901 76124635765902
75555534390087 75555534390088
75477374287401 75477374287402
75414936169070 75414936169071
75372957764282 75372957764283
75365741792294 75365741792295
75359631411035 75359631411036
75369669281319 75369669281320
220834860642881 220834860642882
221505291187730 221505291187731
222409511685390 222409511685391
222596629249008 222596629249009
222525627236523 222525627236524
222472365947540 222472365947541
222438149907917 222438149907918
222645157783361 222645157783362
221827383080658 221827383080659
221706814152412 221706814152413
221615056584494 221615056584495
221555504396577 221555504396578
221908660607183 221908660607184
221996082419299 221996082419300
221957250856418 221957250856419
204183396892962 204183396892963
206138347368461 206138347368462
205269276407069 205269276407070
206723450724175 206723450724176
207022899262574 207022899262575
206909332400829 206909332400830
206824094028301 206824094028302
206769313782552 206769313782553
207100478395427 207100478395428
207184858475707 207184858475708
207147257194293 207147257194294
101227433488789 101227433488790
101595297990621 101595297990622
101437488352939 101437488352940
101696786375930 101696786375931
101084074471204 101084074471205
100997683499139 100997683499140
100928269825594 100928269825595
100881400217797 100881400217798
100873327075719 100873327075720
100866487087874 100866487087875
100877721700162 100877721700163
8 0 1 281474976710656 281474976710656 0 0 281474976710656 281474976710656 0 1
2 1 8 176194644402237 176194644402238 0 0 111673710115596 112363444768314 0 2
3 1 0 68741259906889 69620829939011 174615359540457 175292522320779 223011008589798 223483342932031 3 4
11 1 0 36338659683389 37017737347622 254652400792319 254899565041483 281474976710656 281474976710656 5 1
5 1 0 39648783898108 39850768409006 69654353448173 70191844167369 111673710115596 112363444768314 6 2
6 1 0 20254221727454 20290962367924 24822554561350 25055018812536 44689932188480 45075777807335 7 8
13 1 9 12273691945766 12273691945767 0 0 11502791565400 11616161458426 0 9
7 0 0 17374106191044 17633632497268 203740904118821 204315057426191 223011008589798 223483342932031 10 4
8 0 0 8230256017645 8341619099180 184619817763877 185268512611272 192920176052033 193539757460395 11 12
14 0 0 4788505637747 4849776351484 174615359540457 175292522320779 179202204977627 179867214878574 3 13
17 0 0 9704402102044 9897139476228 270563249411673 270670019532282 281474976710656 281474976710656 14 1
9 0 0 4433135827176 4517734718353 260021038496191 260222860515614 264551202647287 264713155580897 15 16
15 0 0 2531345468468 2578649914562 254652400792319 254899565041483 257101543315102 257328279221846 5 17
0 0 0 24818914496579 24945350563786 69654353448173 70191844167369 85795435327362 86406671110635 6 18
1 0 0 10446850574976 10519617858805 95193788157135 95839187021032 102573962373023 103241666227437 19 20
10 0 0 5721856307349 5766863041803 107473446773163 108153762916152 111673710115596 112363444768314 21 2
2 0 0 12678517417842 12701515924347 24822554561350 25055018812536 32805361391911 33102942528242 7 22
3 0 0 4875377992400 4888651020095 37245906521719 37577681332766 40631912716530 40988787026133 23 24
11 0 0 2560474260977 2568491441491 42832538618039 43205273910084 44689932188480 45075777807335 25 8
16 1 10 7637950826179 7637950826180 0 0 4703243601740 4750777396872 0 26
4 1 0 2811453372655 2812948728762 7280616133968 7353506320838 9216186950548 9307797377131 27 28
12 1 0 1445205949002 1446310429743 10460623748653 10564124108987 11502791565400 11616161458426 29 9
0 0 0 10875654020515 11038109474896 203740904118821 204315057426191 210980889218826 211519928058225 10 30
1 0 0 4784618369841 4860155400467 215288429330567 215804782523629 218719765842839 219217090828210 31 32
10 0 0 2677721936285 2721126755109 221021878371523 221505961625037 223011008589798 223483342932031 33 4
2 0 0 5151886143893 5221595994410 184619817763877 185268512611272 187922796924499 188560503235484 11 34
3 0 0 2022440665708 2050573508066 189778702173216 190409888037861 191202907406985 191828920701694 35 36
11 0 0 1072134320374 1087233715747 192132751829929 192755308925139 192920176052033 193539757460395 37 12
16 0 0 2979899671069 3018028597612 174615359540457 175292522320779 176480710426648 177153114678049 3 38
4 0 0 1109955119405 1124393509030 177508833890286 178178507715310 178283713050150 178951278438393 39 40
12 0 0 573538160961 581052527746 178783168138320 179449351483540 179202204977627 179867214878574 41 13
0 0 0 6074656075959 6195303721105 270563249411673 270670019532282 274654687913141 274722422883966 14 42
1 0 0 2732538284902 2788129664891 277115707887856 277159385543157 279090615957523 279114674577393 43 44
18 0 0 1546372668533 1578209786328 280422868922069 280433535036963 281474976710656 281474976710656 45 1
2 0 0 2775006147204 2827962440946 260021038496191 260222860515614 261815379110827 262001585517358 15 46
3 0 0 1100023323819 1121243136226 262828431478947 263005719604173 263608211659231 263778584959406 47 48
11 0 0 585748387008 597103391306 264118435786102 264284260994647 264551202647287 264713155580897 49 16
16 0 0 1575262952473 1604700633875 254652400792319 254899565041483 255645915275087 255884844494840 5 50
4 0 0 589937024484 601028547576 256194965386226 256429313255230 256609461116341 256840336044671 51 52
12 0 0 305561669257 311321958903 256876941117567 257105568362808 257101543315102 257328279221846 53 17
13 0 0 38121763400 38124633053 1030529123115 1041083890040 1066221620922 1077140549369 54 55
17 0 0 29936399950 30549720560 279056802526532 279081199403523 279090615957523 279114674577393 56 44
19 0 0 39371812953 39443232417 24822554561350 25055018812536 24855347606970 25088088946181 7 57
21 0 0 31448980705 31963298738 222983371488924 223455871023551 223011008589798 223483342932031 58 4
6 1 5 38068025677 38068025678 0 0 37105455989 37486853276 0 59
7 0 0 30745087857 31380384235 281440413879857 281440765531285 281474976710656 281474976710656 60 1
21 0 0 418696014573 427337327739 281105524030697 281109278513134 281474976710656 281474976710656 61 1
9 0 0 189527331013 193432576387 280652243865098 280660591363548 280846558989631 280852939324487 62 63
15 0 0 107720083271 109937852021 280422868922069 280433535036963 280527387038481 280536997108190 45 64
0 0 0 262090777171 267499972398 281105524030697 281109278513134 281282472968644 281284430464924 61 65
1 0 0 118568956159 121018539267 281389188092147 281390060771102 281474976710656 281474976710656 66 1
-1
8 0 0 14320990008 14616873892 281406648404264 281407343512059 281421241743958 281421788420928 67 68
14 0 0 8259495327 8430132912 281389188092147 281390060771102 281397175876324 281397967322320 66 69
7 0 0 707823304714 722285031286 278295333937534 278327326590414 279090615957523 279114674577393 70 44
8 0 0 329925746453 336647621757 277517908806766 277557613580274 277853969130135 277890345467414 71 72
14 0 0 190348198452 194220685469 277115707887856 277159385543157 277299723790081 277341585200551 43 73
0 0 0 443075533503 452128127806 278295333937534 278327326590414 278592726627588 278621757678894 70 74
1 0 0 196848348204 200877110516 278770463969547 278797721990933 278912476528555 278938316269496 75 76
10 0 0 110706360933 112974053458 279007968049603 279032853304272 279090615957523 279114674577393 77 44
9 0 0 13562596340 13840426962 279024383881611 279049104985945 279038284824992 279062866911570 78 79
15 0 0 7711788148 7869755263 279007968049603 279032853304272 279015449078407 279040259528820 77 80
5 1 0 1683652800616 1684014825424 2943571412845 2973511974109 4703243601740 4750777396872 81 26
6 1 0 874253852281 874319662582 1030529123115 1041083890040 1882900544264 1902126159778 54 82
19 1 11 547154083892 547154083893 0 0 454918778593 459587756781 0 83
20 1 12 296576474126 296576474127 0 0 159781848756 161423481385 0 84
4 1 0 122138610052 122141034563 271757166996 274548135028 355765950058 359418592315 85 86
12 1 0 62710937059 62712813967 409740119630 413946097678 454918778593 459587756781 87 83
5 1 0 73260329051 73260774595 83259236225 84114894373 159781848756 161423481385 88 84
-1
2 0 0 547255917453 547297112670 1030529123115 1041083890040 1373902914957 1387957140033 54 89
3 0 0 209485921621 209509860341 1564392715935 1580384546138 1709397785993 1726862769568 90 91
11 0 0 109794522442 109808986994 1803524700969 1821945119927 1882900544264 1902126159778 92 82
5 0 0 122211059113 122222177941 1245520059511 1258266902403 1373902914957 1387957140033 93 89
6 0 0 62737588057 62742663243 1107458435860 1118797976054 1168780113382 1180744897066 94 95
5 0 0 2836504710444 2842685987187 29817442928856 30091200109996 32805361391911 33102942528242 96 22
6 0 0 1454421250987 1457249457723 26608604218135 26856044648999 28033292855338 28292511130222 97 98
13 0 0 883183581677 884785654119 24822554561350 25055018812536 25651045707742 25890486118084 7 99
16 0 0 549607469142 550604443043 24822554561350 25055018812536 25161481146670 25396805373012 7 100
4 0 0 202181811680 202556318201 25347110187576 25583997230483 25486467387147 25724526016136 101 102
12 0 0 103902369219 104096569326 25576042765285 25814853706430 25651045707742 25890486118084 103 99
5 0 0 121121520029 121343110018 25034703375668 25268958798727 25161481146670 25396805373012 104 100
6 0 0 62903652144 63018099385 24896837525296 25129929324192 24958269701298 25191880176752 105 106
17 0 0 723363640946 735151705056 222197578144325 222674751502231 223011008589798 223483342932031 107 4
9 0 0 327936093026 333261354396 221417213733845 221898984609109 221751888341232 222231692852959 108 109
15 0 0 186529700002 189553273035 221021878371523 221505961625037 221202055938522 221685086701602 33 110
0 0 0 452803304149 460182268306 222197578144325 222674751502231 222501896010183 222977264591270 107 111
1 0 0 204652181981 207994581429 222685339561092 223159616996010 222832763635722 223306162416429 112 113
18 0 0 116093159350 117991315636 222932322824718 223405127342615 223011008589798 223483342932031 114 4
9 0 0 14231040110 14463739651 222949472824516 223422174903017 222964003486559 223436618754765 115 116
15 0 0 8087031701 8219256978 222932322824718 223405127342615 222940137156507 223412895000912 114 117
178534971751852 179533644056320
1 120632132875995 125099989649181 0 118
222697964583563 222697964583564
74290118234948 74290118234949
157144812870925 157144812870926
124330163839730 124330163839731
100844361320859 100844361320860
86238015427197 86238015427198
180630615389796 180630615389797
207230329813276 207230329813277
195236961283458 195236961283459
215461961389066 215461961389067
110024633177393 110024633177394
119356494556657 119356494556658
115277832901678 115277832901679
122041945193153 122041945193154
79103989580119 79103989580120
83815440986657 83815440986658
81783479650615 81783479650616
85130887495109 85130887495110
171450343533262 171450343533263
166197143808977 166197143808978
162118482153998 162118482153999
159433031517502 159433031517503
202370987130536 202370987130537
199691497060040 199691497060041
197659535723998 197659535723999
196344089215546 196344089215547
219724858965771 219724858965772
218104110521984 218104110521985
216890886472456 216890886472457
216112643713183 216112643713184
106549533214591 106549533214592
104496874026261 104496874026262
102869632265219 102869632265220
101781795739296 101781795739297
117728312616815 117728312616816
116816450331236 116816450331237
116118150061543 116118150061544
115662919042574 115662919042575
123397984511852 123397984511853
122885146713689 122885146713690
122499074933944 122499074933945
122250431600834 122250431600835
77291579817693 77291579817694
76205700303586 76205700303587
75336629342194 75336629342195
74751525986480 74751525986481
83009271060438 83009271060439
82554896751387 82554896751388
82205529682065 82205529682066
81977111204780 81977111204781
85788501933392 85788501933393
85540318655562 85540318655563
85353066920356 85353066920357
85232280850561 85232280850562
222044802271731 222044802271732
222022197300482 222022197300483
75351491818558 75351491818559
207210255392417 207210255392418
100857370221053 100857370221054
222674429829821 222674429829822
74305266710793 74305266710794
74452077448081 74452077448082
74650882682354 74650882682355
74565644309826 74565644309827
74705662928103 74705662928104
74374498315228 74374498315229
74327719516362 74327719516363
74320066321618 74320066321619
74313669899628 74313669899629
74324218295155 74324218295156
75686350326485 75686350326486
76028541937036 76028541937037
75880582328674 75880582328675
76124635765901 76124635765902
75555534390087 75555534390088
75477374287401 75477374287402
75414936169070 75414936169071
75372957764282 75372957764283
75365741792294 75365741792295
75359631411035 75359631411036
75369669281319 75369669281320
220834860642881 220834860642882
221505291187730 221505291187731
222409511685390 222409511685391
222596629249008 222596629249009
222525627236523 222525627236524
222472365947540 222472365947541
222438149907917 222438149907918
222645157783361 222645157783362
221827383080658 221827383080659
221706814152412 221706814152413
221615056584494 221615056584495
221555504396577 221555504396578
221908660607183 221908660607184
221996082419299 221996082419300
221957250856418 221957250856419
204183396892962 204183396892963
206138347368461 206138347368462
205269276407069 205269276407070
206723450724175 206723450724176
207022899262574 207022899262575
206909332400829 206909332400830
206824094028301 206824094028302
206769313782552 206769313782553
207100478395427 207100478395428
207184858475707 207184858475708
207147257194293 207147257194294
101227433488789 101227433488790
101595297990621 101595297990622
101437488352939 101437488352940
101696786375930 101696786375931
101084074471204 101084074471205
100997683499139 100997683499140
100928269825594 100928269825595
100881400217797 100881400217798
100873327075719 100873327075720
100866487087874 100866487087875
100877721700162 100877721700163
9 0 1 281474976710656 281474976710656 0 0 281474976710656 281474976710656 0 1
2 1 8 176194644402237 176194644402238 0 0 111298141965807 111673710115597 0 2
3 1 0 69620829939010 70103823714650 174245331462469 174615359540458 222752205047858 223011008589799 3 4
11 1 0 37017737347621 37393153589651 254516733006174 254652400792320 281474976710656 281474976710656 5 1
5 1 0 39850768409005 39960706901839 69362374119141 69654353448174 111298141965807 111673710115597 6 2
6 1 0 20290962367923 20310884514903 24696591761585 24822554561351 44480624558459 44689932188481 7 8
13 1 9 12273691945766 12273691945767 0 0 11441407114419 11502791565401 0 9
7 0 0 17633632497267 17776494427499 203426651296647 203740904118822 222752205047858 223011008589799 10 4
8 0 0 8341619099179 8402822830626 184265146608083 184619817763878 192581264744266 192920176052034 11 12
14 0 0 4849776351483 4883421623927 174245331462469 174615359540458 178838724153548 179202204977628 3 13
17 0 0 9897139476227 10003833475248 270504591302491 270563249411674 281474976710656 281474976710656 14 1
9 0 0 4517734718352 4564524837980 259910225599727 260021038496192 264462257791547 264551202647288 15 16
15 0 0 2578649914561 2604801352489 254516733006174 254652400792320 256977071506046 257101543315103 5 17
0 0 0 24945350563785 25014168665762 69362374119141 69654353448174 85463094306313 85795435327363 6 18
1 0 0 10519617858804 10559309842748 94842686594051 95193788157136 102210576069681 102573962373024 19 20
10 0 0 5766863041802 5791438040685 107103094511693 107473446773164 111298141965807 111673710115597 21 2
2 0 0 12701515924346 12713986573226 24696591761585 24822554561351 32644042003995 32805361391912 7 22
3 0 0 4888651020094 4895855699461 37066005736196 37245906521720 40438365179778 40631912716531 23 24
11 0 0 2568491441490 2572845266802 42630363999095 42832538618040 44480624558459 44689932188481 25 8
16 1 10 7637950826179 7637950826180 0 0 4677516139885 4703243601741 0 26
4 1 0 2812948728761 2813758367077 7241158911387 7280616133969 9166590606932 9216186950549 27 28
12 1 0 1446310429742 1446908594952 10404586470739 10460623748654 11441407114419 11502791565401 29 9
0 0 0 11038109474895 11127536632115 203426651296647 203740904118822 210685735852019 210980889218827 10 30
1 0 0 4860155400466 4901776804680 215005629286698 215288429330568 218447334884091 218719765842840 31 32
10 0 0 2721126755108 2745054628741 220756666898646 221021878371524 222752205047858 223011008589799 33 4
2 0 0 5221595994409 5259907640526 184265146608083 184619817763878 187574069079641 187922796924500 11 34
3 0 0 2050573508065 2066041671276 189433504071239 189778702173217 190860510845374 191202907406986 35 36
11 0 0 1087233715746 1095537397304 191792227864282 192132751829930 192581264744266 192920176052034 37 12
16 0 0 3018028597611 3038966139274 174245331462469 174615359540458 176113244127798 176480710426649 3 38
4 0 0 1124393509029 1132323918257 177142838642340 177508833890287 177918854255589 178283713050151 39 40
12 0 0 581052527745 585180300640 178419054495925 178783168138321 178838724153548 179202204977628 41 13
0 0 0 6195303721104 6262090870133 270504591302491 270563249411674 274617466673227 274654687913142 14 42
1 0 0 2788129664890 2818920431339 277091703143318 277115707887857 279077392149501 279090615957524 43 44
18 0 0 1578209786327 1595848519899 280417005859911 280422868922070 281474976710656 281474976710656 45 1
2 0 0 2827962440945 2857251611108 259910225599727 260021038496192 261713129879794 261815379110828 15 46
3 0 0 1121243136225 1132982199504 262731073906835 262828431478948 263514647266842 263608211659232 47 48
11 0 0 597103391305 603385801168 264027366478313 264118435786103 264462257791547 264551202647288 49 16
16 0 0 1604700633874 1620974742578 254516733006174 254652400792320 255514760371225 255645915275088 5 50
4 0 0 601028547575 607161097346 256066321354759 256194965386227 256482720593138 256609461116342 51 52
12 0 0 311321958902 314507029753 256751432595340 256876941117568 256977071506046 257101543315103 53 17
13 0 0 38124633052 38126185964 1024817581723 1030529123116 1060313007543 1066221620923 54 55
17 0 0 30549720559 30889479893 279043392821060 279056802526533 279077392149501 279090615957524 56 44
19 0 0 39443232416 39481958715 24696591761585 24822554561351 24729234431947 24855347606971 7 57
21 0 0 31963298737 32246874771 222724477835265 222983371488925 222752205047858 223011008589799 58 4
6 1 5 38068025677 38068025678 0 0 36899080556 37105455990 0 59
7 0 0 31380384234 31732387866 281440220569384 281440413879858 281474976710656 281474976710656 60 1
21 0 0 427337327738 432125153045 281103460148392 281105524030698 281474976710656 281474976710656 61 1
9 0 0 193432576386 195596243019 280647655265435 280652243865099 280843051696846 280846558989632 62 63
15 0 0 109937852020 111166563501 280417005859911 280422868922070 280522104443408 280527387038482 45 64
0 0 0 267499972397 270497003207 281103460148392 281105524030698 281281396899691 281282472968645 61 65
1 0 0 121018539266 122375793093 281388708362835 281389188092148 281474976710656 281474976710656 66 1
-1
8 0 0 14616873891 14780816123 281406266289045 281406648404265 281420941224007 281421241743959 67 68
14 0 0 8430132911 8524679006 281388708362835 281389188092148 281396740802222 281397175876325 66 69
7 0 0 722285031285 730295837244 278277749975850 278295333937535 279077392149501 279090615957524 70 44
8 0 0 336647621756 340370837179 277496087021322 277517908806767 277833976280326 277853969130136 71 72
14 0 0 194220685468 196365565545 277091703143318 277115707887857 277276716995929 277299723790082 43 73
0 0 0 452128127805 457142644989 278277749975850 278295333937535 278576770170294 278592726627589 70 74
1 0 0 200877110515 203108857928 278755481880860 278770463969548 278898273870000 278912476528556 75 76
10 0 0 112974053457 114230274965 278994289945524 279007968049604 279077392149501 279090615957524 77 44
9 0 0 13840426961 13994335519 279010795989764 279024383881612 279024773333376 279038284824993 78 79
15 0 0 7869755262 7957263461 278994289945524 279007968049604 279001812084543 279015449078408 77 80
5 1 0 1684014825423 1684210766617 2927367817855 2943571412846 4677516139885 4703243601741 81 26
6 1 0 874319662581 874355275794 1024817581723 1030529123116 1872496414296 1882900544265 54 82
19 1 11 547154083892 547154083893 0 0 452392318423 454918778594 0 83
20 1 12 296576474126 296576474127 0 0 158893549349 159781848757 0 84
4 1 0 122141034562 122142346502 270246944289 271757166997 353789456849 355765950059 85 86
12 1 0 62712813966 62713829602 407464202167 409740119631 452392318423 454918778594 87 83
5 1 0 73260774594 73261015681 82796235346 83259236226 158893549349 159781848757 88 84
-1
2 0 0 547297112669 547319405441 1024817581723 1030529123116 1366297551411 1373902914958 54 89
3 0 0 209509860340 209522815351 1555738735670 1564392715936 1699946531521 1709397785994 90 91
11 0 0 109808986993 109816814989 1793556355530 1803524700970 1872496414296 1882900544265 92 82
5 0 0 122222177940 122228194998 1238622228201 1245520059512 1366297551411 1373902914958 93 89
6 0 0 62742663242 62745409695 1101322200538 1107458435861 1162305513848 1168780113383 94 95
5 0 0 2842685987186 2846039119188 29669063501946 29817442928857 32644042003995 32805361391912 96 22
6 0 0 1457249457722 1458783248153 26474512970330 26608604218136 27892807778200 28033292855339 97 98
13 0 0 884785654118 885654357610 24696591761585 24822554561351 25521296767100 25651045707743 7 99
16 0 0 550604443042 551145039513 24696591761585 24822554561351 25033966212728 25161481146671 7 100
4 0 0 202556318200 202759398608 25218747071009 25347110187577 25357468406229 25486467387148 101 102
12 0 0 104096569325 104201878569 25446635470025 25576042765286 25521296767100 25651045707743 103 99
5 0 0 121343110017 121463266533 24907768498615 25034703375669 25033966212728 25161481146671 104 100
6 0 0 63018099384 63080157340 24770534155433 24896837525297 24831684843296 24958269701299 105 106
17 0 0 735151705055 741650780403 221936135113315 222197578144326 222752205047858 223011008589799 107 4
9 0 0 333261354395 336197120963 221153263276580 221417213733846 221489010272721 221751888341233 108 109
15 0 0 189553273034 191220085048 220756666898646 221021878371524 220937418412661 221202055938523 33 110
0 0 0 460182268305 464250488803 221936135113315 222197578144326 222241437370642 222501896010184 107 111
1 0 0 207994581428 209837411292 222425476096953 222685339561093 222573379454576 222832763635723 112 113
18 0 0 117991315635 119037884656 222673262805124 222932322824719 222752205047858 223011008589799 114 4
9 0 0 14463739650 14592041246 222690468684635 222949472824517 222705046700991 222964003486560 115 116
15 0 0 8219256977 8292160816 222673262805124 222932322824719 222681102596837 222940137156508 114 117
129670426189913 131558584517870
0 70368744177664 80421421917331 0 110
74290118234948 74290118234949
222044802271731 222044802271732
157144812870925 157144812870926
100844361320859 100844361320860
124330163839730 124330163839731
86238015427197 86238015427198
180630615389796 180630615389797
195236961283458 195236961283459
207230329813276 207230329813277
215461961389066 215461961389067
110024633177393 110024633177394
115277832901678 115277832901679
119356494556657 119356494556658
122041945193153 122041945193154
79103989580119 79103989580120
81783479650615 81783479650616
83815440986657 83815440986658
85130887495109 85130887495110
171450343533262 171450343533263
162118482153998 162118482153999
166197143808977 166197143808978
159433031517502 159433031517503
202370987130536 202370987130537
197659535723998 197659535723999
199691497060040 199691497060041
196344089215546 196344089215547
219724858965771 219724858965772
216890886472456 216890886472457
218104110521984 218104110521985
216112643713183 216112643713184
106549533214591 106549533214592
102869632265219 102869632265220
104496874026261 104496874026262
101781795739296 101781795739297
117728312616815 117728312616816
116118150061543 116118150061544
116816450331236 116816450331237
115662919042574 115662919042575
123397984511852 123397984511853
122499074933944 122499074933945
122885146713689 122885146713690
122250431600834 122250431600835
77291579817693 77291579817694
75336629342194 75336629342195
76205700303586 76205700303587
74751525986480 74751525986481
83009271060438 83009271060439
82205529682065 82205529682066
82554896751387 82554896751388
81977111204780 81977111204781
85788501933392 85788501933393
85353066920356 85353066920357
85540318655562 85540318655563
85232280850561 85232280850562
222022197300482 222022197300483
75351491818558 75351491818559
207210255392417 207210255392418
100857370221053 100857370221054
74305266710793 74305266710794
74452077448081 74452077448082
74565644309826 74565644309827
74650882682354 74650882682355
74705662928103 74705662928104
74374498315228 74374498315229
74327719516362 74327719516363
74313669899628 74313669899629
74320066321618 74320066321619
74324218295155 74324218295156
75686350326485 75686350326486
75880582328674 75880582328675
76028541937036 76028541937037
76124635765901 76124635765902
75555534390087 75555534390088
75414936169070 75414936169071
75477374287401 75477374287402
75372957764282 75372957764283
75359631411035 75359631411036
75365741792294 75365741792295
75369669281319 75369669281320
220834860642881 220834860642882
221505291187730 221505291187731
221827383080658 221827383080659
221615056584494 221615056584495
221706814152412 221706814152413
221555504396577 221555504396578
221908660607183 221908660607184
221957250856418 221957250856419
221996082419299 221996082419300
204183396892962 204183396892963
205269276407069 205269276407070
206138347368461 206138347368462
206723450724175 206723450724176
207022899262574 207022899262575
206824094028301 206824094028302
206909332400829 206909332400830
206769313782552 206769313782553
207100478395427 207100478395428
207147257194293 207147257194294
207184858475707 207184858475708
101227433488789 101227433488790
101437488352939 101437488352940
101595297990621 101595297990622
101696786375930 101696786375931
101084074471204 101084074471205
100928269825594 100928269825595
100997683499139 100997683499140
100881400217797 100881400217798
100866487087874 100866487087875
100873327075719 100873327075720
100877721700162 100877721700163
10 0 1 281474976710656 281474976710656 0 0 281474976710656 281474976710656 0 1
17 1 0 75467066119337 76767384979004 165823447540119 166807108324402 281474976710656 281474976710656 2 1
9 1 0 34384394825101 34582421416406 55584090243947 56231769344037 102777575640069 103722661604154 3 4
15 1 2 19607503771235 19607503771236 0 0 25311043555939 25646022435113 0 5
0 0 0 47240053216686 48054012673281 165823447540119 166807108324402 209001661785649 209776864241835 2 6
1 0 0 21284467066098 21805302542091 235080895987890 235638322885939 256067463533911 256399632444545 7 8
18 0 0 12055023025330 12394455803570 270254380117040 270409089501799 281474976710656 281474976710656 9 1
2 0 0 21523569483843 21647528015592 55584090243947 56231769344037 74244886663084 75037775292538 3 10
3 0 0 8537983654026 8613056844103 84798923483527 85657934047196 92931825586995 93833915915067 11 12
11 0 0 4547825650105 4594176756448 98257623296738 99184215394362 102777575640069 103722661604154 13 4
16 1 3 12201801242085 12201801242086 0 0 10258329408138 10402182847882 0 14
4 1 0 4571334692906 4578873520959 15932876892350 16151566149855 20219346838288 20492330359216 15 16
12 1 0 2368153479949 2373788963525 22986641727428 23293655617121 25311043555939 25646022435113 17 5
5 0 0 11247283279742 11472184668618 192310008001228 193188331653442 209001661785649 209776864241835 18 6
6 0 0 5539868518606 5640685337914 175098869432955 176053793647113 182651897647348 183576927829604 19 20
13 0 0 3290734872505 3347435163599 165823447540119 166807108324402 170099674185172 171071179477660 2 21
7 0 0 5515042194636 5657234918305 247610023687791 248038324295494 256067463533911 256399632444545 22 8
8 0 0 2570136500363 2634177629047 239350685769283 239865891309144 242919984814418 243398480364250 23 24
14 0 0 1482672716218 1518954035714 235080895987890 235638322885939 237034151315578 237572492610998 7 25
21 0 0 3264573702052 3358987498867 277533109886231 277588903369157 281474976710656 281474976710656 26 1
9 0 0 1477578330060 1519561468724 272699362726847 272821440172383 274771186034967 274865140956596 27 28
15 0 0 839751057780 863395893131 270254380117040 270409089501799 271368385017581 271508300977714 9 29
5 0 0 4875664879864 4909630057799 67213728616373 67956152331503 74244886663084 75037775292538 30 10
6 0 0 2480075625283 2495424551918 59724842847446 60407868201089 63041931541392 63751985709634 31 32
13 0 0 1499328554021 1507963486360 55584090243947 56231769344037 57502413094083 58166689136832 3 33
7 0 0 2163918375881 2184045732173 89691607755243 90577355395875 92931825586995 93833915915067 34 12
8 0 0 1023207382197 1032382926582 86478895199921 87347365799506 87873216657546 88749316786151 35 36
14 0 0 594754633791 599984220716 84798923483527 85657934047196 85569074398605 86432458026790 11 37
17 0 0 1216349372120 1229085402417 100938226616578 101876041468516 102777575640069 103722661604154 38 4
9 0 0 555094419141 560804101869 99161922914851 100092384020028 99925139124256 100858799838168 39 40
15 0 0 316800838310 320029649280 98257623296738 99184215394362 98670135806447 99598503307466 13 41
5 1 0 2708887519822 2710683159735 6405730325054 6496852583392 10258329408138 10402182847882 42 14
6 1 0 1400121523627 1400445612752 2237102699376 2269414983970 4091935249778 4150640158064 43 44
19 1 4 874091170836 874091170837 0 0 986821392248 1001139597703 0 45
7 0 0 1146872352481 1149071032266 18520436913963 18772131389228 20219346838288 20492330359216 46 16
8 0 0 545925210951 546875923110 16824387740225 17054527674858 17561896769055 17801446469529 47 48
14 0 0 318438474631 318963628240 15932876892350 16151566149855 16341968854813 16565922872646 15 49
17 0 0 629912109972 631501233785 24367807557881 24691506439050 25311043555939 25646022435113 50 5
9 0 0 288514545598 289215073479 23453445569346 23766120941455 23846732604598 24164160144493 51 52
15 0 0 164965208742 165357775666 22986641727428 23293655617121 23199692634880 23509293272231 17 53
10 0 0 37519777913 38620248920 281436633567494 281437183803001 281474976710656 281474976710656 54 1
16 0 0 37992930928 38001725234 2237102699376 2269414983970 2268845801280 2301612798077 43 55
18 0 0 37465499735 38464535876 256032651849897 256365231248030 256067463533911 256399632444545 56 8
20 0 0 36229162184 36437813160 55584090243947 56231769344037 55610731121542 56258643335228 3 57
-1
2 1 5 38068025677 38068025678 0 0 32410375073 32882254225 0 58
20 1 6 473787704676 473787704677 0 0 346471611545 351510357166 0 59
4 1 0 195247296518 195259202438 589364015874 597927639037 771638356185 782843094736 60 61
12 1 0 100281326490 100290548080 888767160643 901667229622 986821392248 1001139597703 62 45
5 1 0 117058579731 117060766098 180521944015 183148851605 346471611545 351510357166 63 59
6 1 7 60814542220 60814542221 0 0 80446960373 81618025804 0 64
-1
3 1 0 14570134358 14570210319 50388761839 51122349930 64073558492 65006331571 65 66
11 1 0 7635930910 7635988550 72956401790 74018455932 80446960373 81618025804 67 64
2 0 0 876432842657 876635712443 2237102699376 2269414983970 2983824502388 3026805384490 43 68
3 0 0 335925964333 336044088500 3398359603927 3447237796573 3714049029640 3767406229485 69 70
11 0 0 176165395117 176236833472 3919035016997 3975294963086 4091935249778 4150640158064 71 44
5 0 0 195823308297 195878108071 2704558120259 2743555903914 2983824502388 3026805384490 72 68
6 0 0 100493217175 100518217603 2404340664874 2439047403704 2537672597497 2574286233348 73 74
13 0 0 61052177598 61066309477 2237102699376 2269414983970 2314691128761 2348114662079 43 75
4 0 0 13974376556 13977682274 2286229914106 2319245889276 2299279989703 2332482849551 76 77
12 0 0 7181079020 7182793676 2307667944272 2340990915078 2314691128761 2348114662079 78 75
0 0 0 2043522338219 2102622459839 277533109886231 277588903369157 279420832667657 279450102119667 26 79
1 0 0 924547657310 951579907998 280559492833228 280572589939937 281474976710656 281474976710656 80 1
-1
-1
-1
-1
-1
-1
7 0 0 239739491787 246762835633 281106131286128 281111418200921 281474976710656 281474976710656 81 1
8 0 0 111669156236 114936362349 280745810596686 280756249030306 280901538255580 280909751846222 82 83
14 0 0 64403848218 66286910662 280559492833228 280572589939937 280644729406185 280656610657298 80 84
0 0 0 150069519494 154465915884 281106131286128 281111418200921 281244030207470 281247342122930 81 85
1 0 0 66700406296 68655986149 281326462555472 281328592955445 281392335222239 281393520968186 86 87
0 0 0 3452246127534 3541254382110 247610023687791 248038324295494 250771657157386 251164866335207 22 88
1 0 0 1533935492292 1574296624855 252661780600405 253033528849659 254172298625856 254526636774635 89 90
10 0 0 862727338036 885656012563 255188147482622 255530647520359 256067463533911 256399632444545 91 8
17 0 0 233295216572 239508201934 255707701136575 256044106344265 256067463533911 256399632444545 92 8
9 0 0 105692846639 108503776793 255362793172438 255703247499141 255510686152845 255849405729234 93 94
15 0 0 60097454245 61694662202 255188147482622 255530647520359 255267736629505 255609304782091 91 95
0 0 0 146035602187 149924739187 255707701136575 256044106344265 255842265565600 256177087770636 92 96
1 0 0 66031107422 67791103377 255923397886878 256257264776333 255988608756325 256321707320363 97 98
16 0 0 933036108328 938409649467 55584090243947 56231769344037 56368345712115 57022856305781 3 99
4 0 0 343679792338 345702409328 56798178726444 57456406358202 57121006118303 57782012801709 100 101
12 0 0 176719523475 177769275857 57328574621911 57991362426288 57502413094083 58166689136832 102 33
5 0 0 205729249509 206924562766 56074907196756 56726869199627 56368345712115 57022856305781 103 99
6 0 0 106807519581 107424549666 55755916223442 56405097540935 55898042244992 56548463801253 104 105
19 0 0 66839199244 67224139531 55584090243947 56231769344037 55659940575377 56308283188491 3 106
4 0 0 14920584002 15006584774 55629401181948 56277476718790 55643408332397 56291606378074 107 108
12 0 0 7660936346 7705111514 55652407705411 56300684450306 55659940575377 56308283188491 109 106
128939251895978 129670426189914
0 80421421917330 84442493013197 0 110
74290118234948 74290118234949
222044802271731 222044802271732
157144812870925 157144812870926
100844361320859 100844361320860
124330163839730 124330163839731
86238015427197 86238015427198
180630615389796 180630615389797
195236961283458 195236961283459
207230329813276 207230329813277
215461961389066 215461961389067
110024633177393 110024633177394
115277832901678 115277832901679
119356494556657 119356494556658
122041945193153 122041945193154
79103989580119 79103989580120
81783479650615 81783479650616
83815440986657 83815440986658
85130887495109 85130887495110
171450343533262 171450343533263
162118482153998 162118482153999
166197143808977 166197143808978
159433031517502 159433031517503
202370987130536 202370987130537
197659535723998 197659535723999
199691497060040 199691497060041
196344089215546 196344089215547
219724858965771 219724858965772
216890886472456 216890886472457
218104110521984 218104110521985
216112643713183 216112643713184
106549533214591 106549533214592
102869632265219 102869632265220
104496874026261 104496874026262
101781795739296 101781795739297
117728312616815 117728312616816
116118150061543 116118150061544
116816450331236 116816450331237
115662919042574 115662919042575
123397984511852 123397984511853
122499074933944 122499074933945
122885146713689 122885146713690
122250431600834 122250431600835
77291579817693 77291579817694
75336629342194 75336629342195
76205700303586 76205700303587
74751525986480 74751525986481
83009271060438 83009271060439
82205529682065 82205529682066
82554896751387 82554896751388
81977111204780 81977111204781
85788501933392 85788501933393
85353066920356 85353066920357
85540318655562 85540318655563
85232280850561 85232280850562
222022197300482 222022197300483
75351491818558 75351491818559
207210255392417 207210255392418
100857370221053 100857370221054
74305266710793 74305266710794
74452077448081 74452077448082
74565644309826 74565644309827
74650882682354 74650882682355
74705662928103 74705662928104
74374498315228 74374498315229
74327719516362 74327719516363
74313669899628 74313669899629
74320066321618 74320066321619
74324218295155 74324218295156
75686350326485 75686350326486
75880582328674 75880582328675
76028541937036 76028541937037
76124635765901 76124635765902
75555534390087 75555534390088
75414936169070 75414936169071
75477374287401 75477374287402
75372957764282 75372957764283
75359631411035 75359631411036
75365741792294 75365741792295
75369669281319 75369669281320
220834860642881 220834860642882
221505291187730 221505291187731
221827383080658 221827383080659
221615056584494 221615056584495
221706814152412 221706814152413
221555504396577 221555504396578
221908660607183 221908660607184
221957250856418 221957250856419
221996082419299 221996082419300
204183396892962 204183396892963
205269276407069 205269276407070
206138347368461 206138347368462
206723450724175 206723450724176
207022899262574 207022899262575
206824094028301 206824094028302
206909332400829 206909332400830
206769313782552 206769313782553
207100478395427 207100478395428
207147257194293 207147257194294
207184858475707 207184858475708
101227433488789 101227433488790
101437488352939 101437488352940
101595297990621 101595297990622
101696786375930 101696786375931
101084074471204 101084074471205
100928269825594 100928269825595
100997683499139 100997683499140
100881400217797 100881400217798
100866487087874 100866487087875
100873327075719 100873327075720
100877721700162 100877721700163
11 0 1 281474976710656 281474976710656 0 0 281474976710656 281474976710656 0 1
17 1 0 74962389633508 75467066119338 166807108324401 167191164937255 281474976710656 281474976710656 2 1
9 1 0 34306621333195 34384394825102 56231769344036 56486650489445 103722661604153 104093323827490 3 4
15 1 2 19607503771235 19607503771236 0 0 25646022435112 25778134158972 0 5
0 0 0 46924141319301 47240053216687 166807108324401 167191164937255 209776864241834 210078602046046 2 6
1 0 0 21083811756855 21284467066099 235638322885938 235854892728053 256399632444544 256528493801342 7 8
18 0 0 11924743057122 12055023025331 270409089501798 270469047067835 281474976710656 281474976710656 9 1
2 0 0 21474885679298 21523569483844 56231769344036 56486650489445 75037775292537 75349382752454 3 10
3 0 0 8508591878072 8537983654027 85657934047195 85995272032043 93833915915066 94187965001032 11 12
11 0 0 4529705067928 4547825650106 99184215394361 99547742046399 103722661604153 104093323827490 13 4
16 1 3 12201801242085 12201801242086 0 0 10402182847881 10458978538928 0 14
4 1 0 4568361167205 4571334692907 16151566149854 16237872925877 20492330359215 20600031349390 15 16
12 1 0 2365932381330 2368153479950 23293655617120 23414758557207 25646022435112 25778134158972 17 5
5 0 0 11160242093066 11247283279743 193188331653441 193530614293516 209776864241834 210078602046046 18 6
6 0 0 5500778576481 5539868518607 176053793647112 176426383997422 183576927829603 183937660002549 19 20
13 0 0 3268728498114 3290734872506 166807108324401 167191164937255 171071179477659 171450374504726 2 21
7 0 0 5460334582318 5515042194637 248038324295493 248204578548286 256399632444544 256528493801342 22 8
8 0 0 2545475456107 2570136500364 239865891309143 240065996799444 243398480364249 243584280669032 23 24
14 0 0 1468695098106 1482672716219 235638322885938 235854892728053 237572492610997 237781618382986 7 25
21 0 0 3228364140421 3264573702053 277588903369156 277610514977517 281474976710656 281474976710656 26 1
9 0 0 1461468688961 1477578330061 272821440172382 272868743054906 274865140956595 274901541513440 27 28
15 0 0 830675775146 839751057781 270409089501798 270469047067835 271508300977713 271562521081529 9 29
5 0 0 4862342020457 4875664879865 67956152331502 68248074284277 75037775292537 75349382752454 30 10
6 0 0 2474050138120 2480075625284 60407868201088 60676579175174 63751985709633 64031263595651 31 32
13 0 0 1495937247652 1499328554022 56231769344036 56486650489445 58166689136831 58428065634281 3 33
7 0 0 2156042497606 2163918375882 90577355395874 90925071136192 93833915915066 94187965001032 34 12
8 0 0 1019615730091 1023207382198 87347365799505 87688377695566 88749316786150 89093290078104 35 36
14 0 0 592707207179 594754633792 85657934047195 85995272032043 86432458026789 86771494607144 11 37
17 0 0 1211371761392 1216349372121 101876041468515 102243900438648 103722661604153 104093323827490 38 4
9 0 0 552862482916 555094419142 100092384020027 100457404931113 100858799838167 101225055928335 39 40
15 0 0 315538561331 316800838311 99184215394361 99547742046399 99598503307465 99962715730485 13 41
5 1 0 2708178538657 2708887519823 6496852583391 6532839140068 10402182847881 10458978538928 42 14
6 1 0 1399993504211 1400121523628 2269414983969 2282179786593 4150640158063 4173828127992 43 44
19 1 4 874091170836 874091170837 0 0 1001139597702 1006796441834 0 45
7 0 0 1146005373983 1146872352482 18772131389227 18871445309119 20492330359215 20600031349390 46 16
8 0 0 545550259501 545925210952 17054527674857 17145347679342 17801446469528 17895974819714 47 48
14 0 0 318231339286 318438474632 16151566149854 16237872925877 16565922872645 16654304805404 15 49
17 0 0 629285886191 629912109973 24691506439049 24819178139947 25646022435112 25778134158972 50 5
9 0 0 288238462281 288514545599 23766120941454 23889452929296 24164160144492 24289363034402 51 52
15 0 0 164810487353 164965208743 23293655617120 23414758557207 23509293272230 23631414691326 17 53
10 0 0 37097900526 37519777914 281437183803000 281437396877902 281474976710656 281474976710656 54 1
16 0 0 37989457063 37992930929 2269414983969 2282179786593 2301612798076 2314557202777 43 55
18 0 0 37081472392 37465499736 256365231248029 256494252167310 256399632444544 256528493801342 56 8
20 0 0 36147216044 36229162185 56231769344036 56486650489445 56258643335227 56513615729547 3 57
-1
2 1 5 38068025677 38068025678 0 0 32882254224 33068697329 0 58
20 1 6 473787704676 473787704677 0 0 351510357165 353501159430 0 59
4 1 0 195242592686 195247296519 597927639036 601311056821 782843094735 787269937472 60 61
12 1 0 100277683312 100281326491 901667229621 906763831714 1001139597702 1006796441834 62 45
5 1 0 117057715895 117058579732 183148851604 184186752028 351510357165 353501159430 63 59
6 1 7 60814542220 60814542221 0 0 81618025803 82080721214 0 64
-1
3 1 0 14570104346 14570134359 51122349929 51412195885 65006331570 65374876591 65 66
11 1 0 7635908137 7635930911 74018455931 74438080515 81618025803 82080721214 67 64
2 0 0 876352706456 876432842658 2269414983969 2282179786593 3026805384489 3043783847089 43 68
3 0 0 335879309618 335925964334 3447237796572 3466545258481 3767406229484 3788482471923 69 70
11 0 0 176137181175 176165395118 3975294963085 3997517469694 4150640158063 4173828127992 71 44
5 0 0 195801662770 195823308298 2743555903913 2758961259072 3026805384489 3043783847089 72 68
6 0 0 100483341860 100493217176 2439047403703 2452757957758 2574286233347 2588749949061 73 74
13 0 0 61046595322 61052177599 2269414983969 2282179786593 2348114662078 2361318383897 43 75
4 0 0 13973070761 13974376557 2319245889275 2332288635022 2332482849550 2345599410519 76 77
12 0 0 7180401715 7181079021 2340990915077 2354154917084 2348114662078 2361318383897 78 75
0 0 0 2020856270670 2043522338220 277588903369156 277610514977517 279450102119666 279461438129256 26 79
1 0 0 914183587524 924547657311 280572589939936 280577662018783 281474976710656 281474976710656 80 1
-1
-1
-1
-1
-1
-1
7 0 0 237046922881 239739491788 281111418200920 281113465570038 281474976710656 281474976710656 81 1
8 0 0 110416545711 111669156237 280756249030305 280760291439193 280909751846221 280912932622884 82 83
14 0 0 63681888704 64403848219 280572589939936 280577662018783 280656610657297 280661211847502 80 84
0 0 0 148384054496 150069519495 281111418200920 281113465570038 281247342122929 281248624656799 81 85
1 0 0 65950704965 66700406297 281328592955444 281329417944555 281393520968185 281393980141556 86 87
0 0 0 3418000851414 3452246127535 248038324295493 248204578548286 251164866335206 251317464873046 22 88
1 0 0 1518415191740 1533935492293 253033528849658 253177779397693 254526636774634 254664116911864 89 90
10 0 0 853912812578 862727338037 255530647520358 255663525006416 256399632444544 256528493801342 91 8
17 0 0 230906875758 233295216573 256044106344264 256174614454051 256399632444544 256528493801342 92 8
9 0 0 104612254092 105692846640 255703247499140 255835329689433 255849405729233 255980813530970 93 94
15 0 0 59483435751 60097454246 255530647520358 255663525006416 255609304782090 255741819983386 91 95
0 0 0 144540574582 146035602188 256044106344264 256174614454051 256177087770635 256306980517286 92 96
1 0 0 65354560895 66031107423 256257264776332 256386786168007 256321707320362 256450930048272 97 98
16 0 0 930925689442 933036108329 56231769344036 56486650489445 57022856305780 57280411329145 3 99
4 0 0 342885528353 343679792339 57456406358201 57715416062682 57782012801708 58042110015652 100 101
12 0 0 176307318483 176719523476 57991362426287 58252156596514 58166689136831 58428065634281 102 33
5 0 0 205259823841 205729249510 56726869199626 56983426743972 57022856305780 57280411329145 103 99
6 0 0 106565190031 106807519582 56405097540934 56660566698535 56548463801252 56804418409046 104 105
19 0 0 66688016769 66839199245 56231769344036 56486650489445 56308283188490 56563424055049 3 106
4 0 0 14886807995 14920584003 56277476718789 56532513043270 56291606378073 56546690656459 107 108
12 0 0 7643587001 7660936347 56300684450305 56555799534028 56308283188490 56563424055049 109 106
128551035405484 128939251895979
0 84442493013196 86607685141741 0 110
74290118234948 74290118234949
222044802271731 222044802271732
157144812870925 157144812870926
100844361320859 100844361320860
124330163839730 124330163839731
86238015427197 86238015427198
180630615389796 180630615389797
195236961283458 195236961283459
207230329813276 207230329813277
215461961389066 215461961389067
110024633177393 110024633177394
115277832901678 115277832901679
119356494556657 119356494556658
122041945193153 122041945193154
79103989580119 79103989580120
81783479650615 81783479650616
83815440986657 83815440986658
85130887495109 85130887495110
171450343533262 171450343533263
162118482153998 162118482153999
166197143808977 166197143808978
159433031517502 159433031517503
202370987130536 202370987130537
197659535723998 197659535723999
199691497060040 199691497060041
196344089215546 196344089215547
219724858965771 219724858965772
216890886472456 216890886472457
218104110521984 218104110521985
216112643713183 216112643713184
106549533214591 106549533214592
102869632265219 102869632265220
104496874026261 104496874026262
101781795739296 101781795739297
117728312616815 117728312616816
116118150061543 116118150061544
116816450331236 116816450331237
115662919042574 115662919042575
123397984511852 123397984511853
122499074933944 122499074933945
122885146713689 122885146713690
122250431600834 122250431600835
77291579817693 77291579817694
75336629342194 75336629342195
76205700303586 76205700303587
74751525986480 74751525986481
83009271060438 83009271060439
82205529682065 82205529682066
82554896751387 82554896751388
81977111204780 81977111204781
85788501933392 85788501933393
85353066920356 85353066920357
85540318655562 85540318655563
85232280850561 85232280850562
222022197300482 222022197300483
75351491818558 75351491818559
207210255392417 207210255392418
100857370221053 100857370221054
74305266710793 74305266710794
74452077448081 74452077448082
74565644309826 74565644309827
74650882682354 74650882682355
74705662928103 74705662928104
74374498315228 74374498315229
74327719516362 74327719516363
74313669899628 74313669899629
74320066321618 74320066321619
74324218295155 74324218295156
75686350326485 75686350326486
75880582328674 75880582328675
76028541937036 76028541937037
76124635765901 76124635765902
75555534390087 75555534390088
75414936169070 75414936169071
75477374287401 75477374287402
75372957764282 75372957764283
75359631411035 75359631411036
75365741792294 75365741792295
75369669281319 75369669281320
220834860642881 220834860642882
221505291187730 221505291187731
221827383080658 221827383080659
221615056584494 221615056584495
221706814152412 221706814152413
221555504396577 221555504396578
221908660607183 221908660607184
221957250856418 221957250856419
221996082419299 221996082419300
204183396892962 204183396892963
205269276407069 205269276407070
206138347368461 206138347368462
206723450724175 206723450724176
207022899262574 207022899262575
206824094028301 206824094028302
206909332400829 206909332400830
206769313782552 206769313782553
207100478395427 207100478395428
207147257194293 207147257194294
207184858475707 207184858475708
101227433488789 101227433488790
101437488352939 101437488352940
101595297990621 101595297990622
101696786375930 101696786375931
101084074471204 101084074471205
100928269825594 100928269825595
100997683499139 100997683499140
100881400217797 100881400217798
100866487087874 100866487087875
100873327075719 100873327075720
100877721700162 100877721700163
12 0 1 281474976710656 281474976710656 0 0 281474976710656 281474976710656 0 1
17 1 0 74694177746949 74962389633509 167191164937254 167395799182298 281474976710656 281474976710656 2 1
9 1 0 34265076433683 34306621333196 56486650489444 56622920815215 104093323827489 104291205433243 3 4
15 1 2 19607503771235 19607503771236 0 0 25778134158971 25848833498323 0 5
0 0 0 46756248959813 46924141319302 167191164937254 167395799182298 210078602046045 210239162585699 2 6
1 0 0 20977510942778 21083811756856 235854892728052 235970042210920 256528493801341 256596965307663 7 8
18 0 0 11855835317049 11924743057123 270469047067834 270500892304111 281474976710656 281474976710656 9 1
2 0 0 21448879854973 21474885679299 56486650489444 56622920815215 75349382752453 75515884683971 3 10
3 0 0 8492912813548 8508591878073 85995272032042 86175463549937 94187965001031 94377035178347 11 12
11 0 0 4520044679103 4529705067929 99547742046398 99741841423329 104093323827489 104291205433243 13 4
16 1 3 12201801242085 12201801242086 0 0 10458978538927 10489386974474 0 14
4 1 0 4566769820924 4568361167206 16237872925876 16284073393294 20600031349389 20657676514138 15 16
12 1 0 2364744106256 2365932381331 23414758557206 23479571279616 25778134158971 25848833498323 17 5
5 0 0 11114040081379 11160242093067 193530614293515 193712842440794 210078602046045 210239162585699 18 6
6 0 0 5480012972756 5500778576482 176426383997421 176624852270860 183937660002548 184129767294205 19 20
13 0 0 3257033142064 3268728498115 167191164937254 167395799182298 171450374504725 171652391872331 2 21
7 0 0 5431368780233 5460334582319 248204578548285 248292941743896 256528493801341 256596965307663 22 8
8 0 0 2532413362566 2545475456108 240065996799443 240172378427431 243584280669031 243683046549586 23 24
14 0 0 1461290199677 1468695098107 235854892728052 235970042210920 237781618382985 237892803273214 7 25
21 0 0 3209218491579 3228364140422 277610514977516 277621991013913 281474976710656 281474976710656 26 1
9 0 0 1452948916499 1461468688962 272868743054905 272893865155287 274901541513439 274920872282851 27 28
15 0 0 825875672526 830675775147 270469047067834 270500892304111 271562521081528 271591318010835 9 29
5 0 0 4855229104020 4862342020458 68248074284276 68404091714295 75349382752453 75515884683971 30 10
6 0 0 2470832077191 2474050138121 60676579175173 60820224991184 64031263595650 64180542789984 31 32
13 0 0 1494125685913 1495937247653 56486650489444 56622920815215 58428065634280 58567800302296 3 33
7 0 0 2151842061059 2156042497607 90925071136191 91110777819395 94187965001031 94377035178347 34 12
8 0 0 1017699910450 1019615730092 87688377695565 87870522165102 89093290078103 89277008369596 35 36
14 0 0 591615005946 592707207180 85995272032042 86175463549937 86771494607143 86952589114381 11 37
17 0 0 1208718443406 1211371761393 102243900438647 102440296684328 104093323827489 104291205433243 38 4
9 0 0 551672649964 552862482917 100457404931112 100652296685536 101225055928334 101420602546772 39 40
15 0 0 314865620125 315538561332 99547742046398 99741841423329 99962715730484 100157178779411 13 41
5 1 0 2707798942154 2708178538658 6532839140067 6552108684125 10458978538927 10489386974474 42 14
6 1 0 1399924947729 1399993504212 2282179786592 2289015786349 4173828127991 4186245377009 43 44
19 1 4 874091170836 874091170837 0 0 1006796441833 1009825999238 0 45
7 0 0 1145541448169 1146005373984 18871445309118 18924604261043 20600031349389 20657676514138 46 16
8 0 0 545349604566 545550259502 17145347679341 17193962744153 17895974819713 17946573757338 47 48
14 0 0 318120486348 318231339287 16237872925876 16284073393294 16654304805403 16701615508892 15 49
17 0 0 628950881762 629285886192 24819178139946 24887503425383 25778134158971 25848833498323 50 5
9 0 0 288090762519 288238462282 23889452929295 23955457645098 24289363034401 24356368193611 51 52
15 0 0 164727712293 164810487354 23414758557206 23479571279616 23631414691325 23696772054802 17 53
10 0 0 36874874192 37097900527 281437396877901 281437510010006 281474976710656 281474976710656 54 1
16 0 0 37987596752 37989457064 2282179786592 2289015786349 2314557202776 2321489378844 43 55
18 0 0 36878221076 37081472393 256494252167309 256562808530811 256528493801341 256596965307663 56 8
20 0 0 36103442206 36147216045 56486650489444 56622920815215 56513615729546 56649934727738 3 57
-1
2 1 5 38068025677 38068025678 0 0 33068697328 33168551063 0 58
20 1 6 473787704676 473787704677 0 0 353501159429 354567367161 0 59
4 1 0 195240073512 195242592687 601311056820 603123089470 787269937471 789640776131 60 61
12 1 0 100275732206 100277683313 906763831713 909493356473 1006796441833 1009825999238 62 45
5 1 0 117057253252 117057715896 184186752027 184742620001 353501159429 354567367161 63 59
6 1 7 60814542220 60814542221 0 0 82080721213 82328527615 0 64
-1
3 1 0 14570088272 14570104347 51412195884 51567429218 65374876590 65572258842 65 66
11 1 0 7635895940 7635908138 74438080514 74662819467 82080721213 82328527615 67 64
2 0 0 876309792214 876352706457 2282179786592 2289015786349 3043783847088 3052876196605 43 68
3 0 0 335854326623 335879309619 3466545258480 3476884705168 3788482471922 3799769016365 69 70
11 0 0 176122073346 176137181176 3997517469693 4009417773855 4173828127991 4186245377009 71 44
5 0 0 195790071493 195801662771 2758961259071 2767211246371 3043783847088 3052876196605 72 68
6 0 0 100478053509 100483341861 2452757957757 2460100402065 2588749949060 2596495703347 73 74
13 0 0 61043605923 61046595323 2282179786592 2289015786349 2361318383896 2368389423070 43 75
4 0 0 13972371489 13973070762 2332288635021 2339273472307 2345599410518 2352623775509 76 77
12 0 0 7180039008 7180401716 2354154917083 2361204686509 2361318383896 2368389423070 78 75
0 0 0 2008871685649 2020856270671 277610514977516 277621991013913 279461438129255 279467457349582 26 79
1 0 0 908704383039 914183587525 280577662018782 280580355110104 281474976710656 281474976710656 80 1
-1
-1
-1
-1
-1
-1
7 0 0 235623469540 237046922882 281113465570037 281114552631389 281474976710656 281474976710656 81 1
8 0 0 109754329869 110416545712 280760291439192 280762437800734 280912932622883 280914621483351 82 83
14 0 0 63300208159 63681888705 280577662018782 280580355110104 280661211847501 280663654907606 80 84
0 0 0 147493016656 148384054497 281113465570037 281114552631389 281248624656798 281249305622032 81 85
1 0 0 65554371859 65950704966 281329417944554 281329855973924 281393980141555 281394223939952 86 87
0 0 0 3399869153677 3418000851415 248204578548285 248292941743896 251317464873045 251398562349072 22 88
1 0 0 1510199616230 1518415191741 253177779397692 253254435992876 254664116911863 254737172275438 89 90
10 0 0 849247434449 853912812579 255663525006415 255734132398150 256528493801341 256596965307663 91 8
17 0 0 229642797557 230906875759 256174614454050 256243961732385 256528493801341 256596965307663 92 8
9 0 0 104040319417 104612254093 255835329689432 255905514111352 255980813530969 256050639290266 93 94
15 0 0 59158446225 59483435752 255663525006415 255734132398150 255741819983385 255812234697098 91 95
0 0 0 143749300658 144540574583 256174614454050 256243961732385 256306980517285 256376000532246 92 96
1 0 0 64996488330 65354560896 256386786168006 256455608689838 256450930048271 256519593736231 97 98
16 0 0 929798349800 930925689443 56486650489444 56622920815215 57280411329144 57418107860035 3 99
4 0 0 342461273962 342885528354 57715416062681 57853888455135 58042110015651 58181162416844 100 101
12 0 0 176087145535 176307318484 58252156596513 58391580701041 58428065634280 58567800302296 102 33
5 0 0 205009072661 205259823842 56983426743971 57120591246846 57280411329144 57418107860035 103 99
6 0 0 106435743921 106565190032 56660566698534 56797150669582 56804418409045 56941261315204 104 105
19 0 0 66607258395 66688016770 56486650489444 56622920815215 56563424055048 56699832916492 3 106
4 0 0 14868765629 14886807996 56532513043269 56668866141917 56546690656458 56683069333762 107 108
12 0 0 7634319389 7643587002 56555799534027 56692194642907 56563424055048 56699832916492 109 106
165944675786964 168361031086887
1 70368744177664 80421421917331 0 110
222044802271731 222044802271732
74290118234948 74290118234949
157144812870925 157144812870926
124330163839730 124330163839731
100844361320859 100844361320860
86238015427197 86238015427198
180630615389796 180630615389797
207230329813276 207230329813277
195236961283458 195236961283459
215461961389066 215461961389067
110024633177393 110024633177394
119356494556657 119356494556658
115277832901678 115277832901679
122041945193153 122041945193154
79103989580119 79103989580120
83815440986657 83815440986658
81783479650615 81783479650616
85130887495109 85130887495110
171450343533262 171450343533263
166197143808977 166197143808978
162118482153998 162118482153999
159433031517502 159433031517503
202370987130536 202370987130537
199691497060040 199691497060041
197659535723998 197659535723999
196344089215546 196344089215547
219724858965771 219724858965772
218104110521984 218104110521985
216890886472456 216890886472457
216112643713183 216112643713184
106549533214591 106549533214592
104496874026261 104496874026262
102869632265219 102869632265220
101781795739296 101781795739297
117728312616815 117728312616816
116816450331236 116816450331237
116118150061543 116118150061544
115662919042574 115662919042575
123397984511852 123397984511853
122885146713689 122885146713690
122499074933944 122499074933945
122250431600834 122250431600835
77291579817693 77291579817694
76205700303586 76205700303587
75336629342194 75336629342195
74751525986480 74751525986481
83009271060438 83009271060439
82554896751387 82554896751388
82205529682065 82205529682066
81977111204780 81977111204781
85788501933392 85788501933393
85540318655562 85540318655563
85353066920356 85353066920357
85232280850561 85232280850562
222022197300482 222022197300483
75351491818558 75351491818559
207210255392417 207210255392418
100857370221053 100857370221054
74305266710793 74305266710794
74452077448081 74452077448082
74650882682354 74650882682355
74565644309826 74565644309827
74705662928103 74705662928104
74374498315228 74374498315229
74327719516362 74327719516363
74320066321618 74320066321619
74313669899628 74313669899629
74324218295155 74324218295156
75686350326485 75686350326486
76028541937036 76028541937037
75880582328674 75880582328675
76124635765901 76124635765902
75555534390087 75555534390088
75477374287401 75477374287402
75414936169070 75414936169071
75372957764282 75372957764283
75365741792294 75365741792295
75359631411035 75359631411036
75369669281319 75369669281320
220834860642881 220834860642882
221505291187730 221505291187731
221827383080658 221827383080659
221706814152412 221706814152413
221615056584494 221615056584495
221555504396577 221555504396578
221908660607183 221908660607184
221996082419299 221996082419300
221957250856418 221957250856419
204183396892962 204183396892963
206138347368461 206138347368462
205269276407069 205269276407070
206723450724175 206723450724176
207022899262574 207022899262575
206909332400829 206909332400830
206824094028301 206824094028302
206769313782552 206769313782553
207100478395427 207100478395428
207184858475707 207184858475708
207147257194293 207147257194294
101227433488789 101227433488790
101595297990621 101595297990622
101437488352939 101437488352940
101696786375930 101696786375931
101084074471204 101084074471205
100997683499139 100997683499140
100928269825594 100928269825595
100881400217797 100881400217798
100873327075719 100873327075720
100866487087874 100866487087875
100877721700162 100877721700163
13 0 1 281474976710656 281474976710656 0 0 281474976710656 281474976710656 0 1
16 1 13 175162619398934 175162619398935 0 0 114667868386254 115651529170537 0 2
4 1 0 63837738884391 65017170121847 177752315106502 178697401070587 225243207366619 225890886466709 3 4
12 1 0 32673660725263 33544222376088 255828954275543 256163933154717 281474976710656 281474976710656 5 1
5 1 0 38456387458317 38742191621309 71698112468821 72473314925007 114667868386254 115651529170537 6 2
6 1 0 20021172138750 20073148475613 25075344266111 25407513176745 45836653824717 46394080722766 7 8
19 1 14 12547991566126 12547991566127 0 0 11065887208857 11220596593616 0 9
7 0 0 15944864356572 16287245069787 206437201418118 207230090047572 225243207366619 225890886466709 10 4
8 0 0 7612066355258 7760564446367 187641060795589 188543151123661 195817042663460 196676053227129 11 12
14 0 0 4446927114268 4529086113647 177752315106502 178697401070587 182290761316294 183217353413918 3 13
17 0 0 8670512208142 8915391921824 271072793862774 271216647302518 281474976710656 281474976710656 14 1
9 0 0 3977495602638 4085621789920 260982646351440 261255629872368 265323410560801 265542099818306 15 16
15 0 0 2276042202320 2336685393596 255828954275543 256163933154717 258181321093535 258488334983228 5 17
0 0 0 24072511142538 24251415723881 71698112468821 72473314925007 88286645057214 89164968709428 6 18
1 0 0 10024878782563 10126676767226 97898048881052 98823079063308 105421183063543 106376107277701 19 20
10 0 0 5462723974077 5525301643705 110403797232996 111375302525484 114667868386254 115651529170537 21 2
2 0 0 12532635571116 12565171153135 25075344266111 25407513176745 33436652415162 33864953022865 7 22
3 0 0 4793906992630 4812811343798 38076496346406 38554991896238 41609085401512 42124290941373 23 24
11 0 0 2511732603778 2523154627730 43902484099658 44440825395078 45836653824717 46394080722766 25 8
20 1 15 6801446257286 6801446257287 0 0 3886073341499 3941866824425 0 26
4 1 0 2799986555481 2801901730785 6609835754060 6703790675689 8653536538273 8775613983809 27 28
12 1 0 1437355595854 1438838162320 9966675732942 10106591693075 11065887208857 11220596593616 29 9
0 0 0 9980992762408 10195312517294 206437201418118 207230090047572 213518824379153 214261248094283 10 30
1 0 0 4370574363058 4469582158979 217722991001022 218433045169264 221067108509567 221750133863210 31 32
10 0 0 2440352562008 2497060830670 223308287573824 223972563616573 225243207366619 225890886466709 33 4
2 0 0 4764918502896 4857873722800 187641060795589 188543151123661 190897621314781 191783368955413 11 34
3 0 0 1866610900689 1904016843287 192725659924505 193601760053110 194127610911150 194996081510735 35 36
11 0 0 988580051800 1008630048230 195042518683866 195905902312051 195817042663460 196676053227129 37 12
16 0 0 2767334456207 2818462217923 177752315106502 178697401070587 179598935242140 180536750094078 3 38
4 0 0 1029562649730 1048892180470 180616176872488 181549837586400 181382592690628 182313053795805 39 40
12 0 0 531721267231 541774055459 181876473403190 182804840904209 182290761316294 183217353413918 41 13
0 0 0 5427472925486 5580760065173 271072793862774 271216647302518 274978124127264 275069246385602 14 42
1 0 0 2435072855905 2505443543850 277324336552592 277383041460878 279205561726686 279237874011280 43 44
18 0 0 1376227277077 1416453522428 280473837112953 280488155318408 281474976710656 281474976710656 45 1
2 0 0 2489789435310 2557473089968 260982646351440 261255629872368 262702845321428 262954539796693 15 46
3 0 0 985858690111 1012936951582 263673530241127 263913079941601 264420449035798 264650588970431 47 48
11 0 0 524687515863 539166926739 264909053838010 265133007855843 265323410560801 265542099818306 49 16
16 0 0 1416387057492 1454125475154 255828954275543 256163933154717 256783470271606 257107169152775 5 50
4 0 0 530111377867 544318095435 257310816566163 257628244106058 257708855769201 258021531141310 51 52
12 0 0 274499877512 281875182384 257965683438425 258275284075776 258181321093535 258488334983228 53 17
13 1 5 38068025677 38068025678 0 0 37792907655 38343143162 0 54
17 0 0 26656973003 27432500658 279173363912579 279206130909376 279205561726686 279237874011280 55 44
19 0 0 38918792100 39019827956 25075344266111 25407513176745 25109745462626 25442324860759 7 56
21 0 0 28638516194 29309729690 225216333375428 225864245589114 225243207366619 225890886466709 57 4
-1
7 0 0 27351210372 28153448657 281442094456431 281442566335583 281474976710656 281474976710656 58 1
21 0 0 372526600454 383440717679 281123466353490 281128505099111 281474976710656 281474976710656 59 1
9 0 0 168658544726 173592190965 280692133615920 280703338354471 280877049071619 280885612694782 60 61
15 0 0 95867781359 98669935450 280473837112953 280488155318408 280573309481034 280586209550013 45 62
0 0 0 233190149492 240022049883 281123466353490 281128505099111 281291827859051 281294454766641 59 63
1 0 0 105482551443 108575920273 281393358684852 281394529750283 281474976710656 281474976710656 64 1
-1
8 0 0 12740300325 13113943082 281409970379085 281410903152164 281423854360726 281424587948817 65 66
14 0 0 7347898379 7563381979 281393358684852 281394529750283 281400958254724 281402020308866 64 67
7 0 0 630474164605 648768475440 278448171326166 278491152208268 279205561726686 279237874011280 68 44
8 0 0 293962951845 302469952135 277707570481171 277760927681016 278027738914083 278076617106729 69 70
14 0 0 169626802223 174528813569 277324336552592 277383041460878 277499681747570 277555941693659 43 71
0 0 0 394657360081 406109033796 278448171326166 278491152208268 278731420806742 278770418590397 68 72
1 0 0 175304215190 180399299610 278900690477308 278937304113159 279035929306952 279070636045782 73 74
10 0 0 98580779255 101448295180 279126862048577 279160285581895 279205561726686 279237874011280 75 44
9 0 0 12077017069 12428332939 279142493861105 279175696720953 279155730821380 279188746796550 76 77
15 0 0 6867121985 7066872706 279126862048577 279160285581895 279133985795578 279167308766384 75 78
5 1 0 1679901911936 1680253871261 2024874590989 2054144042999 3886073341499 3941866824425 79 26
6 1 16 873021474575 873021474576 0 0 902386770719 915483877428 0 80
-1
-1
-1
-1
-1
-1
2 1 17 546484487061 546484487062 0 0 363558509735 368845424528 0 81
3 1 0 209142767765 209154998658 565224864434 573438455076 718727680350 729166113970 82 83
11 1 0 109603439003 109612719445 818366053358 830247304471 902386770719 915483877428 84 80
5 1 0 122027542140 122030416138 227634587726 230946503186 363558509735 368845424528 85 81
6 1 0 62647085482 62647613455 81455742470 82641488417 146383755211 148514155184 86 87
5 0 0 2797916216828 2806697343663 30310110375449 30703319553270 33436652415162 33864953022865 88 22
6 0 0 1436594004328 1440602268689 26948339936021 27302678084800 28441447860997 28813196110251 89 90
13 0 0 873021474575 875287898237 25075344266111 25407513176745 25944329190297 26286829228034 7 91
16 0 0 543283563126 544693964540 25075344266111 25407513176745 25430870366391 25767275574081 7 92
4 0 0 199810844998 200340957504 25625570981422 25964290557811 25771729211515 26112183538218 93 94
12 0 0 102673911737 102948866984 25865671928565 26207240081151 25944329190297 26286829228034 95 91
5 0 0 119717057384 120030611192 25297888940020 25632711145056 25430870366391 25767275574081 96 92
6 0 0 62177902593 62339822651 25153269390293 25486367954331 25217711934323 25551578823778 97 98
17 0 0 658928155609 674319038217 224452120404875 225106630998541 225243207366619 225890886466709 99 4
9 0 0 298818263807 305774154220 223692963908947 224353970592353 224018570352454 224676797984212 100 101
15 0 0 169994585742 173944875053 223308287573824 223972563616573 223483614284368 224146402088745 33 102
0 0 0 412468679883 422102897177 224452120404875 225106630998541 224748107511029 225400069513900 99 103
1 0 0 186385638712 190748386861 224926512909403 225576934465664 225069879169721 225719060487214 104 105
18 0 0 105720570347 108197840537 225166693522165 225815036135279 225243207366619 225890886466709 106 4
9 0 0 12959448207 13263139780 225183370332582 225831568378259 225197499991866 225845575528708 107 108
15 0 0 7364478739 7537045002 225166693522165 225815036135279 225174292260350 225822569005245 106 109
168361031086886 169315753998809
1 80421421917330 84442493013197 0 110
222044802271731 222044802271732
74290118234948 74290118234949
157144812870925 157144812870926
124330163839730 124330163839731
100844361320859 100844361320860
86238015427197 86238015427198
180630615389796 180630615389797
207230329813276 207230329813277
195236961283458 195236961283459
215461961389066 215461961389067
110024633177393 110024633177394
119356494556657 119356494556658
115277832901678 115277832901679
122041945193153 122041945193154
79103989580119 79103989580120
83815440986657 83815440986658
81783479650615 81783479650616
85130887495109 85130887495110
171450343533262 171450343533263
166197143808977 166197143808978
162118482153998 162118482153999
159433031517502 159433031517503
202370987130536 202370987130537
199691497060040 199691497060041
197659535723998 197659535723999
196344089215546 196344089215547
219724858965771 219724858965772
218104110521984 218104110521985
216890886472456 216890886472457
216112643713183 216112643713184
106549533214591 106549533214592
104496874026261 104496874026262
102869632265219 102869632265220
101781795739296 101781795739297
117728312616815 117728312616816
116816450331236 116816450331237
116118150061543 116118150061544
115662919042574 115662919042575
123397984511852 123397984511853
122885146713689 122885146713690
122499074933944 122499074933945
122250431600834 122250431600835
77291579817693 77291579817694
76205700303586 76205700303587
75336629342194 75336629342195
74751525986480 74751525986481
83009271060438 83009271060439
82554896751387 82554896751388
82205529682065 82205529682066
81977111204780 81977111204781
85788501933392 85788501933393
85540318655562 85540318655563
85353066920356 85353066920357
85232280850561 85232280850562
222022197300482 222022197300483
75351491818558 75351491818559
207210255392417 207210255392418
100857370221053 100857370221054
74305266710793 74305266710794
74452077448081 74452077448082
74650882682354 74650882682355
74565644309826 74565644309827
74705662928103 74705662928104
74374498315228 74374498315229
74327719516362 74327719516363
74320066321618 74320066321619
74313669899628 74313669899629
74324218295155 74324218295156
75686350326485 75686350326486
76028541937036 76028541937037
75880582328674 75880582328675
76124635765901 76124635765902
75555534390087 75555534390088
75477374287401 75477374287402
75414936169070 75414936169071
75372957764282 75372957764283
75365741792294 75365741792295
75359631411035 75359631411036
75369669281319 75369669281320
220834860642881 220834860642882
221505291187730 221505291187731
221827383080658 221827383080659
221706814152412 221706814152413
221615056584494 221615056584495
221555504396577 221555504396578
221908660607183 221908660607184
221996082419299 221996082419300
221957250856418 221957250856419
204183396892962 204183396892963
206138347368461 206138347368462
205269276407069 205269276407070
206723450724175 206723450724176
207022899262574 207022899262575
206909332400829 206909332400830
206824094028301 206824094028302
206769313782552 206769313782553
207100478395427 207100478395428
207184858475707 207184858475708
207147257194293 207147257194294
101227433488789 101227433488790
101595297990621 101595297990622
101437488352939 101437488352940
101696786375930 101696786375931
101084074471204 101084074471205
100997683499139 100997683499140
100928269825594 100928269825595
100881400217797 100881400217798
100873327075719 100873327075720
100866487087874 100866487087875
100877721700162 100877721700163
14 0 1 281474976710656 281474976710656 0 0 281474976710656 281474976710656 0 1
16 1 13 175162619398934 175162619398935 0 0 114283811773401 114667868386255 0 2
4 1 0 65017170121846 65482689790493 177381652883166 177752315106503 224988326221211 225243207366620 3 4
12 1 0 33544222376087 33890708805718 255696842551684 255828954275544 281474976710656 281474976710656 5 1
5 1 0 38742191621308 38853723378282 71396374664610 71698112468822 114283811773401 114667868386255 6 2
6 1 0 20073148475612 20093330276369 24946482909314 25075344266112 45620083982603 45836653824718 7 8
19 1 14 12547991566126 12547991566127 0 0 11005929642821 11065887208858 0 9
7 0 0 16287245069786 16422797194794 206125593958202 206437201418119 224988326221211 225243207366620 10 4
8 0 0 7760564446366 7819238419619 187287011709624 187641060795590 195479704678613 195817042663461 11 12
14 0 0 4529086113646 4561514142473 177381652883166 177752315106503 181927234664257 182290761316295 3 13
17 0 0 8915391921823 9013013391952 271015998171728 271072793862775 281474976710656 281474976710656 14 1
9 0 0 4085621789919 4128680028749 260874945361266 260982646351441 265237103784779 265323410560802 15 16
15 0 0 2336685393595 2360821585221 255696842551684 255828954275544 258060218153449 258181321093536 5 17
0 0 0 24251415723880 24321231160014 71396374664610 71698112468822 87944362417140 88286645057215 6 18
1 0 0 10126676767225 10166514096278 97537316708107 97898048881053 105048592713234 105421183063544 19 20
10 0 0 5525301643704 5549823471145 110024602205930 110403797232997 114283811773401 114667868386255 21 2
2 0 0 12565171153134 12577804337261 24946482909314 25075344266112 33270398162370 33436652415163 7 22
3 0 0 4812811343797 4820161949431 37890696041624 38076496346407 41408979911212 41609085401513 23 24
11 0 0 2523154627729 2527598651458 43693358327670 43902484099659 45620083982603 45836653824718 25 8
20 1 15 6801446257286 6801446257287 0 0 3864461733139 3886073341500 0 26
4 1 0 2801901730784 2802643895006 6573435197216 6609835754061 8606233655750 8653536538274 27 28
12 1 0 1438838162319 1439412890561 9912455629127 9966675732943 11005929642821 11065887208858 29 9
0 0 0 10195312517293 10280163962146 206125593958202 206437201418119 213226902426379 213518824379154 10 30
1 0 0 4469582158978 4508827668115 217443713115005 217722991001023 220798397535482 221067108509568 31 32
10 0 0 2497060830669 2519552722224 223046911076375 223308287573825 224988326221211 225243207366620 33 4
2 0 0 4857873722799 4894601818396 187287011709624 187641060795590 190549905574464 190897621314782 11 34
3 0 0 1904016843286 1918804565629 192381686632552 192725659924506 193786599015090 194127610911151 35 36
11 0 0 1008630048229 1016558393080 194703482103512 195042518683867 195479704678613 195817042663461 37 12
16 0 0 2818462217922 2838642265675 177381652883166 177752315106503 179231076272008 179598935242141 3 38
4 0 0 1048892180469 1056523853062 180249920782321 180616176872489 181017571779543 181382592690629 39 40
12 0 0 541774055458 545743625622 181512260980171 181876473403191 181927234664257 182290761316295 41 13
0 0 0 5580760065172 5641868091244 271015998171728 271072793862775 274942137570588 274978124127265 14 42
1 0 0 2505443543849 2533515565192 277301148582664 277324336552593 279192796924063 279205561726687 43 44
18 0 0 1416453522427 1432505817615 280468180268822 280473837112954 281474976710656 281474976710656 45 1
2 0 0 2557473089967 2584426217979 260874945361266 260982646351441 262603531401537 262702845321429 15 46
3 0 0 1012936951581 1023723208285 263579001890942 263673530241128 264329629031314 264420449035799 47 48
11 0 0 539166926738 544935362668 264820671905252 264909053838011 265237103784779 265323410560802 49 16
16 0 0 1454125475153 1469145490777 255696842551684 255828954275544 256655798570709 256783470271607 5 50
4 0 0 544318095434 549973309857 257185613676254 257310816566164 257585523781360 257708855769202 51 52
12 0 0 281875182383 284811247179 257843562019330 257965683438426 258060218153449 258181321093536 53 17
13 1 5 38068025677 38068025678 0 0 37579832754 37792907656 0 54
17 0 0 27432500657 27741932319 279160419507879 279173363912580 279192796924063 279205561726687 55 44
19 0 0 39019827955 39059058991 24946482909314 25075344266112 24980724543346 25109745462627 7 56
21 0 0 29309729689 29576003680 224961360981109 225216333375429 224988326221211 225243207366620 57 4
-1
7 0 0 28153448656 28473615112 281441908013327 281442094456432 281474976710656 281474976710656 58 1
21 0 0 383440717678 387796300883 281121475551226 281123466353491 281474976710656 281474976710656 59 1
9 0 0 173592190964 175561009759 280687706773184 280692133615921 280873665653835 280877049071620 60 61
15 0 0 98669935449 99788135875 280468180268822 280473837112954 280568212878942 280573309481035 45 62
0 0 0 240022049882 242748510483 281121475551226 281123466353491 281290789958628 281291827859052 59 63
1 0 0 108575920272 109810450972 281392895989442 281393358684853 281474976710656 281474976710656 64 1
-1
8 0 0 13113943081 13263060208 281409601834065 281409970379086 281423564514771 281423854360727 65 66
14 0 0 7563381978 7649379198 281392895989442 281393358684853 281400538630141 281400958254725 64 67
7 0 0 648768475439 656067250048 278431192863567 278448171326167 279192796924063 279205561726687 68 44
8 0 0 302469952134 305863672638 277686494238733 277707570481172 278008431452175 278027738914084 69 70
14 0 0 174528813568 176484306277 277301148582664 277324336552593 277477459240962 277499681747571 43 71
0 0 0 406109033795 410677841338 278431192863567 278448171326167 278716015451584 278731420806743 68 72
1 0 0 180399299609 182432153778 278886226761595 278900690477309 279022218752898 279035929306953 73 74
10 0 0 101448295179 102592414041 279113658326759 279126862048578 279192796924063 279205561726687 75 44
9 0 0 12428332938 12568505754 279129377300137 279142493861106 279142688075634 279155730821381 76 77
15 0 0 7066872705 7146571851 279113658326759 279126862048578 279120821793572 279133985795579 75 78
5 1 0 1680253871260 1680390194420 2013538581400 2024874590990 3864461733139 3886073341500 79 26
6 1 16 873021474575 873021474576 0 0 897314691873 902386770720 0 80
-1
-1
-1
-1
-1
-1
2 1 17 546484487061 546484487062 0 0 361511140618 363558509736 0 81
3 1 0 209154998657 209159735262 562044087772 565224864435 714685271463 718727680351 82 83
11 1 0 109612719444 109616313539 813764863154 818366053359 897314691873 902386770720 84 80
5 1 0 122030416137 122031529098 226352053857 227634587727 361511140618 363558509736 85 81
6 1 0 62647613454 62647817910 80996569100 81455742471 145558766101 146383755212 86 87
5 0 0 2806697343662 2810108871924 30157511837610 30310110375450 33270398162370 33436652415163 88 22
6 0 0 1440602268688 1442158944160 26810859798792 26948339936022 28297197312963 28441447860998 89 90
13 0 0 875287898236 876167923909 24946482909314 25075344266112 25811451704240 25944329190298 7 91
16 0 0 544693964539 545241606834 24946482909314 25075344266112 25300362256605 25430870366392 7 92
4 0 0 200340957503 200546806140 25494163179686 25625570981423 25639647021223 25771729211516 93 94
12 0 0 102948866983 103055637949 25733156727270 25865671928566 25811451704240 25944329190298 95 91
5 0 0 120030611191 120152363364 25167996193370 25297888940021 25300362256605 25430870366392 96 92
6 0 0 62339822650 62402694834 25024046662384 25153269390294 25088190542649 25217711934324 97 98
17 0 0 674319038216 680424185662 224194565381511 224452120404876 224988326221211 225243207366620 99 4
9 0 0 305774154219 308533144442 223432866695004 223692963908948 223759560647974 224018570352455 100 101
15 0 0 173944875052 175511656774 223046911076375 223308287573825 223222820114142 223483614284369 33 102
0 0 0 422102897176 425924530970 224194565381511 224452120404876 224491549966684 224748107511030 99 103
1 0 0 190748386860 192479058874 224670558301610 224926512909404 224814410012121 225069879169722 104 105
18 0 0 108197840536 109180581686 224911552655607 225166693522166 224988326221211 225243207366620 106 4
9 0 0 13263139779 13383615430 224928286054197 225183370332583 224942463667386 225197499991867 107 108
15 0 0 7537045001 7605502600 224911552655607 225166693522166 224919177176628 225174292260351 106 109
169315753998808 169827077517871
1 84442493013196 86607685141741 0 110
222044802271731 222044802271732
74290118234948 74290118234949
157144812870925 157144812870926
124330163839730 124330163839731
100844361320859 100844361320860
86238015427197 86238015427198
180630615389796 180630615389797
207230329813276 207230329813277
195236961283458 195236961283459
215461961389066 215461961389067
110024633177393 110024633177394
119356494556657 119356494556658
115277832901678 115277832901679
122041945193153 122041945193154
79103989580119 79103989580120
83815440986657 83815440986658
81783479650615 81783479650616
85130887495109 85130887495110
171450343533262 171450343533263
166197143808977 166197143808978
162118482153998 162118482153999
159433031517502 159433031517503
202370987130536 202370987130537
199691497060040 199691497060041
197659535723998 197659535723999
196344089215546 196344089215547
219724858965771 219724858965772
218104110521984 218104110521985
216890886472456 216890886472457
216112643713183 216112643713184
106549533214591 106549533214592
104496874026261 104496874026262
102869632265219 102869632265220
101781795739296 101781795739297
117728312616815 117728312616816
116816450331236 116816450331237
116118150061543 116118150061544
115662919042574 115662919042575
123397984511852 123397984511853
122885146713689 122885146713690
122499074933944 122499074933945
122250431600834 122250431600835
77291579817693 77291579817694
76205700303586 76205700303587
75336629342194 75336629342195
74751525986480 74751525986481
83009271060438 83009271060439
82554896751387 82554896751388
82205529682065 82205529682066
81977111204780 81977111204781
85788501933392 85788501933393
85540318655562 85540318655563
85353066920356 85353066920357
85232280850561 85232280850562
222022197300482 222022197300483
75351491818558 75351491818559
207210255392417 207210255392418
100857370221053 100857370221054
74305266710793 74305266710794
74452077448081 74452077448082
74650882682354 74650882682355
74565644309826 74565644309827
74705662928103 74705662928104
74374498315228 74374498315229
74327719516362 74327719516363
74320066321618 74320066321619
74313669899628 74313669899629
74324218295155 74324218295156
75686350326485 75686350326486
76028541937036 76028541937037
75880582328674 75880582328675
76124635765901 76124635765902
75555534390087 75555534390088
75477374287401 75477374287402
75414936169070 75414936169071
75372957764282 75372957764283
75365741792294 75365741792295
75359631411035 75359631411036
75369669281319 75369669281320
220834860642881 220834860642882
221505291187730 221505291187731
221827383080658 221827383080659
221706814152412 221706814152413
221615056584494 221615056584495
221555504396577 221555504396578
221908660607183 221908660607184
221996082419299 221996082419300
221957250856418 221957250856419
204183396892962 204183396892963
206138347368461 206138347368462
205269276407069 205269276407070
206723450724175 206723450724176
207022899262574 207022899262575
206909332400829 206909332400830
206824094028301 206824094028302
206769313782552 206769313782553
207100478395427 207100478395428
207184858475707 207184858475708
207147257194293 207147257194294
101227433488789 101227433488790
101595297990621 101595297990622
101437488352939 101437488352940
101696786375930 101696786375931
101084074471204 101084074471205
100997683499139 100997683499140
100928269825594 100928269825595
100881400217797 100881400217798
100873327075719 100873327075720
100866487087874 100866487087875
100877721700162 100877721700163
15 0 1 281474976710656 281474976710656 0 0 281474976710656 281474976710656 0 1
16 1 13 175162619398934 175162619398935 0 0 114079177528358 114283811773402 0 2
4 1 0 65482689790492 65731891867012 177183771277413 177381652883167 224852055895441 224988326221212 3 4
12 1 0 33890708805717 34076861645399 255626143212333 255696842551685 281474976710656 281474976710656 5 1
5 1 0 38853723378281 38913136937679 71235814124957 71396374664611 114079177528358 114283811773402 6 2
6 1 0 20093330276368 20104058162264 24878011402993 24946482909315 45504934499736 45620083982604 7 8
19 1 14 12547991566126 12547991566127 0 0 10974084406545 11005929642822 0 9
7 0 0 16422797194793 16495457342219 205959092026685 206125593958203 224852055895441 224988326221212 10 4
8 0 0 7819238419618 7850662150405 187097941532309 187287011709625 195299513160719 195479704678614 11 12
14 0 0 4561514142472 4578873520959 177183771277413 177381652883167 181733135287327 181927234664258 3 13
17 0 0 9013013391951 9065498451318 270985589736182 271015998171729 281474976710656 281474976710656 14 1
9 0 0 4128680028748 4151818967956 260817300196518 260874945361267 265190903317362 265237103784780 15 16
15 0 0 2360821585220 2373788963525 255626143212333 255696842551685 257995405431040 258060218153450 5 17
0 0 0 24321231160013 24358422213702 71235814124957 71396374664611 87762134269862 87944362417141 6 18
1 0 0 10166514096277 10187761310058 97345209416451 97537316708108 104850124439796 105048592713235 19 20
10 0 0 5549823471144 5562909721378 109822584838325 110024602205931 114079177528358 114283811773402 21 2
2 0 0 12577804337260 12584519662589 24878011402993 24946482909315 33182034966760 33270398162371 7 22
3 0 0 4820161949430 4824071594613 37791930161070 37890696041625 41302598283225 41408979911213 23 24
11 0 0 2527598651457 2529962976206 43582173437442 43693358327671 45504934499736 45620083982604 25 8
20 1 15 6801446257286 6801446257287 0 0 3852985696743 3864461733140 0 26
4 1 0 2802643895005 2803038066442 6554104427805 6573435197217 8581111555369 8606233655751 27 28
12 1 0 1439412890560 1439718182093 9883658699821 9912455629128 10974084406545 11005929642822 29 9
0 0 0 10280163962145 10325646970929 205959092026685 206125593958203 213070884996361 213226902426380 10 30
1 0 0 4508827668114 4529875472237 217294433920672 217443713115006 220654751719472 220798397535483 31 32
10 0 0 2519552722223 2531618494301 222907176408360 223046911076376 224852055895441 224988326221212 33 4
2 0 0 4894601818395 4914272103607 187097941532309 187287011709625 190364198891261 190549905574465 11 34
3 0 0 1918804565628 1926726216283 192197968341060 192381686632553 193604454545554 193786599015091 35 36
11 0 0 1016558393079 1020805991807 194522387596275 194703482103513 195299513160719 195479704678614 37 12
16 0 0 2838642265674 2849445052631 177183771277413 177381652883167 179034680026328 179231076272009 3 38
4 0 0 1056523853061 1060609782569 180054374163884 180249920782322 180822680025120 181017571779544 39 40
12 0 0 545743625621 547869021995 181317797931245 181512260980172 181733135287327 181927234664258 41 13
0 0 0 5641868091243 5674722117842 270985589736182 271015998171729 274922868026531 274942137570589 14 42
1 0 0 2533515565191 2548612540349 277288731333647 277301148582665 279185960924307 279192796924064 43 44
18 0 0 1432505817614 1441139912797 280465150711418 280468180268823 281474976710656 281474976710656 45 1
2 0 0 2584426217978 2598910479468 260817300196518 260874945361267 262550372449613 262603531401538 15 46
3 0 0 1023723208284 1029520325878 263528402953318 263579001890943 264281013966503 264329629031315 47 48
11 0 0 544935362667 548035809637 264773361201764 264820671905253 265190903317362 265237103784780 49 16
16 0 0 1469145490776 1477215124451 255626143212333 255696842551685 256587473285273 256655798570710 5 50
4 0 0 549973309856 553011831550 257118608517045 257185613676255 257519519065558 257585523781361 51 52
12 0 0 284811247178 286388829690 257778204655854 257843562019331 257995405431040 258060218153450 53 17
13 1 5 38068025677 38068025678 0 0 37466700650 37579832755 0 54
17 0 0 27741932318 27908357196 279153487331812 279160419507880 279185960924307 279192796924064 55 44
19 0 0 39059058990 39079912733 24878011402993 24946482909315 24912168179845 24980724543347 7 56
21 0 0 29576003679 29718858946 224825041982918 224961360981110 224852055895441 224988326221212 57 4
-1
7 0 0 28473615111 28645831718 281441808159593 281441908013328 281474976710656 281474976710656 58 1
21 0 0 387796300882 390139121812 281120409343495 281121475551227 281474976710656 281474976710656 59 1
9 0 0 175561009758 176619994832 280685335934525 280687706773185 280871853621186 280873665653836 60 61
15 0 0 99788135874 100389585623 280465150711418 280468180268823 280565483354183 280568212878943 45 62
0 0 0 242748510482 244215044046 281120409343495 281121475551227 281290234090655 281290789958629 59 63
1 0 0 109810450971 110474499948 281392648183041 281392895989443 281474976710656 281474976710656 64 1
-1
8 0 0 13263060207 13343269757 281409404451814 281409601834066 281423409281438 281423564514772 65 66
14 0 0 7649379197 7695636748 281392648183041 281392895989443 281400313891189 281400538630142 64 67
7 0 0 656067250047 659992694570 278422100514051 278431192863568 279185960924307 279192796924064 68 44
8 0 0 305863672637 307688828873 277675207694291 277686494238734 277998092005488 278008431452176 69 70
14 0 0 176484306276 177535959254 277288731333647 277301148582665 277465558936801 277477459240963 43 71
0 0 0 410677841337 413135048404 278422100514051 278431192863568 278707765464285 278716015451585 68 72
1 0 0 182432153777 183525491244 278878481007309 278886226761596 279014876308591 279022218752899 73 74
10 0 0 102592414040 103207766170 279106587287586 279113658326760 279185960924307 279192796924064 75 44
9 0 0 12568505753 12643896263 279122352935147 279129377300138 279135703238349 279142688075635 76 77
15 0 0 7146571850 7189437186 279106587287586 279113658326760 279113772024147 279120821793573 75 78
5 1 0 1680390194419 1680462581851 2007519361074 2013538581401 3852985696743 3864461733140 79 26
6 1 16 873021474575 873021474576 0 0 894621600552 897314691874 0 80
-1
-1
-1
-1
-1
-1
2 1 17 546484487061 546484487062 0 0 360424079267 361511140619 0 81
3 1 0 209159735261 209162250224 560355227305 562044087773 712538909922 714685271464 82 83
11 1 0 109616313538 109618221893 811321803050 813764863155 894621600552 897314691874 84 80
5 1 0 122031529097 122032120030 225671088624 226352053858 360424079267 361511140619 85 81
6 1 0 62647817909 62647926466 80752770704 80996569101 145120736732 145558766102 86 87
5 0 0 2810108871923 2811922749095 30076414361584 30157511837611 33182034966760 33270398162371 88 22
6 0 0 1442158944159 1442986485623 26737804435218 26810859798793 28220540717780 28297197312964 89 90
13 0 0 876167923908 876635712443 24878011402993 24946482909315 25740844312506 25811451704241 7 91
16 0 0 545241606833 545532712871 24878011402993 24946482909315 25231014978271 25300362256606 7 92
4 0 0 200546806139 200656230302 25424337420390 25494163179687 25569462599304 25639647021224 93 94
12 0 0 103055637948 103112395442 25662742013558 25733156727271 25740844312506 25811451704241 95 91
5 0 0 120152363363 120217082901 25098976178410 25167996193371 25231014978271 25300362256606 96 92
6 0 0 62402694833 62436115440 24955382974425 25024046662385 25019368020818 25088190542650 97 98
17 0 0 680424185661 683699464627 224056868850621 224194565381512 224852055895441 224988326221212 99 4
9 0 0 308533144441 310013230724 223293814293812 223432866695005 223621088255521 223759560647975 100 101
15 0 0 175511656773 176352156609 222907176408360 223046911076376 223083396009615 223222820114143 33 102
0 0 0 425924530969 427974754473 224056868850621 224194565381512 224354385463810 224491549966685 99 103
1 0 0 192479058873 193407547206 224533715395452 224670558301611 224677826041074 224814410012122 104 105
18 0 0 109180581685 109707818407 224775143794164 224911552655608 224852055895441 224988326221212 106 4
9 0 0 13383615429 13448250187 224791907376894 224928286054198 224806110568739 224942463667387 107 108
15 0 0 7605502599 7642229830 224775143794164 224911552655608 224782782067749 224919177176629 106 109
109565360339593 111047893494351
0 211106232532992 225179981368525 0 106
75336629342194 75336629342195
222697964583563 222697964583564
157144812870925 157144812870926
100844361320859 100844361320860
124330163839730 124330163839731
86238015427197 86238015427198
180630615389796 180630615389797
195236961283458 195236961283459
207230329813276 207230329813277
215461961389066 215461961389067
110024633177393 110024633177394
115277832901678 115277832901679
119356494556657 119356494556658
122041945193153 122041945193154
79103989580119 79103989580120
81783479650615 81783479650616
83815440986657 83815440986658
85130887495109 85130887495110
171450343533262 171450343533263
162118482153998 162118482153999
166197143808977 166197143808978
159433031517502 159433031517503
202370987130536 202370987130537
197659535723998 197659535723999
199691497060040 199691497060041
196344089215546 196344089215547
219724858965771 219724858965772
216890886472456 216890886472457
218104110521984 218104110521985
216112643713183 216112643713184
106549533214591 106549533214592
102869632265219 102869632265220
104496874026261 104496874026262
101781795739296 101781795739297
117728312616815 117728312616816
116118150061543 116118150061544
116816450331236 116816450331237
115662919042574 115662919042575
123397984511852 123397984511853
122499074933944 122499074933945
122885146713689 122885146713690
122250431600834 122250431600835
77291579817693 77291579817694
76205700303586 76205700303587
83009271060438 83009271060439
82205529682065 82205529682066
82554896751387 82554896751388
81977111204780 81977111204781
85788501933392 85788501933393
85353066920356 85353066920357
85540318655562 85540318655563
85232280850561 85232280850562
222022197300482 222022197300483
222044802271731 222044802271732
75351491818558 75351491818559
207210255392417 207210255392418
100857370221053 100857370221054
222674429829821 222674429829822
75686350326485 75686350326486
75880582328674 75880582328675
76028541937036 76028541937037
76124635765901 76124635765902
75555534390087 75555534390088
75414936169070 75414936169071
75477374287401 75477374287402
75372957764282 75372957764283
75359631411035 75359631411036
75365741792294 75365741792295
75369669281319 75369669281320
220834860642881 220834860642882
221505291187730 221505291187731
222409511685390 222409511685391
222596629249008 222596629249009
222472365947540 222472365947541
222525627236523 222525627236524
222438149907917 222438149907918
222645157783361 222645157783362
221827383080658 221827383080659
221615056584494 221615056584495
221706814152412 221706814152413
221555504396577 221555504396578
221908660607183 221908660607184
221957250856418 221957250856419
221996082419299 221996082419300
204183396892962 204183396892963
205269276407069 205269276407070
206138347368461 206138347368462
206723450724175 206723450724176
207022899262574 207022899262575
206824094028301 206824094028302
206909332400829 206909332400830
206769313782552 206769313782553
207100478395427 207100478395428
207147257194293 207147257194294
207184858475707 207184858475708
101227433488789 101227433488790
101437488352939 101437488352940
101595297990621 101595297990622
101696786375930 101696786375931
101084074471204 101084074471205
100928269825594 100928269825595
100997683499139 100997683499140
100881400217797 100881400217798
100866487087874 100866487087875
100873327075719 100873327075720
100877721700162 100877721700163
16 0 1 281474976710656 281474976710656 0 0 281474976710656 281474976710656 0 1
5 1 0 61796922204919 62844037332527 175500396359447 176386985774999 281474976710656 281474976710656 2 1
6 1 0 32172726012049 32362281624901 61191226025417 61837307565164 112007234821147 112914830306278 3 4
19 1 18 20163809184634 20163809184635 0 0 26979270280429 27308909683421 0 5
0 0 0 38682965215203 39338426953626 175500396359447 176386985774999 216341046723795 217011462545249 2 6
1 0 0 16109330469777 16483260152390 240044937625517 240517562347167 258619615280263 258900271646293 7 8
10 0 0 8778243375535 9008391822126 270931861489305 271067411813258 281474976710656 281474976710656 9 1
2 0 0 20139133095908 20257789056702 61191226025417 61837307565164 81639987292608 82421191762735 3 10
3 0 0 7703497833807 7772529471500 92997051985960 93835901037423 101648493690900 102522931574834 11 12
11 0 0 4036191503517 4077924404753 107267257945805 108160958897796 112007234821147 112914830306278 13 4
20 1 19 10929483319202 10929483319203 0 0 9470021626249 9593793359753 0 14
4 1 0 4499396921551 4506368832178 16110462858026 16315818198393 21094490722864 21358262700286 15 16
12 1 0 2309737284452 2315136125556 24297581809160 24597622546241 26979270280429 27308909683421 17 5
5 0 0 8932880018576 9106163069370 200794700979836 201566028827746 216341046723795 217011462545249 18 6
6 0 0 4487827397050 4567764958551 184447287291010 185300044719873 191661539958055 192481484677000 19 20
13 0 0 2694649432796 2740308797115 175500396359447 176386985774999 179637232750840 180509123813301 2 21
7 0 0 4116649960538 4216667473736 251186671260590 251548039692845 258619615280263 258900271646293 22 8
8 0 0 1936038219151 1981695832367 243859562431034 244295410830977 247034334126888 247438530928200 23 24
14 0 0 1122173493464 1148221377890 240044937625517 240517562347167 241792250754357 242248199845432 7 25
17 0 0 2358534025684 2421804320916 277174090486424 277230643204669 281474976710656 281474976710656 26 1
9 0 0 1073095021316 1101449227864 273034272630107 273143623952634 274811369791870 274898252959896 27 28
15 0 0 611491089197 627523194741 270931861489305 271067411813258 271890485523209 272014141423301 9 29
5 0 0 4496070021518 4528110927139 73990964289977 74726345757632 81639987292608 82421191762735 30 10
6 0 0 2308513456230 2323134127470 65769955013102 66449797362605 69420814507062 70126125977404 31 32
13 0 0 1402888927257 1411154483315 61191226025417 61837307565164 63315408627724 63977404344108 3 33
7 0 0 1940711262108 1959079649309 98212045509826 99073208094798 101648493690900 102522931574834 34 12
8 0 0 921293919718 929709345615 94791234257344 95638055087395 96277531171610 97130721462511 35 36
14 0 0 536624479352 541433212663 92997051985960 93835901037423 93820021443817 94662565472870 11 37
17 0 0 1075988159430 1087406178943 110081503713766 110983714119275 112007234821147 112914830306278 38 4
9 0 0 492102854245 497236236445 108217671769965 109114331465098 109018991135644 109918078090807 39 40
15 0 0 281160482013 284067589523 107267257945805 108160958897796 107700936545086 108595998337073 13 41
5 1 0 2699493494452 2700774173720 4933842105168 4999416357139 9470021626249 9593793359753 42 14
6 1 20 1402888927257 1402888927258 0 0 2198608781042 2228122748796 0 43
-1
7 0 0 1125049963000 1127119317789 19122392703492 19363338796403 21094490722864 21358262700286 44 16
8 0 0 536714055019 537599354316 17149316843999 17367047517306 18007816650894 18235695023097 45 46
14 0 0 313427300496 313912962723 16110462858026 16315818198393 16587314836485 16798363695039 15 47
17 0 0 613281742687 614809369767 25892010287538 26209733399667 26979270280429 27308909683421 48 5
9 0 0 281228428981 281900376002 24836779306113 25142827420841 25290808586227 25601893298203 49 50
15 0 0 160895945510 161272027956 24297581809160 24597622546241 24543713431166 24846499904114 17 51
10 0 0 26992698413 27725557654 280501173428194 280514129706672 280533783567048 280546307409904 52 53
16 1 5 38068025677 38068025678 0 0 37670928172 38180585826 0 54
18 0 0 27708154593 28401309414 258589164155386 258870161767692 258619615280263 258900271646293 55 8
20 0 0 33898834472 34098559990 61191226025417 61837307565164 61220760814161 61867066613230 3 56
1 0 0 28936090136 29724363217 281441099334110 281441551556735 281474976710656 281474976710656 57 1
-1
-1
-1
-1
-1
-1
-1
-1
-1
2 1 21 878165151881 878165151882 0 0 885756302970 897703281777 0 58
3 1 0 336078872809 336123371155 1377104577999 1395645841823 1751113894309 1774658894869 59 60
11 1 0 176125622844 176159387722 1993886617335 2020672293450 2198608781042 2228122748796 61 43
5 1 0 196090351354 196100807165 554592929231 562082162439 885756302970 897703281777 62 58
6 1 0 100669806078 100671726853 198451155815 201134487320 356637210120 361456685193 63 64
13 1 22 61172849993 61172849994 0 0 92074844157 93320299402 0 65
4 1 0 14001097099 14001175580 58300757654 59089461870 73787053550 74785203775 66 67
12 1 0 7194608128 7194666054 83740753637 84873511369 92074844157 93320299402 68 65
0 0 0 1476369476328 1515974727566 277174090486424 277230643204669 278784834173839 278820409930921 26 69
1 0 0 665772837209 683800335884 279754805823122 279777632299777 280533783567048 280546307409904 70 53
18 0 0 377244275896 387507088954 281059575779167 281065113470021 281474976710656 281474976710656 71 1
21 0 0 102169343734 104951512122 281329089397136 281331036054292 281474976710656 281474976710656 72 1
9 0 0 46240061494 47498415969 281150126343889 281154458285897 281226841953793 281230151769256 73 74
15 0 0 26278778485 26993684472 281059575779167 281065113470021 281100835601102 281105823981585 71 75
0 0 0 63954854525 65696406032 281329089397136 281331036054292 281398959623269 281399974210932 72 76
-1
7 0 0 172536250691 177215931157 280220030318513 280236710643161 280533783567048 280546307409904 77 53
8 0 0 80397536374 82575747278 279913405641330 279934139107767 280045941227804 280064923842399 78 79
14 0 0 46377633880 47633426678 279754805823122 279777632299777 279827366034543 279849235240762 70 80
0 0 0 108002365582 110931701061 280220030318513 280236710643161 280337347015200 280352474252204 77 81
1 0 0 47991696041 49294245686 280407467358032 280421665697363 280463496788146 280476952564020 82 83
0 0 0 2576895766728 2639503641779 251186671260590 251548039692845 253973544870055 254305259744586 22 84
1 0 0 1138646727814 1166804018446 255634925056577 255948614901202 256960120554362 257259246883394 85 86
10 0 0 638633375573 654563660352 257850081333447 258139334670662 258619615280263 258900271646293 87 8
17 0 0 172598316332 176911306878 258304860204077 258589039627501 258619615280263 258900271646293 88 8
9 0 0 78224086081 80176498073 258002982662722 258290532265227 258132438859725 258418544253467 89 90
15 0 0 44487103139 45596804338 257850081333447 258139334670662 257919764881900 258208242028035 87 91
0 0 0 108041216757 110741015669 258304860204077 258589039627501 258422605011178 258705467604655 88 92
1 0 0 48840111304 50061454595 258493587818607 258775655928257 258550636266589 258832065511525 93 94
16 0 0 873021474575 878165151882 61191226025417 61837307565164 62060259468249 62712904395899 3 95
4 0 0 321083077745 323016481340 62536194830559 63192403355877 62893478874782 63552348213626 96 97
12 0 0 164990321646 165993150300 63123125619086 63783698705921 63315408627724 63977404344108 98 33
5 0 0 192377552098 193521095257 61735200376668 62385398829846 62060259468249 62712904395899 99 95
6 0 0 99915859584 100506380055 61381699545336 62029225880845 61539218866264 62187937383326 100 101
19 0 0 62539976495 62908450201 61191226025417 61837307565164 61275313133141 61922032929517 3 102
4 0 0 13960068234 14042385934 61241458353519 61887921259962 61256986294892 61903567041036 103 104
12 0 0 7167554487 7209836708 61266962608046 61913619050957 61275313133141 61922032929517 105 102
195549527692966 198195515962466
1 211106232532992 225179981368525 0 106
222697964583563 222697964583564
75336629342194 75336629342195
157144812870925 157144812870926
124330163839730 124330163839731
100844361320859 100844361320860
86238015427197 86238015427198
180630615389796 180630615389797
207230329813276 207230329813277
195236961283458 195236961283459
215461961389066 215461961389067
110024633177393 110024633177394
119356494556657 119356494556658
115277832901678 115277832901679
122041945193153 122041945193154
79103989580119 79103989580120
83815440986657 83815440986658
81783479650615 81783479650616
85130887495109 85130887495110
171450343533262 171450343533263
166197143808977 166197143808978
162118482153998 162118482153999
159433031517502 159433031517503
202370987130536 202370987130537
199691497060040 199691497060041
197659535723998 197659535723999
196344089215546 196344089215547
219724858965771 219724858965772
218104110521984 218104110521985
216890886472456 216890886472457
216112643713183 216112643713184
106549533214591 106549533214592
104496874026261 104496874026262
102869632265219 102869632265220
101781795739296 101781795739297
117728312616815 117728312616816
116816450331236 116816450331237
116118150061543 116118150061544
115662919042574 115662919042575
123397984511852 123397984511853
122885146713689 122885146713690
122499074933944 122499074933945
122250431600834 122250431600835
77291579817693 77291579817694
76205700303586 76205700303587
83009271060438 83009271060439
82554896751387 82554896751388
82205529682065 82205529682066
81977111204780 81977111204781
85788501933392 85788501933393
85540318655562 85540318655563
85353066920356 85353066920357
85232280850561 85232280850562
222044802271731 222044802271732
222022197300482 222022197300483
75351491818558 75351491818559
207210255392417 207210255392418
100857370221053 100857370221054
222674429829821 222674429829822
75686350326485 75686350326486
76028541937036 76028541937037
75880582328674 75880582328675
76124635765901 76124635765902
75555534390087 75555534390088
75477374287401 75477374287402
75414936169070 75414936169071
75372957764282 75372957764283
75365741792294 75365741792295
75359631411035 75359631411036
75369669281319 75369669281320
220834860642881 220834860642882
221505291187730 221505291187731
222409511685390 222409511685391
222596629249008 222596629249009
222525627236523 222525627236524
222472365947540 222472365947541
222438149907917 222438149907918
222645157783361 222645157783362
221827383080658 221827383080659
221706814152412 221706814152413
221615056584494 221615056584495
221555504396577 221555504396578
221908660607183 221908660607184
221996082419299 221996082419300
221957250856418 221957250856419
204183396892962 204183396892963
206138347368461 206138347368462
205269276407069 205269276407070
206723450724175 206723450724176
207022899262574 207022899262575
206909332400829 206909332400830
206824094028301 206824094028302
206769313782552 206769313782553
207100478395427 207100478395428
207184858475707 207184858475708
207147257194293 207147257194294
101227433488789 101227433488790
101595297990621 101595297990622
101437488352939 101437488352940
101696786375930 101696786375931
101084074471204 101084074471205
100997683499139 100997683499140
100928269825594 100928269825595
100881400217797 100881400217798
100873327075719 100873327075720
100866487087874 100866487087875
100877721700162 100877721700163
17 0 1 281474976710656 281474976710656 0 0 281474976710656 281474976710656 0 1
0 1 8 176194644402237 176194644402238 0 0 105087990935657 105974580351209 0 2
1 1 0 78671121394241 79951232243777 168560146404378 169467741889509 219637669145492 220283750685239 3 4
18 1 0 44354959161931 45445460459610 254166067027235 254495706430227 281474976710656 281474976710656 5 1
5 1 0 41804369684614 42063864925223 64463514165407 65133929986861 105087990935657 105974580351209 6 2
6 1 0 20637297692073 20682113563664 22574705064363 22855361430393 40957414363489 41430039085139 7 8
13 1 9 12273691945766 12273691945767 0 0 10407564897398 10543115221351 0 9
7 0 0 20351448973142 20742794186778 199053784947921 199834989418048 219637669145492 220283750685239 10 4
8 0 0 9494409617464 9658464815368 178952045135822 179826483019756 187639075673233 188477924724696 11 12
14 0 0 5480218268249 5569390593986 168560146404378 169467741889509 173314017812860 174207718764851 3 13
21 0 0 12000315218786 12316049690549 271881183350903 272004955084407 281474976710656 281474976710656 14 1
9 0 0 5434849965339 5571617805353 260116714010370 260380485987792 265159158512263 265364513852630 15 16
15 0 0 3089759662488 3165723815881 254166067027235 254495706430227 256877354164415 257177394901496 5 17
0 0 0 26168244641554 26330680649819 64463514165407 65133929986861 79908947882910 80680275730820 6 18
1 0 0 11233945673383 11330270868492 88993492033656 89813436752601 96174931990783 97027689419646 19 20
10 0 0 6211861534372 6272307915530 100965852897355 101837743959816 105087990935657 105974580351209 21 2
2 0 0 12918311143572 12946364495422 22574705064363 22855361430393 29926937017811 30288305450066 7 22
3 0 0 5014658629689 5031081992021 34036445782456 34440642583768 37179565879679 37615414279622 23 24
11 0 0 2644846262202 2654830471757 39226776865224 39682725956299 40957414363489 41430039085139 25 8
16 1 10 7637950826179 7637950826180 0 0 4244333505987 4300886224232 0 26
4 1 0 2826905131417 2828692898054 6576723750760 6663606918786 8331352758022 8440704080549 27 28
12 1 0 1456637291445 1457962551172 9460835287355 9584491187447 10407564897398 10543115221351 29 9
0 0 0 12739378671586 12984348691874 199053784947921 199834989418048 206748630953024 207484012420679 10 30
1 0 0 5656780458625 5772309502765 211348850733252 212054162203594 215025179348051 215705021697554 31 32
10 0 0 3180487668949 3247342677855 217497572366548 218159568082932 219637669145492 220283750685239 33 4
2 0 0 5943207264488 6045900752892 178952045135822 179826483019756 182401768615858 183262931200830 11 34
3 0 0 2342703498876 2384408519633 184344255248145 185197445539046 185836921623261 186683742453312 35 36
11 0 0 1244248494706 1266696611191 186812411237786 187654955266839 187639075673233 188477924724696 37 12
16 0 0 3410354262969 3465846436152 168560146404378 169467741889509 170491262591381 171393472996890 3 38
4 0 0 1273215382532 1294302565009 171556898619849 172455985575012 172360645245558 173257304940691 39 40
12 0 0 658565351816 669557012221 172878978373583 173774040165570 173314017812860 174207718764851 41 13
0 0 0 7511826796817 7709466827303 271881183350903 272004955084407 276475560353517 276541134605488 14 42
1 0 0 3397238204333 3489058960589 279246853961860 279276367929614 281474976710656 281474976710656 43 1
-1
2 0 0 3402048268066 3487660712975 260116714010370 260380485987792 262111637914253 262352584007164 15 44
3 0 0 1351683572419 1386109550993 263239281687559 263467160059762 264107929193350 264325659866657 45 46
11 0 0 720514141076 738965720545 264676613015617 264887661874171 265159158512263 265364513852630 47 16
16 0 0 1922765576248 1970038268991 254166067027235 254495706430227 255265243310989 255582966423118 5 48
4 0 0 720983685748 738829410289 255873083412453 256184168124429 256332149289815 256638197404543 49 50
12 0 0 373646020549 382921944712 256628476806542 256931263279490 256877354164415 257177394901496 51 17
13 0 0 38151321605 38154728054 928669300752 941193143608 960847003984 973803282462 52 53
17 0 0 37277972894 38293478794 281436796124830 281437305782484 281474976710656 281474976710656 54 1
19 0 0 40116467348 40203584106 22574705064363 22855361430393 22604814942964 22885812555270 7 55
21 0 0 37412957698 38207062381 219607910097426 220254215896495 219637669145492 220283750685239 56 4
6 1 5 38068025677 38068025678 0 0 33425153921 33877376546 0 57
-1
-1
-1
-1
-1
-1
-1
-1
-1
7 0 0 880857536107 904779593989 280577273428879 280589220407686 281474976710656 281474976710656 58 1
8 0 0 410316990244 421425191493 279700317815787 279723862816347 280079330868833 280097872132657 59 60
14 0 0 236651093044 243047312864 279246853961860 279276367929614 279454304417206 279481090093321 43 61
0 0 0 551389619628 566364089228 280577273428879 280589220407686 280912894548217 280920383781425 58 62
1 0 0 245065535492 251733755260 281113520025463 281118339500536 281273842223336 281276525554841 63 64
10 0 0 137850343134 141604845184 281381656411254 281382901866499 281474976710656 281474976710656 65 1
9 0 0 16888223770 17348223174 281400191506881 281401189657106 281415887248786 281416675953002 66 67
15 0 0 9602633791 9864171830 281381656411254 281382901866499 281390103199287 281391235957019 65 68
5 1 0 1687385392444 1687816074718 2654566779735 2690142536817 4244333505987 4300886224232 69 26
6 1 0 874931716386 875009837117 928669300752 941193143608 1697344410879 1720170887534 52 70
19 1 11 547154083892 547154083893 0 0 409863240635 415400931489 0 71
20 1 12 296576474126 296576474127 0 0 143940656364 145887313520 0 72
4 1 0 122163573521 122166449074 244824941400 248134756863 320518424759 324850366767 73 74
12 1 0 62730263609 62732490037 369152729071 374141109554 409863240635 415400931489 75 71
5 1 0 73264916054 73265444371 75002499724 76017087387 143940656364 145887313520 76 72
-1
2 0 0 547680239453 547729140618 928669300752 941193143608 1238266067495 1254946392143 52 77
3 0 0 209732564055 209760998015 1410052868257 1429035482852 1540837602889 1561571069326 78 79
11 0 0 109943569963 109960755363 1625741469894 1647610676113 1697344410879 1720170887534 80 70
5 0 0 122325598622 122338800562 1122502458452 1137629695456 1238266067495 1254946392143 81 77
6 0 0 62789865904 62795890979 998024146636 1011479922510 1053311013293 1067509352624 82 83
5 0 0 2901119718704 2908702973278 27169716966070 27501431840601 29926937017811 30288305450066 84 22
6 0 0 1483936638792 1487393540046 24215729827262 24514856156294 25526361809454 25840051654079 85 86
13 0 0 899887575889 901841768083 22574705064363 22855361430393 23335642039994 23624895377209 7 87
16 0 0 560002408737 561218507687 22574705064363 22855361430393 22885937083155 23170116506579 7 88
4 0 0 206087654534 206544749087 23056432457189 23342537850931 23184444445429 23471994047934 89 90
12 0 0 105927980013 106165068401 23266734682621 23555211828756 23335642039994 23624895377209 91 87
5 0 0 123432178248 123702537370 22769509106001 23052371699478 22885937083155 23170116506579 92 88
6 0 0 64096980884 64236594407 22642911199131 22924340444067 22699320782399 22981388892049 93 94
17 0 0 859996690990 878179784027 218762072314757 219414717242407 219637669145492 220283750685239 95 4
9 0 0 389633178965 397839499860 217922628497030 218581497835874 218282573354779 218938781880097 96 97
15 0 0 221552283943 226209393626 217497572366548 218159568082932 217691278004735 218351851091570 33 98
0 0 0 538331374699 549713429506 218762072314757 219414717242407 219089577880810 219739776333988 95 99
1 0 0 243403826259 248562579660 219287039327330 219935757844392 219445750829811 220093277165320 100 101
18 0 0 138103348249 141033908380 219552943781139 220199663577515 219637669145492 220283750685239 102 4
9 0 0 16929347944 17288619950 219571409669620 220217990415764 219587055450694 220233518357137 103 104
15 0 0 9620258089 9824400460 219552943781139 220199663577515 219561357659699 220208014102610 102 105
118944615450506 119098880071606
0 74072362292277 75059993789509 0 94
74290118234948 74290118234949
207230329813276 207230329813277
157144812870925 157144812870926
100844361320859 100844361320860
124330163839730 124330163839731
86238015427197 86238015427198
180630615389796 180630615389797
195236961283458 195236961283459
110024633177393 110024633177394
115277832901678 115277832901679
119356494556657 119356494556658
122041945193153 122041945193154
79103989580119 79103989580120
81783479650615 81783479650616
83815440986657 83815440986658
85130887495109 85130887495110
171450343533262 171450343533263
162118482153998 162118482153999
166197143808977 166197143808978
159433031517502 159433031517503
202370987130536 202370987130537
197659535723998 197659535723999
199691497060040 199691497060041
196344089215546 196344089215547
106549533214591 106549533214592
102869632265219 102869632265220
104496874026261 104496874026262
101781795739296 101781795739297
117728312616815 117728312616816
116118150061543 116118150061544
116816450331236 116816450331237
115662919042574 115662919042575
123397984511852 123397984511853
122499074933944 122499074933945
122885146713689 122885146713690
122250431600834 122250431600835
77291579817693 77291579817694
75336629342194 75336629342195
76205700303586 76205700303587
74751525986480 74751525986481
83009271060438 83009271060439
82205529682065 82205529682066
82554896751387 82554896751388
81977111204780 81977111204781
85788501933392 85788501933393
85353066920356 85353066920357
85540318655562 85540318655563
85232280850561 85232280850562
75351491818558 75351491818559
207210255392417 207210255392418
100857370221053 100857370221054
74305266710793 74305266710794
74452077448081 74452077448082
74565644309826 74565644309827
74650882682354 74650882682355
74705662928103 74705662928104
74374498315228 74374498315229
74327719516362 74327719516363
74313669899628 74313669899629
74320066321618 74320066321619
74324218295155 74324218295156
75686350326485 75686350326486
75880582328674 75880582328675
76028541937036 76028541937037
76124635765901 76124635765902
75555534390087 75555534390088
75414936169070 75414936169071
75477374287401 75477374287402
75372957764282 75372957764283
75359631411035 75359631411036
75365741792294 75365741792295
75369669281319 75369669281320
204183396892962 204183396892963
205269276407069 205269276407070
206138347368461 206138347368462
206723450724175 206723450724176
207022899262574 207022899262575
206824094028301 206824094028302
206909332400829 206909332400830
206769313782552 206769313782553
207100478395427 207100478395428
207147257194293 207147257194294
207184858475707 207184858475708
101227433488789 101227433488790
101437488352939 101437488352940
101595297990621 101595297990622
101696786375930 101696786375931
101084074471204 101084074471205
100928269825594 100928269825595
100997683499139 100997683499140
100881400217797 100881400217798
100866487087874 100866487087875
100873327075719 100873327075720
100877721700162 100877721700163
18 0 1 281474976710656 281474976710656 0 0 281474976710656 281474976710656 0 1
21 1 0 76153569083372 76281762023196 182591030269447 182674153375137 281474976710656 281474976710656 2 1
9 1 0 34489362549851 34508859105874 61333763976963 61395959627361 113306616983133 113394368501984 3 4
15 1 2 19607503771235 19607503771236 0 0 27945439515548 27978080657846 0 5
0 0 0 47669782875225 47750027697380 182591030269447 182674153375137 229945618013969 230000156331482 2 6
1 0 0 21558751546904 21610140589212 258509548720451 258536870935103 281474976710656 281474976710656 7 1
-1
2 0 0 21589276038479 21601480280560 61333763976963 61395959627361 81895594013183 81970876528532 3 8
3 0 0 8577735370645 8585129287686 93518302810747 93599258808193 102471517688110 102555995244726 9 10
11 0 0 4572356843770 4576922686593 108332984421278 108419367394241 113306616983133 113394368501984 11 4
16 1 3 12201801242085 12201801242086 0 0 11329292251399 11343393575755 0 12
4 1 0 4575336557380 4576078423477 17594345685853 17615736493699 22325972053841 22352628178232 13 14
12 1 0 2371144217455 2371698831516 25380241954631 25410187165856 27945439515548 27978080657846 15 5
5 0 0 11365905765151 11388084828415 211648737634974 211716766428771 229945618013969 230000156331482 16 6
6 0 0 5593076804244 5603017007374 192770196467811 192848916106820 201056484722862 201130915683289 17 18
13 0 0 3320669774708 3326259616732 182591030269447 182674153375137 187284356260767 187365567531832 2 19
7 0 0 5589890265847 5603921988479 272222281774819 272233872998126 281474976710656 281474976710656 20 1
8 0 0 2603856873174 2610175906702 263183434613469 263205589232970 267089950527723 267107631894007 21 22
14 0 0 1501779331146 1505359083964 258509548720451 258536870935103 260647756095407 260672739165141 7 23
-1
-1
-1
5 0 0 4893661151296 4897005643999 74149874495936 74220684678123 81895594013183 81970876528532 24 8
6 0 0 2488210388143 2489721631784 65897616202677 65963053110111 69553121105017 69621015663736 25 26
13 0 0 1503905662555 1504755808190 61333763976963 61395959627361 63448189864902 63511911058535 3 27
7 0 0 2174574039906 2176556490312 98904814128008 98987977314159 102471517688110 102555995244726 28 10
8 0 0 1028065592805 1028969305615 95367950655797 95449694711294 96903007440609 96985381580318 29 30
14 0 0 597523732283 598038791413 93518302810747 93599258808193 94366253264226 94447574451785 9 31
17 0 0 1223089223986 1224343834946 111282751149143 111369973281572 113306616983133 113394368501984 32 4
9 0 0 558116153479 558678595293 109328119935295 109414794968252 110167973578523 110254887998693 33 34
15 0 0 318509677504 318827733417 108332984421278 108419367394241 108786937626564 108873454960930 11 35
5 1 0 2709841036525 2710017717385 7075006643806 7083951606067 11329292251399 11343393575755 36 12
6 1 0 1400293646813 1400325533704 2471034543082 2474211168232 4519664627912 4525432141466 37 38
19 1 4 874091170836 874091170837 0 0 1090038547614 1091446785792 0 39
7 0 0 1148039376098 1148255746384 20450720717772 20475314783030 22325972053841 22352628178232 40 14
8 0 0 546429864699 546523421539 18578505300501 18601008284455 19392633306148 19416049564584 41 42
14 0 0 318717243898 318768922177 17594345685853 17615736493699 18045956017162 18067858288767 13 43
17 0 0 630755411771 630911807488 26904516799593 26936071286825 27945439515548 27978080657846 44 5
9 0 0 288886307738 288955250333 25895422537149 25925914055608 26329460322195 26360410202403 45 46
15 0 0 165173543059 165212177391 25380241954631 25410187165856 25615373318812 25645568171477 15 47
-1
16 0 0 37997601568 37998466834 2471034543082 2474211168232 2506095468430 2509316760590 37 48
18 0 0 37991216381 38089811971 281436897793389 281436947109019 281474976710656 281474976710656 49 1
20 0 0 36339761563 36360304136 61333763976963 61395959627361 61363129316226 61425346435752 3 50
-1
2 1 5 38068025677 38068025678 0 0 35801011875 35847437905 0 51
20 1 6 473787704676 473787704677 0 0 382715707288 383211392736 0 52
4 1 0 195253620110 195254791502 651013845542 651856219331 852351832251 853453933856 53 54
12 1 0 100286224301 100287131592 981730121693 982998925052 1090038547614 1091446785792 55 39
5 1 0 117059740993 117059956104 199406822709 199665258934 382715707288 383211392736 56 52
6 1 7 60814542220 60814542221 0 0 88862900404 88978114265 0 57
-1
3 1 0 14570174703 14570182178 55660202492 55732376419 70776621106 70868391379 58 59
11 1 0 7635961525 7635967196 80588730348 80693219534 88862900404 88978114265 60 57
2 0 0 876540586457 876560546666 2471034543082 2474211168232 3295793217997 3300017566572 37 61
3 0 0 335988697228 336000319546 3753639515151 3758442774726 4102307725486 4107550551550 62 63
11 0 0 176203333585 176210362500 4328705502476 4334233147893 4519664627912 4525432141466 64 38
5 0 0 195852411869 195857803611 2987344600348 2991177849215 3295793217997 3300017566572 65 61
6 0 0 100506494779 100508954558 2655751922489 2659163746836 2803018622642 2806617734975 66 67
13 0 0 61059683014 61061073441 2471034543082 2474211168232 2556732523974 2560018306843 37 68
4 0 0 13976132213 13976457462 2525296569507 2528542318730 2539710631183 2542974737826 69 70
12 0 0 7181989668 7182158373 2548975285930 2552251190814 2556732523974 2560018306843 71 68
-1
-1
-1
-1
-1
-1
-1
-1
-1
-1
-1
-1
-1
0 0 0 3499098709051 3507882134165 272222281774819 272233872998126 275681553779608 275688903543494 20 72
1 0 0 1555177080506 1559160192949 277749415594301 277754177394392 279401868491020 279404533964035 73 74
10 0 0 874793323144 877056148119 280513117397878 280514359008784 281474976710656 281474976710656 75 1
17 0 0 236564676206 237177837842 281081446553991 281081955568138 281474976710656 281474976710656 76 1
9 0 0 107172061080 107449471617 280704160016224 280705155697567 280865937203175 280866724366085 77 78
15 0 0 60937968920 61095596962 280513117397878 280514359008784 280600179074542 280601308652374 75 79
0 0 0 148082182968 148466003220 281081446553991 281081955568138 281228642004836 281228960794707 76 80
1 0 0 66957262944 67130957980 281317389525769 281317593528819 281388720984770 281388832674608 81 82
16 0 0 935884455025 936413502893 61333763976963 61395959627361 62198209743775 62261034066584 3 83
4 0 0 344751871244 344951009418 62671982268725 62735148222323 63027805436420 63091226608442 84 85
12 0 0 177275929204 177379283985 63256586928886 63320171580646 63448189864902 63511911058535 86 27
5 0 0 206362836508 206480520867 61874770113213 61937360019590 62198209743775 62261034066584 87 83
6 0 0 107134585956 107195335308 61523161422267 61585495402247 61679820756781 61742268905610 88 89
19 0 0 67043244094 67081143095 61333763976963 61395959627361 61417371155789 61479627910856 3 90
4 0 0 14966170255 14974637401 61383708675157 61445940835604 61399148260787 61461391703065 91 92
12 0 0 7684352167 7688701404 61409067946420 61471318635932 61417371155789 61479627910856 93 90
148390143079978 148582596930120
1 74072362292277 75059993789509 0 94
207230329813276 207230329813277
74290118234948 74290118234949
157144812870925 157144812870926
124330163839730 124330163839731
100844361320859 100844361320860
86238015427197 86238015427198
180630615389796 180630615389797
195236961283458 195236961283459
110024633177393 110024633177394
119356494556657 119356494556658
115277832901678 115277832901679
122041945193153 122041945193154
79103989580119 79103989580120
83815440986657 83815440986658
81783479650615 81783479650616
85130887495109 85130887495110
171450343533262 171450343533263
166197143808977 166197143808978
162118482153998 162118482153999
159433031517502 159433031517503
202370987130536 202370987130537
199691497060040 199691497060041
197659535723998 197659535723999
196344089215546 196344089215547
106549533214591 106549533214592
104496874026261 104496874026262
102869632265219 102869632265220
101781795739296 101781795739297
117728312616815 117728312616816
116816450331236 116816450331237
116118150061543 116118150061544
115662919042574 115662919042575
123397984511852 123397984511853
122885146713689 122885146713690
122499074933944 122499074933945
122250431600834 122250431600835
77291579817693 77291579817694
76205700303586 76205700303587
75336629342194 75336629342195
74751525986480 74751525986481
83009271060438 83009271060439
82554896751387 82554896751388
82205529682065 82205529682066
81977111204780 81977111204781
85788501933392 85788501933393
85540318655562 85540318655563
85353066920356 85353066920357
85232280850561 85232280850562
75351491818558 75351491818559
207210255392417 207210255392418
100857370221053 100857370221054
74305266710793 74305266710794
74452077448081 74452077448082
74650882682354 74650882682355
74565644309826 74565644309827
74705662928103 74705662928104
74374498315228 74374498315229
74327719516362 74327719516363
74320066321618 74320066321619
74313669899628 74313669899629
74324218295155 74324218295156
75686350326485 75686350326486
76028541937036 76028541937037
75880582328674 75880582328675
76124635765901 76124635765902
75555534390087 75555534390088
75477374287401 75477374287402
75414936169070 75414936169071
75372957764282 75372957764283
75365741792294 75365741792295
75359631411035 75359631411036
75369669281319 75369669281320
204183396892962 204183396892963
206138347368461 206138347368462
205269276407069 205269276407070
206723450724175 206723450724176
207022899262574 207022899262575
206909332400829 206909332400830
206824094028301 206824094028302
206769313782552 206769313782553
207100478395427 207100478395428
207184858475707 207184858475708
207147257194293 207147257194294
101227433488789 101227433488790
101595297990621 101595297990622
101437488352939 101437488352940
101696786375930 101696786375931
101084074471204 101084074471205
100997683499139 100997683499140
100928269825594 100928269825595
100881400217797 100881400217798
100873327075719 100873327075720
100866487087874 100866487087875
100877721700162 100877721700163
19 0 1 281474976710656 281474976710656 0 0 281474976710656 281474976710656 0 1
20 1 23 152569191394460 152569191394461 0 0 98800823335519 98883946441209 0 2
4 1 0 62808948056830 62906271849340 168080608208672 168168359727523 220079017083295 220141212733693 3 4
12 1 0 32242580873287 32317945535773 253496896052810 253529537195108 281474976710656 281474976710656 5 1
5 1 0 37683349486389 37701227019528 51474820379174 51529358696687 98800823335519 98883946441209 6 2
6 1 24 19583508478563 19583508478564 0 0 22938105775553 22965427990205 0 7
-1
7 0 0 15705039124018 15733926105902 199504100182124 199579382697473 220079017083295 220141212733693 8 4
8 0 0 7492214132432 7504572392547 178918981465930 179003459022546 187875717902463 187956673899909 9 10
14 0 0 4375261702775 4382041263257 168080608208672 168168359727523 173055609316415 173141992289378 3 11
17 0 0 8561054246214 8582379026301 270131583134901 270145684459257 281474976710656 281474976710656 12 1
9 0 0 3925784298648 3935164285829 259122348532424 259149004656815 263859240216957 263880631024803 13 14
15 0 0 2246013245849 2251263136697 253496896052810 253529537195108 256064789544800 256094734756025 5 15
0 0 0 23588613240973 23599804024719 51474820379174 51529358696687 69758210281885 69826239075682 6 16
1 0 0 9833251319007 9840533191214 80344061027367 80418491987794 88626060603836 88704780242845 17 18
10 0 0 5360872945445 5365523175790 94109409178824 94190620449889 98800823335519 98883946441209 19 2
2 1 25 12258671633449 12258671633450 0 0 9241103712530 9252694935837 0 20
3 1 0 4691464396972 4692085567825 14367344816649 14385026182933 18269387477686 18291542097187 21 22
11 1 0 2458610629296 2459081967208 20802237545515 20827220615249 22938105775553 22965427990205 23 7
-1
-1
-1
0 0 0 9830869571841 9848951930566 199504100182124 199579382697473 207254292032533 207325102214720 8 24
1 0 0 4306683479512 4315095556027 211853961046920 211921855605639 215511923600545 215577360507979 25 26
10 0 0 2405188522492 2410022023476 217963065652121 218026786845754 220079017083295 220141212733693 27 4
2 0 0 4689894712048 4697630601298 178918981465930 179003459022546 182486999396497 182570162582648 9 28
3 0 0 1837576706087 1840702164032 184489595130338 184571969270047 186025281999362 186107026054859 29 30
11 0 0 973288998979 974967207413 187027402258871 187108723446430 187875717902463 187956673899909 31 10
16 0 0 2722736881871 2726955820216 168080608208672 168168359727523 170105003429084 170192225561513 3 32
4 0 0 1013081055539 1014680178819 171220088711963 171307003132133 172060181742404 172146856775361 33 34
12 0 0 523234411335 524066990109 172601521749726 172688039084092 173055609316415 173141992289378 35 11
0 0 0 5358955621019 5372304274915 270131583134901 270145684459257 274391025104589 274399970066850 12 36
1 0 0 2404900375884 2411042046363 276949544569190 276955312082744 279000765542424 279003942167574 37 38
18 0 0 1359336502790 1362851068585 280383529924864 280384938163042 281474976710656 281474976710656 39 1
2 0 0 2457419755686 2463291338039 259122348532424 259149004656815 260999661927626 261024255992884 13 40
3 0 0 973140654318 975492173097 262058927146072 262082343404508 262873968426201 262896471410155 41 42
11 0 0 517943013519 519201025309 263407118421889 263429020693494 263859240216957 263880631024803 43 14
16 0 0 1397699958785 1400966979688 253496896052810 253529537195108 254538905423831 254570459911063 5 44
4 0 0 523146703186 524377328040 255114566508253 255145516388461 255549062655048 255579554173507 45 46
12 0 0 270900176710 271539215768 255829408539179 255859603391844 256064789544800 256094734756025 47 15
-1
17 0 0 26328511661 26396239597 278965659950066 278968881242226 279000765542424 279003942167574 48 38
19 1 5 38068025677 38068025678 0 0 38029601637 38078917267 0 49
21 0 0 28227896568 28285167076 220049630274904 220111847394430 220079017083295 220141212733693 50 4
-1
7 0 0 27016510587 27086624950 281439129272751 281439175698781 281474976710656 281474976710656 51 1
21 0 0 367963521669 368917296368 281091765317920 281092261003368 281474976710656 281474976710656 52 1
9 0 0 166589931129 167021015387 280621522776800 280622624878405 280823120491325 280823962865114 53 54
15 0 0 94691172609 94935996725 280383529924864 280384938163042 280491977785604 280493246588963 39 55
0 0 0 230333803065 230930836578 281091765317920 281092261003368 281275311451722 281275569887947 52 56
1 0 0 104191557955 104461909103 281385998596391 281386113810252 281474976710656 281474976710656 57 1
-1
8 0 0 12584380588 12617036026 281404108319277 281404200089550 281419244334237 281419316508164 58 59
14 0 0 7257967970 7276800591 281385998596391 281386113810252 281394283491122 281394387980308 57 60
7 0 0 622688536593 624285808653 278174959144084 278179183492659 279000765542424 279003942167574 61 38
8 0 0 290324723072 291067278131 277367426159106 277372668985170 277716533935930 277721337195505 62 63
14 0 0 167524991886 167952819712 276949544569190 276955312082744 277140743562763 277146271208180 37 64
0 0 0 389783797339 390783640331 278174959144084 278179183492659 278483798861441 278487632110308 61 65
1 0 0 173142371287 173587290855 278668358975681 278671958088014 278815812963820 278819224788167 66 67
10 0 0 97365917543 97616337825 278914958403813 278918244186682 279000765542424 279003942167574 68 38
9 0 0 11928192814 11958873407 278932001972830 278935266079473 278946434391926 278949680141149 69 70
15 0 0 6782494905 6799939144 278914958403813 278918244186682 278922725519842 278926001424726 68 71
-1
-1
-1
-1
-1
-1
-1
-1
-1
-1
-1
-1
-1
5 1 0 2737306556278 2737452513270 5786073167162 5793422931048 9241103712530 9252694935837 72 20
6 1 0 1405291582656 1405318395539 2070442746621 2073108219636 3720799316264 3725561116355 73 74
13 1 26 853937188634 853937188635 0 0 960617701872 961859312778 0 75
16 1 27 531407361717 531407361718 0 0 393021142518 393530156665 0 76
4 1 0 195447122310 195448217844 608252344571 609039507481 769821013089 770816694432 77 78
12 1 0 100432519316 100433327916 873668058282 874797636114 960617701872 961859312778 79 75
5 1 0 117101043372 117101308855 246015915949 246334705820 393021142518 393530156665 80 76
6 1 0 60818873971 60818922253 86144036048 86255725886 157383181837 157587184887 81 82
17 0 0 649461590155 650774251440 219213942644072 219276766966881 220079017083295 220141212733693 83 4
9 0 0 294516769986 295109777984 218383750102214 218447171274236 218739828488333 218802994441931 84 85
15 0 0 167545064134 167881765073 217963065652121 218026786845754 218154805130010 218218389781770 27 86
0 0 0 406542902205 407364587640 219213942644072 219276766966881 219537616691066 219600206597443 83 87
1 0 0 183711216627 184083404255 219732707805046 219795155953875 219889481308409 219951815288389 88 89
18 0 0 104204550321 104415914798 219995348799800 220057605554867 220079017083295 220141212733693 90 4
9 0 0 12773619393 12799531058 220013585007591 220075828449869 220029035875052 220091268035499 91 92
15 0 0 7258873017 7273596635 219995348799800 220057605554867 220003658074724 220065908764236 90 93
96175399676770 96219182758011
0 222217086876833 222834356562603 0 78
100844361320859 100844361320860
222697964583563 222697964583564
157144812870925 157144812870926
124330163839730 124330163839731
180630615389796 180630615389797
195236961283458 195236961283459
207230329813276 207230329813277
215461961389066 215461961389067
110024633177393 110024633177394
115277832901678 115277832901679
119356494556657 119356494556658
122041945193153 122041945193154
171450343533262 171450343533263
162118482153998 162118482153999
166197143808977 166197143808978
159433031517502 159433031517503
202370987130536 202370987130537
197659535723998 197659535723999
199691497060040 199691497060041
196344089215546 196344089215547
219724858965771 219724858965772
216890886472456 216890886472457
218104110521984 218104110521985
216112643713183 216112643713184
106549533214591 106549533214592
102869632265219 102869632265220
104496874026261 104496874026262
101781795739296 101781795739297
117728312616815 117728312616816
116118150061543 116118150061544
116816450331236 116816450331237
115662919042574 115662919042575
123397984511852 123397984511853
122499074933944 122499074933945
122885146713689 122885146713690
122250431600834 122250431600835
222022197300482 222022197300483
222044802271731 222044802271732
207210255392417 207210255392418
100857370221053 100857370221054
222674429829821 222674429829822
220834860642881 220834860642882
221505291187730 221505291187731
222409511685390 222409511685391
222596629249008 222596629249009
222472365947540 222472365947541
222525627236523 222525627236524
222438149907917 222438149907918
222645157783361 222645157783362
221827383080658 221827383080659
221615056584494 221615056584495
221706814152412 221706814152413
221555504396577 221555504396578
221908660607183 221908660607184
221957250856418 221957250856419
221996082419299 221996082419300
204183396892962 204183396892963
205269276407069 205269276407070
206138347368461 206138347368462
206723450724175 206723450724176
207022899262574 207022899262575
206824094028301 206824094028302
206909332400829 206909332400830
206769313782552 206769313782553
207100478395427 207100478395428
207147257194293 207147257194294
207184858475707 207184858475708
101227433488789 101227433488790
101437488352939 101437488352940
101595297990621 101595297990622
101696786375930 101696786375931
101084074471204 101084074471205
100928269825594 100928269825595
100997683499139 100997683499140
100881400217797 100881400217798
100866487087874 100866487087875
100873327075719 100873327075720
100877721700162 100877721700163
20 0 1 281474976710656 281474976710656 0 0 281474976710656 281474976710656 0 1
5 1 0 69522030117058 69555012386793 146647298861166 146679269599019 281474976710656 281474976710656 2 1
6 1 28 36129624484047 36129624484048 0 0 65348673938016 65371514197570 0 3
-1
0 0 0 43518644242357 43539290124827 146647298861166 146679269599019 198735090979872 198761676945264 2 4
1 0 0 18141370224947 18154804554583 228893261645397 228912720153504 252487960142875 252499792449359 5 6
10 0 0 9890277150167 9898856362431 268109544663483 268115337743499 281474976710656 281474976710656 7 1
2 1 29 22616029363409 22616029363410 0 0 26327102998241 26337966730766 0 8
3 1 0 8655284987795 8656430986209 40931319306187 40947242252618 52047900424236 52067211828652 9 10
11 1 0 4535891966763 4536761538310 59263770593988 59285067481710 65348673938016 65371514197570 11 3
-1
-1
-1
5 0 0 10053531625188 10059351160784 178926357099923 178956024603848 198735090979872 198761676945264 12 4
6 0 0 5049547561988 5052129792353 158071829229185 158103369994719 167278284001882 167309171173433 13 14
13 0 0 3031502093268 3032940282280 146647298861166 146679269599019 151930698673803 151962523027795 2 15
7 0 0 4636729084118 4640375158098 243050141111089 243065239817484 252487960142875 252499792449359 16 6
8 0 0 2180380411730 2182029267849 233741528428429 233759566789212 237775499435641 237792298260123 17 18
14 0 0 1263725071613 1264660904959 228893261645397 228912720153504 231114214099993 231133031481047 5 19
17 0 0 2657571815312 2659945163168 276024055021788 276026487368990 281474976710656 281474976710656 20 1
9 0 0 1209074826337 1210134056462 270775603243334 270780286848293 273028803431674 273032531460390 21 22
15 0 0 688955191636 689552818249 268109544663483 268115337743499 269325224052537 269330514079224 7 23
5 1 0 5050058220379 5050327496505 16484020628476 16491085189052 26327102998241 26337966730766 24 8
6 1 0 2592623136326 2592672603426 5898511816109 5901140769979 10600234547986 10604878407474 25 26
13 1 30 1575429141927 1575429141928 0 0 2736716518486 2737950268035 0 27
7 0 0 2180670206488 2181006213621 47633144345963 47651157946603 52047900424236 52067211828652 28 10
8 0 0 1035151418530 1035296199176 43237334583061 43253993296473 45147395395682 45164650513552 29 30
14 0 0 602925826737 603005656812 40931319306187 40947242252618 41989099240871 42005361823049 9 31
17 0 0 1209254327891 1209500286864 62876797227254 62899024967866 65348673938016 65371514197570 32 3
9 0 0 553035886675 553144091796 60484031084687 60505647080933 61512797132862 61534678417510 33 34
15 0 0 315969539756 316030113978 59263770593988 59285067481710 59820592482202 59842035581169 11 35
-1
-1
-1
-1
-1
-1
-1
-1
-1
10 0 0 30416662028 30444240746 280240937853388 280241496923333 280282264068631 280282804495762 36 37
-1
18 0 0 31212265723 31237758706 252449306270748 252461152542378 252487960142875 252499792449359 38 6
20 1 5 38068025677 38068025678 0 0 38054529574 38071851252 0 39
1 0 0 32607043402 32636733822 281432047588450 281432067119720 281474976710656 281474976710656 40 1
-1
-1
-1
-1
-1
-1
-1
-1
-1
-1
-1
-1
-1
-1
-1
-1
-1
0 0 0 1663557899336 1665043541813 276024055021788 276026487368990 278065710228951 278067242782456 20 41
1 0 0 750215963033 750893885688 279295052501541 279296036764257 280282264068631 280282804495762 42 37
18 0 0 425100548315 425486959498 280948576639529 280948815722152 281474976710656 281474976710656 43 1
21 0 0 115130773710 115235553420 281290108773665 281290192839795 281474976710656 281474976710656 44 1
9 0 0 52106034000 52153417096 281063324592366 281063511634605 281160539930513 281160682850445 45 46
15 0 0 29612439093 29639356438 280948576639529 280948815722152 281000862220512 281001077595904 43 47
0 0 0 72068309484 72133898347 281290108773665 281290192839795 281378648354018 281378692171784 44 48
-1
7 0 0 194421242679 194597299802 279884646274156 279885365843129 280282264068631 280282804495762 49 37
8 0 0 90594959723 90676883581 279496053406001 279496947557067 279664020060294 279664838809306 50 51
14 0 0 52259929093 52307153082 279295052501541 279296036764257 279387011720159 279387954772413 42 52
0 0 0 121701694830 121811901154 279884646274156 279885365843129 280033322188424 280033974833086 49 53
1 0 0 54079257186 54128269942 280122185349644 280122797959731 280193190830220 280193771432620 54 55
0 0 0 2902449239761 2904731569495 243050141111089 243065239817484 246589332680309 246603240222617 16 56
1 0 0 1282586842711 1283618844423 248698849725827 248712028022749 250381311086960 250393897457994 57 58
10 0 0 719389878238 719975264248 251511106412352 251523290162379 252487960142875 252499792449359 59 6
17 0 0 194425100489 194583672404 252088413892482 252100390316851 252487960142875 252499792449359 60 6
9 0 0 88115891629 88187649139 251705205326372 251717319490796 251869540326645 251881595480810 61 62
15 0 0 50112588747 50153366648 251511106412352 251523290162379 251599565705310 251611717757262 59 63
0 0 0 121704109700 121803370823 252088413892482 252100390316851 252237878822106 252249801394300 60 64
1 0 0 55016593238 55061507085 252327983559230 252339873631826 252400399835846 252412263769820 65 66
16 1 31 980393704628 980393704629 0 0 1119683148403 1120190846631 0 67
4 1 0 360580492678 360582513828 1732858176101 1733642187167 2193153299897 2194143932577 68 69
12 1 0 185288004590 185289496377 2489004525022 2490127600217 2736716518486 2737950268035 70 27
5 1 0 216039772870 216040262660 700878007637 701196281894 1119683148403 1120190846631 71 67
6 1 0 112204770689 112204859763 245416887449 245528514069 448371035249 448574827283 72 73
19 1 32 70231719412 70231719413 0 0 108343036767 108392340076 0 74
4 1 0 15677018570 15677021854 64722525370 64751983005 84729662392 84768223277 75 76
12 1 0 8049096048 8049098590 97583734046 97628142853 108343036767 108392340076 77 74
154317467707534 154387719500074
1 222217086876833 222834356562603 0 78
222697964583563 222697964583564
100844361320859 100844361320860
157144812870925 157144812870926
124330163839730 124330163839731
180630615389796 180630615389797
207230329813276 207230329813277
195236961283458 195236961283459
215461961389066 215461961389067
110024633177393 110024633177394
119356494556657 119356494556658
115277832901678 115277832901679
122041945193153 122041945193154
171450343533262 171450343533263
166197143808977 166197143808978
162118482153998 162118482153999
159433031517502 159433031517503
202370987130536 202370987130537
199691497060040 199691497060041
197659535723998 197659535723999
196344089215546 196344089215547
219724858965771 219724858965772
218104110521984 218104110521985
216890886472456 216890886472457
216112643713183 216112643713184
106549533214591 106549533214592
104496874026261 104496874026262
102869632265219 102869632265220
101781795739296 101781795739297
117728312616815 117728312616816
116816450331236 116816450331237
116118150061543 116118150061544
115662919042574 115662919042575
123397984511852 123397984511853
122885146713689 122885146713690
122499074933944 122499074933945
122250431600834 122250431600835
222044802271731 222044802271732
222022197300482 222022197300483
207210255392417 207210255392418
100857370221053 100857370221054
222674429829821 222674429829822
220834860642881 220834860642882
221505291187730 221505291187731
222409511685390 222409511685391
222596629249008 222596629249009
222525627236523 222525627236524
222472365947540 222472365947541
222438149907917 222438149907918
222645157783361 222645157783362
221827383080658 221827383080659
221706814152412 221706814152413
221615056584494 221615056584495
221555504396577 221555504396578
221908660607183 221908660607184
221996082419299 221996082419300
221957250856418 221957250856419
204183396892962 204183396892963
206138347368461 206138347368462
205269276407069 205269276407070
206723450724175 206723450724176
207022899262574 207022899262575
206909332400829 206909332400830
206824094028301 206824094028302
206769313782552 206769313782553
207100478395427 207100478395428
207184858475707 207184858475708
207147257194293 207147257194294
101227433488789 101227433488790
101595297990621 101595297990622
101437488352939 101437488352940
101696786375930 101696786375931
101084074471204 101084074471205
100997683499139 100997683499140
100928269825594 100928269825595
100881400217797 100881400217798
100873327075719 100873327075720
100866487087874 100866487087875
100877721700162 100877721700163
21 0 1 281474976710656 281474976710656 0 0 281474976710656 281474976710656 0 1
0 1 8 176194644402237 176194644402238 0 0 134795707111637 134827677849490 0 2
1 1 0 79684368869598 79740080167692 216103462513086 216126302772640 281474976710656 281474976710656 3 1
-1
5 1 0 42010086973586 42021327599674 82713299765392 82739885730784 134795707111637 134827677849490 4 2
6 1 0 20672848064312 20674785687046 28975184261297 28987016567781 52562256557152 52581715065259 5 6
13 1 9 12273691945766 12273691945767 0 0 13359638967157 13365432047173 0 7
7 0 0 20661070141990 20678125011266 255137009979890 255147873712415 281474976710656 281474976710656 8 1
8 0 0 9624244294212 9631387412447 229407764882004 229427076286420 240527734458038 240543657404469 9 10
14 0 0 5550800932209 5554681772703 216103462513086 216126302772640 222189909228946 222211206116668 3 11
-1
-1
-1
0 0 0 26297017312579 26304053597438 82713299765392 82739885730784 102518952106808 102548619610733 4 12
1 0 0 11310280482806 11314457651743 114165805537223 114196692708774 123371606715937 123403147481471 13 14
10 0 0 6259754925287 6262377614745 129512453682861 129544278036853 134795707111637 134827677849490 15 2
2 0 0 12940564578915 12941777470920 28975184261297 28987016567781 38409736893172 38424835599567 5 16
3 0 0 5027684305274 5028394741548 43682678450533 43699477275015 47715409921444 47733448282227 17 18
11 0 0 2652764313373 2653196308518 50341945229609 50360762610663 52562256557152 52581715065259 19 6
16 1 10 7637950826179 7637950826180 0 0 5448489341666 5450921688868 0 20
4 1 0 2828323622418 2828400860744 8442445250266 8446173278982 10694689862363 10699373467322 21 22
12 1 0 1457688764402 1457746028168 12144462631432 12149752658119 13359638967157 13365432047173 23 7
0 0 0 12933191963205 12943867784774 255137009979890 255147873712415 264983891521604 264990956082180 8 24
1 0 0 5748166997099 5753204532230 270870098303182 270874742162670 275573835940677 275576464894547 25 26
10 0 0 3233366908769 3236282858682 278737026442621 278738260192170 281474976710656 281474976710656 27 1
2 0 0 6024479763265 6028951134725 229407764882004 229427076286420 233823818764053 233841832364693 9 28
3 0 0 2375706554660 2377522868978 236310326197104 236327581314974 238220983414183 238237642127595 29 30
11 0 0 1262012044055 1262989800159 239469614887607 239485877469785 240527734458038 240543657404469 31 10
16 0 0 3454278040663 3456693097925 216103462513086 216126302772640 218575951742790 218598179483402 3 32
4 0 0 1289905796803 1290823648610 219940298293146 219962179577794 220969329629723 220990945625969 33 34
12 0 0 667265032394 667743489527 221632941129487 221654384228454 222189909228946 222211206116668 35 11
-1
-1
-1
-1
-1
-1
-1
-1
-1
13 0 0 38154024655 38154171790 1192172214894 1192712642025 1233479787323 1234038857268 36 37
-1
19 0 0 40185573070 40189339580 28975184261297 28987016567781 29013824168278 29025670439908 5 38
21 0 0 38041038256 38075677211 281436904859404 281436922181082 281474976710656 281474976710656 39 1
6 1 5 38068025677 38068025678 0 0 42909590936 42929122206 0 40
-1
-1
-1
-1
-1
-1
-1
-1
-1
-1
-1
-1
-1
-1
-1
-1
-1
5 1 0 1687727134254 1687745738053 3407733928200 3409266481705 5448489341666 5450921688868 41 20
6 1 0 874993705948 874997080196 1192172214894 1192712642025 2178939946399 2179924209115 36 42
19 1 11 547154083892 547154083893 0 0 526160988504 526400071127 0 43
20 1 12 296576474126 296576474127 0 0 184783870861 184867936991 0 44
4 1 0 122165855323 122165979523 314293860211 314436780143 411465076051 411652118290 45 46
12 1 0 62732030315 62732126479 473899114752 474114490144 526160988504 526400071127 47 43
5 1 0 73265335284 73265358103 96284538872 96328356638 184783870861 184867936991 48 44
-1
2 0 0 547719043005 547721155180 1192172214894 1192712642025 1589610867527 1590330436500 36 49
3 0 0 209755126517 209756354685 1810137901350 1810956650362 1978029153589 1978923304655 50 51
11 0 0 109957206604 109957948912 2087021938243 2087964990497 2178939946399 2179924209115 52 42
5 0 0 122336074459 122336644693 1441001877570 1441654522232 1589610867527 1590330436500 53 49
6 0 0 62794646854 62794907095 1281205278036 1281785880436 1352178750925 1352791361012 54 55
5 0 0 2907134754634 2907462686418 34871736488039 34885644030347 38409736893172 38424835599567 56 16
6 0 0 1486678772752 1486828243661 31081079252662 31093665623696 32762948687907 32776126984829 57 58
13 0 0 901437746787 901522236659 28975184261297 28987016567781 29951686548277 29963870298304 5 59
16 0 0 560967084170 561019662440 28975184261297 28987016567781 29374586393805 29386562818174 5 60
4 0 0 206450244043 206470007046 29593381229846 29605436384011 29757657219860 29769771384284 61 62
12 0 0 106116049401 106126300286 29863258953394 29875411005346 29951686548277 29963870298304 63 59
5 0 0 123646641097 123658330229 29225175316356 29237097888550 29374586393805 29386562818174 64 60
6 0 0 64207729765 64213766002 29062712940836 29074576874810 29135103078830 29146993151426 65 66
17 0 0 874378410983 875171530025 280354785864025 280355293562253 281474976710656 281474976710656 67 1
9 0 0 396123960567 396481894476 279280832778079 279281823410759 279741334523489 279742118534555 68 69
15 0 0 225235843691 225438968316 278737026442621 278738260192170 278984849110439 278985972185634 27 70
0 0 0 547333887355 547830355386 280354785864025 280355293562253 280773780428762 280774098703019 67 71
1 0 0 247484054322 247709076622 281026401883373 281026605675407 281229448196587 281229559823207 72 73
18 0 0 140421215643 140549046759 281366584370580 281366633673889 281474976710656 281474976710656 74 1
9 0 0 17213506808 17229178276 281390208487379 281390247048264 281410224727651 281410254185286 75 76
15 0 0 9781720376 9790625073 281366584370580 281366633673889 281377348567803 281377392976610 74 77
