FREIMAN_DYADIC_GRAPH_V1 22 91 -117 116 32 1824 67734
0 281474976710656
0 17592186044416
8796093022208 26388279066624
17592186044416 35184372088832
26388279066624 43980465111040
35184372088832 52776558133248
43980465111040 61572651155456
52776558133248 70368744177664
61572651155456 79164837199872
70368744177664 87960930222080
79164837199872 96757023244288
87960930222080 105553116266496
96757023244288 114349209288704
105553116266496 123145302310912
114349209288704 131941395333120
123145302310912 140737488355328
131941395333120 149533581377536
140737488355328 158329674399744
149533581377536 167125767421952
158329674399744 175921860444160
167125767421952 184717953466368
175921860444160 193514046488576
184717953466368 202310139510784
193514046488576 211106232532992
202310139510784 219902325555200
211106232532992 228698418577408
219902325555200 237494511599616
228698418577408 246290604621824
237494511599616 255086697644032
246290604621824 263882790666240
255086697644032 272678883688448
263882790666240 281474976710656
0 1 0
0 2 0
0 3 0
0 4 0
0 5 0
0 6 0
0 7 0
0 8 0
0 9 0
0 10 0
0 11 0
0 12 0
0 13 0
0 14 0
0 15 0
0 16 0
0 17 0
0 18 0
0 19 0
0 20 0
0 21 0
0 22 0
0 23 0
0 24 0
0 25 0
0 26 0
0 27 0
0 28 0
0 29 0
0 30 0
0 31 0
0 32 0
0 33 0
0 34 0
0 35 0
0 36 0
0 37 0
0 38 0
0 39 0
1 0 0
1 1 0
1 2 0
1 3 0
1 4 0
1 5 0
1 6 0
1 7 0
1 8 0
1 9 0
1 10 0
1 11 0
1 12 0
2 0 0
2 1 0
2 2 0
2 3 0
2 4 0
2 5 0
2 6 0
2 7 0
2 8 0
2 9 0
2 10 0
2 11 0
2 12 0
3 0 0
3 1 0
3 2 0
3 3 0
3 4 0
3 5 0
3 6 0
3 7 0
3 8 0
3 9 0
3 10 0
3 11 0
3 12 0
4 0 0
4 1 0
4 2 0
4 3 0
5 0 0
5 1 0
5 2 0
5 3 0
6 0 0
6 1 0
6 2 0
6 3 0
7 0 0
7 1 0
7 2 0
7 3 0
8 0 0
8 1 0
8 2 0
8 3 0
9 0 0
9 1 0
9 2 0
9 3 0
10 0 0
10 1 0
10 2 0
10 3 0
11 0 0
11 1 0
11 2 0
11 3 0
12 0 0
12 1 0
12 2 0
12 3 0
13 0 0
14 0 0
15 0 0
16 0 0
17 0 0
18 0 0
19 0 0
20 0 0
21 0 0
22 0 0
23 0 0
24 0 0
25 0 0
26 0 0
27 0 0
28 0 0
29 0 0
30 0 0
31 0 0
32 0 0
33 0 0
34 0 0
35 0 0
36 0 0
37 0 0
38 0 0
39 0 0
40 40 0
40 41 0
40 42 0
40 43 0
40 44 0
40 45 0
41 40 0
41 41 0
41 42 0
41 43 0
41 44 0
41 45 0
42 40 0
42 41 0
42 42 0
42 43 0
42 44 0
42 45 0
43 40 0
43 41 0
43 42 0
43 43 0
43 44 0
43 45 0
44 40 0
44 41 0
44 42 0
44 43 0
44 44 0
44 45 0
45 40 0
45 41 0
45 42 0
45 43 0
45 44 0
45 45 0
4 4 1
4 5 1
4 6 1
4 7 1
4 8 1
4 9 1
4 10 1
4 11 1
4 12 1
5 4 1
5 5 1
5 6 1
5 7 1
5 8 1
5 9 1
5 10 1
5 11 1
5 12 1
6 4 1
6 5 1
6 6 1
6 7 1
6 8 1
6 9 1
6 10 1
6 11 1
6 12 1
7 4 1
7 5 1
7 6 1
7 7 1
7 8 1
7 9 1
7 10 1
7 11 1
7 12 1
8 4 1
8 5 1
8 6 1
8 7 1
8 8 1
8 9 1
8 10 1
8 11 1
8 12 1
9 4 1
9 5 1
9 6 1
9 7 1
9 8 1
9 9 1
9 10 1
9 11 1
9 12 1
10 4 1
10 5 1
10 6 1
10 7 1
10 8 1
10 9 1
10 10 1
10 11 1
10 12 1
11 4 1
11 5 1
11 6 1
11 7 1
11 8 1
11 9 1
11 10 1
11 11 1
11 12 1
12 4 1
12 5 1
12 6 1
12 7 1
12 8 1
12 9 1
12 10 1
12 11 1
12 12 1
13 13 1
13 14 1
13 15 1
13 16 1
13 17 1
13 18 1
13 19 1
13 20 1
13 21 1
13 22 1
13 23 1
13 24 1
13 25 1
13 26 1
13 27 1
13 28 1
13 29 1
13 30 1
13 31 1
13 32 1
13 33 1
13 34 1
13 35 1
13 36 1
13 37 1
13 38 1
13 39 1
14 13 1
14 14 1
14 15 1
14 16 1
14 17 1
14 18 1
14 19 1
14 20 1
14 21 1
14 22 1
14 23 1
14 24 1
14 25 1
14 26 1
14 27 1
14 28 1
14 29 1
14 30 1
14 31 1
14 32 1
14 33 1
14 34 1
14 35 1
14 36 1
14 37 1
14 38 1
14 39 1
15 13 1
15 14 1
15 15 1
15 16 1
15 17 1
15 18 1
15 19 1
15 20 1
15 21 1
15 22 1
15 23 1
15 24 1
15 25 1
15 26 1
15 27 1
15 28 1
15 29 1
15 30 1
15 31 1
15 32 1
15 33 1
15 34 1
15 35 1
15 36 1
15 37 1
15 38 1
15 39 1
16 13 1
16 14 1
16 15 1
16 16 1
16 17 1
16 18 1
16 19 1
16 20 1
16 21 1
16 22 1
16 23 1
16 24 1
16 25 1
16 26 1
16 27 1
16 28 1
16 29 1
16 30 1
16 31 1
16 32 1
16 33 1
16 34 1
16 35 1
16 36 1
16 37 1
16 38 1
16 39 1
17 13 1
17 14 1
17 15 1
17 16 1
17 17 1
17 18 1
17 19 1
17 20 1
17 21 1
17 22 1
17 23 1
17 24 1
17 25 1
17 26 1
17 27 1
17 28 1
17 29 1
17 30 1
17 31 1
17 32 1
17 33 1
17 34 1
17 35 1
17 36 1
17 37 1
17 38 1
17 39 1
18 13 1
18 14 1
18 15 1
18 16 1
18 17 1
18 18 1
18 19 1
18 20 1
18 21 1
18 22 1
18 23 1
18 24 1
18 25 1
18 26 1
18 27 1
18 28 1
18 29 1
18 30 1
18 31 1
18 32 1
18 33 1
18 34 1
18 35 1
18 36 1
18 37 1
18 38 1
18 39 1
19 13 1
19 14 1
19 15 1
19 16 1
19 17 1
19 18 1
19 19 1
19 20 1
19 21 1
19 22 1
19 23 1
19 24 1
19 25 1
19 26 1
19 27 1
19 28 1
19 29 1
19 30 1
19 31 1
19 32 1
19 33 1
19 34 1
19 35 1
19 36 1
19 37 1
19 38 1
19 39 1
20 13 1
20 14 1
20 15 1
20 16 1
20 17 1
20 18 1
20 19 1
20 20 1
20 21 1
20 22 1
20 23 1
20 24 1
20 25 1
20 26 1
20 27 1
20 28 1
20 29 1
20 30 1
20 31 1
20 32 1
20 33 1
20 34 1
20 35 1
20 36 1
20 37 1
20 38 1
20 39 1
21 13 1
21 14 1
21 15 1
21 16 1
21 17 1
21 18 1
21 19 1
21 20 1
21 21 1
21 22 1
21 23 1
21 24 1
21 25 1
21 26 1
21 27 1
21 28 1
21 29 1
21 30 1
21 31 1
21 32 1
21 33 1
21 34 1
21 35 1
21 36 1
21 37 1
21 38 1
21 39 1
22 13 1
22 14 1
22 15 1
22 16 1
22 17 1
22 18 1
22 19 1
22 20 1
22 21 1
22 22 1
22 23 1
22 24 1
22 25 1
22 26 1
22 27 1
22 28 1
22 29 1
22 30 1
22 31 1
22 32 1
22 33 1
22 34 1
22 35 1
22 36 1
22 37 1
22 38 1
22 39 1
23 13 1
23 14 1
23 15 1
23 16 1
23 17 1
23 18 1
23 19 1
23 20 1
23 21 1
23 22 1
23 23 1
23 24 1
23 25 1
23 26 1
23 27 1
23 28 1
23 29 1
23 30 1
23 31 1
23 32 1
23 33 1
23 34 1
23 35 1
23 36 1
23 37 1
23 38 1
23 39 1
24 13 1
24 14 1
24 15 1
24 16 1
24 17 1
24 18 1
24 19 1
24 20 1
24 21 1
24 22 1
24 23 1
24 24 1
24 25 1
24 26 1
24 27 1
24 28 1
24 29 1
24 30 1
24 31 1
24 32 1
24 33 1
24 34 1
24 35 1
24 36 1
24 37 1
24 38 1
24 39 1
25 13 1
25 14 1
25 15 1
25 16 1
25 17 1
25 18 1
25 19 1
25 20 1
25 21 1
25 22 1
25 23 1
25 24 1
25 25 1
25 26 1
25 27 1
25 28 1
25 29 1
25 30 1
25 31 1
25 32 1
25 33 1
25 34 1
25 35 1
25 36 1
25 37 1
25 38 1
25 39 1
26 13 1
26 14 1
26 15 1
26 16 1
26 17 1
26 18 1
26 19 1
26 20 1
26 21 1
26 22 1
26 23 1
26 24 1
26 25 1
26 26 1
26 27 1
26 28 1
26 29 1
26 30 1
26 31 1
26 32 1
26 33 1
26 34 1
26 35 1
26 36 1
26 37 1
26 38 1
26 39 1
27 13 1
27 14 1
27 15 1
27 16 1
27 17 1
27 18 1
27 19 1
27 20 1
27 21 1
27 22 1
27 23 1
27 24 1
27 25 1
27 26 1
27 27 1
27 28 1
27 29 1
27 30 1
27 31 1
27 32 1
27 33 1
27 34 1
27 35 1
27 36 1
27 37 1
27 38 1
27 39 1
28 13 1
28 14 1
28 15 1
28 16 1
28 17 1
28 18 1
28 19 1
28 20 1
28 21 1
28 22 1
28 23 1
28 24 1
28 25 1
28 26 1
28 27 1
28 28 1
28 29 1
28 30 1
28 31 1
28 32 1
28 33 1
28 34 1
28 35 1
28 36 1
28 37 1
28 38 1
28 39 1
29 13 1
29 14 1
29 15 1
29 16 1
29 17 1
29 18 1
29 19 1
29 20 1
29 21 1
29 22 1
29 23 1
29 24 1
29 25 1
29 26 1
29 27 1
29 28 1
29 29 1
29 30 1
29 31 1
29 32 1
29 33 1
29 34 1
29 35 1
29 36 1
29 37 1
29 38 1
29 39 1
30 13 1
30 14 1
30 15 1
30 16 1
30 17 1
30 18 1
30 19 1
30 20 1
30 21 1
30 22 1
30 23 1
30 24 1
30 25 1
30 26 1
30 27 1
30 28 1
30 29 1
30 30 1
30 31 1
30 32 1
30 33 1
30 34 1
30 35 1
30 36 1
30 37 1
30 38 1
30 39 1
31 13 1
31 14 1
31 15 1
31 16 1
31 17 1
31 18 1
31 19 1
31 20 1
31 21 1
31 22 1
31 23 1
31 24 1
31 25 1
31 26 1
31 27 1
31 28 1
31 29 1
31 30 1
31 31 1
31 32 1
31 33 1
31 34 1
31 35 1
31 36 1
31 37 1
31 38 1
31 39 1
32 13 1
32 14 1
32 15 1
32 16 1
32 17 1
32 18 1
32 19 1
32 20 1
32 21 1
32 22 1
32 23 1
32 24 1
32 25 1
32 26 1
32 27 1
32 28 1
32 29 1
32 30 1
32 31 1
32 32 1
32 33 1
32 34 1
32 35 1
32 36 1
32 37 1
32 38 1
32 39 1
33 13 1
33 14 1
33 15 1
33 16 1
33 17 1
33 18 1
33 19 1
33 20 1
33 21 1
33 22 1
33 23 1
33 24 1
33 25 1
33 26 1
33 27 1
33 28 1
33 29 1
33 30 1
33 31 1
33 32 1
33 33 1
33 34 1
33 35 1
33 36 1
33 37 1
33 38 1
33 39 1
34 13 1
34 14 1
34 15 1
34 16 1
34 17 1
34 18 1
34 19 1
34 20 1
34 21 1
34 22 1
34 23 1
34 24 1
34 25 1
34 26 1
34 27 1
34 28 1
34 29 1
34 30 1
34 31 1
34 32 1
34 33 1
34 34 1
34 35 1
34 36 1
34 37 1
34 38 1
34 39 1
35 13 1
35 14 1
35 15 1
35 16 1
35 17 1
35 18 1
35 19 1
35 20 1
35 21 1
35 22 1
35 23 1
35 24 1
35 25 1
35 26 1
35 27 1
35 28 1
35 29 1
35 30 1
35 31 1
35 32 1
35 33 1
35 34 1
35 35 1
35 36 1
35 37 1
35 38 1
35 39 1
36 13 1
36 14 1
36 15 1
36 16 1
36 17 1
36 18 1
36 19 1
36 20 1
36 21 1
36 22 1
36 23 1
36 24 1
36 25 1
36 26 1
36 27 1
36 28 1
36 29 1
36 30 1
36 31 1
36 32 1
36 33 1
36 34 1
36 35 1
36 36 1
36 37 1
36 38 1
36 39 1
37 13 1
37 14 1
37 15 1
37 16 1
37 17 1
37 18 1
37 19 1
37 20 1
37 21 1
37 22 1
37 23 1
37 24 1
37 25 1
37 26 1
37 27 1
37 28 1
37 29 1
37 30 1
37 31 1
37 32 1
37 33 1
37 34 1
37 35 1
37 36 1
37 37 1
37 38 1
37 39 1
38 13 1
38 14 1
38 15 1
38 16 1
38 17 1
38 18 1
38 19 1
38 20 1
38 21 1
38 22 1
38 23 1
38 24 1
38 25 1
38 26 1
38 27 1
38 28 1
38 29 1
38 30 1
38 31 1
38 32 1
38 33 1
38 34 1
38 35 1
38 36 1
38 37 1
38 38 1
38 39 1
39 13 1
39 14 1
39 15 1
39 16 1
39 17 1
39 18 1
39 19 1
39 20 1
39 21 1
39 22 1
39 23 1
39 24 1
39 25 1
39 26 1
39 27 1
39 28 1
39 29 1
39 30 1
39 31 1
39 32 1
39 33 1
39 34 1
39 35 1
39 36 1
39 37 1
39 38 1
39 39 1
40 52 1
40 53 1
40 60 1
40 61 1
40 68 1
40 69 1
40 73 1
40 74 1
40 81 1
40 82 1
40 89 1
40 90 1
41 52 1
41 53 1
41 60 1
41 61 1
41 68 1
41 69 1
41 73 1
41 74 1
41 81 1
41 82 1
41 89 1
41 90 1
42 52 1
42 53 1
42 60 1
42 61 1
42 68 1
42 69 1
42 73 1
42 74 1
42 81 1
42 82 1
42 89 1
42 90 1
43 52 1
43 53 1
43 60 1
43 61 1
43 68 1
43 69 1
43 73 1
43 74 1
43 81 1
43 82 1
43 89 1
43 90 1
44 52 1
44 53 1
44 60 1
44 61 1
44 68 1
44 69 1
44 73 1
44 74 1
44 81 1
44 82 1
44 89 1
44 90 1
45 52 1
45 53 1
45 60 1
45 61 1
45 68 1
45 69 1
45 73 1
45 74 1
45 81 1
45 82 1
45 89 1
45 90 1
46 46 1
46 47 1
46 48 1
46 54 1
46 55 1
46 56 1
46 62 1
46 63 1
46 64 1
46 75 1
46 76 1
46 77 1
46 83 1
46 84 1
46 85 1
47 46 1
47 47 1
47 48 1
47 54 1
47 55 1
47 56 1
47 62 1
47 63 1
47 64 1
47 75 1
47 76 1
47 77 1
47 83 1
47 84 1
47 85 1
48 46 1
48 47 1
48 48 1
48 54 1
48 55 1
48 56 1
48 62 1
48 63 1
48 64 1
48 75 1
48 76 1
48 77 1
48 83 1
48 84 1
48 85 1
49 49 1
49 50 1
49 51 1
49 57 1
49 58 1
49 59 1
49 65 1
49 66 1
49 67 1
49 70 1
49 71 1
49 72 1
49 78 1
49 79 1
49 80 1
49 86 1
49 87 1
49 88 1
50 49 1
50 50 1
50 51 1
50 57 1
50 58 1
50 59 1
50 65 1
50 66 1
50 67 1
50 70 1
50 71 1
50 72 1
50 78 1
50 79 1
50 80 1
50 86 1
50 87 1
50 88 1
51 49 1
51 50 1
51 51 1
51 57 1
51 58 1
51 59 1
51 65 1
51 66 1
51 67 1
51 70 1
51 71 1
51 72 1
51 78 1
51 79 1
51 80 1
51 86 1
51 87 1
51 88 1
52 40 1
52 41 1
52 42 1
52 43 1
52 44 1
52 45 1
52 52 1
52 53 1
52 60 1
52 61 1
52 68 1
52 69 1
52 73 1
52 74 1
52 81 1
52 82 1
52 89 1
52 90 1
53 40 1
53 41 1
53 42 1
53 43 1
53 44 1
53 45 1
53 52 1
53 53 1
53 60 1
53 61 1
53 68 1
53 69 1
53 73 1
53 74 1
53 81 1
53 82 1
53 89 1
53 90 1
54 46 1
54 47 1
54 48 1
54 54 1
54 55 1
54 56 1
54 62 1
54 63 1
54 64 1
54 75 1
54 76 1
54 77 1
54 83 1
54 84 1
54 85 1
55 46 1
55 47 1
55 48 1
55 54 1
55 55 1
55 56 1
55 62 1
55 63 1
55 64 1
55 75 1
55 76 1
55 77 1
55 83 1
55 84 1
55 85 1
56 46 1
56 47 1
56 48 1
56 54 1
56 55 1
56 56 1
56 62 1
56 63 1
56 64 1
56 75 1
56 76 1
56 77 1
56 83 1
56 84 1
56 85 1
57 49 1
57 50 1
57 51 1
57 57 1
57 58 1
57 59 1
57 65 1
57 66 1
57 67 1
57 70 1
57 71 1
57 72 1
57 78 1
57 79 1
57 80 1
57 86 1
57 87 1
57 88 1
58 49 1
58 50 1
58 51 1
58 57 1
58 58 1
58 59 1
58 65 1
58 66 1
58 67 1
58 70 1
58 71 1
58 72 1
58 78 1
58 79 1
58 80 1
58 86 1
58 87 1
58 88 1
59 49 1
59 50 1
59 51 1
59 57 1
59 58 1
59 59 1
59 65 1
59 66 1
59 67 1
59 70 1
59 71 1
59 72 1
59 78 1
59 79 1
59 80 1
59 86 1
59 87 1
59 88 1
60 40 1
60 41 1
60 42 1
60 43 1
60 44 1
60 45 1
60 52 1
60 53 1
60 60 1
60 61 1
60 68 1
60 69 1
60 73 1
60 74 1
60 81 1
60 82 1
60 89 1
60 90 1
61 40 1
61 41 1
61 42 1
61 43 1
61 44 1
61 45 1
61 52 1
61 53 1
61 60 1
61 61 1
61 68 1
61 69 1
61 73 1
61 74 1
61 81 1
61 82 1
61 89 1
61 90 1
62 46 1
62 47 1
62 48 1
62 54 1
62 55 1
62 56 1
62 62 1
62 63 1
62 64 1
62 75 1
62 76 1
62 77 1
62 83 1
62 84 1
62 85 1
63 46 1
63 47 1
63 48 1
63 54 1
63 55 1
63 56 1
63 62 1
63 63 1
63 64 1
63 75 1
63 76 1
63 77 1
63 83 1
63 84 1
63 85 1
64 46 1
64 47 1
64 48 1
64 54 1
64 55 1
64 56 1
64 62 1
64 63 1
64 64 1
64 75 1
64 76 1
64 77 1
64 83 1
64 84 1
64 85 1
65 49 1
65 50 1
65 51 1
65 57 1
65 58 1
65 59 1
65 65 1
65 66 1
65 67 1
65 70 1
65 71 1
65 72 1
65 78 1
65 79 1
65 80 1
65 86 1
65 87 1
65 88 1
66 49 1
66 50 1
66 51 1
66 57 1
66 58 1
66 59 1
66 65 1
66 66 1
66 67 1
66 70 1
66 71 1
66 72 1
66 78 1
66 79 1
66 80 1
66 86 1
66 87 1
66 88 1
67 49 1
67 50 1
67 51 1
67 57 1
67 58 1
67 59 1
67 65 1
67 66 1
67 67 1
67 70 1
67 71 1
67 72 1
67 78 1
67 79 1
67 80 1
67 86 1
67 87 1
67 88 1
68 40 1
68 41 1
68 42 1
68 43 1
68 44 1
68 45 1
68 52 1
68 53 1
68 60 1
68 61 1
68 68 1
68 69 1
68 73 1
68 74 1
68 81 1
68 82 1
68 89 1
68 90 1
69 40 1
69 41 1
69 42 1
69 43 1
69 44 1
69 45 1
69 52 1
69 53 1
69 60 1
69 61 1
69 68 1
69 69 1
69 73 1
69 74 1
69 81 1
69 82 1
69 89 1
69 90 1
70 49 1
70 50 1
70 51 1
70 57 1
70 58 1
70 59 1
70 65 1
70 66 1
70 67 1
70 70 1
70 71 1
70 72 1
70 78 1
70 79 1
70 80 1
70 86 1
70 87 1
70 88 1
71 49 1
71 50 1
71 51 1
71 57 1
71 58 1
71 59 1
71 65 1
71 66 1
71 67 1
71 70 1
71 71 1
71 72 1
71 78 1
71 79 1
71 80 1
71 86 1
71 87 1
71 88 1
72 49 1
72 50 1
72 51 1
72 57 1
72 58 1
72 59 1
72 65 1
72 66 1
72 67 1
72 70 1
72 71 1
72 72 1
72 78 1
72 79 1
72 80 1
72 86 1
72 87 1
72 88 1
73 40 1
73 41 1
73 42 1
73 43 1
73 44 1
73 45 1
73 52 1
73 53 1
73 60 1
73 61 1
73 68 1
73 69 1
73 73 1
73 74 1
73 81 1
73 82 1
73 89 1
73 90 1
74 40 1
74 41 1
74 42 1
74 43 1
74 44 1
74 45 1
74 52 1
74 53 1
74 60 1
74 61 1
74 68 1
74 69 1
74 73 1
74 74 1
74 81 1
74 82 1
74 89 1
74 90 1
75 46 1
75 47 1
75 48 1
75 54 1
75 55 1
75 56 1
75 62 1
75 63 1
75 64 1
75 75 1
75 76 1
75 77 1
75 83 1
75 84 1
75 85 1
76 46 1
76 47 1
76 48 1
76 54 1
76 55 1
76 56 1
76 62 1
76 63 1
76 64 1
76 75 1
76 76 1
76 77 1
76 83 1
76 84 1
76 85 1
77 46 1
77 47 1
77 48 1
77 54 1
77 55 1
77 56 1
77 62 1
77 63 1
77 64 1
77 75 1
77 76 1
77 77 1
77 83 1
77 84 1
77 85 1
78 49 1
78 50 1
78 51 1
78 57 1
78 58 1
78 59 1
78 65 1
78 66 1
78 67 1
78 70 1
78 71 1
78 72 1
78 78 1
78 79 1
78 80 1
78 86 1
78 87 1
78 88 1
79 49 1
79 50 1
79 51 1
79 57 1
79 58 1
79 59 1
79 65 1
79 66 1
79 67 1
79 70 1
79 71 1
79 72 1
79 78 1
79 79 1
79 80 1
79 86 1
79 87 1
79 88 1
80 49 1
80 50 1
80 51 1
80 57 1
80 58 1
80 59 1
80 65 1
80 66 1
80 67 1
80 70 1
80 71 1
80 72 1
80 78 1
80 79 1
80 80 1
80 86 1
80 87 1
80 88 1
81 40 1
81 41 1
81 42 1
81 43 1
81 44 1
81 45 1
81 52 1
81 53 1
81 60 1
81 61 1
81 68 1
81 69 1
81 73 1
81 74 1
81 81 1
81 82 1
81 89 1
81 90 1
82 40 1
82 41 1
82 42 1
82 43 1
82 44 1
82 45 1
82 52 1
82 53 1
82 60 1
82 61 1
82 68 1
82 69 1
82 73 1
82 74 1
82 81 1
82 82 1
82 89 1
82 90 1
83 46 1
83 47 1
83 48 1
83 54 1
83 55 1
83 56 1
83 62 1
83 63 1
83 64 1
83 75 1
83 76 1
83 77 1
83 83 1
83 84 1
83 85 1
84 46 1
84 47 1
84 48 1
84 54 1
84 55 1
84 56 1
84 62 1
84 63 1
84 64 1
84 75 1
84 76 1
84 77 1
84 83 1
84 84 1
84 85 1
85 46 1
85 47 1
85 48 1
85 54 1
85 55 1
85 56 1
85 62 1
85 63 1
85 64 1
85 75 1
85 76 1
85 77 1
85 83 1
85 84 1
85 85 1
86 49 1
86 50 1
86 51 1
86 57 1
86 58 1
86 59 1
86 65 1
86 66 1
86 67 1
86 70 1
86 71 1
86 72 1
86 78 1
86 79 1
86 80 1
86 86 1
86 87 1
86 88 1
87 49 1
87 50 1
87 51 1
87 57 1
87 58 1
87 59 1
87 65 1
87 66 1
87 67 1
87 70 1
87 71 1
87 72 1
87 78 1
87 79 1
87 80 1
87 86 1
87 87 1
87 88 1
88 49 1
88 50 1
88 51 1
88 57 1
88 58 1
88 59 1
88 65 1
88 66 1
88 67 1
88 70 1
88 71 1
88 72 1
88 78 1
88 79 1
88 80 1
88 86 1
88 87 1
88 88 1
89 40 1
89 41 1
89 42 1
89 43 1
89 44 1
89 45 1
89 52 1
89 53 1
89 60 1
89 61 1
89 68 1
89 69 1
89 73 1
89 74 1
89 81 1
89 82 1
89 89 1
89 90 1
90 40 1
90 41 1
90 42 1
90 43 1
90 44 1
90 45 1
90 52 1
90 53 1
90 60 1
90 61 1
90 68 1
90 69 1
90 73 1
90 74 1
90 81 1
90 82 1
90 89 1
90 90 1
27747233937485 27747233937486
28302178616234 28302178616235
28868222188559 28868222188560
29445586632330 29445586632331
30034498364977 30034498364978
30635188332276 30635188332277
31247892098922 31247892098923
31872849940900 31872849940901
32510306939718 32510306939719
33160513078513 33160513078514
33823723340083 33823723340084
34500197806885 34500197806886
35190201763022 35190201763023
35894005798283 35894005798284
36611885914248 36611885914249
37344123632533 37344123632534
38091006105184 38091006105185
38852826227288 38852826227289
39629882751833 39629882751834
40422480406870 40422480406871
41230930015008 41230930015009
42055548615308 42055548615309
42896659587614 42896659587615
43754592779366 43754592779367
44629684634954 44629684634955
45522278327653 45522278327654
46432723894206 46432723894207
47361378372090 47361378372091
48308605939532 48308605939533
49274778058322 49274778058323
50260273619489 50260273619490
51265479091878 51265479091879
52290788673716 52290788673717
53336604447190 53336604447191
54403336536134 54403336536135
55491403266857 55491403266858
56601231332194 56601231332195
57733255958838 57733255958839
58887921078015 58887921078016
60065679499575 60065679499576
61266993089566 61266993089567
62492332951358 62492332951359
63742179610385 63742179610386
65017023202593 65017023202594
66317363666645 66317363666646
67643710939977 67643710939978
68996585158777 68996585158778
70376516861953 70376516861954
71784047199192 71784047199193
73219728143175 73219728143176
74684122706039 74684122706040
76177805160160 76177805160161
77701361263363 77701361263364
79255388488630 79255388488631
80840496258403 80840496258404
82457306183571 82457306183572
84106452307242 84106452307243
85788581353387 85788581353388
87504352980455 87504352980456
89254440040064 89254440040065
91039528840865 91039528840866
92860319417683 92860319417684
94717525806036 94717525806037
96611876322157 96611876322158
98544113848600 98544113848601
100514996125572 100514996125573
102525296048084 102525296048085
104575801969045 104575801969046
106667318008426 106667318008427
108800664368595 108800664368596
110976677655967 110976677655968
113196211209086 113196211209087
115460135433268 115460135433269
117769338141933 117769338141934
120124724904772 120124724904773
122527219402867 122527219402868
124977763790925 124977763790926
127477319066743 127477319066744
130026865448078 130026865448079
132627402757040 132627402757041
135279950812180 135279950812181
137985549828424 137985549828425
140745260824993 140745260824994
143560166041492 143560166041493
146431369362322 146431369362323
149359996749569 149359996749570
152347196684560 152347196684561
155394140618251 155394140618252
158502023430616 158502023430617
161672063899229 161672063899230
164905505177213 164905505177214
168203615280758 168203615280759
171567687586373 171567687586374
174999041338100 174999041338101
178499022164862 178499022164863
182069002608159 182069002608160
185710382660323 185710382660324
189424590313529 189424590313530
193213082119800 193213082119801
197077343762196 197077343762197
201018890637440 201018890637441
205039268450188 205039268450189
209140053819192 209140053819193
213322854895576 213322854895577
217589311993488 217589311993489
221941098233357 221941098233358
226379920198025 226379920198026
230907518601985 230907518601986
235525668974025 235525668974026
240236182353505 240236182353506
245040906000575 245040906000576
249941724120587 249941724120588
254940558602999 254940558603000
260039369775059 260039369775060
265240157170560 265240157170561
270544960313971 270544960313972
275955859520250 275955859520251
281474976710656 281474976710656
287104476244869 287104476244870
292846565769766 292846565769767
298703497085161 298703497085162
304677567026865 304677567026866
310771118367402 310771118367403
316986540734750 316986540734751
323326271549445 323326271549446
329792796980434 329792796980435
336388652920043 336388652920044
343116425978443 343116425978444
349978754498012 349978754498013
356978329587973 356978329587974
364117896179732 364117896179733
371400254103327 371400254103328
378828259185393 378828259185394
386404824369101 386404824369102
394132920856483 394132920856484
402015579273613 402015579273614
410055890859085 410055890859086
418257008676267 418257008676268
426622148849792 426622148849793
435154591826788 435154591826789
443857683663324 443857683663325
452734837336590 452734837336591
461789534083322 461789534083323
471025324764988 471025324764989
480445831260288 480445831260289
490054747885494 490054747885495
499855842843204 499855842843205
509852959700068 509852959700069
520050018894069 520050018894070
530451019271951 530451019271952
541060039657390 541060039657391
551881240450538 551881240450539
562918865259548 562918865259549
574177242564739 574177242564740
585660787416034 585660787416035
597374003164355 597374003164356
609321483227642 609321483227643
621507912892195 621507912892196
633938071150039 633938071150040
646616832573039 646616832573040
659549169224500 659549169224501
672740152608990 672740152608991
686194955661170 686194955661171
699918854774393 699918854774394
713917231869881 713917231869882
728195576507279 728195576507280
742759488037425 742759488037426
757614677798173 757614677798174
772766971354137 772766971354138
788222310781219 788222310781220
803986756996844 803986756996845
820066492136781 820066492136782
836467821979516 836467821979517
853197178419107 853197178419108
870261121987489 870261121987490
887666344427238 887666344427239
905419671315783 905419671315784
923528064742099 923528064742100
941998626036941 941998626036942
960838598557680 960838598557681
980055370528833 980055370528834
999656477939410 999656477939411
1019649607498198 1019649607498199
1040042599648162 1040042599648163
1060843451641125 1060843451641126
1082060320673948 1082060320673949
1103701527087427 1103701527087428
1125775557629175 1125775557629176
1148291068781759 1148291068781760
1171256890157394 1171256890157395
1194682027960542 1194682027960543
1218575668519753 1218575668519754
1242947181890148 1242947181890149
1267806125527951 1267806125527952
1293162248038510 1293162248038511
1319025492999280 1319025492999281
1345406002859266 1345406002859267
1372314122916451 1372314122916452
1399760405374780 1399760405374781
1427755613482276 1427755613482277
1456310725751921 1456310725751922
1485436940266960 1485436940266961
1515145679072299 1515145679072300
1545448592653745 1545448592653746
1576357564506820 1576357564506821
1607884715796956 1607884715796957
1640042410112895 1640042410112896
1672843258315153 1672843258315154
1706300123481456 1706300123481457
1740426125951085 1740426125951086
1775234648470107 1775234648470108
1810739341439509 1810739341439510
1846954128268300 1846954128268301
1883893210833666 1883893210833667
1921571075050339 1921571075050340
1960002496551346 1960002496551347
1999202546482373 1999202546482374
2039186597412020 2039186597412021
2079970329360260 2079970329360261
2121569735947466 2121569735947467
2164001130666415 2164001130666416
2207281153279743 2207281153279744
2251426776345338 2251426776345339
2296455311872245 2296455311872246
2342384418109690 2342384418109691
2389232106471884 2389232106471885
2437016748601321 2437016748601322
2485757083573348 2485757083573349
2535472225244815 2535472225244816
2586181669749711 2586181669749712
2637905303144705 2637905303144706
2690663409207599 2690663409207600
2744476677391751 2744476677391752
2799366210939586 2799366210939587
2855353535158378 2855353535158379
115064484099852 118209998127997
0 156374987061475 180948199313994 0 118
74290118234948 74290118234949
222697964583563 222697964583564
157144812870925 157144812870926
100844361320859 100844361320860
124330163839730 124330163839731
86238015427197 86238015427198
180630615389796 180630615389797
195236961283458 195236961283459
207230329813276 207230329813277
215461961389066 215461961389067
110024633177393 110024633177394
115277832901678 115277832901679
119356494556657 119356494556658
122041945193153 122041945193154
79103989580119 79103989580120
81783479650615 81783479650616
83815440986657 83815440986658
85130887495109 85130887495110
171450343533262 171450343533263
162118482153998 162118482153999
166197143808977 166197143808978
159433031517502 159433031517503
202370987130536 202370987130537
197659535723998 197659535723999
199691497060040 199691497060041
196344089215546 196344089215547
219724858965771 219724858965772
216890886472456 216890886472457
218104110521984 218104110521985
216112643713183 216112643713184
106549533214591 106549533214592
102869632265219 102869632265220
104496874026261 104496874026262
101781795739296 101781795739297
117728312616815 117728312616816
116118150061543 116118150061544
116816450331236 116816450331237
115662919042574 115662919042575
123397984511852 123397984511853
122499074933944 122499074933945
122885146713689 122885146713690
122250431600834 122250431600835
77291579817693 77291579817694
75336629342194 75336629342195
76205700303586 76205700303587
74751525986480 74751525986481
83009271060438 83009271060439
82205529682065 82205529682066
82554896751387 82554896751388
81977111204780 81977111204781
85788501933392 85788501933393
85353066920356 85353066920357
85540318655562 85540318655563
85232280850561 85232280850562
222022197300482 222022197300483
222044802271731 222044802271732
75351491818558 75351491818559
207210255392417 207210255392418
100857370221053 100857370221054
222674429829821 222674429829822
74305266710793 74305266710794
74452077448081 74452077448082
74565644309826 74565644309827
74650882682354 74650882682355
74705662928103 74705662928104
74374498315228 74374498315229
74327719516362 74327719516363
74313669899628 74313669899629
74320066321618 74320066321619
74324218295155 74324218295156
75686350326485 75686350326486
75880582328674 75880582328675
76028541937036 76028541937037
76124635765901 76124635765902
75555534390087 75555534390088
75414936169070 75414936169071
75477374287401 75477374287402
75372957764282 75372957764283
75359631411035 75359631411036
75365741792294 75365741792295
75369669281319 75369669281320
220834860642881 220834860642882
221505291187730 221505291187731
222409511685390 222409511685391
222596629249008 222596629249009
222472365947540 222472365947541
222525627236523 222525627236524
222438149907917 222438149907918
222645157783361 222645157783362
221827383080658 221827383080659
221615056584494 221615056584495
221706814152412 221706814152413
221555504396577 221555504396578
221908660607183 221908660607184
221957250856418 221957250856419
221996082419299 221996082419300
204183396892962 204183396892963
205269276407069 205269276407070
206138347368461 206138347368462
206723450724175 206723450724176
207022899262574 207022899262575
206824094028301 206824094028302
206909332400829 206909332400830
206769313782552 206769313782553
207100478395427 207100478395428
207147257194293 207147257194294
207184858475707 207184858475708
101227433488789 101227433488790
101437488352939 101437488352940
101595297990621 101595297990622
101696786375930 101696786375931
101084074471204 101084074471205
100928269825594 100928269825595
100997683499139 100997683499140
100881400217797 100881400217798
100866487087874 100866487087875
100873327075719 100873327075720
100877721700162 100877721700163
0 0 1 281474976710656 281474976710656 0 0 281474976710656 281474976710656 0 1
5 1 0 64999727430398 67197986864786 172663555434270 174458137564467 281474976710656 281474976710656 2 1
6 1 0 32655488146747 33040149735593 60465658593969 61755947605616 109703184459491 111514019718478 3 4
13 1 2 19607503771235 19607503771236 0 0 27876344966033 28561074518971 0 5
0 0 0 40687822394294 42063864925223 172663555434270 174458137564467 214033678292379 215407035244696 2 6
1 0 0 17290540133361 18100367009757 238366352563637 239341746929721 257601620330047 258184314885130 7 8
10 0 0 9513837118420 10020155439092 270433955771929 270716522889074 281474976710656 281474976710656 9 1
2 0 0 20441327286127 20682113563664 60465658593969 61755947605616 80158387510400 81713533550935 3 10
3 0 0 7896812186644 8037268620382 91165581325046 92835800009763 99584332585657 101326667928634 11 12
11 0 0 4155904165764 4241152435386 105067724734917 106849640307494 109703184459491 111514019718478 13 4
16 1 3 12201801242085 12201801242086 0 0 11368317769834 11666212484061 0 14
4 1 0 4503479085162 4518901640300 17615553862012 18066201481773 22315274111276 22875728177345 15 16
12 1 0 2317706355686 2329128541496 25340558597245 25969379749321 27876344966033 28561074518971 17 5
5 0 0 9470552638887 9838671361185 198203824397881 199776490690376 214033678292379 215407035244696 18 6
6 0 0 4733655928972 4902166873101 181667162239106 183397599333674 188951243487410 190618551885488 19 20
13 0 0 2834307476858 2930162388829 172663555434270 174458137564467 176822513593688 178589375868363 2 21
7 0 0 4433995713003 4651825288347 249886500082650 250634958976361 257601620330047 258184314885130 22 8
8 0 0 2080488754315 2179560014768 242304536484103 243205129983638 245586900752925 246422944382268 23 24
14 0 0 1204456377733 1260868793923 238366352563637 239341746929721 240169488881517 241110993363994 7 25
17 0 0 2561199951940 2700840381228 276965100997591 277083234327482 281474976710656 281474976710656 26 1
9 0 0 1163787300657 1226233000783 272631773223094 272859884593534 274491019972228 274672368542936 27 28
15 0 0 662732436674 698002493353 270433955771929 270716522889074 271435842315080 271693696066488 9 29
5 0 0 4581725537020 4646719566529 72773257744950 74237961132883 80158387510400 81713533550935 30 10
6 0 0 2346489454101 2376145219762 64861093341612 66217075286904 68371581108856 69777312133979 31 32
13 0 0 1423939728268 1440712863487 60465658593969 61755947605616 62503805061391 63825026369192 3 33
7 0 0 1992644659000 2030067470268 96236797571946 97952104728585 99584332585657 101326667928634 34 12
8 0 0 944940809414 962070849112 92909096203431 94595379986794 94354374724734 96053527975916 35 36
14 0 0 550090727565 559874901230 91165581325046 92835800009763 91965153898031 93642813328313 11 37
17 0 0 1108873613450 1132218145244 107818845461089 109618426081534 109703184459491 111514019718478 38 4
9 0 0 506848584582 517337723813 105996470621463 107784513454045 106779798174324 108572879128355 39 40
15 0 0 289499647732 295438029139 105067724734917 106849640307494 105491471933892 107276203822214 13 41
5 1 0 2692604801419 2696324805642 7110176109088 7299506135353 11368317769834 11666212484061 42 14
6 1 0 1397173104124 1397848239710 2487412381508 2554793508948 4546285206030 4668505537133 43 44
19 1 4 874091170836 874091170837 0 0 1097806182087 1127696639351 0 45
7 0 0 1127122179687 1131604809304 20454561028504 20972064522316 22315274111276 22875728177345 46 16
8 0 0 537373952619 539316586023 18594381493897 19068260232499 19403580391402 19896520760646 47 48
14 0 0 313711663388 314785996218 17615553862012 18066201481773 18064802646017 18526136176907 15 49
17 0 0 615701957286 618917005219 26847913745903 27510122173943 27876344966033 28561074518971 50 5
9 0 0 282245900066 283664882316 25850203169893 26490363083660 26279432163229 26929101815372 51 52
15 0 0 161451069792 162246737507 25340558597245 25969379749321 25573186431484 26207189556002 17 53
10 0 0 29342867554 30963102837 280453143503936 280480237926710 280487355302796 280513545692279 54 55
16 0 0 37912924231 37931244341 2487412381508 2554793508948 2522674013150 2591001466385 43 56
18 0 0 29913660636 31428978106 257569964470849 258153361723126 257601620330047 258184314885130 57 8
20 0 0 34407497421 34812796604 60465658593969 61755947605616 60493985257404 61784709754089 3 58
1 0 0 31464775159 33208368902 281439421443253 281440367436340 281474976710656 281474976710656 59 1
2 1 5 38068025677 38068025678 0 0 36069755283 37055663191 0 60
20 1 6 473787704676 473787704677 0 0 385540655379 396065337414 0 61
4 1 0 195138841691 195163698219 655756134125 673639615764 858498819335 881894043052 62 63
12 1 0 100197343822 100216588489 988764319241 1015696600474 1097806182087 1127696639351 64 45
5 1 0 117038657030 117043224089 200891906631 206379655482 385540655379 396065337414 65 61
6 1 7 60814542220 60814542221 0 0 89528254729 91974885970 0 66
-1
3 1 0 14569442120 14569600820 56077621466 57610299804 71307018024 73255828315 67 68
11 1 0 7635405649 7635526067 81192373235 83411268746 89528254729 91974885970 69 66
2 0 0 874587223086 875009837117 2487412381508 2554793508948 3316657873146 3406228042835 43 70
3 0 0 334852300210 335097994784 3776783576503 3878606701484 4127086497006 4238209747500 71 72
11 0 0 175516336300 175664823184 4354498913737 4471646600307 4546285206030 4668505537133 73 44
5 0 0 195324946796 195439033665 3006588579127 3087877928643 3316657873146 3406228042835 74 70
6 0 0 100265804152 100317872945 2673177219680 2745540980077 2821261404810 2897592189006 75 76
13 0 0 60923612021 60953051251 2487412381508 2554793508948 2573599377637 2643293090834 43 77
4 0 0 13944303760 13951189712 2541984655691 2610830248713 2556480774468 2625715275955 78 79
12 0 0 7165480715 7169052313 2565798092503 2635282541113 2573599377637 2643293090834 80 77
0 0 0 1603232088510 1690642685609 276965100997591 277083234327482 278653164105907 278727518329172 26 81
1 0 0 723569520312 763410082488 279670245332156 279717968642288 280487355302796 280513545692279 82 55
18 0 0 410161855677 432857855880 281039036452199 281050619134591 281474976710656 281474976710656 83 1
21 0 0 111093863476 117247429377 281321867426179 281325939437051 281474976710656 281474976710656 84 1
9 0 0 50276310100 53059265485 281134057793596 281143118794684 281214563920589 281221487145415 85 86
15 0 0 28571812052 30152811951 281039036452199 281050619134591 281082332959603 281092766843131 83 87
0 0 0 69541328324 73393270576 281321867426179 281325939437051 281395195325120 281397317685609 84 88
-1
7 0 0 187541835814 197886361970 280158211295614 280193090249948 280487355302796 280513545692279 89 55
8 0 0 87381323713 92195538989 279836587281932 279879937025092 279975601126039 280015291921963 90 91
14 0 0 50403741974 53179029434 279670245332156 279717968642288 279746346238025 279792069287617 82 92
0 0 0 117395398546 123870752516 280158211295614 280193090249948 280281277753576 280312910400876 89 93
1 0 0 52168642450 55048233163 280354837620319 280384528538163 280413616941820 280441755570125 94 95
0 0 0 2775544409181 2911898997488 249886500082650 250634958976361 252776375655849 253464037138183 22 96
1 0 0 1228139152958 1289601843506 254500754721647 255151400337088 255877056217211 256497762141136 97 98
10 0 0 689306933450 724119296065 256801764500486 257402157335179 257601620330047 258184314885130 99 8
17 0 0 186320092789 195747429386 257274432005414 257864380532657 257601620330047 258184314885130 100 8
9 0 0 84434981439 88701908576 256960670184019 257557556375926 257095217967058 257689131374183 101 102
15 0 0 48017015420 50442039269 256801764500486 257402157335179 256874183230224 257472978548809 99 103
0 0 0 116630625136 122531846761 257274432005414 257864380532657 257396822869588 257984060236269 100 104
1 0 0 52726088434 55395957693 257470609465956 258056210996026 257529912882954 258114198934841 105 106
16 0 0 886121443492 896559409718 60465658593969 61755947605616 61299284058316 62602323151268 3 107
4 0 0 326037246199 329959963517 61755950714593 63065916647986 62098826918504 63413966821885 108 109
12 0 0 167566604178 169601126396 62319238807539 63637692539460 62503805061391 63825026369192 110 33
5 0 0 195297242705 197617634425 60987435274587 62285720672973 61299284058316 62602323151268 111 107
6 0 0 101421130882 102619429642 60648346644473 61941441478996 60799437991784 62094848425826 112 113
19 0 0 63478409021 64226145683 60465658593969 61755947605616 60546306984926 61837835445384 3 114
4 0 0 14169764697 14336809202 60513836360013 61804865947421 60528729385973 61819987812913 115 116
12 0 0 7275277139 7361078689 60538297830698 61829703259106 60546306984926 61837835445384 117 114
125027428803160 126618886159164
0 100526777396662 110142382191127 0 118
74290118234948 74290118234949
222697964583563 222697964583564
157144812870925 157144812870926
100844361320859 100844361320860
124330163839730 124330163839731
86238015427197 86238015427198
180630615389796 180630615389797
195236961283458 195236961283459
207230329813276 207230329813277
215461961389066 215461961389067
110024633177393 110024633177394
115277832901678 115277832901679
119356494556657 119356494556658
122041945193153 122041945193154
79103989580119 79103989580120
81783479650615 81783479650616
83815440986657 83815440986658
85130887495109 85130887495110
171450343533262 171450343533263
162118482153998 162118482153999
166197143808977 166197143808978
159433031517502 159433031517503
202370987130536 202370987130537
197659535723998 197659535723999
199691497060040 199691497060041
196344089215546 196344089215547
219724858965771 219724858965772
216890886472456 216890886472457
218104110521984 218104110521985
216112643713183 216112643713184
106549533214591 106549533214592
102869632265219 102869632265220
104496874026261 104496874026262
101781795739296 101781795739297
117728312616815 117728312616816
116118150061543 116118150061544
116816450331236 116816450331237
115662919042574 115662919042575
123397984511852 123397984511853
122499074933944 122499074933945
122885146713689 122885146713690
122250431600834 122250431600835
77291579817693 77291579817694
75336629342194 75336629342195
76205700303586 76205700303587
74751525986480 74751525986481
83009271060438 83009271060439
82205529682065 82205529682066
82554896751387 82554896751388
81977111204780 81977111204781
85788501933392 85788501933393
85353066920356 85353066920357
85540318655562 85540318655563
85232280850561 85232280850562
222022197300482 222022197300483
222044802271731 222044802271732
75351491818558 75351491818559
207210255392417 207210255392418
100857370221053 100857370221054
222674429829821 222674429829822
74305266710793 74305266710794
74452077448081 74452077448082
74565644309826 74565644309827
74650882682354 74650882682355
74705662928103 74705662928104
74374498315228 74374498315229
74327719516362 74327719516363
74313669899628 74313669899629
74320066321618 74320066321619
74324218295155 74324218295156
75686350326485 75686350326486
75880582328674 75880582328675
76028541937036 76028541937037
76124635765901 76124635765902
75555534390087 75555534390088
75414936169070 75414936169071
75477374287401 75477374287402
75372957764282 75372957764283
75359631411035 75359631411036
75365741792294 75365741792295
75369669281319 75369669281320
220834860642881 220834860642882
221505291187730 221505291187731
222409511685390 222409511685391
222596629249008 222596629249009
222472365947540 222472365947541
222525627236523 222525627236524
222438149907917 222438149907918
222645157783361 222645157783362
221827383080658 221827383080659
221615056584494 221615056584495
221706814152412 221706814152413
221555504396577 221555504396578
221908660607183 221908660607184
221957250856418 221957250856419
221996082419299 221996082419300
204183396892962 204183396892963
205269276407069 205269276407070
206138347368461 206138347368462
206723450724175 206723450724176
207022899262574 207022899262575
206824094028301 206824094028302
206909332400829 206909332400830
206769313782552 206769313782553
207100478395427 207100478395428
207147257194293 207147257194294
207184858475707 207184858475708
101227433488789 101227433488790
101437488352939 101437488352940
101595297990621 101595297990622
101696786375930 101696786375931
101084074471204 101084074471205
100928269825594 100928269825595
100997683499139 100997683499140
100881400217797 100881400217798
100866487087874 100866487087875
100873327075719 100873327075720
100877721700162 100877721700163
1 0 1 281474976710656 281474976710656 0 0 281474976710656 281474976710656 0 1
7 1 0 71929367514217 73026735758554 168042531004700 168898028220988 281474976710656 281474976710656 2 1
8 1 0 33827992644941 34003430374620 57267057923664 57846196482434 105139029526435 105973468788629 3 4
14 1 2 19607503771235 19607503771236 0 0 26197352028402 26499420819422 0 5
0 0 0 45025563122342 45712481760186 168042531004700 168898028220988 210446831053792 211116421452453 2 6
1 0 0 19895337164668 20321896702022 235797448820954 236279380127844 256056742061858 256347700888448 7 8
10 0 0 11158707983145 11432540549641 269681458570298 269823553951982 281474976710656 281474976710656 9 1
2 0 0 21175278898926 21285097500767 57267057923664 57846196482434 76277589055390 76982969166663 3 10
3 0 0 8328856819459 8394508923714 86982128943804 87744170461096 95207826092472 96006359329710 11 12
11 0 0 4419217161362 4459510993493 100583496285436 101402571543020 105139029526435 105973468788629 13 4
16 1 3 12201801242085 12201801242086 0 0 10641880314303 10772155309726 0 14
4 1 0 4549901683752 4556700054749 16514324007697 16712051876471 20943563144828 21190081607298 15 16
12 1 0 2352165353799 2357231266261 23799962541460 24076995426063 26197352028402 26499420819422 17 5
5 0 0 10640059740231 10827685890375 194118688667866 194878867274985 210446831053792 211116421452453 18 6
6 0 0 5266315716311 5351054292615 177197580331990 178026536652909 184633972310395 185435852928784 19 20
13 0 0 3136473831671 3184324478786 168042531004700 168898028220988 172266399424616 173110583381809 2 21
7 0 0 5137146633072 5252976088625 247907422680162 248279572154793 256056742061858 256347700888448 22 8
8 0 0 2399538737735 2451891652145 239929411280435 240375346035746 243379512335866 243794230847671 23 24
14 0 0 1385906140023 1415620212071 235797448820954 236279380127844 237688298297514 238153944973127 7 25
17 0 0 3015774439604 3091705122228 276649789733827 276709410122211 281474976710656 281474976710656 26 1
9 0 0 1366793166819 1400627117494 272023832632461 272138682735033 274007395362501 274098794861176 27 28
15 0 0 777313889207 796389023854 269681458570298 269823553951982 270748920089012 270878659404406 9 29
5 0 0 4780558978686 4810494446133 69127231763140 69788977595115 76277589055390 76982969166663 30 10
6 0 0 2437001966672 2450574994315 61494672928558 62104722531125 64877530068273 65511144771261 31 32
13 0 0 1475066685215 1482716632202 57267057923664 57846196482434 59226280401993 59819946111941 3 33
7 0 0 2107931340465 2125494792222 91933050486785 92717789208530 95207826092472 96006359329710 34 12
8 0 0 997660238665 1005678358357 88682919397952 89453008208426 90093866585015 90870432617603 35 36
14 0 0 580186890522 584760206051 86982128943804 87744170461096 87761930613520 88527694266465 11 37
17 0 0 1181038979834 1192097536522 103285947661652 104114363387635 105139029526435 105973468788629 38 4
9 0 0 539256197187 544217742725 101495409643866 102317710498661 102264858937094 103089823027310 39 40
15 0 0 307841990680 310648852856 100583496285436 101402571543020 100999512679235 101820068779433 13 41
5 1 0 2703767945989 2705394168110 6649136528964 6731748343577 10641880314303 10772155309726 42 14
6 1 0 1399196356269 1399490418914 2323584476010 2352913833325 4248919408922 4302176693205 43 44
19 1 4 874091170836 874091170837 0 0 1025165299306 1038166361336 0 45
7 0 0 1140626291222 1142606716937 19188758602525 19416161276463 20943563144828 21190081607298 46 16
8 0 0 543223039514 544080030473 17436004135811 17644032526395 18198281990708 18414770804174 47 48
14 0 0 316945454496 317419027979 16514324007697 16712051876471 16937290937966 17139755443025 15 49
17 0 0 625405546235 626833175082 25224702015642 25516676685287 26197352028402 26499420819422 50 5
9 0 0 286527392013 287156986653 24281560236849 24563664552916 24687258211181 24973618270081 51 52
15 0 0 163851478323 164204369011 23799962541460 24076995426063 24019773892416 24299124112145 17 53
10 0 0 34623009906 35506572877 280380737804445 280394438362985 280417364662584 280430608338022 54 55
16 0 0 37967826093 37975805617 2323584476010 2352913833325 2356543295428 2386285117898 43 56
18 0 0 34816772181 35627648585 256023240104590 256314544740831 256056742061858 256347700888448 57 8
20 0 0 35642908306 35827758498 57267057923664 57846196482434 57294274582797 57873617335716 3 58
1 0 0 37148680820 38100291355 281436892555557 281437371166712 281474976710656 281474976710656 59 1
2 1 5 38068025677 38068025678 0 0 33674613008 34103200703 0 60
20 1 6 473787704676 473787704677 0 0 359969255627 364545321693 0 61
4 1 0 195213292293 195224103163 612301441827 620078175020 801647422808 811822054967 62 63
12 1 0 100254991282 100263363584 923314881419 935028591255 1025165299306 1038166361336 64 45
5 1 0 117052334535 117054320177 187559362337 189945169202 359969255627 364545321693 65 61
6 1 7 60814542220 60814542221 0 0 83584358540 84647972663 0 66
-1
3 1 0 14569917375 14569986366 52354142716 53020426042 66572567010 67419757308 67 68
11 1 0 7635766264 7635818615 75801757872 76766365124 83584358540 84647972663 69 66
2 0 0 875853716457 876037790594 2323584476010 2352913833325 3098820195745 3137824943225 43 70
3 0 0 335588875969 335696000051 3529108326195 3573459571757 3856758003996 3905169056870 71 72
11 0 0 175961564775 176026335390 4069493232606 4120534960750 4248919408922 4302176693205 73 44
5 0 0 195666894926 195716607101 2808910560571 2844303509488 3098820195745 3137824943225 74 70
6 0 0 100421852785 100444535245 2497223840349 2528725099706 2635653000358 2668883770527 75 76
13 0 0 61011835755 61024658333 2323584476010 2352913833325 2404143873323 2434481220564 43 77
4 0 0 13964939964 13967939345 2374593060869 2404560726076 2388142772196 2418279954846 78 79
12 0 0 7176184352 7177740097 2396851839872 2427097970868 2404143873323 2434481220564 80 77
0 0 0 1887781682027 1935311944861 276649789733827 276709410122211 278454587943104 278492148543656 26 81
1 0 0 853373094423 875085278330 279542746747167 279566868076544 280417364662584 280430608338022 82 55
18 0 0 484138815305 496521629028 281008077208130 281013935998978 281474976710656 281474976710656 83 1
21 0 0 131153009525 134511147509 281310982317199 281313042356918 281474976710656 281474976710656 84 1
9 0 0 59347542789 60866027465 281109837928917 281114421435016 281196057769406 281199560037359 85 86
15 0 0 33725035730 34587620639 281008077208130 281013935998978 281054443910052 281059721737808 83 87
0 0 0 82097734390 84199825080 281310982317199 281313042356918 281389521785879 281390595536432 84 88
-1
7 0 0 221250231271 226890035401 280065012170519 280082646181900 280417364662584 280430608338022 89 55
8 0 0 103067218379 105691215395 279720766520933 279742679281066 279869551130831 279889615877917 90 91
14 0 0 59445839067 60958306474 279542746747167 279566868076544 279624188363285 279647299649277 82 92
0 0 0 138495813298 142026156545 280065012170519 280082646181900 280196749387458 280212743225864 89 93
1 0 0 61552576666 63122776231 280275495893135 280290508579920 280338421794771 280352650055526 94 95
0 0 0 3215695174163 3288200836909 247907422680162 248279572154793 250956241931381 251298704808166 22 96
1 0 0 1426824319192 1459631137507 252777569236168 253101904972680 254232381114051 254542026566567 97 98
10 0 0 801922369426 820539362351 255210403773284 255510068128145 256056742061858 256347700888448 99 8
17 0 0 216821315747 221864841563 255710498559447 256005026545862 256056742061858 256347700888448 100 8
9 0 0 98238859168 100521029963 255378516961531 255676457130590 255520871366368 255817349578746 101 102
15 0 0 55861789444 57158646321 255210403773284 255510068128145 255287017012135 255585895924076 99 103
0 0 0 135723448931 138880540364 255710498559447 256005026545862 255840010703498 256133204890034 100 104
1 0 0 61364715438 62793298375 255918094401092 256210483713981 255980853562254 256272595573167 105 106
16 0 0 917937883466 922698465626 57267057923664 57846196482434 58068171484888 58653292259341 3 107
4 0 0 337998814991 339789743631 58507163438943 59095537594019 58836832157926 59427637982625 108 109
12 0 0 173771518728 174700803706 59048782434499 59641146410068 59226280401993 59819946111941 110 33
5 0 0 202371223813 203429956378 57768447562196 58351337014411 58068171484888 58653292259341 111 107
6 0 0 105073916849 105620520571 57442593673718 58023048013833 57587781341703 58169321863887 112 113
19 0 0 65757619174 66098649384 57267057923664 57846196482434 57344547009538 57924266756461 3 114
4 0 0 14678947894 14755137033 57313348023080 57892833835178 57327657737216 57907250856746 115 116
12 0 0 7536818354 7575953277 57336851470631 57916513523433 57344547009538 57924266756461 117 114
111984993522561 113407311962345
0 194867291568915 207402614418379 0 118
74290118234948 74290118234949
222697964583563 222697964583564
157144812870925 157144812870926
100844361320859 100844361320860
124330163839730 124330163839731
86238015427197 86238015427198
180630615389796 180630615389797
195236961283458 195236961283459
207230329813276 207230329813277
215461961389066 215461961389067
110024633177393 110024633177394
115277832901678 115277832901679
119356494556657 119356494556658
122041945193153 122041945193154
79103989580119 79103989580120
81783479650615 81783479650616
83815440986657 83815440986658
85130887495109 85130887495110
171450343533262 171450343533263
162118482153998 162118482153999
166197143808977 166197143808978
159433031517502 159433031517503
202370987130536 202370987130537
197659535723998 197659535723999
199691497060040 199691497060041
196344089215546 196344089215547
219724858965771 219724858965772
216890886472456 216890886472457
218104110521984 218104110521985
216112643713183 216112643713184
106549533214591 106549533214592
102869632265219 102869632265220
104496874026261 104496874026262
101781795739296 101781795739297
117728312616815 117728312616816
116118150061543 116118150061544
116816450331236 116816450331237
115662919042574 115662919042575
123397984511852 123397984511853
122499074933944 122499074933945
122885146713689 122885146713690
122250431600834 122250431600835
77291579817693 77291579817694
75336629342194 75336629342195
76205700303586 76205700303587
74751525986480 74751525986481
83009271060438 83009271060439
82205529682065 82205529682066
82554896751387 82554896751388
81977111204780 81977111204781
85788501933392 85788501933393
85353066920356 85353066920357
85540318655562 85540318655563
85232280850561 85232280850562
222022197300482 222022197300483
222044802271731 222044802271732
75351491818558 75351491818559
207210255392417 207210255392418
100857370221053 100857370221054
222674429829821 222674429829822
74305266710793 74305266710794
74452077448081 74452077448082
74565644309826 74565644309827
74650882682354 74650882682355
74705662928103 74705662928104
74374498315228 74374498315229
74327719516362 74327719516363
74313669899628 74313669899629
74320066321618 74320066321619
74324218295155 74324218295156
75686350326485 75686350326486
75880582328674 75880582328675
76028541937036 76028541937037
76124635765901 76124635765902
75555534390087 75555534390088
75414936169070 75414936169071
75477374287401 75477374287402
75372957764282 75372957764283
75359631411035 75359631411036
75365741792294 75365741792295
75369669281319 75369669281320
220834860642881 220834860642882
221505291187730 221505291187731
222409511685390 222409511685391
222596629249008 222596629249009
222472365947540 222472365947541
222525627236523 222525627236524
222438149907917 222438149907918
222645157783361 222645157783362
221827383080658 221827383080659
221615056584494 221615056584495
221706814152412 221706814152413
221555504396577 221555504396578
221908660607183 221908660607184
221957250856418 221957250856419
221996082419299 221996082419300
204183396892962 204183396892963
205269276407069 205269276407070
206138347368461 206138347368462
206723450724175 206723450724176
207022899262574 207022899262575
206824094028301 206824094028302
206909332400829 206909332400830
206769313782552 206769313782553
207100478395427 207100478395428
207147257194293 207147257194294
207184858475707 207184858475708
101227433488789 101227433488790
101437488352939 101437488352940
101595297990621 101595297990622
101696786375930 101696786375931
101084074471204 101084074471205
100928269825594 100928269825595
100997683499139 100997683499140
100881400217797 100881400217798
100866487087874 100866487087875
100873327075719 100873327075720
100877721700162 100877721700163
2 0 1 281474976710656 281474976710656 0 0 281474976710656 281474976710656 0 1
5 1 0 62839408159702 63838143790900 175418675414898 176251561183760 281474976710656 281474976710656 2 1
6 1 0 32264982223123 32447102834485 62458118959978 63073637893189 112492289094227 113345710029763 3 4
13 1 2 19607503771235 19607503771236 0 0 28935521691438 29264821217900 0 5
0 0 0 39335529234370 39960706901839 175418675414898 176251561183760 216137682575875 216768747154701 2 6
1 0 0 16509437573253 16868739127410 239858837970880 240304432197997 258492361243864 258757338206555 7 8
10 0 0 9029875136939 9251954809145 270865627231942 270993731616049 281474976710656 281474976710656 9 1
2 0 0 20196882635473 20310884514903 62458118959978 63073637893189 82557361700064 83295625252228 3 10
3 0 0 7755493627707 7821241523314 93740586474105 94531329911303 102269343370457 103092523388028 11 12
11 0 0 4070478445611 4110179194208 107812947295191 108653694362944 112492289094227 113345710029763 13 4
16 1 3 12201801242085 12201801242086 0 0 11829521349444 11973376607325 0 14
4 1 0 4487623742307 4495043385283 18313019426389 18530300329639 23182470363209 23452377692667 15 16
12 1 0 2305990368192 2311469593461 26313383878728 26615987330474 28935521691438 29264821217900 17 5
5 0 0 9111418055900 9277123997819 200615108695154 201340513104552 216137682575875 216768747154701 18 6
6 0 0 4568479544266 4644789245500 184322582709535 185123950917849 191508840885426 192279617106438 19 20
13 0 0 2740106942434 2783656723008 175418675414898 176251561183760 179534500435222 180353696198464 2 21
7 0 0 4224575408395 4320823143984 251031080691805 251372064088903 258492361243864 258757338206555 22 8
8 0 0 1985037890339 2028931482766 243682293502525 244093329284265 246865696335529 247246972401017 23 24
14 0 0 1150044893018 1175073784256 239858837970880 240304432197997 241609987494816 242039914409020 7 25
17 0 0 2427970082903 2489076314443 277145511837885 277198985736606 281474976710656 281474976710656 26 1
9 0 0 1104135745085 1131504018599 272980215623567 273083578061811 274768006029637 274850142940843 27 28
15 0 0 629019719160 644489755117 270865627231942 270993731616049 271829740014239 271946612568387 9 29
5 0 0 4515981029837 4546612625537 75033588258850 75730185554697 82557361700064 83295625252228 30 10
6 0 0 2316421810634 2330439623706 66954513257184 67600666752525 70541406002768 71210684476263 31 32
13 0 0 1406911751339 1414853104802 62458118959978 63073637893189 64543812558455 65173769373060 3 33
7 0 0 1955047638967 1972532553518 98880617546238 99691694999714 102269343370457 103092523388028 34 12
8 0 0 927714365409 935727804540 95508632872297 96306639639663 96973553372548 97777364548363 35 36
14 0 0 540246498392 544826486732 93740586474105 94531329911303 94551522736218 95345632606153 11 37
17 0 0 1085499152447 1096359864477 110590886574329 111439395411040 112492289094227 113345710029763 38 4
9 0 0 496340443753 501223642611 108750999901478 109594445672347 109541976399525 110387636162976 39 40
15 0 0 283548905148 286314453216 107812947295191 108653694362944 108240972764534 109082961058556 13 41
5 1 0 2688768515443 2690565243442 7403365175740 7494891366510 11829521349444 11973376607325 42 14
6 1 0 1396475911631 1396802563017 2591781855952 2624393089183 4735576670873 4794698559020 43 44
19 1 4 874091170836 874091170837 0 0 1144108203812 1158579679577 0 45
7 0 0 1122517618056 1124671874699 21255378473800 21504717196052 23182470363209 23452377692667 46 16
8 0 0 535377381980 536311621382 19327763654709 19556189624106 20166429861485 20403996164893 47 48
14 0 0 312607182632 313124033827 18313019426389 18530300329639 18778789721373 19001197894159 15 49
17 0 0 612405676465 613947065953 27872309384316 28190859766304 28935521691438 29264821217900 50 5
9 0 0 280790637342 281471193638 26840543469067 27148564230292 27284461359577 27597024376966 51 52
15 0 0 160634935897 161016617891 26313383878728 26615987330474 26554016452636 26859095883339 17 53
10 0 0 27798526682 28506656826 280494514367860 280506768717164 280527345717126 280539191091436 54 55
16 0 0 37894005597 37902869431 2591781855952 2624393089183 2628509092678 2661578037962 43 56
18 0 0 28459995971 29127699264 258461780982734 258727079491821 258492361243864 258757338206555 57 8
20 0 0 33996040348 34187931968 62458118959978 63073637893189 62487115131521 63102837488082 3 58
1 0 0 29803314121 30565091133 281440865822745 281441293579459 281474976710656 281474976710656 59 1
2 1 5 38068025677 38068025678 0 0 37597069288 38074524078 0 60
20 1 6 473787704676 473787704677 0 0 401844606861 406941045763 0 61
4 1 0 195113159166 195125193808 683459319324 692118573340 894739816571 906067302405 62 63
12 1 0 100177461604 100186778017 1030484200273 1043523830587 1144108203812 1158579679577 64 45
5 1 0 117033937570 117036149155 209393148927 212050642226 401844606861 406941045763 65 61
6 1 7 60814542220 60814542221 0 0 93318429731 94503266705 0 66
-1
3 1 0 14569278119 14569354973 58451959449 59194200114 74326001475 75269761614 67 68
11 1 0 7635281208 7635339524 84629755173 85704308173 93318429731 94503266705 69 66
2 0 0 874150802112 874355275794 2591781855952 2624393089183 3455390760983 3498732074654 43 70
3 0 0 334598675543 334717492528 3934490878789 3983755484416 4299194954363 4352954476338 71 72
11 0 0 175363083029 175434875142 4535935860972 4592606672019 4735576670873 4794698559020 73 44
5 0 0 195207150780 195262338746 3132497602191 3171835040573 3455390760983 3498732074654 74 70
6 0 0 100212037213 100237227939 2785263394987 2820284500506 2939491276877 2976430888670 75 76
13 0 0 60893211003 60907454609 2591781855952 2624393089183 2681550417940 2715280171601 43 77
4 0 0 13937192958 13940524526 2648622192554 2681941744502 2663720623470 2697228275659 78 79
12 0 0 7161792518 7163520517 2673425040287 2707053581670 2681550417940 2715280171601 80 77
0 0 0 1519834304191 1558084918377 277145511837885 277198985736606 278766706822210 278800350328271 26 81
1 0 0 685586807163 703004132976 279743117583324 279764706034191 280527345717126 280539191091436 82 55
18 0 0 388532529610 398449836798 281056721700415 281061959624672 281474976710656 281474976710656 83 1
21 0 0 105229970390 107918578992 281328084769111 281329926091761 281474976710656 281474976710656 84 1
9 0 0 47624219703 48840226486 281147892697244 281151990173751 281225134691235 281228265383944 85 86
15 0 0 27065116510 27755954611 281056721700415 281061959624672 281098264107144 281102982472820 83 87
0 0 0 65870712310 67553698280 281328084769111 281329926091761 281398435835817 281399395529363 84 88
-1
7 0 0 177681047479 182202637556 280211469255294 280227245519063 280527345717126 280539191091436 89 55
8 0 0 82791819723 84896353060 279902780661667 279922389882158 280036207015212 280054160522518 90 91
14 0 0 47757871992 48971160242 279743117583324 279764706034191 279816163878729 279836847104721 82 92
0 0 0 111222849517 114053225294 280211469255294 280227245519063 280329578511370 280343886005521 89 93
1 0 0 49423860632 50682441007 280400173331946 280413602344865 280456582302795 280469309047796 94 95
0 0 0 2644453764704 2704701875371 251031080691805 251372064088903 253827829393166 254140898980258 22 96
1 0 0 1169126106769 1196238515856 255495524149619 255791619985491 256825985514204 257108363831750 97 98
10 0 0 655903726987 671247517571 257719596813503 257992673953541 258492361243864 258757338206555 99 8
17 0 0 177275567030 181430028980 258176276545318 258444573103578 258492361243864 258757338206555 100 8
9 0 0 80340957015 82221527937 257873134559198 258144606500798 258003131704172 258273242931537 101 102
15 0 0 45690153173 46758999276 257719596813503 257992673953541 257789570067845 258061915913229 99 103
0 0 0 110969031276 113569596181 258176276545318 258444573103578 258294517399483 258561573197038 100 104
1 0 0 50164774791 51341256849 258365800026096 258632107222976 258423089859876 258688795081443 105 106
16 0 0 875524888598 880466813775 62458118959978 63073637893189 63311344935730 63932817832146 3 107
4 0 0 322056432962 323912779498 63778659006411 64403364944336 64129487725655 64756607815339 108 109
12 0 0 165502290749 166464885711 64354992812822 64983658779153 64543812558455 65173769373060 110 33
5 0 0 192941955995 194040348017 62992188676573 63611442166624 63311344935730 63932817832146 111 107
6 0 0 100204690890 100771994963 62645120586587 63261950095451 62799771761692 63417682728353 112 113
19 0 0 62719311664 63073332607 62458118959978 63073637893189 62540672852769 63156770744492 3 114
4 0 0 14000184603 14079271530 62507435274175 63123300141785 62522680112223 63138651871734 115 116
12 0 0 7188173821 7228796045 62532474552829 63148514976695 62540672852769 63156770744492 117 114
123553955832305 124224547465650
0 115148854108904 119413626483309 0 118
74290118234948 74290118234949
222697964583563 222697964583564
157144812870925 157144812870926
100844361320859 100844361320860
124330163839730 124330163839731
86238015427197 86238015427198
180630615389796 180630615389797
195236961283458 195236961283459
207230329813276 207230329813277
215461961389066 215461961389067
110024633177393 110024633177394
115277832901678 115277832901679
119356494556657 119356494556658
122041945193153 122041945193154
79103989580119 79103989580120
81783479650615 81783479650616
83815440986657 83815440986658
85130887495109 85130887495110
171450343533262 171450343533263
162118482153998 162118482153999
166197143808977 166197143808978
159433031517502 159433031517503
202370987130536 202370987130537
197659535723998 197659535723999
199691497060040 199691497060041
196344089215546 196344089215547
219724858965771 219724858965772
216890886472456 216890886472457
218104110521984 218104110521985
216112643713183 216112643713184
106549533214591 106549533214592
102869632265219 102869632265220
104496874026261 104496874026262
101781795739296 101781795739297
117728312616815 117728312616816
116118150061543 116118150061544
116816450331236 116816450331237
115662919042574 115662919042575
123397984511852 123397984511853
122499074933944 122499074933945
122885146713689 122885146713690
122250431600834 122250431600835
77291579817693 77291579817694
75336629342194 75336629342195
76205700303586 76205700303587
74751525986480 74751525986481
83009271060438 83009271060439
82205529682065 82205529682066
82554896751387 82554896751388
81977111204780 81977111204781
85788501933392 85788501933393
85353066920356 85353066920357
85540318655562 85540318655563
85232280850561 85232280850562
222022197300482 222022197300483
222044802271731 222044802271732
75351491818558 75351491818559
207210255392417 207210255392418
100857370221053 100857370221054
222674429829821 222674429829822
74305266710793 74305266710794
74452077448081 74452077448082
74565644309826 74565644309827
74650882682354 74650882682355
74705662928103 74705662928104
74374498315228 74374498315229
74327719516362 74327719516363
74313669899628 74313669899629
74320066321618 74320066321619
74324218295155 74324218295156
75686350326485 75686350326486
75880582328674 75880582328675
76028541937036 76028541937037
76124635765901 76124635765902
75555534390087 75555534390088
75414936169070 75414936169071
75477374287401 75477374287402
75372957764282 75372957764283
75359631411035 75359631411036
75365741792294 75365741792295
75369669281319 75369669281320
220834860642881 220834860642882
221505291187730 221505291187731
222409511685390 222409511685391
222596629249008 222596629249009
222472365947540 222472365947541
222525627236523 222525627236524
222438149907917 222438149907918
222645157783361 222645157783362
221827383080658 221827383080659
221615056584494 221615056584495
221706814152412 221706814152413
221555504396577 221555504396578
221908660607183 221908660607184
221957250856418 221957250856419
221996082419299 221996082419300
204183396892962 204183396892963
205269276407069 205269276407070
206138347368461 206138347368462
206723450724175 206723450724176
207022899262574 207022899262575
206824094028301 206824094028302
206909332400829 206909332400830
206769313782552 206769313782553
207100478395427 207100478395428
207147257194293 207147257194294
207184858475707 207184858475708
101227433488789 101227433488790
101437488352939 101437488352940
101595297990621 101595297990622
101696786375930 101696786375931
101084074471204 101084074471205
100928269825594 100928269825595
100997683499139 100997683499140
100881400217797 100881400217798
100866487087874 100866487087875
100873327075719 100873327075720
100877721700162 100877721700163
3 0 1 281474976710656 281474976710656 0 0 281474976710656 281474976710656 0 1
7 1 0 70910860116937 71374685285985 169332936006530 169697904900018 281474976710656 281474976710656 2 1
8 1 0 33662784126244 33738307487784 58142836804190 58392941875862 106399485515730 106757942017538 3 4
14 1 2 19607503771235 19607503771236 0 0 26654471937225 26785372943377 0 5
0 0 0 44388008939793 44678349174226 169332936006530 169697904900018 211455845712657 211740181098906 2 6
1 0 0 19502900868830 19681201949185 236523260164309 236727342595314 256494739075764 256617679315048 7 8
10 0 0 10907882639424 11021712465205 269895297119765 269955248506551 281474976710656 281474976710656 9 1
2 0 0 21071863467315 21119138759728 58142836804190 58392941875862 77343803734775 77647786756536 3 10
3 0 0 8267273538616 8295396748580 88133705912939 88461718762785 96414319954339 96757728167076 11 12
11 0 0 4381487905652 4398709614570 101820873846881 102172907195003 106399485515730 106757942017538 13 4
16 1 3 12201801242085 12201801242086 0 0 10839096299318 10895648482183 0 14
4 1 0 4543465233234 4546411759471 16813612292232 16899389613826 21316664344881 21423555104409 15 16
12 1 0 2347373741036 2349566724985 24219218984924 24339302709890 26654471937225 26785372943377 17 5
5 0 0 10466506997029 10545471858046 195264637096843 195588016618334 211455845712657 211740181098906 18 6
6 0 0 5187760470710 5223523069351 178447690866322 178800982273580 185843046372036 186184520187720 19 20
13 0 0 3092061904953 3112286961220 169332936006530 169697904900018 173539617184133 173899592915928 2 21
7 0 0 5030750045085 5079070782953 248467743830994 248625129453083 256494739075764 256617679315048 22 8
8 0 0 2351399634564 2373268271713 240600947297090 240789701346125 244003990856008 244179465824945 23 24
14 0 0 1358569087754 1370989513707 236523260164309 236727342595314 238389554194484 238586699982048 7 25
17 0 0 2946285943823 2977813834963 276739498028125 276764633404575 281474976710656 281474976710656 26 1
9 0 0 1335811293869 1349870403338 272196660782094 272245104799466 274144928541568 274183472739853 27 28
15 0 0 759841434176 767770802409 269895297119765 269955248506551 270944159362109 270998891260208 9 29
5 0 0 4752412872315 4765274285819 70127656175028 70413060719658 77343803734775 77647786756536 30 10
6 0 0 2424227442992 2430066328227 62417105707227 62680436587381 65835519913492 66108920353510 31 32
13 0 0 1467862782086 1471155971717 58142836804190 58392941875862 60123986749121 60380309834041 3 33
7 0 0 2091467088036 2098984524596 93118791727823 93456389677763 96414319954339 96757728167076 34 12
8 0 0 990140724048 993574455628 89846611654579 90178026100289 91267308551838 91601458443933 35 36
14 0 0 575897008610 577856067110 88133705912939 88461718762785 88919111598495 89248698206661 11 37
17 0 0 1170687931509 1175412278980 104537358134181 104893299810280 106399485515730 106757942017538 38 4
9 0 0 534610993605 536731253447 102737634074848 103091018204248 103511084592761 103865583152067 39 40
15 0 0 305213776505 306413438112 101820873846881 102172907195003 102239115494863 102591769110849 13 41
5 1 0 2702226290835 2702932283815 6774209507280 6810087113190 10839096299318 10895648482183 42 14
6 1 0 1398917426111 1399045179996 2367993122652 2380736747975 4329554591158 4352689956288 43 44
19 1 4 874091170836 874091170837 0 0 1044851274448 1050501061478 0 45
7 0 0 1138751957896 1139609924268 19532942417587 19631563782037 21316664344881 21423555104409 46 16
8 0 0 542411770336 542783147262 17750876939088 17841113532344 18525954735372 18619853251481 47 48
14 0 0 316497092339 316702346906 16813612292232 16899389613826 17243745763552 17331573777793 15 49
17 0 0 624055471763 624673331561 25666556481671 25793096892669 26654471937225 26785372943377 50 5
9 0 0 285931925336 286204448816 24708486922723 24830762385004 25120621310562 25244735788704 51 52
15 0 0 163517695312 163670458239 24219218984924 24339302709890 24442535192915 24563620440742 17 53
10 0 0 33814800288 34181449791 280401350726304 280407124409804 280437290172981 280442871294813 54 55
16 0 0 37960257197 37963723857 2367993122652 2380736747975 2401576436058 2414499230335 43 56
18 0 0 34072713017 34410539369 256461758017502 256584844821967 256494739075764 256617679315048 57 8
20 0 0 35468836136 35548411425 58142836804190 58392941875862 58170361696794 58420554196730 3 58
1 0 0 36278345577 36673164638 281437612623980 281437814296970 281474976710656 281474976710656 59 1
2 1 5 38068025677 38068025678 0 0 34323587776 34509856915 0 60
20 1 6 473787704676 473787704677 0 0 366898360031 368887098656 0 61
4 1 0 195203035433 195207733499 624076944908 627456584712 817053748558 821475382400 62 63
12 1 0 100247048351 100250686503 941051612943 946142021440 1044851274448 1050501061478 64 45
5 1 0 117050450544 117051313504 191171978696 192208860007 366898360031 368887098656 65 61
6 1 7 60814542220 60814542221 0 0 85194899244 85657155596 0 66
-1
3 1 0 14569851915 14569881900 53363039808 53652613597 67855395970 68223593262 67 68
11 1 0 7635716594 7635739347 77262381129 77681608560 85194899244 85657155596 69 66
2 0 0 875679114791 875759084778 2367993122652 2380736747975 3157877638210 3174823764043 43 70
3 0 0 335487280689 335533810782 3596260278304 3615528337386 3930056327513 3951087371523 71 72
11 0 0 175900141435 175928272466 4146774233137 4168947586968 4329554591158 4352689956288 73 44
5 0 0 195619743968 195641339397 2862499707174 2877877136004 3157877638210 3174823764043 74 70
6 0 0 100400338061 100410192045 2544920850329 2558607903878 2685968553069 2700406843120 75 76
13 0 0 60999673030 61005243728 2367993122652 2380736747975 2450078668145 2463260147511 43 77
4 0 0 13962094951 13963398005 2419968138899 2432989035464 2433774508074 2446869039905 78 79
12 0 0 7174708680 7175384558 2442648528883 2455790385756 2450078668145 2463260147511 80 77
0 0 0 1844284029244 1864019515620 276739498028125 276764633404575 278511101502418 278526933584301 26 81
1 0 0 833510454207 842521524883 279579038732204 279589204857094 280437290172981 280442871294813 82 55
18 0 0 472812968161 477950902471 281016891818914 281019360659939 281474976710656 281474976710656 83 1
21 0 0 128081633988 129474939369 281314081646886 281314949700298 281474976710656 281474976710656 84 1
9 0 0 57958690472 58588736709 281116733844936 281118665271269 281201326945066 281202802738729 85 86
15 0 0 32936078953 33293986671 281016891818914 281019360659939 281062384447625 281064608464911 83 87
0 0 0 80175148138 81047314286 281314081646886 281314949700298 281391137240691 281391589690650 84 88
-1
7 0 0 216091199272 218431652432 280091543284800 280098974856967 280437290172981 280442871294813 89 55
8 0 0 100666800638 101755789976 279753735448994 279762970576473 279899739522507 279908195668772 90 91
14 0 0 58062210592 58689920396 279579038732204 279589204857094 279658960613735 279668700961754 82 92
0 0 0 135266418561 136731469974 280091543284800 280098974856967 280220812720860 280227552971974 89 93
1 0 0 60116269729 60767861953 280298083006825 280304409719113 280359828681643 280365824776722 94 95
0 0 0 3149094195259 3179341485180 248467743830994 248625129453083 251471830371043 251616613189954 22 96
1 0 0 1396708186791 1410383369896 253265846605284 253402938650740 254698527391972 254829389350550 97 98
10 0 0 784837644702 792594863340 255661514343983 255788144629962 256494739075764 256617679315048 99 8
17 0 0 212193195680 214294530632 256153871902618 256278324923550 256494739075764 256617679315048 100 8
9 0 0 96144567549 97095462893 255827030263211 255952929651071 255967182431615 256092462106214 101 102
15 0 0 54671670136 55212036799 255661514343983 255788144629962 255736944409122 255863241734938 99 103
0 0 0 132826388670 134141759468 256153871902618 256278324923550 256281374894055 256405262571473 100 104
1 0 0 60053831717 60649016439 256358246186779 256481792719638 256420030301401 256543302480944 105 106
16 0 0 913454875574 915504236155 58142836804190 58392941875862 58952980353531 59205646461439 3 107
4 0 0 336312584712 337083394259 59396882987210 59650941610201 59730221991570 59985321287707 108 109
12 0 0 172896622423 173296547493 59944524047976 60200290120476 60123986749121 60380309834041 110 33
5 0 0 201374288296 201830019110 58649888369577 58901599308592 58952980353531 59205646461439 111 107
6 0 0 104559195721 104794493717 58320358731696 58571027157878 58467185978235 58718319431145 112 113
19 0 0 65436473341 65583281830 58142836804190 58392941875862 58221203198929 58471557111495 3 114
4 0 0 14607201537 14639999589 58189651086254 58439904838294 58204122781784 58454422478238 115 116
12 0 0 7499965602 7516812416 58213420570420 58463749781015 58221203198929 58471557111495 117 114
122789177855391 123157347781017
0 121972489907950 124372664127965 0 118
74290118234948 74290118234949
222697964583563 222697964583564
157144812870925 157144812870926
100844361320859 100844361320860
124330163839730 124330163839731
86238015427197 86238015427198
180630615389796 180630615389797
195236961283458 195236961283459
207230329813276 207230329813277
215461961389066 215461961389067
110024633177393 110024633177394
115277832901678 115277832901679
119356494556657 119356494556658
122041945193153 122041945193154
79103989580119 79103989580120
81783479650615 81783479650616
83815440986657 83815440986658
85130887495109 85130887495110
171450343533262 171450343533263
162118482153998 162118482153999
166197143808977 166197143808978
159433031517502 159433031517503
202370987130536 202370987130537
197659535723998 197659535723999
199691497060040 199691497060041
196344089215546 196344089215547
219724858965771 219724858965772
216890886472456 216890886472457
218104110521984 218104110521985
216112643713183 216112643713184
106549533214591 106549533214592
102869632265219 102869632265220
104496874026261 104496874026262
101781795739296 101781795739297
117728312616815 117728312616816
116118150061543 116118150061544
116816450331236 116816450331237
115662919042574 115662919042575
123397984511852 123397984511853
122499074933944 122499074933945
122885146713689 122885146713690
122250431600834 122250431600835
77291579817693 77291579817694
75336629342194 75336629342195
76205700303586 76205700303587
74751525986480 74751525986481
83009271060438 83009271060439
82205529682065 82205529682066
82554896751387 82554896751388
81977111204780 81977111204781
85788501933392 85788501933393
85353066920356 85353066920357
85540318655562 85540318655563
85232280850561 85232280850562
222022197300482 222022197300483
222044802271731 222044802271732
75351491818558 75351491818559
207210255392417 207210255392418
100857370221053 100857370221054
222674429829821 222674429829822
74305266710793 74305266710794
74452077448081 74452077448082
74565644309826 74565644309827
74650882682354 74650882682355
74705662928103 74705662928104
74374498315228 74374498315229
74327719516362 74327719516363
74313669899628 74313669899629
74320066321618 74320066321619
74324218295155 74324218295156
75686350326485 75686350326486
75880582328674 75880582328675
76028541937036 76028541937037
76124635765901 76124635765902
75555534390087 75555534390088
75414936169070 75414936169071
75477374287401 75477374287402
75372957764282 75372957764283
75359631411035 75359631411036
75365741792294 75365741792295
75369669281319 75369669281320
220834860642881 220834860642882
221505291187730 221505291187731
222409511685390 222409511685391
222596629249008 222596629249009
222472365947540 222472365947541
222525627236523 222525627236524
222438149907917 222438149907918
222645157783361 222645157783362
221827383080658 221827383080659
221615056584494 221615056584495
221706814152412 221706814152413
221555504396577 221555504396578
221908660607183 221908660607184
221957250856418 221957250856419
221996082419299 221996082419300
204183396892962 204183396892963
205269276407069 205269276407070
206138347368461 206138347368462
206723450724175 206723450724176
207022899262574 207022899262575
206824094028301 206824094028302
206909332400829 206909332400830
206769313782552 206769313782553
207100478395427 207100478395428
207147257194293 207147257194294
207184858475707 207184858475708
101227433488789 101227433488790
101437488352939 101437488352940
101595297990621 101595297990622
101696786375930 101696786375931
101084074471204 101084074471205
100928269825594 100928269825595
100997683499139 100997683499140
100881400217797 100881400217798
100866487087874 100866487087875
100873327075719 100873327075720
100877721700162 100877721700163
4 0 1 281474976710656 281474976710656 0 0 281474976710656 281474976710656 0 1
7 1 0 70381301684486 70636312744905 169914499811470 170116059587398 281474976710656 281474976710656 2 1
8 1 0 33575961127856 33617850988057 58541876720838 58680814027320 106971082881623 107169703963613 3 4
14 1 2 19607503771235 19607503771236 0 0 26863398567828 26936237449757 0 5
0 0 0 44056521712095 44216150762018 169914499811470 170116059587398 211908705740028 212065386873038 2 6
1 0 0 19300174093013 19397685915227 236848208905139 236960519212608 256690445346764 256758030754446 7 8
10 0 0 10778725074980 10840814656076 269990718094729 270023652737863 281474976710656 281474976710656 9 1
2 0 0 21017514951132 21043736710198 58541876720838 58680814027320 77828698585917 77997394577449 3 10
3 0 0 8235002759192 8250564550205 88656866985748 88838794618504 96961983790898 97152366950259 11 12
11 0 0 4361743140046 4371262329572 102382258217469 102577367381350 106971082881623 107169703963613 13 4
16 1 3 12201801242085 12201801242086 0 0 10929373716069 10960868136684 0 14
4 1 0 4540069135627 4541708832170 16950534030949 16998289070466 21487279502932 21546774885553 15 16
12 1 0 2344847323532 2346066967285 24410885884245 24477714192044 26863398567828 26936237449757 17 5
5 0 0 10376495659699 10419821759172 195779777554765 195958125437890 211908705740028 212065386873038 18 6
6 0 0 5146952609051 5166600737652 179010588538062 179205605655090 186387069263940 186575489728677 19 20
13 0 0 3068970555437 3080090290609 169914499811470 170116059587398 174113197059926 174311955265160 2 21
7 0 0 4975850240029 5002251728625 248718305908493 248804863828626 256690445346764 256758030754446 22 8
8 0 0 2326541437184 2338497427566 240901475605161 241005328192095 244283365822059 244379895010197 23 24
14 0 0 1344447171598 1351239830200 236848208905139 236960519212608 238703451456686 238811933773884 7 25
17 0 0 2910527745154 2927715685900 276779501370715 276793304683685 281474976710656 281474976710656 26 1
9 0 0 1319861318133 1327528607797 272273764163516 272300373956198 274206274038546 274227443802225 27 28
15 0 0 750844338017 755169488728 269990718094729 270023652737863 271031271757536 271061337391165 9 29
5 0 0 4737638168029 4744765112512 70582953444850 70741399704754 77828698585917 77997394577449 30 10
6 0 0 2417516739337 2420754242851 62837226662789 62983478044933 66271688858094 66423505325953 31 32
13 0 0 1464076872772 1465903476494 58541876720838 58680814027320 60532938145893 60675314735124 3 33
7 0 0 2082843659275 2087001739826 93657209731634 93844404300757 96961983790898 97152366950259 34 12
8 0 0 986201009657 988100784261 90375187702665 90558985349015 91800238719320 91985539497374 35 36
14 0 0 573649031057 574733063037 88656866985748 88838794618504 89444777994440 89627570904907 11 37
17 0 0 1165272358761 1167883149855 105104957434523 105302204438593 106971082881623 107169703963613 38 4
9 0 0 532180244530 533352119510 103301166611564 103497014945504 104076389278358 104272847215652 39 40
15 0 0 303838359157 304501464442 102382258217469 102577367381350 102801486309127 102996934930975 13 41
5 1 0 2701412070940 2701805258908 6831485615846 6851470484224 10929373716069 10960868136684 42 14
6 1 0 1398770047444 1398841222227 2388338467235 2395438695244 4366489634748 4379378375464 43 44
19 1 4 874091170836 874091170837 0 0 1053871361778 1057019413440 0 45
7 0 0 1137763253188 1138240595090 19690361493411 19745259320124 21487279502932 21546774885553 46 16
8 0 0 541983754902 542190405055 17894915222438 17945150389103 18675836951733 18728108582349 47 48
14 0 0 316260520699 316374741710 16950534030949 16998289070466 17383940219904 17432835832503 15 49
17 0 0 623343733212 623687320851 25868525607264 25938941753751 26863398567828 26936237449757 50 5
9 0 0 285617975421 285769535417 24903650980021 24971697257156 25318719685989 25387787867188 51 52
15 0 0 163341705456 163426665654 24410885884245 24477714192044 24635800137574 24703185009933 17 53
10 0 0 33399048729 33598876112 280410539251691 280413709312420 280446172242588 280449236570903 54 55
16 0 0 37956258010 37958189371 2388338467235 2395438695244 2422207817971 2429407858788 43 56
18 0 0 33689079306 33873544801 256657697676267 256725363774029 256690445346764 256758030754446 57 8
20 0 0 35377354971 35421492278 58541876720838 58680814027320 58569540978264 58708526650152 3 58
1 0 0 35830680529 36045843054 281437933572574 281438044295810 281474976710656 281474976710656 59 1
2 1 5 38068025677 38068025678 0 0 34620976582 34724770990 0 60
20 1 6 473787704676 473787704677 0 0 370073477228 371181638826 0 61
4 1 0 195197615091 195200232861 629472687004 631355858539 824113063836 826576820408 62 63
12 1 0 100242850957 100244878090 949178642114 952015024628 1053871361778 1057019413440 64 45
5 1 0 117049454889 117049935748 192827413097 193405187745 370073477228 371181638826 65 61
6 1 7 60814542220 60814542221 0 0 85932916210 86190497767 0 66
-1
3 1 0 14569817320 14569834029 53825360004 53986718508 68443242737 68648412268 67 68
11 1 0 7635690344 7635703023 77931700185 78165304979 85932916210 86190497767 69 66
2 0 0 875586860296 875631413512 2388338467235 2395438695244 3184932077469 3194373371815 43 70
3 0 0 335433607030 335459527540 3627021521963 3637756199046 3963632028256 3975348697248 71 72
11 0 0 175867692682 175883362943 4182173523671 4194526446414 4366489634748 4379378375464 73 44
5 0 0 195594831949 195606862812 2887049809756 2895617260942 3184932077469 3194373371815 74 70
6 0 0 100388970495 100394460311 2566772344474 2574398140647 2709019365105 2717063655509 75 76
13 0 0 60993246596 60996350167 2388338467235 2395438695244 2471123031882 2478467182329 43 77
4 0 0 13960591736 13961317697 2440756137787 2448010830023 2454680063121 2461975776468 78 79
12 0 0 7173928984 7174305530 2463629636707 2470951714099 2471123031882 2478467182329 80 77
0 0 0 1821900500972 1832659621172 276779501370715 276793304683685 278536298000578 278544991520441 26 81
1 0 0 823292094860 828203529506 279595217756908 279600799743150 280446172242588 280449236570903 82 55
18 0 0 466987177502 469787263899 281020820827152 281022176309069 281474976710656 281474976710656 83 1
21 0 0 126501824582 127261134466 281315463095700 281315939680612 281474976710656 281474976710656 84 1
9 0 0 57244299300 57587661038 281119807587353 281120868003858 281203675574755 281204485830366 85 86
15 0 0 32530255268 32725308858 281020820827152 281022176309069 281065923832154 281067144894181 83 87
0 0 0 79186236229 79661540772 281315463095700 281315939680612 281391857283841 281392105690161 84 88
-1
7 0 0 213437259733 214712859497 280103370297745 280107450694168 280446172242588 280449236570903 89 55
8 0 0 99431923554 100025463069 279768432795440 279773503545920 279913197128339 279917840126477 90 91
14 0 0 57350401245 57692531031 279595217756908 279600799743150 279674462015701 279679810195223 82 92
0 0 0 133605134354 134403620420 280103370297745 280107450694168 280231539511704 280235240304705 89 93
1 0 0 59377410947 59732537640 280308151661363 280311625383241 280369371168308 280372663352040 94 95
0 0 0 3114728612419 3131255129089 248718305908493 248804863828626 251702320585960 251781934749756 22 96
1 0 0 1381175666196 1388644692591 253484088875616 253559466890194 254906848349686 254978795436899 97 98
10 0 0 776028156219 780264146920 255863096638951 255932713662510 256690445346764 256758030754446 99 8
17 0 0 209806886207 210954319439 256351987109408 256420405379827 256690445346764 256758030754446 100 8
9 0 0 95064693884 95583943317 256027448667358 256096663267110 256166614000876 256235487400021 101 102
15 0 0 54058002517 54353080982 255863096638951 255932713662510 255937996493774 256007430192457 99 103
0 0 0 131332632621 132050890396 256351987109408 256420405379827 256478589852004 256546696868349 100 104
1 0 0 59377938972 59702934159 256554917910063 256622837108989 256616265148395 256684033303107 105 106
16 0 0 911098894236 912235594543 58541876720838 58680814027320 59356102629820 59496456617177 3 107
4 0 0 335426517415 335854012836 59802224921842 59943349126291 60137222729021 60278922506907 108 109
12 0 0 172436912929 172658704042 60352587597560 60494656138660 60532938145893 60675314735124 110 33
5 0 0 200850388564 201103154484 59051488094518 59191313735062 59356102629820 59496456617177 111 107
6 0 0 104288695950 104419204724 58720296660012 58859545611127 58867865175361 59007371370168 112 113
19 0 0 65267699695 65349128633 58541876720838 58680814027320 58620639779485 58759714744458 3 114
4 0 0 14569496425 14587688157 58588928006420 58727947562911 58603472939437 58742517912265 115 116
12 0 0 7480598292 7489942510 58612817774937 58751879074885 58620639779485 58759714744458 117 114
186320016975094 191413441168531
1 156374987061475 180948199313994 0 118
222697964583563 222697964583564
74290118234948 74290118234949
157144812870925 157144812870926
124330163839730 124330163839731
100844361320859 100844361320860
86238015427197 86238015427198
180630615389796 180630615389797
207230329813276 207230329813277
195236961283458 195236961283459
215461961389066 215461961389067
110024633177393 110024633177394
119356494556657 119356494556658
115277832901678 115277832901679
122041945193153 122041945193154
79103989580119 79103989580120
83815440986657 83815440986658
81783479650615 81783479650616
85130887495109 85130887495110
171450343533262 171450343533263
166197143808977 166197143808978
162118482153998 162118482153999
159433031517502 159433031517503
202370987130536 202370987130537
199691497060040 199691497060041
197659535723998 197659535723999
196344089215546 196344089215547
219724858965771 219724858965772
218104110521984 218104110521985
216890886472456 216890886472457
216112643713183 216112643713184
106549533214591 106549533214592
104496874026261 104496874026262
102869632265219 102869632265220
101781795739296 101781795739297
117728312616815 117728312616816
116816450331236 116816450331237
116118150061543 116118150061544
115662919042574 115662919042575
123397984511852 123397984511853
122885146713689 122885146713690
122499074933944 122499074933945
122250431600834 122250431600835
77291579817693 77291579817694
76205700303586 76205700303587
75336629342194 75336629342195
74751525986480 74751525986481
83009271060438 83009271060439
82554896751387 82554896751388
82205529682065 82205529682066
81977111204780 81977111204781
85788501933392 85788501933393
85540318655562 85540318655563
85353066920356 85353066920357
85232280850561 85232280850562
222044802271731 222044802271732
222022197300482 222022197300483
75351491818558 75351491818559
207210255392417 207210255392418
100857370221053 100857370221054
222674429829821 222674429829822
74305266710793 74305266710794
74452077448081 74452077448082
74650882682354 74650882682355
74565644309826 74565644309827
74705662928103 74705662928104
74374498315228 74374498315229
74327719516362 74327719516363
74320066321618 74320066321619
74313669899628 74313669899629
74324218295155 74324218295156
75686350326485 75686350326486
76028541937036 76028541937037
75880582328674 75880582328675
76124635765901 76124635765902
75555534390087 75555534390088
75477374287401 75477374287402
75414936169070 75414936169071
75372957764282 75372957764283
75365741792294 75365741792295
75359631411035 75359631411036
75369669281319 75369669281320
220834860642881 220834860642882
221505291187730 221505291187731
222409511685390 222409511685391
222596629249008 222596629249009
222525627236523 222525627236524
222472365947540 222472365947541
222438149907917 222438149907918
222645157783361 222645157783362
221827383080658 221827383080659
221706814152412 221706814152413
221615056584494 221615056584495
221555504396577 221555504396578
221908660607183 221908660607184
221996082419299 221996082419300
221957250856418 221957250856419
204183396892962 204183396892963
206138347368461 206138347368462
205269276407069 205269276407070
206723450724175 206723450724176
207022899262574 207022899262575
206909332400829 206909332400830
206824094028301 206824094028302
206769313782552 206769313782553
207100478395427 207100478395428
207184858475707 207184858475708
207147257194293 207147257194294
101227433488789 101227433488790
101595297990621 101595297990622
101437488352939 101437488352940
101696786375930 101696786375931
101084074471204 101084074471205
100997683499139 100997683499140
100928269825594 100928269825595
100881400217797 100881400217798
100873327075719 100873327075720
100866487087874 100866487087875
100877721700162 100877721700163
5 0 1 281474976710656 281474976710656 0 0 281474976710656 281474976710656 0 1
0 1 8 176194644402237 176194644402238 0 0 107016839146189 108811421276386 0 2
1 1 0 73375392447035 75817753183252 169960956992178 171771792251165 219719029105040 221009318116687 3 4
10 1 0 39983477518441 41971838003579 252913902191685 253598631744623 281474976710656 281474976710656 5 1
5 1 0 40687822394294 41211648167758 66067941465960 67441298418277 107016839146189 108811421276386 6 2
6 1 0 20441327286127 20533908392439 23290661825526 23873356380609 42133229780935 43108624147019 7 8
13 1 9 12273691945766 12273691945767 0 0 10758453821582 11041020938727 0 9
7 0 0 18750674150505 19485292280169 199761443159721 201316589200256 219719029105040 221009318116687 10 4
8 0 0 8818340674629 9129612850316 180148308782022 181890644124999 188639176700893 190309395385610 11 12
14 0 0 5111318600800 5281453075651 169960956992178 171771792251165 174625336403162 176407251975739 3 13
17 0 0 10742740678077 11313121402506 269808764226595 270106658940822 281474976710656 281474976710656 14 1
9 0 0 4887774105186 5136372701636 258599248533311 259159702599380 263408775228883 263859422848644 15 16
15 0 0 2785242920672 2923751807561 252913902191685 253598631744623 255505596961335 256134418113411 5 17
0 0 0 25469320513111 25797219273288 66067941465960 67441298418277 81698486020280 83271152312775 6 18
1 0 0 10823344248650 11015197669187 90856424825168 92523733223246 98077377376982 99807814471550 19 20
10 0 0 5955368280229 6074978462876 102885600842293 104652463116968 107016839146189 108811421276386 21 2
2 0 0 12795639720369 12853592634322 23290661825526 23873356380609 30840017734295 31588476628006 7 22
3 0 0 4943160601332 4976873574806 35052032328388 35888075957731 38269846727018 39170440226553 23 24
11 0 0 2601467687159 2621904040833 40363983346662 41305487829139 42133229780935 43108624147019 25 8
16 1 10 7637950826179 7637950826180 0 0 4391742383174 4509875713065 0 26
4 1 0 2819038854735 2822765006101 6802608167720 6983956738428 8615092117122 8843203487562 27 28
12 1 0 1450812615534 1453570358665 9781280644168 10039134395576 10758453821582 11041020938727 29 9
0 0 0 11737343059261 12197191325847 199761443159721 201316589200256 207237015577773 208701718965706 10 30
1 0 0 5186351516512 5401808384484 211697664576677 213103395601800 215257901423752 216613883369044 31 32
10 0 0 2908871641214 3033148335315 217649950341464 218971171649265 219719029105040 221009318116687 33 4
2 0 0 5520008981051 5714855751974 180148308782022 181890644124999 183522871982071 185238179138710 11 34
3 0 0 2171181058098 2250083324795 185421448734740 187120601985922 186879596723862 188565880507225 35 36
11 0 0 1152009309363 1194423364980 187832163382343 189509822812625 188639176700893 190309395385610 37 12
16 0 0 3180787028251 3286662160078 169960956992178 171771792251165 171856550629122 173656131249567 3 38
4 0 0 1186076380721 1226244790526 172902097582301 174695178536332 173690463256611 175478506089193 39 40
12 0 0 613166605260 634089531428 174198772888442 175983504776764 174625336403162 176407251975739 41 13
0 0 0 6724623964086 7081664686105 269808764226595 270106658940822 274175470575303 274364800601568 14 42
1 0 0 3032487495519 3197727271522 276806471173523 276928691504626 278920183201708 278987564329148 43 44
18 0 0 1718286606897 1813129538358 280347280071305 280377170528569 281474976710656 281474976710656 45 1
2 0 0 3059595671508 3215210716981 258599248533311 259159702599380 260502912188340 261020415682152 15 46
3 0 0 1214134467013 1276607284634 261578455950010 262071396319254 262406716478157 262880595216759 47 48
11 0 0 646829214973 680288122630 262948840533749 263410174064639 263408775228883 263859422848644 49 16
16 0 0 1733264005734 1819458450871 252913902191685 253598631744623 253964854536713 254627062964753 5 50
4 0 0 649490085681 681999896754 254545874895284 255195544547427 254984613626996 255624773540763 51 52
12 0 0 336494982391 353386376738 255267787154654 255901790279172 255505596961335 256134418113411 53 17
13 0 0 38136300005 38143422261 961431018377 987621407860 994738783946 1021833206720 54 55
17 0 0 33247144277 35072554502 278883975244271 278952302697506 278920183201708 278987564329148 56 44
19 0 0 39735524043 39915490772 23290661825526 23873356380609 23321614987530 23905012239807 7 57
21 0 0 34189197409 35663711277 219690266956567 220980991453252 219719029105040 221009318116687 58 4
6 1 5 38068025677 38068025678 0 0 34609274316 35555267403 0 59
7 0 0 34176378286 36070222977 281437921047465 281438906955373 281474976710656 281474976710656 60 1
21 0 0 465364821128 491119139025 281078911373242 281089436055277 281474976710656 281474976710656 61 1
9 0 0 210615994580 222251531829 280593082667604 280616477891321 280801337094892 280819220576531 62 63
15 0 0 119695581889 126302325971 280347280071305 280377170528569 280459280110182 280486212391415 45 64
0 0 0 291304009095 307425416891 281078911373242 281089436055277 281268597055174 281274084804025 61 65
1 0 0 131799206280 139101263288 281383001824686 281385448455927 281474976710656 281474976710656 66 1
-1
8 0 0 15919071661 16801093711 281401720882341 281403669692632 281417366410852 281418899089190 67 68
14 0 0 9181112525 9689772698 281383001824686 281385448455927 281391565441910 281393784337421 66 69
7 0 0 785874691040 828894758989 278068748667821 278158318837510 278920183201708 278987564329148 70 44
8 0 0 366197763110 386183253403 277236766963156 277347890213650 277596370009172 277698193134153 71 72
14 0 0 211242614528 222753192019 276806471173523 276928691504626 277003330110349 277120477796919 43 73
0 0 0 491933291373 518862525592 278068748667821 278158318837510 278387098782013 278468388131529 70 74
1 0 0 218594406380 230582802706 278577384521650 278653715305846 278729435730579 278801799490976 75 76
10 0 0 122947371589 129696424795 278831683619822 278901377333019 278920183201708 278987564329148 77 44
9 0 0 15062332598 15889214678 278849261434701 278918495936188 278864146461943 278932992054965 78 79
15 0 0 8564495076 9034633089 278831683619822 278901377333019 278839694169543 278909178618153 77 80
5 1 0 1685487466935 1686387078696 2747458381484 2821812604749 4391742383174 4509875713065 81 26
6 1 0 874587223086 874750559144 961431018377 987621407860 1757008068368 1804731378500 54 82
19 1 11 547154083892 547154083893 0 0 424357576065 435940258457 0 83
20 1 12 296576474126 296576474127 0 0 149037273605 153109284477 0 84
4 1 0 122150889655 122156904198 253489565241 260412790067 331857915972 340918917060 85 86
12 1 0 62720443469 62725099970 382209867525 392643751053 424357576065 435940258457 87 83
5 1 0 73262585533 73263690672 77659025047 79781385536 149037273605 153109284477 88 84
-1
2 0 0 547464597283 547566840613 961431018377 987621407860 1281886460708 1316765415042 54 89
3 0 0 209607200797 209666635022 1459684788693 1499375584617 1595039685564 1638389428724 90 91
11 0 0 109867807158 109903724709 1682907423039 1728630472631 1757008068368 1804731378500 92 82
5 0 0 122267385704 122294985546 1162066309780 1193698957080 1281886460708 1316765415042 93 89
6 0 0 62763297522 62775894355 1033221140531 1061359768836 1090448172493 1120139090337 94 95
5 0 0 2868018717606 2883644455202 28010939572473 28698601054807 30840017734295 31588476628006 96 22
6 0 0 1468829946414 1475964757767 24977214569520 25597920493445 26323576373568 26974221989009 97 98
13 0 0 891342303335 895379294446 23290661825526 23873356380609 24072819375477 24673212210170 7 99
16 0 0 554684663119 557196893321 23290661825526 23873356380609 23610596177999 24200544705242 7 100
4 0 0 204089249166 205033267861 23785845336473 24379758743598 23917420334730 24514306526637 101 102
12 0 0 104891520311 105381112194 24001998161847 24600793480432 24072819375477 24673212210170 103 99
5 0 0 122250043799 122808494252 23490916474387 24078153841068 23610596177999 24200544705242 104 100
6 0 0 63486496382 63774900583 23360777775815 23945063827702 23418765714630 24004367244700 105 106
17 0 0 786157389987 819935323929 218872653559388 220175692652340 219719029105040 221009318116687 107 4
9 0 0 356298048875 371549339725 218061009888771 219376149792152 218409060062670 219719025996063 108 109
15 0 0 202631553048 211288648528 217649950341464 218971171649265 217837284171196 219155737903117 33 110
0 0 0 492110252185 513254195882 218872653559388 220175692652340 219189256037683 220487541436069 107 111
1 0 0 222458800561 232039330771 219380128284830 220675538718872 219533535231660 220826630066183 112 113
18 0 0 126206158668 131647855731 219637141265272 220928669725730 219719029105040 221009318116687 114 4
9 0 0 15470821931 16137940244 219654988897743 220946247324683 219670110763235 220961140350643 115 116
15 0 0 8791501685 9170569470 219637141265272 220928669725730 219645273451550 220936678879958 114 117
173946316587782 176160455898919
1 100526777396662 110142382191127 0 118
222697964583563 222697964583564
74290118234948 74290118234949
157144812870925 157144812870926
124330163839730 124330163839731
100844361320859 100844361320860
86238015427197 86238015427198
180630615389796 180630615389797
207230329813276 207230329813277
195236961283458 195236961283459
215461961389066 215461961389067
110024633177393 110024633177394
119356494556657 119356494556658
115277832901678 115277832901679
122041945193153 122041945193154
79103989580119 79103989580120
83815440986657 83815440986658
81783479650615 81783479650616
85130887495109 85130887495110
171450343533262 171450343533263
166197143808977 166197143808978
162118482153998 162118482153999
159433031517502 159433031517503
202370987130536 202370987130537
199691497060040 199691497060041
197659535723998 197659535723999
196344089215546 196344089215547
219724858965771 219724858965772
218104110521984 218104110521985
216890886472456 216890886472457
216112643713183 216112643713184
106549533214591 106549533214592
104496874026261 104496874026262
102869632265219 102869632265220
101781795739296 101781795739297
117728312616815 117728312616816
116816450331236 116816450331237
116118150061543 116118150061544
115662919042574 115662919042575
123397984511852 123397984511853
122885146713689 122885146713690
122499074933944 122499074933945
122250431600834 122250431600835
77291579817693 77291579817694
76205700303586 76205700303587
75336629342194 75336629342195
74751525986480 74751525986481
83009271060438 83009271060439
82554896751387 82554896751388
82205529682065 82205529682066
81977111204780 81977111204781
85788501933392 85788501933393
85540318655562 85540318655563
85353066920356 85353066920357
85232280850561 85232280850562
222044802271731 222044802271732
222022197300482 222022197300483
75351491818558 75351491818559
207210255392417 207210255392418
100857370221053 100857370221054
222674429829821 222674429829822
74305266710793 74305266710794
74452077448081 74452077448082
74650882682354 74650882682355
74565644309826 74565644309827
74705662928103 74705662928104
74374498315228 74374498315229
74327719516362 74327719516363
74320066321618 74320066321619
74313669899628 74313669899629
74324218295155 74324218295156
75686350326485 75686350326486
76028541937036 76028541937037
75880582328674 75880582328675
76124635765901 76124635765902
75555534390087 75555534390088
75477374287401 75477374287402
75414936169070 75414936169071
75372957764282 75372957764283
75365741792294 75365741792295
75359631411035 75359631411036
75369669281319 75369669281320
220834860642881 220834860642882
221505291187730 221505291187731
222409511685390 222409511685391
222596629249008 222596629249009
222525627236523 222525627236524
222472365947540 222472365947541
222438149907917 222438149907918
222645157783361 222645157783362
221827383080658 221827383080659
221706814152412 221706814152413
221615056584494 221615056584495
221555504396577 221555504396578
221908660607183 221908660607184
221996082419299 221996082419300
221957250856418 221957250856419
204183396892962 204183396892963
206138347368461 206138347368462
205269276407069 205269276407070
206723450724175 206723450724176
207022899262574 207022899262575
206909332400829 206909332400830
206824094028301 206824094028302
206769313782552 206769313782553
207100478395427 207100478395428
207184858475707 207184858475708
207147257194293 207147257194294
101227433488789 101227433488790
101595297990621 101595297990622
101437488352939 101437488352940
101696786375930 101696786375931
101084074471204 101084074471205
100997683499139 100997683499140
100928269825594 100928269825595
100881400217797 100881400217798
100873327075719 100873327075720
100866487087874 100866487087875
100877721700162 100877721700163
6 0 1 281474976710656 281474976710656 0 0 281474976710656 281474976710656 0 1
2 1 8 176194644402237 176194644402238 0 0 112576948489668 113432445705956 0 2
3 1 0 67396896133370 68470936598155 175501507922027 176335947184221 223628780228222 224207918786992 3 4
11 1 0 35312112160680 36131140219698 254975555891234 255277624682254 281474976710656 281474976710656 5 1
5 1 0 39335529234370 39586239536940 70358555258203 71028145656864 112576948489668 113432445705956 6 2
6 1 0 20196882635473 20242808393603 25127275822208 25418234648798 45195596582812 45677527889702 7 8
13 1 9 12273691945766 12273691945767 0 0 11651422758674 11793518140358 0 9
7 0 0 16979029290202 17294509815710 204492007543993 205197387655266 223628780228222 224207918786992 10 4
8 0 0 8060280142233 8196054558313 185468617380946 186267150618184 193730806249560 194492847766852 11 12
14 0 0 4694857463166 4769674957460 175501507922027 176335947184221 180072405167636 180891480425220 3 13
17 0 0 9413679835620 9645569969087 270702821400930 270833096396353 281474976710656 281474976710656 14 1
9 0 0 4305343581578 4407293094217 260284895103358 260531413565828 264762924834185 264960652702959 15 16
15 0 0 2459836325246 2516889694408 254975555891234 255277624682254 257397981284593 257675014169196 5 17
0 0 0 24622826749349 24779763657651 70358555258203 71028145656864 86596109435671 87356288042790 6 18
1 0 0 10334398163892 10424359387702 96039123781872 96841004400261 103448440057747 104277396378666 19 20
10 0 0 5652423022971 5707957666613 108364393328847 109208577286040 112576948489668 113432445705956 21 2
2 0 0 12642624916704 12671373023258 25127275822208 25418234648798 33195404555863 33567554030494 7 22
3 0 0 4854699546888 4871258452046 37680745862985 38095464374790 41099630674910 41545565430221 23 24
11 0 0 2547993824008 2557986970854 43321031737529 43786678413142 45195596582812 45677527889702 25 8
16 1 10 7637950826179 7637950826180 0 0 4765566588445 4825186976829 0 26
4 1 0 2809113899669 2810988260933 7376181849480 7467581348155 9336293975623 9451144078195 27 28
12 1 0 1443478769113 1444862492583 10596317306250 10726056621644 11651422758674 11793518140358 29 9
0 0 0 10628348079259 10825829147230 204492007543993 205197387655266 211685999115541 212347744947516 10 30
1 0 0 4669811148105 4761470297022 215963831939395 216597446642383 219370254179531 219980303782098 31 32
10 0 0 2611803869301 2664426098613 221655030598715 222248696308663 223628780228222 224207918786992 33 4
2 0 0 5045486494180 5130477086380 185468617380946 186267150618184 188757187502126 189541926223871 11 34
3 0 0 1979531475585 2013803775938 190604544093053 191381110125641 192021968502230 192792057312704 35 36
11 0 0 1049111678550 1067499525788 192947282444191 193713046097136 193730806249560 194492847766852 37 12
16 0 0 2921622165362 2968181289128 175501507922027 176335947184221 177360613323021 178189029049004 3 38
4 0 0 1087895833542 1105518601377 178385153683346 179210117773562 179157266211995 179979567066790 39 40
12 0 0 562059569414 571229413477 179654907931223 180475464031421 180072405167636 180891480425220 41 13
0 0 0 5892672913722 6037828977271 270702821400930 270833096396353 274743228367079 274825840181692 14 42
1 0 0 2648760258586 2715577181059 277172800017451 277226057301734 279122062877331 279151392234646 43 44
18 0 0 1498414805597 1536661343914 280436810349320 280449811411350 281474976710656 281474976710656 45 1
2 0 0 2695012147262 2758829394310 260284895103358 260531413565828 262058815434193 262286218108131 15 46
3 0 0 1067981722398 1093542522357 263060205906482 263276694719948 263830944184261 264038972574845 47 48
11 0 0 568605530811 582280741499 264335221267631 264537685772690 264762924834185 264960652702959 49 16
16 0 0 1530762624294 1566267086200 254975555891234 255277624682254 255958300025369 256250274695014 5 50
4 0 0 573173748255 586547935389 256501358440575 256787718499475 256911312157740 257193416473807 51 52
12 0 0 296856616440 303801659480 257175852598511 257455202818240 257397981284593 257675014169196 53 17
13 0 0 38117269906 38120870431 1044368372634 1057612048072 1080538347671 1094238906211 54 55
17 0 0 29012351307 29749299692 279088691592758 279118433415228 279122062877331 279151392234646 56 44
19 0 0 39260352536 39349626782 25127275822208 25418234648798 25160431969825 25451736606066 7 57
21 0 0 30668106569 31291455918 223601359374940 224180702127859 223628780228222 224207918786992 58 4
6 1 5 38068025677 38068025678 0 0 37605543944 38084155099 0 59
7 0 0 29788241997 30551316426 281440873509953 281441302097648 281474976710656 281474976710656 60 1
21 0 0 405680382905 416060269321 281110431388963 281115007455029 281474976710656 281474976710656 61 1
9 0 0 183644846783 188336127449 280663154655689 280673329287848 280854898535636 280862675268829 62 63
15 0 0 104379345883 107043593886 280436810349320 280449811411350 280539948119401 280551661829237 45 64
0 0 0 253943393626 260440882026 281110431388963 281115007455029 281285031541454 281287417348319 61 65
1 0 0 114879512984 117821807322 281390328737993 281391392352116 281474976710656 281474976710656 66 1
-1
8 0 0 13875345131 14230742397 281407556953348 281408404143646 281421956284614 281422622567940 67 68
14 0 0 8002489281 8207449055 281390328737993 281391392352116 281398210345532 281399174952784 66 69
7 0 0 686032529198 703411356108 278337151767431 278376156514911 279122062877331 279151392234646 70 44
8 0 0 319796218444 327874939825 277569807653786 277618218706660 277901517138899 277945868384461 71 72
14 0 0 184512233969 189166690557 277172800017451 277226057301734 277354441749906 277405483478050 43 73
0 0 0 429435180856 440313789902 278337151767431 278376156514911 278630673201168 278666066150085 70 74
1 0 0 190778246860 195619304575 278806092940129 278839323710298 278946251610950 278977752870307 75 76
10 0 0 107289759282 110014573765 279040495490092 279070832837333 279122062877331 279151392234646 77 44
9 0 0 13144005893 13477840831 279056696755810 279086833938460 279070415984580 279100383649787 78 79
15 0 0 7473788200 7663598361 279040495490092 279070832837333 279047878739788 279078124870784 77 80
5 1 0 1683086070366 1683540162273 2982828167000 3020388767552 4765566588445 4825186976829 81 26
6 1 0 874150802112 874233373625 1044368372634 1057612048072 1908108634112 1932229963489 54 82
19 1 11 547154083892 547154083893 0 0 461040711678 466899502526 0 83
20 1 12 296576474126 296576474127 0 0 161934353738 163994393457 0 84
4 1 0 122134813187 122137855560 275416673297 278918941250 360555275640 365138781739 85 86
12 1 0 62707997815 62710352983 415254972848 420532800604 461040711678 466899502526 87 83
5 1 0 73259631297 73260190400 84381174224 85454924777 161934353738 163994393457 88 84
-1
2 0 0 547191411229 547243098447 1044368372634 1057612048072 1392330528756 1409964540137 54 89
3 0 0 209448439586 209478472727 1585360832739 1605425579825 1732297429590 1754210189723 90 91
11 0 0 109771875342 109790021656 1827677061379 1850788347371 1908108634112 1932229963489 92 82
5 0 0 122193649035 122207599243 1262233484792 1278227323198 1392330528756 1409964540137 93 89
6 0 0 62729641078 62736008785 1122326655130 1136554915885 1184468130736 1199480817521 94 95
5 0 0 2826864686083 2834585209412 30176271902490 30518734779275 33195404555863 33567554030494 96 22
6 0 0 1450008529993 1453542792396 26932950144089 27242595596605 28373071737976 28697407474488 97 98
13 0 0 880683315545 882685904246 25127275822208 25418234648798 25964908582511 26264572937372 7 99
16 0 0 548051546942 549297763166 25127275822208 25418234648798 25469950164794 25764478151209 7 100
4 0 0 201597382994 202065477098 25657627131910 25954105344288 25798519580066 26096459749125 101 102
12 0 0 103599323844 103842044991 25889080786580 26187959698521 25964908582511 26264572937372 103 99
5 0 0 120775707041 121052685030 25341771820622 25634966007158 25469950164794 25764478151209 104 100
6 0 0 62725042507 62868099754 25202381137489 25494123148402 25264492996675 25556882309564 105 106
17 0 0 705464230091 719753003188 222821684451315 223406805225768 223628780228222 224207918786992 107 4
9 0 0 319849160585 326304895818 222047338728031 222638144552730 222379439116637 222967813271713 108 109
15 0 0 181937857551 185603513987 221655030598715 222248696308663 221833830300588 222426194276157 33 110
0 0 0 441598825629 450543156398 222821684451315 223406805225768 223123639696245 223706529148460 107 111
1 0 0 199577305822 203628453677 223305654846769 223887195368953 223451928696823 224032383036938 112 113
18 0 0 113211223527 115511791922 223550709954195 224130429701118 223628780228222 224207918786992 114 4
9 0 0 13877737507 14159768968 223567725853910 224147318973440 223582142875478 224161628687576 115 116
15 0 0 7886276493 8046533736 223550709954195 224130429701118 223558463187223 224138125240025 114 117
194210483228343 196677145437322
1 194867291568915 207402614418379 0 118
222697964583563 222697964583564
74290118234948 74290118234949
157144812870925 157144812870926
124330163839730 124330163839731
100844361320859 100844361320860
86238015427197 86238015427198
180630615389796 180630615389797
207230329813276 207230329813277
195236961283458 195236961283459
215461961389066 215461961389067
110024633177393 110024633177394
119356494556657 119356494556658
115277832901678 115277832901679
122041945193153 122041945193154
79103989580119 79103989580120
83815440986657 83815440986658
81783479650615 81783479650616
85130887495109 85130887495110
171450343533262 171450343533263
166197143808977 166197143808978
162118482153998 162118482153999
159433031517502 159433031517503
202370987130536 202370987130537
199691497060040 199691497060041
197659535723998 197659535723999
196344089215546 196344089215547
219724858965771 219724858965772
218104110521984 218104110521985
216890886472456 216890886472457
216112643713183 216112643713184
106549533214591 106549533214592
104496874026261 104496874026262
102869632265219 102869632265220
101781795739296 101781795739297
117728312616815 117728312616816
116816450331236 116816450331237
116118150061543 116118150061544
115662919042574 115662919042575
123397984511852 123397984511853
122885146713689 122885146713690
122499074933944 122499074933945
122250431600834 122250431600835
77291579817693 77291579817694
76205700303586 76205700303587
75336629342194 75336629342195
74751525986480 74751525986481
83009271060438 83009271060439
82554896751387 82554896751388
82205529682065 82205529682066
81977111204780 81977111204781
85788501933392 85788501933393
85540318655562 85540318655563
85353066920356 85353066920357
85232280850561 85232280850562
222044802271731 222044802271732
222022197300482 222022197300483
75351491818558 75351491818559
207210255392417 207210255392418
100857370221053 100857370221054
222674429829821 222674429829822
74305266710793 74305266710794
74452077448081 74452077448082
74650882682354 74650882682355
74565644309826 74565644309827
74705662928103 74705662928104
74374498315228 74374498315229
74327719516362 74327719516363
74320066321618 74320066321619
74313669899628 74313669899629
74324218295155 74324218295156
75686350326485 75686350326486
76028541937036 76028541937037
75880582328674 75880582328675
76124635765901 76124635765902
75555534390087 75555534390088
75477374287401 75477374287402
75414936169070 75414936169071
75372957764282 75372957764283
75365741792294 75365741792295
75359631411035 75359631411036
75369669281319 75369669281320
220834860642881 220834860642882
221505291187730 221505291187731
222409511685390 222409511685391
222596629249008 222596629249009
222525627236523 222525627236524
222472365947540 222472365947541
222438149907917 222438149907918
222645157783361 222645157783362
221827383080658 221827383080659
221706814152412 221706814152413
221615056584494 221615056584495
221555504396577 221555504396578
221908660607183 221908660607184
221996082419299 221996082419300
221957250856418 221957250856419
204183396892962 204183396892963
206138347368461 206138347368462
205269276407069 205269276407070
206723450724175 206723450724176
207022899262574 207022899262575
206909332400829 206909332400830
206824094028301 206824094028302
206769313782552 206769313782553
207100478395427 207100478395428
207184858475707 207184858475708
207147257194293 207147257194294
101227433488789 101227433488790
101595297990621 101595297990622
101437488352939 101437488352940
101696786375930 101696786375931
101084074471204 101084074471205
100997683499139 100997683499140
100928269825594 100928269825595
100881400217797 100881400217798
100873327075719 100873327075720
100866487087874 100866487087875
100877721700162 100877721700163
7 0 1 281474976710656 281474976710656 0 0 281474976710656 281474976710656 0 1
0 1 8 176194644402237 176194644402238 0 0 105223415526896 106056301295758 0 2
1 1 0 77153827686653 78328920791834 168129266680893 168982687616429 218401338817467 219016857750678 3 4
10 1 0 43079587583564 44065698014945 252210155492756 252539455019218 281474976710656 281474976710656 5 1
5 1 0 41491697037505 41734340199734 64706229555955 65337294134781 105223415526896 106056301295758 6 2
6 1 0 20582936693867 20625156892828 22717638504101 22982615466792 41170544512659 41616138739776 7 8
13 1 9 12273691945766 12273691945767 0 0 10481245094607 10609349478714 0 9
7 0 0 19889806297135 20247123287776 198179351458428 198917615010592 218401338817467 219016857750678 10 4
8 0 0 9300274640574 9450595573193 178382453322628 179205633340199 186943646799353 187734390236551 11 12
14 0 0 5374523820944 5456380626693 168129266680893 168982687616429 172821282347712 173662029415465 3 13
17 0 0 11632070559298 11916698976557 269501600103331 269645455361212 281474976710656 281474976710656 14 1
9 0 0 5275044175041 5398591093820 258022599017989 258292506347447 262944676381017 263161957284267 15 16
15 0 0 3000917473656 3069609775289 252210155492756 252539455019218 254858989380182 255161592831928 5 17
0 0 0 25972521218764 26124408346299 64706229555955 65337294134781 80134463606104 80859868015502 6 18
1 0 0 11118331498162 11208008727274 89195359604218 89966135825230 96351025792807 97152394001121 19 20
10 0 0 6139448190033 6195603238229 101121280512192 101940476275434 105223415526896 106056301295758 21 2
2 0 0 12884282837183 12910711378112 22717638504101 22982615466792 30102912621753 30443896018851 7 22
3 0 0 4994773694064 5010214140614 34228004309639 34609280375127 37381647426391 37792683208131 23 24
11 0 0 2632767656205 2642145619010 39435062301636 39864989215840 41170544512659 41616138739776 25 8
16 1 10 7637950826179 7637950826180 0 0 4275990974050 4329464872771 0 26
4 1 0 2824731051326 2826420107962 6624833769813 6706970681019 8391398648845 8494761087089 27 28
12 1 0 1455026402451 1456277841745 9528364142269 9645236696417 10481245094607 10609349478714 29 9
0 0 0 12450404610409 12674074013780 198179351458428 198917615010592 205744791155959 206441388451806 10 30
1 0 0 5520760734346 5626016775475 210264292234393 210933570707888 213874309958131 214520463453472 31 32
10 0 0 3101850588594 3162695080218 216301207337596 216931164152201 218401338817467 219016857750678 33 4
2 0 0 5821684763202 5915781025607 178382453322628 179205633340199 181783281710942 182594359164418 11 34
3 0 0 2293393507859 2331570834432 183697612162293 184501423338108 185168337070993 185966343838359 35 36
11 0 0 1217717197988 1238257576278 186129344104503 186923453974438 186943646799353 187734390236551 37 12
16 0 0 3344580330017 3395520035842 168129266680893 168982687616429 170035581299616 170884090136327 3 38
4 0 0 1248232859099 1267579868502 171087340547680 171933000311131 171880531038309 172723976809178 39 40
12 0 0 645545953170 655628201755 172392015652100 173234003946122 172821282347712 173662029415465 41 13
0 0 0 7281317010158 7459485610976 269501600103331 269645455361212 273980085344146 274071611534916 14 42
1 0 0 3290269025966 3372937401338 276680278151636 276739400039783 278850583621473 278883194854704 43 44
18 0 0 1866287126113 1913797905865 280316397031079 280330868506844 281474976710656 281474976710656 45 1
2 0 0 3302014777615 3379351334049 258022599017989 258292506347447 259970259514604 260219598236856 15 46
3 0 0 1311478212194 1342559388562 261070980545763 261308546849171 261918787086550 262147213055947 47 48
11 0 0 698969752417 715624411142 262473778816497 262696186989283 262944676381017 263161957284267 49 16
16 0 0 1867478848132 1910226248371 252210155492756 252539455019218 253284116944352 253602667326340 5 50
4 0 0 700118157628 716250744894 253877952333690 254190515351079 254326412480364 254634433241589 51 52
12 0 0 362801724968 371186081066 254615880827317 254920960258020 254858989380182 255161592831928 53 17
13 0 0 38147175327 38150396954 935785619220 947630993530 968207993492 980462342796 54 55
17 0 0 36095332652 37009267528 278813398672694 278846467617978 278850583621473 278883194854704 56 44
19 0 0 40010795993 40092867071 22717638504101 22982615466792 22747897218835 23013195727922 7 57
21 0 0 36479213251 37201657493 218372139222574 218987861579135 218401338817467 219016857750678 58 4
6 1 5 38068025677 38068025678 0 0 33683131197 34110887911 0 59
7 0 0 37131939309 38081023588 281436902186578 281437379641368 281474976710656 281474976710656 60 1
21 0 0 505556240475 518461104950 281068035664893 281073132103795 281474976710656 281474976710656 61 1
9 0 0 228773371833 234602621699 280568909408251 280580236894085 280782858137316 280791517391332 62 63
15 0 0 130005275392 133314869035 280316397031079 280330868506844 280431452880069 280444492510383 45 64
0 0 0 316462596629 324540643331 281068035664893 281073132103795 281262926068430 281265583561729 61 65
1 0 0 143194851258 146854141983 281380473443951 281381658280925 281474976710656 281474976710656 66 1
-1
8 0 0 17295563922 17737575974 281399706949042 281400650709181 281415782510542 281416524751207 67 68
14 0 0 9974931409 10229837041 281380473443951 281381658280925 281389272402483 281390346955483 66 69
7 0 0 852994613856 874527209342 277976244636002 278019585949673 278850583621473 278883194854704 70 44
8 0 0 397377088768 407377271937 277122022234318 277175781756293 277491221226240 277540485831867 71 72
14 0 0 229199636461 234958302830 276680278151636 276739400039783 276882370038637 276939040849684 43 73
0 0 0 533948290614 547427030533 277976244636002 278019585949673 278303141670083 278342479108465 70 74
1 0 0 237299454918 243301056589 278498545821986 278535485433779 278654692210150 278689713315669 75 76
10 0 0 133477878919 136856887681 278759696539055 278793426292716 278850583621473 278883194854704 77 44
9 0 0 16352513544 16766506392 278777748434997 278811256087186 278793034966154 278826354518102 78 79
15 0 0 9298048604 9533429837 278759696539055 278793426292716 278767923128986 278801551670369 77 80
5 1 0 1686861316865 1687268505760 2674626382385 2708269888446 4275990974050 4329464872771 81 26
6 1 0 874836628972 874910511154 935785619220 947630993530 1710270676465 1731859127332 54 82
19 1 11 547154083892 547154083893 0 0 413017085984 418255010241 0 83
20 1 12 296576474126 296576474127 0 0 145050618895 146891941545 0 84
4 1 0 122160073058 122162792928 246711326712 249842019421 322986536905 327084013412 85 86
12 1 0 62727553392 62729659234 371994237836 376712603512 413017085984 418255010241 87 83
5 1 0 73264272908 73264772637 75581181293 76540874839 145050618895 146891941545 88 84
-1
2 0 0 547620717667 547666965633 935785619220 947630993530 1247731191593 1263507455362 54 89
3 0 0 209697957318 209724846231 1420816188138 1438769695444 1552586828498 1572196048989 90 91
11 0 0 109922654475 109938905426 1638129605935 1658812831927 1710270676465 1731859127332 92 82
5 0 0 122309529912 122322015129 1131090705135 1145398199286 1247731191593 1263507455362 93 89
6 0 0 62782532353 62788230458 1005667662860 1018394407861 1061374365791 1074803378710 94 95
5 0 0 2891928078946 2899066248732 27334077730398 27647147317490 30102912621753 30443896018851 96 22
6 0 0 1479744565311 1483000291092 24366612878906 24648991196452 25683356725165 25979452561037 97 98
13 0 0 897517169277 899358177391 22717638504101 22982615466792 23482302757115 23755379897153 7 99
16 0 0 558527298459 559672962658 22717638504101 22982615466792 23030403607078 23298700165338 7 100
4 0 0 205533248111 205963831250 23201733779119 23471845006484 23330370209858 23601842151458 101 102
12 0 0 105640427001 105863755890 23413060797427 23685406642811 23482302757115 23755379897153 103 99
5 0 0 123104246768 123358938185 22913403513618 23180459311173 23030403607078 23298700165338 104 100
6 0 0 63927633562 64059159259 22786181629213 23051886850780 22842869487680 23109176684560 105 106
17 0 0 838613357496 855158052226 217542158878510 218163631774926 218401338817467 219016857750678 107 4
9 0 0 379981272853 387449257781 216718368895317 217345488985001 217071611766320 217696317704245 108 109
15 0 0 216074436969 220312854938 216301207337596 216931164152201 216491317931503 217119983897834 33 110
0 0 0 524946068178 535302536234 217542158878510 218163631774926 217863534544032 218482788034083 107 111
1 0 0 237337625107 242031113866 218057293982303 218675204948964 218213026615205 218829856124069 112 113
18 0 0 134657432620 137323563096 218318205966164 218934303857887 218401338817467 219016857750678 114 4
9 0 0 16506897153 16833750348 218336324838922 218952296598433 218351676568871 218967541436481 115 116
15 0 0 9380216134 9565938375 218318205966164 218934303857887 218326461733961 218942502157827 114 117
177299006574563 178261300574850
1 115148854108904 119413626483309 0 118
222697964583563 222697964583564
74290118234948 74290118234949
157144812870925 157144812870926
124330163839730 124330163839731
100844361320859 100844361320860
86238015427197 86238015427198
180630615389796 180630615389797
207230329813276 207230329813277
195236961283458 195236961283459
215461961389066 215461961389067
110024633177393 110024633177394
119356494556657 119356494556658
115277832901678 115277832901679
122041945193153 122041945193154
79103989580119 79103989580120
83815440986657 83815440986658
81783479650615 81783479650616
85130887495109 85130887495110
171450343533262 171450343533263
166197143808977 166197143808978
162118482153998 162118482153999
159433031517502 159433031517503
202370987130536 202370987130537
199691497060040 199691497060041
197659535723998 197659535723999
196344089215546 196344089215547
219724858965771 219724858965772
218104110521984 218104110521985
216890886472456 216890886472457
216112643713183 216112643713184
106549533214591 106549533214592
104496874026261 104496874026262
102869632265219 102869632265220
101781795739296 101781795739297
117728312616815 117728312616816
116816450331236 116816450331237
116118150061543 116118150061544
115662919042574 115662919042575
123397984511852 123397984511853
122885146713689 122885146713690
122499074933944 122499074933945
122250431600834 122250431600835
77291579817693 77291579817694
76205700303586 76205700303587
75336629342194 75336629342195
74751525986480 74751525986481
83009271060438 83009271060439
82554896751387 82554896751388
82205529682065 82205529682066
81977111204780 81977111204781
85788501933392 85788501933393
85540318655562 85540318655563
85353066920356 85353066920357
85232280850561 85232280850562
222044802271731 222044802271732
222022197300482 222022197300483
75351491818558 75351491818559
207210255392417 207210255392418
100857370221053 100857370221054
222674429829821 222674429829822
74305266710793 74305266710794
74452077448081 74452077448082
74650882682354 74650882682355
74565644309826 74565644309827
74705662928103 74705662928104
74374498315228 74374498315229
74327719516362 74327719516363
74320066321618 74320066321619
74313669899628 74313669899629
74324218295155 74324218295156
75686350326485 75686350326486
76028541937036 76028541937037
75880582328674 75880582328675
76124635765901 76124635765902
75555534390087 75555534390088
75477374287401 75477374287402
75414936169070 75414936169071
75372957764282 75372957764283
75365741792294 75365741792295
75359631411035 75359631411036
75369669281319 75369669281320
220834860642881 220834860642882
221505291187730 221505291187731
222409511685390 222409511685391
222596629249008 222596629249009
222525627236523 222525627236524
222472365947540 222472365947541
222438149907917 222438149907918
222645157783361 222645157783362
221827383080658 221827383080659
221706814152412 221706814152413
221615056584494 221615056584495
221555504396577 221555504396578
221908660607183 221908660607184
221996082419299 221996082419300
221957250856418 221957250856419
204183396892962 204183396892963
206138347368461 206138347368462
205269276407069 205269276407070
206723450724175 206723450724176
207022899262574 207022899262575
206909332400829 206909332400830
206824094028301 206824094028302
206769313782552 206769313782553
207100478395427 207100478395428
207184858475707 207184858475708
207147257194293 207147257194294
101227433488789 101227433488790
101595297990621 101595297990622
101437488352939 101437488352940
101696786375930 101696786375931
101084074471204 101084074471205
100997683499139 100997683499140
100928269825594 100928269825595
100881400217797 100881400217798
100873327075719 100873327075720
100866487087874 100866487087875
100877721700162 100877721700163
8 0 1 281474976710656 281474976710656 0 0 281474976710656 281474976710656 0 1
2 1 8 176194644402237 176194644402238 0 0 111777071810638 112142040704126 0 2
3 1 0 69022553834753 69488406839192 174717034693118 175075491194926 223082034834794 223332139906466 3 4
11 1 0 36555191990019 36915121186454 254689603767279 254820504773431 281474976710656 281474976710656 5 1
5 1 0 39713632103804 39820506262876 69734795611750 70019130997999 111777071810638 112142040704126 6 2
6 1 0 20266037152634 20285469196878 24857297395608 24980237634892 44747634115342 44951716546347 7 8
13 1 9 12273691945766 12273691945767 0 0 11519728204105 11579679590891 0 9
7 0 0 17457015423964 17594507099663 203827189954120 204131172975881 223082034834794 223332139906466 10 4
8 0 0 8265857677557 8324845151745 184717248543580 185060656756317 193013257947871 193341270797717 11 12
14 0 0 4808100529683 4840551778630 174717034693118 175075491194926 179302069515653 179654102863775 3 13
17 0 0 9765822639956 9867993394565 270579328228473 270635880411338 281474976710656 281474976710656 14 1
9 0 0 4460105872861 4504947729425 260051421606247 260158312365775 264575587096830 264661364418424 15 16
15 0 0 2546429075787 2571501688490 254689603767279 254820504773431 257135674000766 257255757725732 5 17
0 0 0 24859507471045 24926407394704 69734795611750 70019130997999 85886960092322 86210339613813 6 18
1 0 0 10470190775418 10508702635239 95290456522936 95631930338620 102673994437076 103027285844334 19 20
10 0 0 5736285702877 5760108105252 107575383794728 107935359526523 111777071810638 112142040704126 21 2
2 0 0 12685913509184 12698077368883 24857297395608 24980237634892 32849847257573 33007232879662 7 22
3 0 0 4879644497811 4886665394076 37295510885711 37470985854648 40685275364531 40874029413566 23 24
11 0 0 2563050783180 2567291771036 42888276728608 43085422516172 44747634115342 44951716546347 25 8
16 1 10 7637950826179 7637950826180 0 0 4710343306081 4735478682531 0 26
4 1 0 2811934577733 2812725337452 7291503970803 7330048169088 9229871911190 9278315928562 27 28
12 1 0 1445561328543 1446145406877 10476085450448 10530817348547 11519728204105 11579679590891 29 9
0 0 0 10927552640360 11013618184058 203827189954120 204131172975881 211061915990998 211347320535628 10 30
1 0 0 4808739395241 4848761599735 215366056357146 215639456797164 218794540123275 219057871003429 31 32
10 0 0 2691579332656 2714577958999 221094666876615 221350989961535 223082034834794 223332139906466 33 4
2 0 0 5174171683736 5211096021240 184717248543580 185060656756317 188018587032893 188356184982833 11 34
3 0 0 2031432735059 2046335018569 189873518266723 190207668158818 191296950610367 191628365056077 35 36
11 0 0 1076960102755 1084958596014 192226278503995 192555865112161 193013257947871 193341270797717 37 12
16 0 0 2992093623933 3012288121628 174717034693118 175075491194926 176581676900376 176937618576475 3 38
4 0 0 1114572143542 1122219455953 177609393558589 177963892117895 178383958506408 178737342635808 39 40
12 0 0 575940947990 579920989226 178883207599807 179235861215793 179302069515653 179654102863775 41 13
0 0 0 6113103436229 6177059173919 270579328228473 270635880411338 274664889597466 274700767203376 14 42
1 0 0 2750249562875 2779720506152 277122286754368 277145422119498 279094239962681 279106983588004 43 44
18 0 0 1556514656230 1573393138765 280424475649178 280430125436208 281474976710656 281474976710656 45 1
2 0 0 2791888563056 2819958180697 260051421606247 260158312365775 261843412928619 261942034293069 15 46
3 0 0 1106787477325 1118035380732 262855123459175 262949021975284 263633863178312 263724099771568 47 48
11 0 0 589367802963 595386776732 264143402932863 264231230947104 264575587096830 264661364418424 49 16
16 0 0 1584649521037 1600252273962 254689603767279 254820504773431 255681879817987 255808420228985 5 50
4 0 0 593473491911 599352376513 256230240921952 256354355400094 256644214325652 256766489787933 51 52
12 0 0 307398257672 310451426174 256911356269914 257032441517741 257135674000766 257255757725732 53 17
13 0 0 38122687067 38124204481 1032105415843 1037686537675 1067852300852 1073625984352 54 55
17 0 0 30131788374 30456936919 279060477480321 279073400274598 279094239962681 279106983588004 56 44
19 0 0 39394780743 39432554341 24857297395608 24980237634892 24890131888689 25013218693154 7 57
21 0 0 31613169651 31885692873 223054422513926 223304615013862 223082034834794 223332139906466 58 4
6 1 5 38068025677 38068025678 0 0 37162413686 37364086676 0 59
7 0 0 30947459367 31284265550 281440466853741 281440653122880 281474976710656 281474976710656 60 1
21 0 0 421448709721 426029939727 281106089612000 281108078350625 281474976710656 281474976710656 61 1
9 0 0 190771369964 192841744356 280653501328256 280657922962098 280847520125944 280850899765748 62 63
15 0 0 108426572580 109602325090 280424475649178 280430125436208 280528834689216 280533925097713 45 64
0 0 0 263813879339 266681587870 281106089612000 281108078350625 281282767850649 281283804731960 61 65
1 0 0 119349264045 120647924606 281389319555060 281389781811412 281474976710656 281474976710656 66 1
-1
8 0 0 14415242935 14572107502 281406753117394 281407121314686 281421324097059 281421613670848 67 68
14 0 0 8313851455 8404315952 281389319555060 281389781811412 281397295102096 281397714329527 66 69
7 0 0 712430574529 720097326106 278300152946613 278317099072446 279094239962681 279106983588004 70 44
8 0 0 332067287667 335630802932 277523889339133 277544920383143 277859448373270 277878716432352 71 72
14 0 0 191581963363 193634904759 277122286754368 277145422119498 277306029123688 277328202477519 43 73
0 0 0 445959542149 450758691913 278300152946613 278317099072446 278597099574652 278612477003482 70 74
1 0 0 198131823506 200267644097 278774569867536 278789008157587 278916368806778 278930055860327 75 76
10 0 0 111428791686 112630995858 279011716563145 279024898042511 279094239962681 279106983588004 77 44
9 0 0 13651106250 13798396582 279028107670751 279041202202582 279041987675192 279055008571757 78 79
15 0 0 7762112564 7845857923 279011716563145 279024898042511 279019186324900 279032328181773 77 80
5 1 0 1683769318844 1683960753450 2948043126355 2963875208238 4710343306081 4735478682531 81 26
6 1 0 874275034930 874309834041 1032105415843 1037686537675 1885771853562 1895937978452 54 82
19 1 11 547154083892 547154083893 0 0 455616050717 458084891742 0 83
20 1 12 296576474126 296576474127 0 0 160027010358 160895063770 0 84
4 1 0 122139390462 122140672484 272173971927 273649765590 356311439387 358242865720 85 86
12 1 0 62711541201 62712533666 410368245745 412592263031 455616050717 458084891742 87 83
5 1 0 73260472465 73260708058 83387020006 83839469965 160027010358 160895063770 88 84
-1
2 0 0 547269177137 547290960307 1032105415843 1037686537675 1376001853689 1383433425856 54 89
3 0 0 209493626728 209506285087 1566781041884 1575237188149 1712006134183 1721241261662 90 91
11 0 0 109799178077 109806826685 1806275748902 1816016096921 1885771853562 1895937978452 92 82
5 0 0 122214637950 122220517366 1247423738682 1254163989796 1376001853689 1383433425856 93 89
6 0 0 62739221624 62741905279 1109151933934 1115148029013 1170566991543 1176893703831 94 95
5 0 0 2838492179017 2841761596537 29858363520702 30003146339613 32849847257573 33007232879662 96 22
6 0 0 1455330713873 1456826571385 26645587360106 26776449318684 28072038059916 28209130105372 97 98
13 0 0 883698792268 884546124872 24857297395608 24980237634892 25686832080694 25813462366673 7 99
16 0 0 549928086049 550455383361 24857297395608 24980237634892 25196651787106 25321104808038 7 100
4 0 0 202302246912 202500323570 25382514604442 25507794279041 25522047059585 25647946447445 101 102
12 0 0 103964820297 104067533038 25611734975718 25738032301534 25686832080694 25813462366673 103 99
5 0 0 121192780608 121309979302 25069714139183 25193601816601 25196651787106 25321104808038 104 100
6 0 0 62940457138 63000988076 24931674229712 25054946409255 24993183991018 25116730523877 105 106
17 0 0 727126927445 733373058935 222269330249217 222521996357125 223082034834794 223332139906466 107 4
9 0 0 329636207893 332457879402 221489655422949 221744754719086 221824035100455 222078093723446 108 109
15 0 0 187495004111 189097084901 221094666876615 221350989961535 221274686590180 221530452662680 33 110
0 0 0 455159005300 459068890753 222269330249217 222521996357125 222573377402064 222825088341079 107 111
1 0 0 205719208723 207490250995 222756657279511 223007790732421 222903949552778 223154617978960 112 113
18 0 0 116699120736 117704901969 223003419599161 223253773511727 223082034834794 223332139906466 114 4
9 0 0 14305326325 14428627483 223020554232418 223270853928872 223035071872362 223285325624402 115 116
15 0 0 8129242878 8199305446 223003419599161 223253773511727 223011226929641 223261556140236 114 117
178835361873790 179371580154832
1 121972489907950 124372664127965 0 118
222697964583563 222697964583564
74290118234948 74290118234949
157144812870925 157144812870926
124330163839730 124330163839731
100844361320859 100844361320860
86238015427197 86238015427198
180630615389796 180630615389797
207230329813276 207230329813277
195236961283458 195236961283459
215461961389066 215461961389067
110024633177393 110024633177394
119356494556657 119356494556658
115277832901678 115277832901679
122041945193153 122041945193154
79103989580119 79103989580120
83815440986657 83815440986658
81783479650615 81783479650616
85130887495109 85130887495110
171450343533262 171450343533263
166197143808977 166197143808978
162118482153998 162118482153999
159433031517502 159433031517503
202370987130536 202370987130537
199691497060040 199691497060041
197659535723998 197659535723999
196344089215546 196344089215547
219724858965771 219724858965772
218104110521984 218104110521985
216890886472456 216890886472457
216112643713183 216112643713184
106549533214591 106549533214592
104496874026261 104496874026262
102869632265219 102869632265220
101781795739296 101781795739297
117728312616815 117728312616816
116816450331236 116816450331237
116118150061543 116118150061544
115662919042574 115662919042575
123397984511852 123397984511853
122885146713689 122885146713690
122499074933944 122499074933945
122250431600834 122250431600835
77291579817693 77291579817694
76205700303586 76205700303587
75336629342194 75336629342195
74751525986480 74751525986481
83009271060438 83009271060439
82554896751387 82554896751388
82205529682065 82205529682066
81977111204780 81977111204781
85788501933392 85788501933393
85540318655562 85540318655563
85353066920356 85353066920357
85232280850561 85232280850562
222044802271731 222044802271732
222022197300482 222022197300483
75351491818558 75351491818559
207210255392417 207210255392418
100857370221053 100857370221054
222674429829821 222674429829822
74305266710793 74305266710794
74452077448081 74452077448082
74650882682354 74650882682355
74565644309826 74565644309827
74705662928103 74705662928104
74374498315228 74374498315229
74327719516362 74327719516363
74320066321618 74320066321619
74313669899628 74313669899629
74324218295155 74324218295156
75686350326485 75686350326486
76028541937036 76028541937037
75880582328674 75880582328675
76124635765901 76124635765902
75555534390087 75555534390088
75477374287401 75477374287402
75414936169070 75414936169071
75372957764282 75372957764283
75365741792294 75365741792295
75359631411035 75359631411036
75369669281319 75369669281320
220834860642881 220834860642882
221505291187730 221505291187731
222409511685390 222409511685391
222596629249008 222596629249009
222525627236523 222525627236524
222472365947540 222472365947541
222438149907917 222438149907918
222645157783361 222645157783362
221827383080658 221827383080659
221706814152412 221706814152413
221615056584494 221615056584495
221555504396577 221555504396578
221908660607183 221908660607184
221996082419299 221996082419300
221957250856418 221957250856419
204183396892962 204183396892963
206138347368461 206138347368462
205269276407069 205269276407070
206723450724175 206723450724176
207022899262574 207022899262575
206909332400829 206909332400830
206824094028301 206824094028302
206769313782552 206769313782553
207100478395427 207100478395428
207184858475707 207184858475708
207147257194293 207147257194294
101227433488789 101227433488790
101595297990621 101595297990622
101437488352939 101437488352940
101696786375930 101696786375931
101084074471204 101084074471205
100997683499139 100997683499140
100928269825594 100928269825595
100881400217797 100881400217798
100873327075719 100873327075720
100866487087874 100866487087875
100877721700162 100877721700163
9 0 1 281474976710656 281474976710656 0 0 281474976710656 281474976710656 0 1
2 1 8 176194644402237 176194644402238 0 0 111358917123258 111560476899186 0 2
3 1 0 69766149246037 70025469659699 174305272747043 174503893829033 222794162683336 222933099989818 3 4
11 1 0 37130501466829 37332129777533 254538739260899 254611578142828 281474976710656 281474976710656 5 1
5 1 0 39883918006834 39942918581214 69409589837618 69566270970628 111358917123258 111560476899186 6 2
6 1 0 20296975047744 20307664654232 24716945956210 24784531363892 44514457498048 44626767805517 7 8
13 1 9 12273691945766 12273691945767 0 0 11451323972793 11484258615927 0 9
7 0 0 17676589608489 17753301711320 203477582133207 203646278124739 222794162683336 222933099989818 10 4
8 0 0 8360029756445 8392891530993 184322609760397 184512992919758 192636182092152 192818109724908 11 12
14 0 0 4859899272156 4877963492459 174305272747043 174503893829033 178897609329306 179092718493187 3 13
17 0 0 9929176617071 9986483510502 270514108573972 270545602994587 281474976710656 281474976710656 14 1
9 0 0 4531787535954 4556918097941 259928201825103 259987697207724 264476687640190 264524442679707 15 16
15 0 0 2586505045836 2600550443082 254538739260899 254611578142828 256997262518612 257064090826411 5 17
0 0 0 24966101188476 25003033726295 69409589837618 69566270970628 85516851272766 85695199155891 6 18
1 0 0 10531579787599 10552883498986 94899486981979 95087907446716 102269371055566 102464388172594 19 20
10 0 0 5774267294376 5787458001225 107163021445496 107361779650730 111358917123258 111560476899186 21 2
2 0 0 12705279676262 12711971039865 24716945956210 24784531363892 32670112882030 32756670802163 7 22
3 0 0 4890824896502 4894690903771 37095081700459 37191610888597 40469648518561 40573501105495 23 24
11 0 0 2569804974305 2572141276895 42663042936772 42771525253970 44514457498048 44626767805517 25 8
16 1 10 7637950826179 7637950826180 0 0 4681672026971 4695475339941 0 26
4 1 0 2813193173507 2813627568628 7247532908431 7268702672110 9174602754458 9201212547140 27 28
12 1 0 1446491014969 1446811952704 10413639319491 10443704953120 11451323972793 11484258615927 29 9
0 0 0 11064999300146 11113018707901 203477582133207 203646278124739 210733577005902 210892023265806 10 30
1 0 0 4872667519149 4895017892370 215051471384703 215203287852562 218491498665723 218637750047867 31 32
10 0 0 2728319031535 2741168418851 220799661975532 220942038564763 222794162683336 222933099989818 33 4
2 0 0 5233120497397 5253690953601 184322609760397 184512992919758 187630572409899 187817766979022 11 34
3 0 0 2055225977366 2063531387894 189489437213282 189674737991336 190915991361641 191099789007991 35 36
11 0 0 1089731150665 1094189737845 191847405805749 192030198716216 192636182092152 192818109724908 37 12
16 0 0 3024328117809 3035569529684 174305272747043 174503893829033 176172772272063 176370019276133 3 38
4 0 0 1126779403564 1131037308486 177202129495004 177398587432298 177977961765152 178173810099092 39 40
12 0 0 582294351392 584510599823 178478041779681 178673490401529 178897609329306 179092718493187 41 13
0 0 0 6215357982071 6251230327911 270514108573972 270545602994587 274623506226432 274643491094810 14 42
1 0 0 2797373983090 2813912595529 277095598335192 277108487075908 279079538015412 279086638243421 43 44
18 0 0 1583505101533 1592979504966 280417957297216 280421105348878 281474976710656 281474976710656 45 1
2 0 0 2836759070859 2852490026715 259928201825103 259987697207724 261729717390532 261784615217245 15 46
3 0 0 1124768608224 1131073628733 262746868128307 262799139758923 263529826321553 263580061488218 47 48
11 0 0 598990072007 602364355989 264042140878153 264091036490752 264476687640190 264524442679707 49 16
16 0 0 1609588902756 1618329390458 254538739260899 254611578142828 255536034956905 255606451103392 5 50
4 0 0 602870527897 606164214636 256087188843468 256156257024667 256503279453500 256571325730635 51 52
12 0 0 312278617163 313989268597 256771791700723 256839176573082 256997262518612 257064090826411 53 17
13 0 0 38125101965 38125935128 1025740139753 1028804468068 1061267398236 1064437458965 54 55
17 0 0 30651722443 30834218477 279045568851868 279052768892685 279079538015412 279086638243421 56 44
19 0 0 39454920354 39475699687 24716945956210 24784531363892 24749612936627 24817279034389 7 57
21 0 0 32048532967 32200815941 222766450060504 222905435732392 222794162683336 222933099989818 58 4
6 1 5 38068025677 38068025678 0 0 36932414846 37043138082 0 59
7 0 0 31486056821 31675131527 281440251939666 281440355734074 281474976710656 281474976710656 60 1
21 0 0 428774657854 431346379662 281103795071830 281104903233428 281474976710656 281474976710656 61 1
9 0 0 194082126532 195244311438 280648399890248 280650863646820 280843620852117 280845504023652 62 63
15 0 0 110306722867 110966708360 280417957297216 280421105348878 280522961686028 280525798068542 45 64
0 0 0 268399696670 270009515115 281103795071830 281104903233428 281281571522911 281282149297559 61 65
1 0 0 121425991528 122155024672 281388786212889 281389043794446 281474976710656 281474976710656 66 1
-1
8 0 0 14666089894 14754149568 281406328298388 281406533467919 281420989992148 281421151350652 67 68
14 0 0 8458515974 8509300312 281388786212889 281389043794446 281396811405677 281397045010471 66 69
7 0 0 724690058023 728992914778 278280603338841 278290044633187 279079538015412 279086638243421 70 44
8 0 0 337765434114 339765284257 277499628013408 277511344682400 277837220511610 277847955188693 71 72
14 0 0 194864643258 196016720469 277095598335192 277108487075908 277280450264242 277292803186985 43 73
0 0 0 453633600284 456327055755 278280603338841 278290044633187 278579359449714 278587926900900 70 74
1 0 0 201547125369 202745869694 278757913055147 278765957345551 278900578570009 278908204366182 75 76
10 0 0 113351194210 114025952412 278996509528327 279003853678774 279079538015412 279086638243421 77 44
9 0 0 13886633119 13969302511 279013000934188 279020296647535 279026965880633 279034220572869 78 79
15 0 0 7896026829 7943030383 278996509528327 279003853678774 279004024996557 279011347073949 77 80
5 1 0 1684073988995 1684179115396 2929985190215 2938678710078 4681672026971 4695475339941 81 26
6 1 0 874330416257 874349523312 1025740139753 1028804468068 1874176967506 1879758953748 54 82
19 1 11 547154083892 547154083893 0 0 452800401587 454155883504 0 83
20 1 12 296576474126 296576474127 0 0 159037030044 159513614956 0 84
4 1 0 122141430718 122142134593 270490880290 271301135901 354108706798 355169123303 85 86
12 1 0 62713120649 62713665552 407831816475 409052878502 452800401587 454155883504 87 83
5 1 0 73260847393 73260976740 82871020495 83119426815 159037030044 159513614956 88 84
-1
2 0 0 547303844138 547315804565 1025740139753 1028804468068 1367526016488 1371606412911 54 89
3 0 0 209513772159 209520722744 1557136584179 1561779582317 1701473164736 1706543915216 90 91
11 0 0 109811350677 109815550535 1795166515433 1800514694955 1874176967506 1879758953748 92 82
5 0 0 122223994828 122227223078 1239736405951 1243437198952 1367526016488 1371606412911 93 89
6 0 0 62743492552 62744966069 1102313358616 1105605542348 1163351327415 1166825049293 94 95
5 0 0 2843697887348 2845497111401 29693041960900 29772656124696 32670112882030 32756670802163 96 22
6 0 0 1457712352092 1458535342604 26496181273757 26568128360970 27915509820462 27990887835040 97 98
13 0 0 885047836500 885513955865 24716945956210 24784531363892 25542263048146 25611880071705 7 99
16 0 0 550767599829 551057667137 24716945956210 24784531363892 25054571330829 25122989601248 7 100
4 0 0 202617608994 202726575883 25239489310635 25308362709780 25378313443546 25447528043298 101 102
12 0 0 104128352088 104184857941 25467546518199 25536980216882 25542263048146 25611880071705 103 99
5 0 0 121379374155 121443846474 24928279842307 24996386858652 25054571330829 25122989601248 104 100
6 0 0 63036828994 63070127380 24790943407549 24858711562261 24852139601667 24920058800593 105 106
17 0 0 737105159106 740595211846 221978520093479 222118874080836 222794162683336 222933099989818 107 4
9 0 0 334143784281 335720308119 221196054203749 221337753981635 221531627584365 221672751788814 108 109
15 0 0 190054285908 190949372262 220799661975532 220942038564763 220980320571996 221122389113096 33 110
0 0 0 461405070225 463589735479 221978520093479 222118874080836 222283662975594 222423488616138 107 111
1 0 0 208548482820 209538098419 222467605340488 222607111535295 222615431099529 222754680050644 112 113
18 0 0 118305882414 118867899616 222715261966198 222854336931171 222794162683336 222933099989818 114 4
9 0 0 14502303189 14571202333 222732458798391 222871503771219 222747029147745 222886048704236 115 116
15 0 0 8241169651 8280319684 222715261966198 222854336931171 222723097635771 222862158935719 114 117
129901684136389 130852697049111
0 74072362292277 79164837199872 0 110
74290118234948 74290118234949
222044802271731 222044802271732
157144812870925 157144812870926
100844361320859 100844361320860
124330163839730 124330163839731
86238015427197 86238015427198
180630615389796 180630615389797
195236961283458 195236961283459
207230329813276 207230329813277
215461961389066 215461961389067
110024633177393 110024633177394
115277832901678 115277832901679
119356494556657 119356494556658
122041945193153 122041945193154
79103989580119 79103989580120
81783479650615 81783479650616
83815440986657 83815440986658
85130887495109 85130887495110
171450343533262 171450343533263
162118482153998 162118482153999
166197143808977 166197143808978
159433031517502 159433031517503
202370987130536 202370987130537
197659535723998 197659535723999
199691497060040 199691497060041
196344089215546 196344089215547
219724858965771 219724858965772
216890886472456 216890886472457
218104110521984 218104110521985
216112643713183 216112643713184
106549533214591 106549533214592
102869632265219 102869632265220
104496874026261 104496874026262
101781795739296 101781795739297
117728312616815 117728312616816
116118150061543 116118150061544
116816450331236 116816450331237
115662919042574 115662919042575
123397984511852 123397984511853
122499074933944 122499074933945
122885146713689 122885146713690
122250431600834 122250431600835
77291579817693 77291579817694
75336629342194 75336629342195
76205700303586 76205700303587
74751525986480 74751525986481
83009271060438 83009271060439
82205529682065 82205529682066
82554896751387 82554896751388
81977111204780 81977111204781
85788501933392 85788501933393
85353066920356 85353066920357
85540318655562 85540318655563
85232280850561 85232280850562
222022197300482 222022197300483
75351491818558 75351491818559
207210255392417 207210255392418
100857370221053 100857370221054
74305266710793 74305266710794
74452077448081 74452077448082
74565644309826 74565644309827
74650882682354 74650882682355
74705662928103 74705662928104
74374498315228 74374498315229
74327719516362 74327719516363
74313669899628 74313669899629
74320066321618 74320066321619
74324218295155 74324218295156
75686350326485 75686350326486
75880582328674 75880582328675
76028541937036 76028541937037
76124635765901 76124635765902
75555534390087 75555534390088
75414936169070 75414936169071
75477374287401 75477374287402
75372957764282 75372957764283
75359631411035 75359631411036
75365741792294 75365741792295
75369669281319 75369669281320
220834860642881 220834860642882
221505291187730 221505291187731
221827383080658 221827383080659
221615056584494 221615056584495
221706814152412 221706814152413
221555504396577 221555504396578
221908660607183 221908660607184
221957250856418 221957250856419
221996082419299 221996082419300
204183396892962 204183396892963
205269276407069 205269276407070
206138347368461 206138347368462
206723450724175 206723450724176
207022899262574 207022899262575
206824094028301 206824094028302
206909332400829 206909332400830
206769313782552 206769313782553
207100478395427 207100478395428
207147257194293 207147257194294
207184858475707 207184858475708
101227433488789 101227433488790
101437488352939 101437488352940
101595297990621 101595297990622
101696786375930 101696786375931
101084074471204 101084074471205
100928269825594 100928269825595
100997683499139 100997683499140
100881400217797 100881400217798
100866487087874 100866487087875
100873327075719 100873327075720
100877721700162 100877721700163
10 0 1 281474976710656 281474976710656 0 0 281474976710656 281474976710656 0 1
17 1 0 75626555513480 76281762023196 166189828002169 166686004791901 281474976710656 281474976710656 2 1
9 1 0 34408865556771 34508859105874 55824471065284 56151632907264 103128873089477 103605976341456 3 4
15 1 2 19607503771235 19607503771236 0 0 25435246077973 25604519170914 0 5
0 0 0 47339888652913 47750027697380 166189828002169 166686004791901 209290799505327 209681610071198 2 6
1 0 0 21348051749202 21610140589212 235288980928429 235569908307802 256191544006452 256358902741557 7 8
18 0 0 12096363615088 12267052927272 270312197453415 270390131480319 281474976710656 281474976710656 9 1
2 0 0 21538887406293 21601480280560 55824471065284 56151632907264 74539338888126 74939754961173 3 10
3 0 0 8547242311989 8585129287686 85118040224857 85551790029328 93267034391436 93722489635280 11 12
11 0 0 4553536848722 4576922686593 98601996063914 99069790153163 103128873089477 103605976341456 13 4
16 1 3 12201801242085 12201801242086 0 0 10311640872325 10384347520712 0 14
4 1 0 4572268799201 4576078423477 16013937152486 16124459448539 20320546141471 20458500408710 15 16
12 1 0 2368851415894 2371698831516 23100466867782 23255613161019 25435246077973 25604519170914 17 5
5 0 0 11274819045208 11388084828415 192637432696047 193080325382816 209290799505327 209681610071198 18 6
6 0 0 5552226364628 5603017007374 175454652660945 175936277047054 182996626753818 183463128745499 19 20
13 0 0 3297689393704 3326259616732 166189828002169 166686004791901 170461576938054 170951595470020 2 21
7 0 0 5532386727896 5603921988479 247769970516922 247985787265677 256191544006452 256358902741557 22 8
8 0 0 2577952525404 2610175906702 239543035968900 239802670780908 243098649883338 243339773887873 23 24
14 0 0 1487102015506 1505359083964 235288980928429 235569908307802 237235124259526 237506426248807 7 25
21 0 0 3276067023650 3323537853378 277553965639129 277582068686799 281474976710656 281474976710656 26 1
9 0 0 1482690747498 1503801654903 272744988556981 272806482491880 274806303537601 274853630088431 27 28
15 0 0 842630836931 854521028279 270312197453415 270390131480319 271420675679096 271491156591123 9 29
5 0 0 4879858748070 4897005643999 67489377055802 67864341537352 74539338888126 74939754961173 30 10
6 0 0 2481971804877 2489721631784 59978376190303 60323374235843 63305526106071 63664161298048 31 32
13 0 0 1500395598153 1504755808190 55824471065284 56151632907264 57748969076612 58084506309465 3 33
7 0 0 2166399828113 2176556490312 90020709255347 90467931766994 93267034391436 93722489635280 34 12
8 0 0 1024338858774 1028969305615 86801543827305 87240060985762 88198714447708 88641076110134 35 36
14 0 0 595399590487 598038791413 85118040224857 85551790029328 85889823700804 86325777358120 11 37
17 0 0 1217918370123 1224343834946 101286800593616 101760244328446 103128873089477 103605976341456 38 4
9 0 0 555797900403 558678595293 99507743732182 99977485680956 100272157692217 100743510363674 39 40
15 0 0 317198679531 318827733417 98601996063914 99069790153163 99015173014589 99483860954477 13 41
5 1 0 2709110154515 2710017717385 6439495606730 6485553034783 10311640872325 10384347520712 42 14
6 1 0 1400161717613 1400325533704 2249074366338 2265407366066 4113686669229 4143359735972 43 44
19 1 4 874091170836 874091170837 0 0 992126056118 999363643196 0 45
7 0 0 1147144734294 1148255746384 18613738876393 18740937320867 20320546141471 20458500408710 46 16
8 0 0 546043002791 546523421539 16909694829321 17026002804862 17650693951954 17771756290414 47 48
14 0 0 318503544333 318768922177 16013937152486 16124459448539 16424981677365 16538164114467 15 49
17 0 0 630108899224 630911807488 24487824033895 24651399033426 25435246077973 25604519170914 50 5
9 0 0 288601300901 288955250333 23569371458946 23727377783025 23964421887967 24124828851955 51 52
15 0 0 165013826853 165212177391 23100466867782 23255613161019 23314477604857 23470930659134 17 53
10 0 0 37653706906 38206976931 281436839272634 281437116411115 281474976710656 281474976710656 54 1
16 0 0 37994021610 37998466834 2249074366338 2265407366066 2280985951176 2297548789116 43 55
18 0 0 37587292087 38089811971 256156885520208 256324451148523 256191544006452 256358902741557 56 8
20 0 0 36254945802 36360304136 55824471065284 56151632907264 55851198668902 56178478152168 3 57
-1
2 1 5 38068025677 38068025678 0 0 32585193243 32823722298 0 58
20 1 6 473787704676 473787704677 0 0 348338346490 350885359663 0 59
4 1 0 195248773272 195254791502 592536658882 596865433364 775789501763 781453304653 60 61
12 1 0 100282470270 100287131592 893546412592 900067166157 992126056118 999363643196 62 45
5 1 0 117058850925 117059956104 181495145296 182823011971 348338346490 350885359663 63 59
6 1 7 60814542220 60814542221 0 0 80880808396 81472767074 0 64
-1
3 1 0 14570143780 14570182178 50660536090 51031355680 64419125468 64890630492 65 66
11 1 0 7635938060 7635967196 73349863987 73886718896 80880808396 81472767074 67 64
2 0 0 876458002851 876560546666 2249074366338 2265407366066 2999749260527 3021474745476 43 68
3 0 0 335940613102 336000319546 3416469606883 3441175866379 3733818765930 3760788902268 69 70
11 0 0 176174253989 176210362500 3939880408511 3968317703859 4113686669229 4143359735972 71 44
5 0 0 195830104426 195857803611 2719006977410 2738719201472 2999749260527 3021474745476 72 68
6 0 0 100496317727 100508954558 2417199544598 2434742839799 2551238043272 2569745190643 73 74
13 0 0 61053930253 61061073441 2249074366338 2265407366066 2327074543474 2343969233140 43 75
4 0 0 13974786534 13976457462 2298462317243 2315151003373 2311581638751 2328364787260 76 77
12 0 0 7181291673 7182158373 2320014097765 2336857957316 2327074543474 2343969233140 78 75
0 0 0 2050716802664 2080432076331 277553965639129 277582068686799 279431774326539 279446516924797 26 79
1 0 0 927837717493 941428614413 280564389039833 280570985766160 281474976710656 281474976710656 80 1
-1
-1
-1
-1
-1
-1
7 0 0 240594262414 244125323629 281108107774485 281110770659230 281474976710656 281474976710656 81 1
8 0 0 112066798670 113709432937 280749712911358 280754970509618 280904608847951 280908745835860 82 83
14 0 0 64633033307 65579773106 280564389039833 280570985766160 280649171090886 280655155410793 80 84
0 0 0 150604579514 152814914807 281108107774485 281110770659230 281245268357019 281246936481797 81 85
1 0 0 66938405099 67921589586 281327259001136 281328332026481 281392778511863 281393375739800 86 87
0 0 0 3463103269813 3507882134165 247769970516922 247985787265677 250918514115368 251116640590209 22 88
1 0 0 1538857029550 1559160192949 252800630661887 252987939074217 254304652312251 254483185047515 89 90
10 0 0 865522728455 877056148119 255316083511394 255488649386697 256191544006452 256358902741557 91 8
17 0 0 234052657301 237177837842 255833362616308 256002856532592 256191544006452 256358902741557 92 8
9 0 0 106035542191 107449471617 255489965765288 255661500541830 255637211349227 255807871764455 93 94
15 0 0 60292180713 61095596962 255316083511394 255488649386697 255395324890607 255567421067636 91 95
0 0 0 146509736696 148466003220 255833362616308 256002856532592 255967336265630 256136032313311 92 96
1 0 0 66245669854 67130957980 256048112058491 256216326607329 256113036183653 256280863481378 97 98
16 0 0 933700132702 936413502893 55824471065284 56151632907264 56611268166388 56941877488420 3 99
4 0 0 343929712518 344951009418 57042484170358 57374969235356 57366345594171 57700233042804 100 101
12 0 0 176849229131 177379283985 57574576835470 57909363076356 57748969076612 58084506309465 102 33
5 0 0 205876952985 206480520867 56316881435053 56646204634815 56611268166388 56941877488420 103 99
6 0 0 106883766925 107195335308 55996855923471 56324775860723 56139443365030 56467989186195 104 105
19 0 0 66886767454 67081143095 55824471065284 56151632907264 55900568246226 56228064931202 3 106
4 0 0 14931211339 14974637401 55869929491091 56197291395675 55883982219073 56211405947921 107 108
12 0 0 7666395177 7688701404 55893010870955 56220474315462 55900568246226 56228064931202 109 106
129047304476116 129433098441946
0 81718541625674 83843610084026 0 110
74290118234948 74290118234949
222044802271731 222044802271732
157144812870925 157144812870926
100844361320859 100844361320860
124330163839730 124330163839731
86238015427197 86238015427198
180630615389796 180630615389797
195236961283458 195236961283459
207230329813276 207230329813277
215461961389066 215461961389067
110024633177393 110024633177394
115277832901678 115277832901679
119356494556657 119356494556658
122041945193153 122041945193154
79103989580119 79103989580120
81783479650615 81783479650616
83815440986657 83815440986658
85130887495109 85130887495110
171450343533262 171450343533263
162118482153998 162118482153999
166197143808977 166197143808978
159433031517502 159433031517503
202370987130536 202370987130537
197659535723998 197659535723999
199691497060040 199691497060041
196344089215546 196344089215547
219724858965771 219724858965772
216890886472456 216890886472457
218104110521984 218104110521985
216112643713183 216112643713184
106549533214591 106549533214592
102869632265219 102869632265220
104496874026261 104496874026262
101781795739296 101781795739297
117728312616815 117728312616816
116118150061543 116118150061544
116816450331236 116816450331237
115662919042574 115662919042575
123397984511852 123397984511853
122499074933944 122499074933945
122885146713689 122885146713690
122250431600834 122250431600835
77291579817693 77291579817694
75336629342194 75336629342195
76205700303586 76205700303587
74751525986480 74751525986481
83009271060438 83009271060439
82205529682065 82205529682066
82554896751387 82554896751388
81977111204780 81977111204781
85788501933392 85788501933393
85353066920356 85353066920357
85540318655562 85540318655563
85232280850561 85232280850562
222022197300482 222022197300483
75351491818558 75351491818559
207210255392417 207210255392418
100857370221053 100857370221054
74305266710793 74305266710794
74452077448081 74452077448082
74565644309826 74565644309827
74650882682354 74650882682355
74705662928103 74705662928104
74374498315228 74374498315229
74327719516362 74327719516363
74313669899628 74313669899629
74320066321618 74320066321619
74324218295155 74324218295156
75686350326485 75686350326486
75880582328674 75880582328675
76028541937036 76028541937037
76124635765901 76124635765902
75555534390087 75555534390088
75414936169070 75414936169071
75477374287401 75477374287402
75372957764282 75372957764283
75359631411035 75359631411036
75365741792294 75365741792295
75369669281319 75369669281320
220834860642881 220834860642882
221505291187730 221505291187731
221827383080658 221827383080659
221615056584494 221615056584495
221706814152412 221706814152413
221555504396577 221555504396578
221908660607183 221908660607184
221957250856418 221957250856419
221996082419299 221996082419300
204183396892962 204183396892963
205269276407069 205269276407070
206138347368461 206138347368462
206723450724175 206723450724176
207022899262574 207022899262575
206824094028301 206824094028302
206909332400829 206909332400830
206769313782552 206769313782553
207100478395427 207100478395428
207147257194293 207147257194294
207184858475707 207184858475708
101227433488789 101227433488790
101437488352939 101437488352940
101595297990621 101595297990622
101696786375930 101696786375931
101084074471204 101084074471205
100928269825594 100928269825595
100997683499139 100997683499140
100881400217797 100881400217798
100866487087874 100866487087875
100873327075719 100873327075720
100877721700162 100877721700163
11 0 1 281474976710656 281474976710656 0 0 281474976710656 281474976710656 0 1
17 1 0 75037009976513 75303324917800 166931573545385 167134297913102 281474976710656 281474976710656 2 1
9 1 0 34318153466494 34359218175734 56314247278175 56448838876673 103842683077785 104038380812749 3 4
15 1 2 19607503771235 19607503771236 0 0 25688755155695 25758525108638 0 5
0 0 0 46970851349992 47137556280312 166931573545385 167134297913102 209874708561236 210033956732486 2 6
1 0 0 21113427843259 21219273759781 235708574462511 235822863078136 256441444633762 256509442577242 7 8
18 0 0 11943954827432 12012664935984 270428547876558 270460184893759 281474976710656 281474976710656 9 1
2 0 0 21482104438669 21507809678711 56314247278175 56448838876673 75138635313476 75303170686277 3 10
3 0 0 8512946749594 8528463304233 85767138210214 85945253173903 93948542595343 94135475652172 11 12
11 0 0 4532388994872 4541954556572 99301919087149 99493852544483 103842683077785 104038380812749 13 4
16 1 3 12201801242085 12201801242086 0 0 10420550107564 10450546276298 0 14
4 1 0 4568802531752 4570372897947 16179479238728 16225060516517 20527164763413 20584044117335 15 16
12 1 0 2366262001513 2367434954709 23332826192660 23396782791167 25688755155695 25758525108638 17 5
5 0 0 11173103096660 11219027800440 193299298457869 193479955576415 209874708561236 210033956732486 18 6
6 0 0 5506556956479 5527183485376 176174558029428 176371223500482 183693860661105 183884261931554 19 20
13 0 0 3271982311698 3283594951615 166931573545385 167134297913102 171194076265483 171394231427655 2 21
7 0 0 5468406684372 5497263109604 248092263408432 248179995543007 256441444633762 256509442577242 22 8
8 0 0 2549114953227 2562123390797 239930805847137 240036404286370 243458757161458 243556805330273 23 24
14 0 0 1470758150149 1478131360485 235708574462511 235822863078136 237640331235157 237750690697701 7 25
21 0 0 3233702810260 3252799127990 277595917790604 277607321012685 281474976710656 281474976710656 26 1
9 0 0 1463844154558 1472340326054 272836792150918 272861751625139 274876954951715 274896161649832 27 28
15 0 0 832014064124 836800399764 270428547876558 270460184893759 271525897602544 271554507097449 9 29
5 0 0 4864316918069 4871351003484 68050631511972 68204776368543 75138635313476 75303170686277 30 10
6 0 0 2474943492123 2478124902676 60494826323336 60636718760441 63842367525790 63989838065951 31 32
13 0 0 1496440105325 1498230728410 56314247278175 56448838876673 58251271153595 58389291721949 3 33
7 0 0 2157209290034 2161367028235 90689926611360 90873517858524 93948542595343 94135475652172 34 12
8 0 0 1020147868888 1022043962793 87457761829751 87637815550726 88860673634446 89042290069114 35 36
14 0 0 593010566863 594091447684 85767138210214 85945253173903 86542213220916 86721224556357 11 37
17 0 0 1212108968361 1214736530907 101995152250600 102189371223941 103842683077785 104038380812749 38 4
9 0 0 553193058055 554371255349 100210572987577 100403294760529 100977389976145 101170763369192 39 40
15 0 0 315725523270 316391858835 99301919087149 99493852544483 99716429705371 99908724952353 13 41
5 1 0 2708283799859 2708658243193 6508489720635 6527495980778 10420550107564 10450546276298 42 14
6 1 0 1400012513099 1400080127149 2273542558666 2280284375472 4158138318048 4170385119971 43 44
19 1 4 874091170836 874091170837 0 0 1002968740206 1005956454028 0 45
7 0 0 1146134052130 1146591910914 18804252358030 18856702626438 20527164763413 20584044117335 46 16
8 0 0 545605912773 545803929650 17083900780478 17131865481189 17832019243537 17881942298678 47 48
14 0 0 318262084673 318371476143 16179479238728 16225060516517 16594507264123 16641184428212 15 49
17 0 0 629378817038 629709520839 24732802457440 24800227802214 25688755155695 25758525108638 50 5
9 0 0 288279433684 288425231804 23806012756122 23871146445608 24204657323298 24270778974760 51 52
15 0 0 164833448644 164915156385 23332826192660 23396782791167 23548793389414 23613287815634 17 53
10 0 0 37160095200 37382581720 281437252963748 281437365389777 281474976710656 281474976710656 54 1
16 0 0 37989972878 37991807616 2273542558666 2280284375472 2305798450007 2312635124089 43 55
18 0 0 37138123484 37340676004 256407095191662 256475177341838 256441444633762 256509442577242 56 8
20 0 0 36159366891 36202634776 56314247278175 56448838876673 56341150827120 56475790597422 3 57
-1
2 1 5 38068025677 38068025678 0 0 32942539870 33041011833 0 58
20 1 6 473787704676 473787704677 0 0 352154078064 353205540844 0 59
4 1 0 195243291162 195245775535 599021662332 600808647832 784274511603 786612590768 60 61
12 1 0 100278224286 100280148463 903315215433 906007033255 1002968740206 1005956454028 62 45
5 1 0 117057844168 117058300413 183484453322 184032631477 352154078064 353205540844 63 59
6 1 7 60814542220 60814542221 0 0 81767636649 82012014242 0 64
-1
3 1 0 14570108802 14570124654 51216070505 51369155803 65125499209 65320150265 65 66
11 1 0 7635911519 7635923548 74154139970 74375769245 81767636649 82012014242 67 64
2 0 0 876364605432 876406929741 2273542558666 2280284375472 3032295527830 3041262793714 43 68
3 0 0 335886236906 335910877659 3453481079219 3463678403448 3774221496739 3785352997932 69 70
11 0 0 176141370322 176156271513 3982480909595 3994217806167 4158138318048 4170385119971 71 44
5 0 0 195804876755 195816308913 2748537349141 2756673778030 3032295527830 3041262793714 72 68
6 0 0 100484808184 100490023873 2443480802990 2450722120481 2578963181111 2586602282148 73 74
13 0 0 61047424203 61050372509 2273542558666 2280284375472 2352384168481 2359357801494 43 75
4 0 0 13973264651 13973954313 2323463341395 2330351954531 2336724171042 2343651769857 76 77
12 0 0 7180502284 7180860007 2345247577417 2352200232323 2352384168481 2359357801494 78 75
0 0 0 2024198113148 2036151818417 277595917790604 277607321012685 279453781510393 279459762841381 26 79
1 0 0 915711529650 921177279899 280574236237354 280576912457900 281474976710656 281474976710656 80 1
-1
-1
-1
-1
-1
-1
7 0 0 237443874340 238863863514 281112082741667 281113163008952 281474976710656 281474976710656 81 1
8 0 0 110601213261 111261807963 280757561120289 280759694046651 280910784268716 280912462564726 82 83
14 0 0 63788324918 64169068245 280574236237354 280576912457900 280658104115186 280660531876360 80 84
0 0 0 148632533853 149521403232 281112082741667 281113163008952 281247758412095 281248435123833 81 85
1 0 0 66061228926 66456600996 281328860733484 281329296027762 281393670008520 281393912285045 86 87
0 0 0 3423053738059 3441116969264 248092263408432 248179995543007 251214377118428 251294902260308 22 88
1 0 0 1520704916987 1528891135584 253080332301600 253156451766272 254571244404716 254643790812879 89 90
10 0 0 855213144937 859862325014 255573762332738 255643879734938 256441444633762 256509442577242 91 8
17 0 0 231259202831 232518918536 256086452658547 256155319652212 256441444633762 256509442577242 92 8
9 0 0 104771664062 105341617005 255746104361731 255815802056022 255892043856559 255961385650738 93 94
15 0 0 59574016704 59897877877 255573762332738 255643879734938 255652302089576 255722228300218 91 95
0 0 0 144761120451 145549663587 256086452658547 256155319652212 256219234492285 256287776736627 92 96
1 0 0 65454364220 65811204129 256299291048848 256367637315939 256363636720955 256431825372627 97 98
16 0 0 931238619096 932352928559 56314247278175 56448838876673 57106200387431 57242203564646 3 99
4 0 0 343003296882 343422668668 57540221665180 57676992784686 57866180398790 58003525624343 100 101
12 0 0 176368436838 176586080666 58075755799270 58213468953304 58251271153595 58389291721949 102 33
5 0 0 205329428668 205577286616 56809890165393 56945366760395 57106200387431 57242203564646 103 99
6 0 0 106601122122 106729072960 56487765947155 56622667966745 56631289458099 56766447754240 104 105
19 0 0 66710433873 66790258815 56314247278175 56448838876673 56390845252745 56525573962283 3 106
4 0 0 14891816244 14909650105 56360004919244 56494678439323 56374150111995 56508848947721 107 108
12 0 0 7646159530 7655320050 56383238162849 56517953261211 56390845252745 56525573962283 109 106
128613394332233 128821482915491
0 85097085982291 86258460604879 0 110
74290118234948 74290118234949
222044802271731 222044802271732
157144812870925 157144812870926
100844361320859 100844361320860
124330163839730 124330163839731
86238015427197 86238015427198
180630615389796 180630615389797
195236961283458 195236961283459
207230329813276 207230329813277
215461961389066 215461961389067
110024633177393 110024633177394
115277832901678 115277832901679
119356494556657 119356494556658
122041945193153 122041945193154
79103989580119 79103989580120
81783479650615 81783479650616
83815440986657 83815440986658
85130887495109 85130887495110
171450343533262 171450343533263
162118482153998 162118482153999
166197143808977 166197143808978
159433031517502 159433031517503
202370987130536 202370987130537
197659535723998 197659535723999
199691497060040 199691497060041
196344089215546 196344089215547
219724858965771 219724858965772
216890886472456 216890886472457
218104110521984 218104110521985
216112643713183 216112643713184
106549533214591 106549533214592
102869632265219 102869632265220
104496874026261 104496874026262
101781795739296 101781795739297
117728312616815 117728312616816
116118150061543 116118150061544
116816450331236 116816450331237
115662919042574 115662919042575
123397984511852 123397984511853
122499074933944 122499074933945
122885146713689 122885146713690
122250431600834 122250431600835
77291579817693 77291579817694
75336629342194 75336629342195
76205700303586 76205700303587
74751525986480 74751525986481
83009271060438 83009271060439
82205529682065 82205529682066
82554896751387 82554896751388
81977111204780 81977111204781
85788501933392 85788501933393
85353066920356 85353066920357
85540318655562 85540318655563
85232280850561 85232280850562
222022197300482 222022197300483
75351491818558 75351491818559
207210255392417 207210255392418
100857370221053 100857370221054
74305266710793 74305266710794
74452077448081 74452077448082
74565644309826 74565644309827
74650882682354 74650882682355
74705662928103 74705662928104
74374498315228 74374498315229
74327719516362 74327719516363
74313669899628 74313669899629
74320066321618 74320066321619
74324218295155 74324218295156
75686350326485 75686350326486
75880582328674 75880582328675
76028541937036 76028541937037
76124635765901 76124635765902
75555534390087 75555534390088
75414936169070 75414936169071
75477374287401 75477374287402
75372957764282 75372957764283
75359631411035 75359631411036
75365741792294 75365741792295
75369669281319 75369669281320
220834860642881 220834860642882
221505291187730 221505291187731
221827383080658 221827383080659
221615056584494 221615056584495
221706814152412 221706814152413
221555504396577 221555504396578
221908660607183 221908660607184
221957250856418 221957250856419
221996082419299 221996082419300
204183396892962 204183396892963
205269276407069 205269276407070
206138347368461 206138347368462
206723450724175 206723450724176
207022899262574 207022899262575
206824094028301 206824094028302
206909332400829 206909332400830
206769313782552 206769313782553
207100478395427 207100478395428
207147257194293 207147257194294
207184858475707 207184858475708
101227433488789 101227433488790
101437488352939 101437488352940
101595297990621 101595297990622
101696786375930 101696786375931
101084074471204 101084074471205
100928269825594 100928269825595
100997683499139 100997683499140
100881400217797 100881400217798
100866487087874 100866487087875
100873327075719 100873327075720
100877721700162 100877721700163
12 0 1 281474976710656 281474976710656 0 0 281474976710656 281474976710656 0 1
17 1 0 74737272243868 74881043683187 167253189698851 167362895172748 281474976710656 281474976710656 2 1
9 1 0 34271761568212 34294036800477 56527919966663 56600987507468 104153273608299 104259369154747 3 4
15 1 2 19607503771235 19607503771236 0 0 25799540543104 25837450984288 0 5
0 0 0 46783224784269 46873221266095 167253189698851 167362895172748 210127283616908 210213355322121 2 6
1 0 0 20994574843553 21051547026365 235889812487479 235951538255744 256549261389904 256585964316400 7 8
18 0 0 11866891548434 11903819888474 270478706815704 270495776521918 281474976710656 281474976710656 9 1
2 0 0 21453064542773 21467008150386 56527919966663 56600987507468 75399814983106 75489090013527 3 10
3 0 0 8495434781940 8503840898405 86049855081460 86146468630852 94245241052051 94346613820964 11 12
11 0 0 4521598262893 4526777388108 99606543974589 99710612373993 104153273608299 104259369154747 13 4
16 1 3 12201801242085 12201801242086 0 0 10468184566616 10484490575574 0 14
4 1 0 4567026029158 4567879343638 16251860530281 16276634531399 20617484507598 20648395275025 15 16
12 1 0 2364935401115 2365572569617 23434382241441 23469136282346 25799540543104 25837450984288 17 5
5 0 0 11121460876201 11146225360405 193585858610838 193683548137759 210127283616908 210213355322121 18 6
6 0 0 5483349035940 5494479928167 176486543995667 176592942362708 183995895114594 184098882195298 19 20
13 0 0 3258912273864 3265181415007 167253189698851 167362895172748 171511608035687 171619909885047 2 21
7 0 0 5436017731470 5451541584620 248231377675688 248278743788185 256549261389904 256585964316400 22 8
8 0 0 2534510031517 2541510625073 240098258668174 240155284069973 243614233730658 243667176460475 23 24
14 0 0 1462478868392 1466447541922 235889812487479 235951538255744 237815336340727 237874936717764 7 25
21 0 0 3212290110999 3222550285547 277613996236606 277620147562742 281474976710656 281474976710656 26 1
9 0 0 1454315867865 1458881673119 272876363582309 272889829499108 274907405389768 274917767012435 27 28
15 0 0 826645847911 829218270423 270478706815704 270495776521918 271571256244962 271586691969740 9 29
5 0 0 4856373486521 4860187134213 68295328327323 68378982680218 75399814983106 75489090013527 30 10
6 0 0 2471349877306 2473075296543 60720083682622 60797105437372 64076475359196 64156517278439 31 32
13 0 0 1494417190624 1495388500196 56527919966663 56600987507468 58470384901921 58545309786266 3 33
7 0 0 2152517653887 2154769635248 90981326894311 91080896770743 94245241052051 94346613820964 34 12
8 0 0 1018008061882 1019035198464 87743553024983 87841213439616 89148942734961 89247446775178 35 36
14 0 0 591790685878 592376254664 86049855081460 86146468630852 86826351505429 86923449097211 11 37
17 0 0 1209145134498 1210567621901 102303399395971 102408698853191 104153273608299 104259369154747 38 4
9 0 0 551863996558 552501888174 100516447309349 100620940405468 101284297037094 101389141122339 39 40
15 0 0 314973842533 315334619604 99606543974589 99710612373993 100021628014846 100125891334900 13 41
5 1 0 2707860065553 2708063617958 6538672743251 6549005771831 10468184566616 10484490575574 42 14
6 1 0 1399935987466 1399972750114 2284249230571 2287914965323 4177587221871 4184245825145 43 44
19 1 4 874091170836 874091170837 0 0 1007713562918 1009338135152 0 45
7 0 0 1145616138002 1145864903618 18887539973911 18916045197652 20617484507598 20648395275025 46 16
8 0 0 545381909802 545489505120 17160066424586 17186135165348 17911294290264 17938426807464 47 48
14 0 0 318138333774 318197775531 16251860530281 16276634531399 16668628588314 16693997913442 15 49
17 0 0 629004811539 629184444683 24839865558392 24876503036424 25799540543104 25837450984288 50 5
9 0 0 288114539862 288193738304 23909437590500 23944830779549 24309650666798 24345580293887 51 52
15 0 0 164741037864 164785422925 23434382241441 23469136282346 23651203311424 23686249389584 17 53
10 0 0 36910653428 37030172440 281437431197538 281437491837674 281474976710656 281474976710656 54 1
16 0 0 37987896320 37988893892 2284249230571 2287914965323 2316655762461 2320373070591 43 55
18 0 0 36910838846 37019766733 256515045487971 256551793902562 256549261389904 256585964316400 56 8
20 0 0 36110486007 36133956335 56527919966663 56600987507468 56554899955532 56627993591273 3 57
-1
2 1 5 38068025677 38068025678 0 0 33098925274 33152470999 0 58
20 1 6 473787704676 473787704677 0 0 353823924996 354395669633 0 59
4 1 0 195240479187 195241830072 601859601734 602831288140 787987647110 789258987913 60 61
12 1 0 100276046401 100277092664 907590124963 909053807680 1007713562918 1009338135152 62 45
5 1 0 117057327755 117057575844 184355025815 184653105266 353823924996 354395669633 63 59
6 1 7 60814542220 60814542221 0 0 82155737749 82288621835 0 64
-1
3 1 0 14570090860 14570099481 51459188473 51542431039 65434628602 65540473167 65 66
11 1 0 7635897904 7635904446 74506114014 74626628377 82155737749 82288621835 67 64
2 0 0 876316702749 876339715032 2284249230571 2287914965323 3046536365496 3051412039019 43 68
3 0 0 335858349602 335871746418 3469675319339 3475219731591 3791899255928 3797951535760 69 70
11 0 0 176124506122 176132607496 4001120063269 4007501462673 4177587221871 4184245825145 71 44
5 0 0 195791938039 195798153726 2761458764637 2765882732499 3046536365496 3051412039019 72 68
6 0 0 100478905097 100481740916 2454980719181 2458918028609 2591094805980 2595248385332 73 74
13 0 0 61044087310 61045690343 2284249230571 2287914965323 2363458981998 2367250753771 43 75
4 0 0 13972484093 13972859071 2334403136980 2338148684046 2347725878811 2351492622125 76 77
12 0 0 7180097415 7180291913 2356289076133 2360069442265 2363458981998 2367250753771 78 75
0 0 0 2010794424564 2017216977032 277613996236606 277620147562742 279463264086735 279466490469208 26 79
1 0 0 909583400413 912519692202 280578478986908 280579922517359 281474976710656 281474976710656 80 1
-1
-1
-1
-1
-1
-1
7 0 0 235851829549 236614653647 281113795339033 281114378016964 281474976710656 281474976710656 81 1
8 0 0 109860567517 110215447159 280760942553893 280762093030060 280913444951821 280914350201578 82 83
14 0 0 63361440374 63565982012 280578478986908 280579922517359 280661952967366 280663262477807 80 84
0 0 0 147635962971 148113467303 281113795339033 281114378016964 281248831233407 281249196238870 81 85
1 0 0 65617954110 65830347651 281329550824577 281329785613500 281394054099957 281394184778768 86 87
0 0 0 3402779253607 3412496706354 248231377675688 248278743788185 251342060996056 251385532193528 22 88
1 0 0 1511518110700 1515921093648 253201028964574 253242119571701 254686274488482 254725434621108 89 90
10 0 0 849996142701 852496449975 255684940276578 255722788156216 256549261389904 256585964316400 91 8
17 0 0 229845657697 230523111942 256195647611092 256232819999590 256549261389904 256585964316400 92 8
9 0 0 104132104307 104438620056 255856616699824 255894237843893 256001991781571 256039420662441 93 94
15 0 0 59210601128 59384772150 255684940276578 255722788156216 255763176826637 255800921420021 91 95
0 0 0 143876284843 144300350283 256195647611092 256232819999590 256327914435399 256364911392650 92 96
1 0 0 65053951897 65245852732 256407660198450 256444551288511 256471755913991 256508561860375 97 98
16 0 0 929979753950 930584202455 56527919966663 56600987507468 57322112980113 57395945156574 3 99
4 0 0 342529541082 342757013978 57757352821135 57831600961462 58084222534245 58158781635027 100 101
12 0 0 176122573487 176240623690 58294381753093 58369140135182 58470384901921 58545309786266 102 33
5 0 0 205049421637 205183867370 57024967177044 57098514116034 57322112980113 57395945156574 103 99
6 0 0 106456573496 106525978913 56701931217022 56775166913646 56845861390715 56919235911095 104 105
19 0 0 66620253506 66663553926 56527919966663 56600987507468 56604735511514 56677877325985 3 106
4 0 0 14871668887 14881342708 56573807602416 56646919520567 56587992966483 56661118598216 107 108
12 0 0 7635810672 7640779710 56597106823170 56670241264427 56604735511514 56677877325985 109 106
166839867630822 168061305747877
1 74072362292277 79164837199872 0 110
222044802271731 222044802271732
74290118234948 74290118234949
157144812870925 157144812870926
124330163839730 124330163839731
100844361320859 100844361320860
86238015427197 86238015427198
180630615389796 180630615389797
207230329813276 207230329813277
195236961283458 195236961283459
215461961389066 215461961389067
110024633177393 110024633177394
119356494556657 119356494556658
115277832901678 115277832901679
122041945193153 122041945193154
79103989580119 79103989580120
83815440986657 83815440986658
81783479650615 81783479650616
85130887495109 85130887495110
171450343533262 171450343533263
166197143808977 166197143808978
162118482153998 162118482153999
159433031517502 159433031517503
202370987130536 202370987130537
199691497060040 199691497060041
197659535723998 197659535723999
196344089215546 196344089215547
219724858965771 219724858965772
218104110521984 218104110521985
216890886472456 216890886472457
216112643713183 216112643713184
106549533214591 106549533214592
104496874026261 104496874026262
102869632265219 102869632265220
101781795739296 101781795739297
117728312616815 117728312616816
116816450331236 116816450331237
116118150061543 116118150061544
115662919042574 115662919042575
123397984511852 123397984511853
122885146713689 122885146713690
122499074933944 122499074933945
122250431600834 122250431600835
77291579817693 77291579817694
76205700303586 76205700303587
75336629342194 75336629342195
74751525986480 74751525986481
83009271060438 83009271060439
82554896751387 82554896751388
82205529682065 82205529682066
81977111204780 81977111204781
85788501933392 85788501933393
85540318655562 85540318655563
85353066920356 85353066920357
85232280850561 85232280850562
222022197300482 222022197300483
75351491818558 75351491818559
207210255392417 207210255392418
100857370221053 100857370221054
74305266710793 74305266710794
74452077448081 74452077448082
74650882682354 74650882682355
74565644309826 74565644309827
74705662928103 74705662928104
74374498315228 74374498315229
74327719516362 74327719516363
74320066321618 74320066321619
74313669899628 74313669899629
74324218295155 74324218295156
75686350326485 75686350326486
76028541937036 76028541937037
75880582328674 75880582328675
76124635765901 76124635765902
75555534390087 75555534390088
75477374287401 75477374287402
75414936169070 75414936169071
75372957764282 75372957764283
75365741792294 75365741792295
75359631411035 75359631411036
75369669281319 75369669281320
220834860642881 220834860642882
221505291187730 221505291187731
221827383080658 221827383080659
221706814152412 221706814152413
221615056584494 221615056584495
221555504396577 221555504396578
221908660607183 221908660607184
221996082419299 221996082419300
221957250856418 221957250856419
204183396892962 204183396892963
206138347368461 206138347368462
205269276407069 205269276407070
206723450724175 206723450724176
207022899262574 207022899262575
206909332400829 206909332400830
206824094028301 206824094028302
206769313782552 206769313782553
207100478395427 207100478395428
207184858475707 207184858475708
207147257194293 207147257194294
101227433488789 101227433488790
101595297990621 101595297990622
101437488352939 101437488352940
101696786375930 101696786375931
101084074471204 101084074471205
100997683499139 100997683499140
100928269825594 100928269825595
100881400217797 100881400217798
100873327075719 100873327075720
100866487087874 100866487087875
100877721700162 100877721700163
13 0 1 281474976710656 281474976710656 0 0 281474976710656 281474976710656 0 1
16 1 13 175162619398934 175162619398935 0 0 114788971918755 115285148708487 0 2
4 1 0 64274884072977 64870967197118 177869000369200 178346103621179 225323343803392 225650505645372 3 4
12 1 0 32995109963775 33435740195316 255870457539742 256039730632683 281474976710656 281474976710656 5 1
5 1 0 38562863965300 38707015983632 71793366639458 72184177205329 114788971918755 115285148708487 6 2
6 1 0 20040579824118 20066771645577 25116073969099 25283432704204 45905068402854 46185995782227 7 8
19 1 14 12547991566126 12547991566127 0 0 11084845230337 11162779257241 0 9
7 0 0 16071588528190 16244721462790 206535221749483 206935637822530 225323343803392 225650505645372 10 4
8 0 0 7667079448238 7742144296470 187752487075376 188207942319220 195923186681328 196356936485799 11 12
14 0 0 4477378581159 4518901640300 177869000369200 178346103621179 182405186557493 182872980646742 3 13
17 0 0 8760865867710 8884845907070 271090629189944 271163335838331 281474976710656 281474976710656 14 1
9 0 0 4017410552121 4072143352609 261016476301946 261154430569185 265350517262117 265461039558170 15 16
15 0 0 2298434307047 2329128541496 255870457539742 256039730632683 258219363549637 258374509842874 5 17
0 0 0 24139162148265 24229396860803 71793366639458 72184177205329 88394651327840 88837544014609 6 18
1 0 0 10062755517220 10114125632754 98011847965157 98478349956838 105538699663602 106020324049711 19 20
10 0 0 5485993600572 5517579632575 110523381240636 111013399772602 114788971918755 115285148708487 21 2
2 0 0 12544784182911 12561179454428 25116073969099 25283432704204 33489189444979 33705006193734 7 22
3 0 0 4800961321228 4810489972514 38135202822783 38376326827318 41672305929748 41931940741756 23 24
11 0 0 2515993629372 2521751498373 43968550461849 44239852451130 45905068402854 46185995782227 25 8
20 1 15 6801446257286 6801446257287 0 0 3892908023857 3921011071527 0 26
4 1 0 2800702313346 2801667058276 6621346622225 6668673173055 8668494218776 8729988153675 27 28
12 1 0 1437909584605 1438656457239 9983820119533 10054301031560 11084845230337 11162779257241 29 9
0 0 0 10060318181017 10168694052303 206535221749483 206935637822530 213610635173304 213985599654854 10 30
1 0 0 4407199769277 4457276093864 217810815412608 218169450604585 221151602474813 221496600520353 31 32
10 0 0 2461324671716 2490009697133 223390470401191 223726007634044 225323343803392 225650505645372 33 4
2 0 0 4799355000479 4846343277718 187752487075376 188207942319220 191007044943662 191454267455309 11 34
3 0 0 1880465019921 1899375311375 192833900600522 193276262262948 194234915724894 194673432883351 35 36
11 0 0 996005179425 1006141748670 195149199352536 195585153009852 195923186681328 196356936485799 37 12
16 0 0 2786284484260 2812124393334 177869000369200 178346103621179 179714732382210 180188176117040 3 38
4 0 0 1036725966854 1046495619844 180731466346982 181202819018439 181497491029700 181967232978474 39 40
12 0 0 535446495635 540527560690 181991115756179 182459803696067 182405186557493 182872980646742 41 13
0 0 0 5484031526552 5561639203098 271090629189944 271163335838331 274989423675873 275035481103926 14 42
1 0 0 2461029799881 2496661915806 277331616974684 277361290041427 279209569344590 279225902344318 43 44
18 0 0 1391062879352 1411432592664 280475613067460 280482850654538 281474976710656 281474976710656 45 1
2 0 0 2514774961244 2549036004381 261016476301946 261154430569185 262734039389789 262861237834263 15 46
3 0 0 995853372459 1009560911343 263703220420242 263824282758702 264448973905794 264565281881335 47 48
11 0 0 530031598686 537361525974 264936812596189 265049995033291 265350517262117 265461039558170 49 16
16 0 0 1430321723243 1449422826189 255870457539742 256039730632683 256823577677230 256987152676761 5 50
4 0 0 535356740412 542547596404 257350147858701 257510554822689 257747598927631 257905605251710 51 52
12 0 0 277222879734 280956001556 258004046051522 258160499105799 258219363549637 258374509842874 53 17
13 1 5 38068025677 38068025678 0 0 37860299541 38137438022 0 54
17 0 0 26943008714 27335709832 279177427921540 279193990759480 279209569344590 279225902344318 55 44
19 0 0 38956518346 39007432152 25116073969099 25283432704204 25150525562133 25318091190448 7 56
21 0 0 28886724514 29226259999 225296498558488 225623778041754 225323343803392 225650505645372 57 4
-1
7 0 0 27647065263 28053308993 281442152988358 281442391517413 281474976710656 281474976710656 58 1
21 0 0 376551644791 382078388328 281124091350993 281126638364166 281474976710656 281474976710656 59 1
9 0 0 170478074260 172976377772 280693523406003 280699187208893 280878111277292 280882440051774 60 61
15 0 0 96901227141 98320178252 280475613067460 280482850654538 280574909544499 280581430298064 45 62
0 0 0 235709702966 239169273773 281124091350993 281126638364166 281292153698685 281293481565360 59 63
1 0 0 106623347725 108189790725 281393503943582 281394095902260 281474976710656 281474976710656 64 1
-1
8 0 0 12878095055 13067303099 281410086080164 281410557585188 281423945354976 281424316174566 65 66
14 0 0 7427366073 7536484254 281393503943582 281394095902260 281401089991760 281401626846669 64 67
7 0 0 637221840857 646485338746 278453501965180 278475227450129 279209569344590 279225902344318 68 44
8 0 0 297100787329 301408327929 277714187808388 277741157944726 278033800844277 278058507103773 69 70
14 0 0 171434958965 173917086705 277331616974684 277361290041427 277506659006797 277535096302145 43 71
0 0 0 398881197068 404679860721 278453501965180 278475227450129 278736257509184 278755969733246 68 72
1 0 0 177183445781 179763411979 278905231520013 278923738667384 279040233870857 279057777166058 73 74
10 0 0 99638399565 101090411911 279131007477516 279147902167182 279209569344590 279225902344318 75 44
9 0 0 12206592118 12384486555 279146611923396 279163395071905 279159825707283 279176514393413 76 77
15 0 0 6940795654 7041942613 279131007477516 279147902167182 279138118753340 279154962612891 75 78
5 1 0 1680033478888 1680210758027 2028459785859 2043202384117 3892908023857 3921011071527 79 26
6 1 16 873021474575 873021474576 0 0 903990944496 910587670823 0 80
-1
-1
-1
-1
-1
-1
2 1 17 546484487061 546484487062 0 0 364206051426 366868936171 0 81
3 1 0 209147340155 209153500585 566230874796 570367862705 720006201038 725263799298 82 83
11 1 0 109606908355 109611582732 819821299863 825805619770 903990944496 910587670823 84 80
5 1 0 122028616571 122030064131 228040228859 229708353637 364206051426 366868936171 85 81
6 1 0 62647282863 62647548790 81600970856 82198198793 146644684175 147717709520 86 87
5 0 0 2801194209108 2805619628633 30358336120447 30556462595288 33489189444979 33705006193734 88 22
6 0 0 1438090532614 1440110443438 26991791663141 27170324398405 28487037636439 28674346048769 89 90
13 0 0 873867745013 875009837117 25116073969099 25283432704204 25986327323959 26158893199262 7 91
16 0 0 543810199448 544520926373 25116073969099 25283432704204 25472120178064 25641614094348 7 92
4 0 0 200008780875 200275917065 25667104946201 25837765361429 25813476168826 25985010945368 93 94
12 0 0 102776574610 102915131688 25907555643020 26079651820049 25986327323959 26158893199262 95 91
5 0 0 119834135428 119992141578 25338944397345 25507640445026 25472120178064 25641614094348 96 92
6 0 0 62238362445 62319957031 25194113229278 25361940527003 25258650103327 25426864652165 97 98
17 0 0 664619766904 672405181607 224533099222236 224863708544268 225323343803392 225650505645372 99 4
9 0 0 301390674960 304909233128 223774743667852 224108631116485 224100007475300 224432492540298 100 101
15 0 0 171455499692 173453694171 223390470401191 223726007634044 223565613634300 223900399875186 33 102
0 0 0 416031452816 420904882032 224533099222236 224863708544268 224828772075841 225158095275603 99 103
1 0 0 187998963793 190205861766 225006987524461 225335533345626 225150200849933 225478120787185 104 105
18 0 0 106636643328 107889777167 225246911779454 225574408464430 225323343803392 225650505645372 106 4
9 0 0 13071750620 13225373874 225263570762735 225590994491583 225277685314981 225605047219565 107 108
15 0 0 7428292243 7515585355 225246911779454 225574408464430 225254502395194 225581965839701 106 109
168669736857160 169173984248934
1 81718541625674 83843610084026 0 110
222044802271731 222044802271732
74290118234948 74290118234949
157144812870925 157144812870926
124330163839730 124330163839731
100844361320859 100844361320860
86238015427197 86238015427198
180630615389796 180630615389797
207230329813276 207230329813277
195236961283458 195236961283459
215461961389066 215461961389067
110024633177393 110024633177394
119356494556657 119356494556658
115277832901678 115277832901679
122041945193153 122041945193154
79103989580119 79103989580120
83815440986657 83815440986658
81783479650615 81783479650616
85130887495109 85130887495110
171450343533262 171450343533263
166197143808977 166197143808978
162118482153998 162118482153999
159433031517502 159433031517503
202370987130536 202370987130537
199691497060040 199691497060041
197659535723998 197659535723999
196344089215546 196344089215547
219724858965771 219724858965772
218104110521984 218104110521985
216890886472456 216890886472457
216112643713183 216112643713184
106549533214591 106549533214592
104496874026261 104496874026262
102869632265219 102869632265220
101781795739296 101781795739297
117728312616815 117728312616816
116816450331236 116816450331237
116118150061543 116118150061544
115662919042574 115662919042575
123397984511852 123397984511853
122885146713689 122885146713690
122499074933944 122499074933945
122250431600834 122250431600835
77291579817693 77291579817694
76205700303586 76205700303587
75336629342194 75336629342195
74751525986480 74751525986481
83009271060438 83009271060439
82554896751387 82554896751388
82205529682065 82205529682066
81977111204780 81977111204781
85788501933392 85788501933393
85540318655562 85540318655563
85353066920356 85353066920357
85232280850561 85232280850562
222022197300482 222022197300483
75351491818558 75351491818559
207210255392417 207210255392418
100857370221053 100857370221054
74305266710793 74305266710794
74452077448081 74452077448082
74650882682354 74650882682355
74565644309826 74565644309827
74705662928103 74705662928104
74374498315228 74374498315229
74327719516362 74327719516363
74320066321618 74320066321619
74313669899628 74313669899629
74324218295155 74324218295156
75686350326485 75686350326486
76028541937036 76028541937037
75880582328674 75880582328675
76124635765901 76124635765902
75555534390087 75555534390088
75477374287401 75477374287402
75414936169070 75414936169071
75372957764282 75372957764283
75365741792294 75365741792295
75359631411035 75359631411036
75369669281319 75369669281320
220834860642881 220834860642882
221505291187730 221505291187731
221827383080658 221827383080659
221706814152412 221706814152413
221615056584494 221615056584495
221555504396577 221555504396578
221908660607183 221908660607184
221996082419299 221996082419300
221957250856418 221957250856419
204183396892962 204183396892963
206138347368461 206138347368462
205269276407069 205269276407070
206723450724175 206723450724176
207022899262574 207022899262575
206909332400829 206909332400830
206824094028301 206824094028302
206769313782552 206769313782553
207100478395427 207100478395428
207184858475707 207184858475708
207147257194293 207147257194294
101227433488789 101227433488790
101595297990621 101595297990622
101437488352939 101437488352940
101696786375930 101696786375931
101084074471204 101084074471205
100997683499139 100997683499140
100928269825594 100928269825595
100881400217797 100881400217798
100873327075719 100873327075720
100866487087874 100866487087875
100877721700162 100877721700163
14 0 1 281474976710656 281474976710656 0 0 281474976710656 281474976710656 0 1
16 1 13 175162619398934 175162619398935 0 0 114340678797554 114543403165271 0 2
4 1 0 65167724904922 65413581287658 177436595897907 177632293632871 225026137833983 225160729432481 3 4
12 1 0 33656101722512 33839168081442 255716451602018 255786221554961 281474976710656 281474976710656 5 1
5 1 0 38778340387443 38837210965059 71441019978170 71600268149420 114340678797554 114543403165271 6 2
6 1 0 20079695838481 20090345903617 24965534133414 25033532076894 45652113632520 45766402248145 7 8
19 1 14 12547991566126 12547991566127 0 0 11014791816897 11046428834098 0 9
7 0 0 16331058626077 16402659042754 206171806024379 206336341397180 225026137833983 225160729432481 10 4
8 0 0 7779536500871 7810525791178 187339501058484 187526434115313 195529723536753 195707838500442 11 12
14 0 0 4539573736778 4556700054749 177436595897907 177632293632871 181981124166173 182173057623507 3 13
17 0 0 8946903747723 8998486264041 271024430434358 271054426603092 281474976710656 281474976710656 14 1
9 0 0 4099523689959 4122274159591 260890932593321 260947811947243 265249916194139 265295497471928 15 16
15 0 0 2344478891733 2357231266261 255716451602018 255786221554961 258078193919489 258142150517996 5 17
0 0 0 24274043735326 24310894899185 71441019978170 71600268149420 87995021134241 88175678252787 6 18
1 0 0 10139581636401 10160612167960 97590714779102 97781116049551 105103753210174 105300418681228 19 20
10 0 0 5533243200385 5546189379914 110080745283001 110280900445173 114340678797554 114543403165271 21 2
2 0 0 12569269600129 12575936212066 24965534133414 25033532076894 33294981167649 33382713302224 7 22
3 0 0 4815195391341 4819074620537 37918171380383 38016219549198 41438572424286 41544170863519 23 24
11 0 0 2524595802799 2526941176820 43724286012955 43834645475499 45652113632520 45766402248145 25 8
20 1 15 6801446257286 6801446257287 0 0 3867655697971 3879058920052 0 26
4 1 0 2802142593373 2802534199773 6578815060824 6598021758941 8613225085517 8638184559738 27 28
12 1 0 1439024672386 1439327935821 9920469613207 9949079108112 11014791816897 11046428834098 29 9
0 0 0 10222738450713 10267558100769 206171806024379 206336341397180 213270200342113 213424345198684 10 30
1 0 0 4482264283429 4502995512246 217485138644705 217632609184866 220838257950215 220980150387320 31 32
10 0 0 2504328220481 2516209791051 223085684988707 223223705557061 225026137833983 225160729432481 33 4
2 0 0 4869749643125 4889147982010 187339501058484 187526434115313 190601458852132 190785050099296 11 34
3 0 0 1908797912937 1916608417275 192432686641542 192614303076210 193837161159930 194017214880905 35 36
11 0 0 1011193267564 1015380871833 194753752154299 194932763489740 195529723536753 195707838500442 37 12
16 0 0 2824988693421 2835646446205 177436595897907 177632293632871 179285605486715 179479824460056 3 38
4 0 0 1051360212940 1055390813417 180304213341464 180497586734511 181071681950127 181264403723079 39 40
12 0 0 543057755189 545154262566 181566251758303 181758547005285 181981124166173 182173057623507 41 13
0 0 0 5600485495204 5632774557722 271024430434358 271054426603092 274947480729878 274966486990021 14 42
1 0 0 2514503922260 2529337474308 277304591590685 277316838392608 279194692335184 279201434151990 43 44
18 0 0 1421634143011 1430116485656 280469020256628 280472007970450 281474976710656 281474976710656 45 1
2 0 0 2566175250148 2580416341678 260890932593321 260947811947243 262618274084218 262670724352626 15 46
3 0 0 1016419240004 1022118402118 263593034411978 263642957467119 264343111229467 264391075930178 47 48
11 0 0 541029190020 544077093136 264833792282444 264880469446533 265249916194139 265295497471928 49 16
16 0 0 1458975389573 1466911225831 255716451602018 255786221554961 256674748908442 256742174253216 5 50
4 0 0 546144090506 549132050514 257204197735896 257270319387358 257603830265048 257668963954534 51 52
12 0 0 282823186759 284374476206 257861688895022 257926183321242 258078193919489 258142150517996 53 17
13 1 5 38068025677 38068025678 0 0 37611320879 37723746908 0 54
17 0 0 27532367417 27695875961 279162341586567 279169178260649 279194692335184 279201434151990 55 44
19 0 0 39032555254 39053257723 24965534133414 25033532076894 24999799368818 25067881518994 7 56
21 0 0 29395762535 29536425895 224999186113234 225133825883536 225026137833983 225160729432481 57 4
-1
7 0 0 28256775191 28425958190 281441935698823 281442034170786 281474976710656 281474976710656 58 1
21 0 0 384846393542 387147975656 281121771169812 281122822632592 281474976710656 281474976710656 59 1
9 0 0 174227592785 175267955837 280688364119888 280690702199053 280874168062824 280875955048324 60 61
15 0 0 99030816686 99621695376 280469020256628 280472007970450 280568969677401 280571661495223 45 62
0 0 0 240901959570 242342678909 281121771169812 281122822632592 281290944079179 281291492257334 59 63
1 0 0 108974337736 109626690747 281392964696414 281393209074007 281474976710656 281474976710656 64 1
-1
8 0 0 13162067317 13240864074 281409656560391 281409851211447 281423607554853 281423760640151 65 66
14 0 0 7591135677 7636578489 281392964696414 281393209074007 281400600941411 281400822570686 64 67
7 0 0 651124135464 654980907737 278433713916942 278442681182826 279194692335184 279201434151990 68 44
8 0 0 303565282976 305358564289 277689623712724 277700755213917 278011298307208 278021495631437 69 70
14 0 0 175159958141 176193261106 277304591590685 277316838392608 277480758904489 277492495801061 43 71
0 0 0 407583604235 409997824594 278433713916942 278442681182826 278718302932626 278726439361515 68 72
1 0 0 181055391788 182129582278 278888374428508 278896013529545 279024254590175 279031495907666 73 74
10 0 0 101817551358 102422121564 279115618909162 279122592542175 279194692335184 279201434151990 75 44
9 0 0 12473572697 12547642200 279131324940799 279138252539614 279144624756125 279151513369261 76 77
15 0 0 7092595034 7134709303 279115618909162 279122592542175 279122776478333 279129729133239 75 78
5 1 0 1680298117808 1680370047606 2015213869275 2021195200263 3867655697971 3879058920052 79 26
6 1 16 873021474575 873021474576 0 0 898064252756 900740473302 0 80
-1
-1
-1
-1
-1
-1
2 1 17 546484487061 546484487062 0 0 361813701704 362893968989 0 81
3 1 0 209156536067 209159035279 562514145930 564192441940 715282664005 717415590367 82 83
11 1 0 109613886012 109615782395 814444834296 816872595470 898064252756 900740473302 84 80
5 1 0 122030777385 122031364625 226541586823 227218298561 361813701704 362893968989 85 81
6 1 0 62647679817 62647787696 81064425611 81306702136 145680682894 146115977172 86 87
5 0 0 2807803991118 2809604326391 30180074450348 30260599592228 33294981167649 33382713302224 88 22
6 0 0 1441107264826 1441928740581 26831185897777 26903732305940 28318524944384 28394644409056 89 90
13 0 0 875573395426 876037790594 24965534133414 25033532076894 25831096975718 25901214377918 7 91
16 0 0 544871630193 545160624529 24965534133414 25033532076894 25319657058444 25388524052109 7 92
4 0 0 200407737999 200516365957 25513591059918 25582932854097 25659174654634 25728872348925 93 94
12 0 0 102983504974 103039848931 25752748410438 25822674621080 25831096975718 25901214377918 95 91
5 0 0 120070109750 120134359225 25187199974029 25255742218371 25319657058444 25388524052109 96 92
6 0 0 62360219559 62393397625 25043151338029 25111339989701 25107339394717 25175685661808 97 98
17 0 0 676291635721 679516761435 224232773146010 224368776323225 225026137833983 225160729432481 99 4
9 0 0 306665608802 308123076417 223471451086313 223608796311866 223797983925970 223934755045476 100 101
15 0 0 174451120313 175278788701 223085684988707 223223705557061 223261507757352 223399220911386 33 102
0 0 0 423337682307 425356511422 224232773146010 224368776323225 224529609950261 224665086545263 99 103
1 0 0 191307568473 192221821377 224708528956416 224843687252557 224852308743911 224987210763501 104 105
18 0 0 108515363486 109034511587 224949402748373 225084131457911 225026137833983 225160729432481 106 4
9 0 0 13302065361 13365708479 224966127762935 225100826598661 224980298271333 225114971791412 107 108
15 0 0 7559163601 7595327380 224949402748373 225084131457911 224957023449445 225091738547807 106 109
169470542961625 169744735905305
1 85097085982291 86258460604879 0 110
222044802271731 222044802271732
74290118234948 74290118234949
157144812870925 157144812870926
124330163839730 124330163839731
100844361320859 100844361320860
86238015427197 86238015427198
180630615389796 180630615389797
207230329813276 207230329813277
195236961283458 195236961283459
215461961389066 215461961389067
110024633177393 110024633177394
119356494556657 119356494556658
115277832901678 115277832901679
122041945193153 122041945193154
79103989580119 79103989580120
83815440986657 83815440986658
81783479650615 81783479650616
85130887495109 85130887495110
171450343533262 171450343533263
166197143808977 166197143808978
162118482153998 162118482153999
159433031517502 159433031517503
202370987130536 202370987130537
199691497060040 199691497060041
197659535723998 197659535723999
196344089215546 196344089215547
219724858965771 219724858965772
218104110521984 218104110521985
216890886472456 216890886472457
216112643713183 216112643713184
106549533214591 106549533214592
104496874026261 104496874026262
102869632265219 102869632265220
101781795739296 101781795739297
117728312616815 117728312616816
116816450331236 116816450331237
116118150061543 116118150061544
115662919042574 115662919042575
123397984511852 123397984511853
122885146713689 122885146713690
122499074933944 122499074933945
122250431600834 122250431600835
77291579817693 77291579817694
76205700303586 76205700303587
75336629342194 75336629342195
74751525986480 74751525986481
83009271060438 83009271060439
82554896751387 82554896751388
82205529682065 82205529682066
81977111204780 81977111204781
85788501933392 85788501933393
85540318655562 85540318655563
85353066920356 85353066920357
85232280850561 85232280850562
222022197300482 222022197300483
75351491818558 75351491818559
207210255392417 207210255392418
100857370221053 100857370221054
74305266710793 74305266710794
74452077448081 74452077448082
74650882682354 74650882682355
74565644309826 74565644309827
74705662928103 74705662928104
74374498315228 74374498315229
74327719516362 74327719516363
74320066321618 74320066321619
74313669899628 74313669899629
74324218295155 74324218295156
75686350326485 75686350326486
76028541937036 76028541937037
75880582328674 75880582328675
76124635765901 76124635765902
75555534390087 75555534390088
75477374287401 75477374287402
75414936169070 75414936169071
75372957764282 75372957764283
75365741792294 75365741792295
75359631411035 75359631411036
75369669281319 75369669281320
220834860642881 220834860642882
221505291187730 221505291187731
221827383080658 221827383080659
221706814152412 221706814152413
221615056584494 221615056584495
221555504396577 221555504396578
221908660607183 221908660607184
221996082419299 221996082419300
221957250856418 221957250856419
204183396892962 204183396892963
206138347368461 206138347368462
205269276407069 205269276407070
206723450724175 206723450724176
207022899262574 207022899262575
206909332400829 206909332400830
206824094028301 206824094028302
206769313782552 206769313782553
207100478395427 207100478395428
207184858475707 207184858475708
207147257194293 207147257194294
101227433488789 101227433488790
101595297990621 101595297990622
101437488352939 101437488352940
101696786375930 101696786375931
101084074471204 101084074471205
100997683499139 100997683499140
100928269825594 100928269825595
100881400217797 100881400217798
100873327075719 100873327075720
100866487087874 100866487087875
100877721700162 100877721700163
15 0 1 281474976710656 281474976710656 0 0 281474976710656 281474976710656 0 1
16 1 13 175162619398934 175162619398935 0 0 114112081537908 114221787011805 0 2
4 1 0 65558137536781 65691766922615 177215607555909 177321703102357 224873989203188 224947056743993 3 4
12 1 0 33947018447689 34046856813299 255637525726368 255675436167552 281474976710656 281474976710656 5 1
5 1 0 38871732632187 38903584198475 71261621388535 71347693093748 114112081537908 114221787011805 6 2
6 1 0 20096583769974 20102334370816 24889012394256 24925715320752 45523438454912 45585164223177 7 8
19 1 14 12547991566126 12547991566127 0 0 10979200188738 10996269894952 0 9
7 0 0 16444788495602 16483753528345 205985886697129 206075161727550 224873989203188 224947056743993 10 4
8 0 0 7828751126890 7845601823879 187128362889692 187229735658605 195328508079804 195425121629196 11 12
14 0 0 4566769820924 4576078423477 177215607555909 177321703102357 181764364336663 181868432736067 3 13
17 0 0 9028886943571 9057036958454 270990486135082 271006792144040 281474976710656 281474976710656 14 1
9 0 0 4135678953158 4148089083993 260826581435631 260857492203058 265198342179257 265223116180375 15 16
15 0 0 2364744106256 2371698831516 255637525726368 255675436167552 258005840428310 258040594469215 5 17
0 0 0 24332504396891 24352442493917 71261621388535 71347693093748 87791428572897 87889118099818 6 18
1 0 0 10172952601686 10184343898183 97376094515358 97479081596062 104882034347948 104988432714989 19 20
10 0 0 5553788419888 5560804568466 109855066825609 109963368674969 114112081537908 114221787011805 21 2
2 0 0 12579840923800 12583440622368 24889012394256 24925715320752 33196232922471 33243599034968 7 22
3 0 0 4821347473262 4823443270615 37807800250181 37860742979998 41319692640683 41376718042482 23 24
11 0 0 2528315540404 2529582972896 43600039992892 43659640369929 45523438454912 45585164223177 25 8
20 1 15 6801446257286 6801446257287 0 0 3854829147914 3860980474050 0 26
4 1 0 2802763461686 2802974745371 6557209698221 6567571320888 8585147211548 8598613128347 27 28
12 1 0 1439505493244 1439669136794 9888284740916 9903720465694 10979200188738 10996269894952 29 9
0 0 0 10293929837433 10318320744819 205985886697129 206075161727550 213095994030438 213179648383333 10 30
1 0 0 4515197182248 4526484656255 217318459432217 217398501351460 220677871273284 220754893028034 31 32
10 0 0 2523203852519 2529674543057 222929666924390 223004591808735 224873989203188 224947056743993 33 4
2 0 0 4900556479427 4911104495449 187128362889692 187229735658605 190394079939913 190493649816345 11 34
3 0 0 1921202499848 1925450464102 192227529935478 192326033975695 193633763271040 193731423685673 35 36
11 0 0 1017844134854 1020121910514 194551527613445 194648625205227 195328508079804 195425121629196 37 12
16 0 0 2841912888218 2847705656106 177215607555909 177321703102357 179066277857465 179171577314685 3 38
4 0 0 1057760858246 1059951866561 180085835588317 180190679673562 180854036305188 180958529401307 39 40
12 0 0 546387075079 547526785033 181349085375756 181453348695810 181764364336663 181868432736067 41 13
0 0 0 5651804444435 5669425484572 270990486135082 271006792144040 274925970938825 274936303967405 14 42
1 0 0 2538081163611 2546178442282 277290730885511 277297389488785 279187061745333 279190727480085 43 44
18 0 0 1435116831352 1439747770840 280465638575504 280467263147738 281474976710656 281474976710656 45 1
2 0 0 2588807328555 2596575687274 260826581435631 260857492203058 262558931513004 262587436736745 15 46
3 0 0 1025476631632 1028585824748 263536549903192 263563682420392 264288841545308 264314910286070 47 48
11 0 0 545873125312 547536006125 264780978797214 264806348122342 265198342179257 265223116180375 49 16
16 0 0 1471586485948 1475914429796 255637525726368 255675436167552 256598473674232 256635111152264 5 50
4 0 0 550892421323 552522061076 257129396416769 257165326043858 257530145931107 257565539120156 51 52
12 0 0 285288440897 286134541496 257788727321072 257823773399232 258005840428310 258040594469215 53 17
13 1 5 38068025677 38068025678 0 0 37484872982 37545513118 0 54
17 0 0 27792261161 27881523699 279154603640065 279158320948195 279187061745333 279190727480085 55 44
19 0 0 39065383397 39076561886 24889012394256 24925715320752 24923182808094 24959931222685 7 56
21 0 0 29619231082 29695842529 224846983119383 224920076755124 224873989203188 224947056743993 57 4
-1
7 0 0 28525694107 28618063538 281441824239657 281441877785382 281474976710656 281474976710656 58 1
21 0 0 388504781925 389761367340 281120581041023 281121152785660 281474976710656 281474976710656 59 1
9 0 0 175881253826 176449245971 280685717722743 280686989063546 280872145422516 280873117108922 60 61
15 0 0 99970018691 100292609227 280465638575504 280467263147738 280565922902976 280567386585693 45 62
0 0 0 243191997739 243978581410 281120581041023 281121152785660 281290323605390 281290621684841 59 63
1 0 0 110011262169 110367428859 281392688088821 281392820972907 281474976710656 281474976710656 64 1
-1
8 0 0 13287315907 13330336787 281409436237489 281409542082054 281423434279617 281423517522183 65 66
14 0 0 7663367675 7688178193 281392688088821 281392820972907 281400350082279 281400470596642 64 67
7 0 0 657254360427 659359782181 278423564671637 278428440345160 279187061745333 279190727480085 68 44
8 0 0 306415630515 307394555860 277677025174896 277683077454728 277999756979065 278005301391317 69 70
14 0 0 176802345163 177366400356 277290730885511 277297389488785 277467475247983 277473856647387 43 71
0 0 0 411420935781 412738864791 278423564671637 278428440345160 278709093978157 278713517946019 68 72
1 0 0 182762792922 183349207750 278879728325324 278883881904676 279016058682047 279019995991475 73 74
10 0 0 102778503870 103108550000 279107725956885 279111517728658 279187061745333 279190727480085 75 44
9 0 0 12591304739 12631740688 279123484088531 279127250831845 279136828026610 279140573573676 76 77
15 0 0 7159534839 7182525803 279107725956885 279111517728658 279114907268391 279118687634523 75 78
5 1 0 1680412153306 1680450953996 2008486241448 2011712623921 3854829147914 3860980474050 79 26
6 1 16 873021474575 873021474576 0 0 895054193297 896497723748 0 80
-1
-1
-1
-1
-1
-1
2 1 17 546484487061 546484487062 0 0 360598693692 361181371623 0 81
3 1 0 209160498192 209161846244 560626509078 561531758835 712883680596 714034156763 82 83
11 1 0 109616892449 109617915352 811714232849 813023743290 895054193297 896497723748 84 80
5 1 0 122031708361 122032025108 225780471786 226145477249 360598693692 361181371623 85 81
6 1 0 62647850840 62647909028 80791931888 80922610699 145191097156 145425886079 86 87
5 0 0 2810658942454 2811631268978 30089444517128 30132915714600 33196232922471 33243599034968 88 22
6 0 0 1442409911102 1442853510241 26749542089548 26788702222174 28232857138955 28273947746082 89 90
13 0 0 876309792214 876560546666 24889012394256 24925715320752 25752188554440 25790036434078 7 91
16 0 0 545329891854 545485937010 24889012394256 24925715320752 25242156711066 25279329099564 7 92
4 0 0 200579991488 200638647543 25435556048215 25472984929085 25580738866763 25618360010832 93 94
12 0 0 103072850894 103103275367 25674055290635 25711799884019 25752188554440 25790036434078 95 91
5 0 0 120171991096 120206683525 25110065318006 25147062275257 25242156711066 25279329099564 96 92
6 0 0 62412830439 62430745303 24966414850281 25003220796665 25030425422145 25067316512206 97 98
17 0 0 681415279825 683171766844 224079031554082 224152863730543 224873989203188 224947056743993 99 4
9 0 0 308981020005 309774768525 223316195075629 223390754176411 223643375749194 223717623889521 100 101
15 0 0 175765993950 176216741263 222929666924390 223004591808735 223105836575474 223180594957563 33 102
0 0 0 426544925315 427644431954 224079031554082 224152863730543 224376462594622 224450009533612 99 103
1 0 0 192760016454 193257952504 224555740799561 224629115319941 224699809797010 224773045493634 104 105
18 0 0 109340121389 109622871646 224797099384671 224870241199142 224873989203188 224947056743993 106 4
9 0 0 13403173642 13437836431 224813858112440 224886983744173 224828057190089 224901169108240 107 108
15 0 0 7616616111 7636312451 224797099384671 224870241199142 224804735446229 224877869887486 106 109
109807440744635 110604268146731
0 215245570425795 222834356562603 0 106
75336629342194 75336629342195
222697964583563 222697964583564
157144812870925 157144812870926
100844361320859 100844361320860
124330163839730 124330163839731
86238015427197 86238015427198
180630615389796 180630615389797
195236961283458 195236961283459
207230329813276 207230329813277
215461961389066 215461961389067
110024633177393 110024633177394
115277832901678 115277832901679
119356494556657 119356494556658
122041945193153 122041945193154
79103989580119 79103989580120
81783479650615 81783479650616
83815440986657 83815440986658
85130887495109 85130887495110
171450343533262 171450343533263
162118482153998 162118482153999
166197143808977 166197143808978
159433031517502 159433031517503
202370987130536 202370987130537
197659535723998 197659535723999
199691497060040 199691497060041
196344089215546 196344089215547
219724858965771 219724858965772
216890886472456 216890886472457
218104110521984 218104110521985
216112643713183 216112643713184
106549533214591 106549533214592
102869632265219 102869632265220
104496874026261 104496874026262
101781795739296 101781795739297
117728312616815 117728312616816
116118150061543 116118150061544
116816450331236 116816450331237
115662919042574 115662919042575
123397984511852 123397984511853
122499074933944 122499074933945
122885146713689 122885146713690
122250431600834 122250431600835
77291579817693 77291579817694
76205700303586 76205700303587
83009271060438 83009271060439
82205529682065 82205529682066
82554896751387 82554896751388
81977111204780 81977111204781
85788501933392 85788501933393
85353066920356 85353066920357
85540318655562 85540318655563
85232280850561 85232280850562
222022197300482 222022197300483
222044802271731 222044802271732
75351491818558 75351491818559
207210255392417 207210255392418
100857370221053 100857370221054
222674429829821 222674429829822
75686350326485 75686350326486
75880582328674 75880582328675
76028541937036 76028541937037
76124635765901 76124635765902
75555534390087 75555534390088
75414936169070 75414936169071
75477374287401 75477374287402
75372957764282 75372957764283
75359631411035 75359631411036
75365741792294 75365741792295
75369669281319 75369669281320
220834860642881 220834860642882
221505291187730 221505291187731
222409511685390 222409511685391
222596629249008 222596629249009
222472365947540 222472365947541
222525627236523 222525627236524
222438149907917 222438149907918
222645157783361 222645157783362
221827383080658 221827383080659
221615056584494 221615056584495
221706814152412 221706814152413
221555504396577 221555504396578
221908660607183 221908660607184
221957250856418 221957250856419
221996082419299 221996082419300
204183396892962 204183396892963
205269276407069 205269276407070
206138347368461 206138347368462
206723450724175 206723450724176
207022899262574 207022899262575
206824094028301 206824094028302
206909332400829 206909332400830
206769313782552 206769313782553
207100478395427 207100478395428
207147257194293 207147257194294
207184858475707 207184858475708
101227433488789 101227433488790
101437488352939 101437488352940
101595297990621 101595297990622
101696786375930 101696786375931
101084074471204 101084074471205
100928269825594 100928269825595
100997683499139 100997683499140
100881400217797 100881400217798
100866487087874 100866487087875
100873327075719 100873327075720
100877721700162 100877721700163
16 0 1 281474976710656 281474976710656 0 0 281474976710656 281474976710656 0 1
5 1 0 61968023050670 62530889015345 175764758794851 176241604624413 281474976710656 281474976710656 2 1
6 1 0 32203912904582 32305918479815 61383136098823 61730879573886 112277285443693 112765627080323 3 4
19 1 18 20163809184634 20163809184635 0 0 27077072430552 27254534228022 0 5
0 0 0 38790069061614 39142405776056 175764758794851 176241604624413 216541223691293 216901707745320 2 6
1 0 0 16170195927498 16371072134697 240186168475648 240440261136292 258703533582759 258854402124321 7 8
10 0 0 8815636157159 8939235378195 270972408632482 271045268758575 281474976710656 281474976710656 9 1
2 0 0 20158655127686 20222507468186 61383136098823 61730879573886 81872193697744 82292610450659 3 10
3 0 0 7714833682657 7751970394161 93246488030592 93697894490070 101908587892566 102379119738686 11 12
11 0 0 4043038695481 4065486530460 107533131979798 108014012020337 112277285443693 112765627080323 13 4
20 1 19 10929483319202 10929483319203 0 0 9506722284948 9573362331614 0 14
4 1 0 4500547098050 4504300501889 16171368264969 16281929173922 21172734827955 21314742096169 15 16
12 1 0 2310627508470 2313533807413 24386594141221 24548124198168 27077072430552 27254534228022 17 5
5 0 0 8961152003779 9054275717924 201024889383799 201439675408274 216541223691293 216901707745320 18 6
6 0 0 4500882370521 4543848266102 184701637835720 185160261111712 191906162498647 192347118331054 19 20
13 0 0 2702110270334 2726653991905 175764758794851 176241604624413 179897248423706 180366176436153 2 21
7 0 0 4132919224030 4186643114454 251294696325325 251488961422600 258703533582759 258854402124321 22 8
8 0 0 1943468327749 1967994830440 243989820247123 244224135462779 247155145310162 247372439963684 23 24
14 0 0 1126413371928 1140406377759 240186168475648 240440261136292 241928506485453 242173631234533 7 25
17 0 0 2368809875557 2402786563512 277191010602257 277221407227730 281474976710656 281474976710656 26 1
9 0 0 1077701220495 1092928287525 273066985158028 273125762171495 274837362490934 274884062197309 27 28
15 0 0 614095864638 622705767448 270972408632482 271045268758575 271927475868894 271993942171310 9 29
5 0 0 4501337542658 4518577611077 74209493926816 74605269574809 81872193697744 82292610450659 30 10
6 0 0 2310918280192 2318785759360 65971924445427 66337828531587 69630376142260 70009979400550 31 32
13 0 0 1404248829001 1408696773262 61383136098823 61730879573886 63512059872402 63868364108695 3 33
7 0 0 1943726634479 1953607718745 98468161500140 98931560085041 101908587892566 102379119738686 34 12
8 0 0 922675687928 927202827736 95043055942917 95498747025435 96531259642143 96990373918921 35 36
14 0 0 537414132847 540001070484 93246488030592 93697894490070 94070563142131 94523955592852 11 37
17 0 0 1077861218072 1084002724934 110349934668218 110835384755372 112277285443693 112765627080323 38 4
9 0 0 492945049442 495706234568 108484434541148 108966903695288 109286483235096 109770255967039 39 40
15 0 0 281637456356 283201169104 107533131979798 108014012020337 107967219305716 108448830253843 13 41
5 1 0 2699704914015 2700394454665 4953283128852 4988590030263 9506722284948 9573362331614 42 14
6 1 20 1402888927257 1402888927258 0 0 2207358079152 2223249449814 0 43
-1
7 0 0 1125391288654 1126505316455 19193861082095 19323581165819 21172734827955 21314742096169 44 16
8 0 0 536860096305 537336702105 17213894861334 17331117734936 18075406394143 18198091968381 45 46
14 0 0 313507421614 313768883152 16171368264969 16281929173922 16649909866616 16763535756637 15 47
17 0 0 613533611535 614355949823 25986273480672 26157321303786 27077072430552 27254534228022 48 5
9 0 0 281339223865 281700943886 24927575485107 25092339114611 25383100402126 25550575046134 49 50
15 0 0 160957958379 161160410719 24386594141221 24548124198168 24633541080443 24796549079193 17 51
10 0 0 27111699852 27505238705 280505050270669 280512014015466 280537531018035 280544262335777 52 53
16 1 5 38068025677 38068025678 0 0 37822003110 38096424674 0 54
18 0 0 27820856188 28193153831 258673184407852 258824236418040 258703533582759 258854402124321 55 8
20 0 0 33931694582 34039172889 61383136098823 61730879573886 61412737691910 61760601805956 3 56
1 0 0 29064082475 29487374171 281441234654654 281441477713946 281474976710656 281474976710656 57 1
-1
-1
-1
-1
-1
-1
-1
-1
-1
2 1 21 878165151881 878165151882 0 0 889297779978 895730511877 0 58
3 1 0 336086220344 336110179857 1382600909060 1392584237170 1758093610256 1770771112353 59 60
11 1 0 176131197869 176149377990 2001827069288 2016249449268 2207358079152 2223249449814 61 43
5 1 0 196092077895 196097707725 556812959130 560845470683 889297779978 895730511877 62 58
6 1 0 100670123257 100671157484 199246564937 200691384363 358065835298 360660842378 63 64
13 1 22 61172849993 61172849994 0 0 92444028098 93114634446 0 65
4 1 0 14001110058 14001152316 58534548951 58959221109 74082929943 74620376757 66 67
12 1 0 7194617693 7194648884 84076531134 84686456356 92444028098 93114634446 68 65
0 0 0 1482801841065 1504070198637 277191010602257 277221407227730 278795478722562 278814600203708 26 69
1 0 0 668700266835 678380942934 279761635906232 279773904747414 280537531018035 280544262335777 70 53
18 0 0 378910692517 384421701147 281061232825488 281064209214666 281474976710656 281474976710656 71 1
21 0 0 102621088986 104115076402 281329671901660 281330718186001 281474976710656 281474976710656 72 1
9 0 0 46444384759 47120105558 281151422597212 281153750921079 281227832357225 281229611309600 73 74
15 0 0 26394860812 26778756830 281061232825488 281064209214666 281102328279022 281105009425031 71 75
0 0 0 64237633104 65172823098 281329671901660 281330718186001 281399263222326 281399808540079 72 76
-1
7 0 0 173296148394 175809101826 280225021442075 280233986804677 280537531018035 280544262335777 77 53
8 0 0 80751245942 81920932425 279919609491693 279930753364251 280051621214777 280061824026629 78 79
14 0 0 46581558179 47255912595 279761635906232 279773904747414 279833909701292 279845664020472 70 80
0 0 0 108478038081 110051069338 280225021442075 280233986804677 280341873438099 280350004038984 77 81
1 0 0 48203204800 48902662941 280411715842938 280419347175619 280467523087689 280474755304267 82 83
0 0 0 2587079823332 2620709319922 251294696325325 251488961422600 254072714700264 254251035386620 22 84
1 0 0 1143225692629 1158349579581 255728711292004 255897340420936 257049556570252 257210355470689 85 86
10 0 0 641223630581 649779944526 257936567977799 258092058643874 258703533582759 258854402124321 87 8
17 0 0 173299587029 175616126745 258389831036256 258542593728320 258703533582759 258854402124321 88 8
9 0 0 78541544233 79590202512 258088960328581 258243534985002 258217985074101 258371783256051 89 90
15 0 0 44667539906 45263571426 257936567977799 258092058643874 258006019645462 258161092993664 87 91
0 0 0 108480190561 109930272896 258389831036256 258542593728320 258507182437181 258659237142595 88 92
1 0 0 49038693378 49694684853 258577927888967 258729555444930 258634785472322 258786069546827 93 94
16 0 0 873867745013 876635712443 61383136098823 61730879573886 62254124786530 62605398968435 3 95
4 0 0 321401147870 322441557136 62731121825535 63084312982529 63089198621317 63443821104557 96 97
12 0 0 165155294230 165694936540 63319352988869 63674891960563 63512059872402 63868364108695 98 33
5 0 0 192565688927 193181060695 61928336865185 62278294998451 62254124786530 62605398968435 99 95
6 0 0 100013014648 100330790894 61574040010814 61922560704038 61731914478650 62081076495728 100 101
19 0 0 62600600127 62798886909 61383136098823 61730879573886 61467413336590 61815500157871 3 102
4 0 0 13973611624 14017909232 61433482031918 61781430660911 61449045076575 61797057096690 103 104
12 0 0 7174510995 7197264313 61459043939080 61807096679780 61467413336590 61815500157871 105 102
196333862046905 197758576075184
1 215245570425795 222834356562603 0 106
222697964583563 222697964583564
75336629342194 75336629342195
157144812870925 157144812870926
124330163839730 124330163839731
100844361320859 100844361320860
86238015427197 86238015427198
180630615389796 180630615389797
207230329813276 207230329813277
195236961283458 195236961283459
215461961389066 215461961389067
110024633177393 110024633177394
119356494556657 119356494556658
115277832901678 115277832901679
122041945193153 122041945193154
79103989580119 79103989580120
83815440986657 83815440986658
81783479650615 81783479650616
85130887495109 85130887495110
171450343533262 171450343533263
166197143808977 166197143808978
162118482153998 162118482153999
159433031517502 159433031517503
202370987130536 202370987130537
199691497060040 199691497060041
197659535723998 197659535723999
196344089215546 196344089215547
219724858965771 219724858965772
218104110521984 218104110521985
216890886472456 216890886472457
216112643713183 216112643713184
106549533214591 106549533214592
104496874026261 104496874026262
102869632265219 102869632265220
101781795739296 101781795739297
117728312616815 117728312616816
116816450331236 116816450331237
116118150061543 116118150061544
115662919042574 115662919042575
123397984511852 123397984511853
122885146713689 122885146713690
122499074933944 122499074933945
122250431600834 122250431600835
77291579817693 77291579817694
76205700303586 76205700303587
83009271060438 83009271060439
82554896751387 82554896751388
82205529682065 82205529682066
81977111204780 81977111204781
85788501933392 85788501933393
85540318655562 85540318655563
85353066920356 85353066920357
85232280850561 85232280850562
222044802271731 222044802271732
222022197300482 222022197300483
75351491818558 75351491818559
207210255392417 207210255392418
100857370221053 100857370221054
222674429829821 222674429829822
75686350326485 75686350326486
76028541937036 76028541937037
75880582328674 75880582328675
76124635765901 76124635765902
75555534390087 75555534390088
75477374287401 75477374287402
75414936169070 75414936169071
75372957764282 75372957764283
75365741792294 75365741792295
75359631411035 75359631411036
75369669281319 75369669281320
220834860642881 220834860642882
221505291187730 221505291187731
222409511685390 222409511685391
222596629249008 222596629249009
222525627236523 222525627236524
222472365947540 222472365947541
222438149907917 222438149907918
222645157783361 222645157783362
221827383080658 221827383080659
221706814152412 221706814152413
221615056584494 221615056584495
221555504396577 221555504396578
221908660607183 221908660607184
221996082419299 221996082419300
221957250856418 221957250856419
204183396892962 204183396892963
206138347368461 206138347368462
205269276407069 205269276407070
206723450724175 206723450724176
207022899262574 207022899262575
206909332400829 206909332400830
206824094028301 206824094028302
206769313782552 206769313782553
207100478395427 207100478395428
207184858475707 207184858475708
207147257194293 207147257194294
101227433488789 101227433488790
101595297990621 101595297990622
101437488352939 101437488352940
101696786375930 101696786375931
101084074471204 101084074471205
100997683499139 100997683499140
100928269825594 100928269825595
100881400217797 100881400217798
100873327075719 100873327075720
100866487087874 100866487087875
100877721700162 100877721700163
17 0 1 281474976710656 281474976710656 0 0 281474976710656 281474976710656 0 1
0 1 8 176194644402237 176194644402238 0 0 105233372086243 105710217915805 0 2
1 1 0 79050932511365 79740080167692 168709349630333 169197691266963 219744097136770 220091840611833 3 4
18 1 0 44677123042408 45264665438147 254220442482634 254397904280104 281474976710656 281474976710656 5 1
5 1 0 41881767326843 42021327599674 64573268965336 64933753019363 105233372086243 105710217915805 6 2
6 1 0 20650692870688 20674785687046 22620574586335 22771443127897 41034715574364 41288808235008 7 8
13 1 9 12273691945766 12273691945767 0 0 10429707952081 10502568078174 0 9
7 0 0 20467383764533 20678125011266 199182366259997 199602783012912 219744097136770 220091840611833 10 4
8 0 0 9543059629963 9631387412447 179095856971970 179566388818090 187777082220586 188228488680064 11 12
14 0 0 5506675852502 5554681772703 168709349630333 169197691266963 173460964690319 173941844730858 3 13
21 0 0 12093508857372 12263648807586 271901614379042 271968254425708 281474976710656 281474976710656 14 1
9 0 0 5475242847158 5548934955939 260160234614487 260302241882701 265193047536734 265303608445687 15 16
15 0 0 3112201549065 3153129662374 254220442482634 254397904280104 256926852512488 257088382569435 5 17
0 0 0 26216693175805 26304053597438 64573268965336 64933753019363 80035301302382 80450087326857 6 18
1 0 0 11262640319709 11314457651743 89127858379602 89568814212009 96314715598944 96773338874936 19 20
10 0 0 6229857250270 6262377614745 101108800274503 101577728286950 105233372086243 105710217915805 21 2
2 0 0 12926696111786 12941777470920 22620574586335 22771443127897 29986015288056 30180280385331 7 22
3 0 0 5019564627744 5028394741548 34102536746972 34319831400494 37250841247877 37485156463533 23 24
11 0 0 2647827970673 2653196308518 39301345476123 39546470225203 41034715574364 41288808235008 25 8
16 1 10 7637950826179 7637950826180 0 0 4253569482926 4283966108399 0 26
4 1 0 2827439915472 2828400860744 6590914513347 6637614219722 8349214539161 8407991552628 27 28
12 1 0 1457033665611 1457746028168 9481034539346 9547500841762 10429707952081 10502568078174 29 9
0 0 0 12811950271313 12943867784774 199182366259997 199602783012912 206869707135847 207265482783840 10 30
1 0 0 5690984419791 5753204532230 211464997310106 211844600568396 215137148179069 215503052265229 31 32
10 0 0 3200274894828 3236282858682 217606612601961 217962916838254 219744097136770 220091840611833 33 4
2 0 0 5973660670160 6028951134725 179095856971970 179566388818090 182543416625615 183006815210516 11 34
3 0 0 2355067626188 2377522868978 184484602791735 184943717068513 185976229685221 186431920767739 35 36
11 0 0 1250902775191 1262989800159 186951021117804 187404413568525 187777082220586 188228488680064 37 12
16 0 0 3426818887338 3456693097925 168709349630333 169197691266963 170639591955284 171125042042438 3 38
4 0 0 1279471042660 1290823648610 171704720743617 172188493475560 172508073015368 172990542169508 39 40
12 0 0 661825887772 667743489527 173026146456813 173507757404940 173460964690319 173941844730858 41 13
0 0 0 7570163137060 7676665492534 271901614379042 271968254425708 276486386680393 276521693581804 14 42
1 0 0 3424330419963 3473813271855 279251727260842 279267618631504 281474976710656 281474976710656 43 1
-1
2 0 0 3427332964885 3473461949614 260160234614487 260302241882701 262151395544837 262281115628561 15 44
3 0 0 1361849313283 1380398969194 263276884742275 263399570316513 264143858975720 264261081849322 45 46
11 0 0 725962364877 735904711360 264711440954019 264825066844040 265193047536734 265303608445687 47 16
16 0 0 1936731221376 1962200894091 254220442482634 254397904280104 255317655406870 255488703229984 5 48
4 0 0 726255348349 735870454615 255924401664522 256091876308530 256382637596045 256547401225549 49 50
12 0 0 376386043067 381383857610 256678427631463 256841435630213 256926852512488 257088382569435 51 17
13 0 0 38152340885 38154171790 930714374879 937445692621 962962695190 969926439987 52 53
17 0 0 37577570516 38124844856 281436880285982 281437154707546 281474976710656 281474976710656 54 1
19 0 0 40142505992 40189339580 22620574586335 22771443127897 22650740292616 22801792302804 7 55
21 0 0 37647965694 38075677211 219714374904700 220062239018746 219744097136770 220091840611833 56 4
6 1 5 38068025677 38068025678 0 0 33498996710 33742056002 0 57
-1
-1
-1
-1
-1
-1
-1
-1
-1
7 0 0 887915398521 900807322226 280579246198779 280585678930678 281474976710656 281474976710656 58 1
8 0 0 413594451078 419580763984 279704205598303 279716883100400 280082392473486 280092375801596 59 60
14 0 0 238538332636 241985300521 279251727260842 279267618631504 279458727261388 279473149641368 43 61
0 0 0 555807623576 563877569755 280579246198779 280585678930678 280914131239973 280918163751526 58 62
1 0 0 247032845785 250626458273 281114315868278 281116910875358 281274285326293 281275730145719 63 64
10 0 0 138958010751 140981378203 281381862076210 281382532682558 281474976710656 281474976710656 65 1
9 0 0 17023934435 17271836279 281400356333899 281400893780713 281416017489547 281416442161705 66 67
15 0 0 9679793748 9820741216 281381862076210 281382532682558 281390290254300 281390900179522 65 68
5 1 0 1687514250235 1687745738053 2660376506948 2679497988094 4253569482926 4283966108399 69 26
6 1 0 874955091721 874997080196 930714374879 937445692621 1701071963242 1713340804424 52 70
19 1 11 547154083892 547154083893 0 0 410767495990 413743885168 0 71
20 1 12 296576474126 296576474127 0 0 144258524655 145304808996 0 72
4 1 0 122164433975 122165979523 245365401056 247144353431 321225789577 323554113444 73 74
12 1 0 62730929821 62732126479 369967285625 372648431634 410767495990 413743885168 75 71
5 1 0 73265074144 73265358103 75168170577 75713488330 144258524655 145304808996 76 72
-1
2 0 0 547694871691 547721155180 930714374879 937445692621 1240989905979 1249955268581 52 77
3 0 0 209741071875 209756354685 1413152684027 1423355495879 1544223346405 1555367218963 78 79
11 0 0 109948712008 109957948912 1629312690184 1641067009364 1701071963242 1713340804424 80 70
5 0 0 122329548876 122336644693 1124972671672 1133103272557 1240989905979 1249955268581 81 77
6 0 0 62791668724 62794907095 1000221406389 1007453622967 1055629535037 1063260867718 82 83
5 0 0 2903385779292 2907462686418 27223941324036 27402262010392 29986015288056 30180280385331 84 22
6 0 0 1484969798933 1486828243661 24264621239967 24425420140404 25577636289720 25746265418652 85 86
13 0 0 900471671490 901522236659 22620574586335 22771443127897 23382918066782 23538408732857 7 87
16 0 0 560365892968 561019662440 22620574586335 22771443127897 22932382982336 23085145674400 7 88
4 0 0 206224273860 206470007046 23103193454605 23256991636555 23231441725654 23386016382075 89 90
12 0 0 105998841745 106126300286 23313883716992 23468957065194 23382918066782 23538408732857 91 87
5 0 0 123512986072 123658330229 22815739568061 22967794273475 22932382982336 23085145674400 92 88
6 0 0 64138710333 64213766002 22688907163829 22840191238334 22745421265726 22897048821689 93 94
17 0 0 865378039412 875171530025 218869577742221 219220851924126 219744097136770 220091840611833 95 4
9 0 0 392061970133 396481894476 218031155606099 218385778089339 218390663728127 218743854885121 96 97
15 0 0 222930659068 225438968316 217606612601961 217962916838254 217800084750093 218155623721787 33 98
0 0 0 541699932653 547830355386 218869577742221 219220851924126 219196681712205 219546639845471 95 99
1 0 0 244930536635 247709076622 219393900214928 219743062232006 219552416006618 219900936699842 100 101
18 0 0 138970623034 140549046759 219659476552785 220007563374066 219744097136770 220091840611833 102 4
9 0 0 17035671393 17229178276 219677919613966 220025931634081 219693546049745 220041494678738 103 104
15 0 0 9680672317 9790625073 219659476552785 220007563374066 219667880030876 220015932771576 102 105
118990343182303 119073405897388
0 74235158692920 74766790688768 0 94
74290118234948 74290118234949
207230329813276 207230329813277
157144812870925 157144812870926
100844361320859 100844361320860
124330163839730 124330163839731
86238015427197 86238015427198
180630615389796 180630615389797
195236961283458 195236961283459
110024633177393 110024633177394
115277832901678 115277832901679
119356494556657 119356494556658
122041945193153 122041945193154
79103989580119 79103989580120
81783479650615 81783479650616
83815440986657 83815440986658
85130887495109 85130887495110
171450343533262 171450343533263
162118482153998 162118482153999
166197143808977 166197143808978
159433031517502 159433031517503
202370987130536 202370987130537
197659535723998 197659535723999
199691497060040 199691497060041
196344089215546 196344089215547
106549533214591 106549533214592
102869632265219 102869632265220
104496874026261 104496874026262
101781795739296 101781795739297
117728312616815 117728312616816
116118150061543 116118150061544
116816450331236 116816450331237
115662919042574 115662919042575
123397984511852 123397984511853
122499074933944 122499074933945
122885146713689 122885146713690
122250431600834 122250431600835
77291579817693 77291579817694
75336629342194 75336629342195
76205700303586 76205700303587
74751525986480 74751525986481
83009271060438 83009271060439
82205529682065 82205529682066
82554896751387 82554896751388
81977111204780 81977111204781
85788501933392 85788501933393
85353066920356 85353066920357
85540318655562 85540318655563
85232280850561 85232280850562
75351491818558 75351491818559
207210255392417 207210255392418
100857370221053 100857370221054
74305266710793 74305266710794
74452077448081 74452077448082
74565644309826 74565644309827
74650882682354 74650882682355
74705662928103 74705662928104
74374498315228 74374498315229
74327719516362 74327719516363
74313669899628 74313669899629
74320066321618 74320066321619
74324218295155 74324218295156
75686350326485 75686350326486
75880582328674 75880582328675
76028541937036 76028541937037
76124635765901 76124635765902
75555534390087 75555534390088
75414936169070 75414936169071
75477374287401 75477374287402
75372957764282 75372957764283
75359631411035 75359631411036
75365741792294 75365741792295
75369669281319 75369669281320
204183396892962 204183396892963
205269276407069 205269276407070
206138347368461 206138347368462
206723450724175 206723450724176
207022899262574 207022899262575
206824094028301 206824094028302
206909332400829 206909332400830
206769313782552 206769313782553
207100478395427 207100478395428
207147257194293 207147257194294
207184858475707 207184858475708
101227433488789 101227433488790
101437488352939 101437488352940
101595297990621 101595297990622
101696786375930 101696786375931
101084074471204 101084074471205
100928269825594 100928269825595
100997683499139 100997683499140
100881400217797 100881400217798
100866487087874 100866487087875
100873327075719 100873327075720
100877721700162 100877721700163
18 0 1 281474976710656 281474976710656 0 0 281474976710656 281474976710656 0 1
21 1 0 76191569469408 76260593756510 182604751419368 182649505802985 281474976710656 281474976710656 2 1
9 1 0 34495145343762 34505641925625 61344025841416 61377510195949 113321098288389 113368342677889 3 4
15 1 2 19607503771235 19607503771236 0 0 27950824393077 27968397092124 0 5
0 0 0 47693569943557 47736777016041 182604751419368 182649505802985 229954622305057 229983987169187 2 6
1 0 0 21573979244229 21601651096450 258514060120678 258528771373465 281474976710656 281474976710656 7 1
-1
2 0 0 21592895888914 21599466425060 61344025841416 61377510195949 81908016104774 81948546557358 3 8
3 0 0 8579928107190 8583908970587 93531661659909 93575246897677 102485458122769 102530939550769 9 10
11 0 0 4573710790478 4576169060044 108347239607883 108393747048164 113321098288389 113368342677889 11 4
16 1 3 12201801242085 12201801242086 0 0 11331618427670 11339209946014 0 12
4 1 0 4575556646040 4575956037007 17597874431647 17609390323593 22330369475378 22344720028745 13 14
12 1 0 2371308748017 2371607332110 25385182030020 25401303321392 27950824393077 27968397092124 15 5
5 0 0 11372479403165 11384421826599 211659968417642 211696596503598 229954622305057 229983987169187 16 6
6 0 0 5596023244780 5601375503415 192783191244912 192825575015269 201068771930444 201108846816322 17 18
13 0 0 3322326778245 3325336576299 182604751419368 182649505802985 187297762065553 187341487220812 2 19
7 0 0 5594047895217 5601603758469 272224195799846 272230436978735 281474976710656 281474976710656 20 1
8 0 0 2605729298515 2609131971424 263187092814374 263199021683709 267092870142794 267102390469062 21 22
14 0 0 1502840090210 1504767707199 258514060120678 258528771373465 260651881293671 260665333084965 7 23
-1
-1
-1
5 0 0 4894653085839 4896453719269 74161558276179 74199680743819 81908016104774 81948546557358 24 8
6 0 0 2488658622009 2489472250755 65908413042290 65943642494152 69564323605203 69600876270715 25 26
13 0 0 1504157820782 1504615523324 61344025841416 61377510195949 63458703519245 63493009226491 3 27
7 0 0 2175161939071 2176229289820 98918537477828 98963311172043 102485458122769 102530939550769 28 10
8 0 0 1028333595040 1028820152203 95381439641287 95425449204522 96916600479612 96960949310375 29 30
14 0 0 597676477975 597953784311 93531661659909 93575246897677 94379672418521 94423454290509 9 31
17 0 0 1223461258700 1224136748489 111297144979717 111344104296188 113321098288389 113368342677889 32 4
9 0 0 558282938142 558585759527 109342423373281 109389088082904 110182316567404 110229110183798 33 34
15 0 0 318603993224 318775235907 108347239607883 108393747048164 108801215010827 108847794802307 11 35
5 1 0 2709893454936 2709988571917 7076482194460 7081297747103 11331618427670 11339209946014 36 12
6 1 0 1400303107359 1400320273747 2471558546219 2473268689029 4520616020939 4523720977814 37 38
19 1 4 874091170836 874091170837 0 0 1090270843610 1091028970950 0 39
7 0 0 1148103565559 1148220050950 20454777935184 20468018346251 22330369475378 22344720028745 40 14
8 0 0 546457619978 546507987276 18582217531064 18594332178080 19396496208182 19409102529464 41 42
14 0 0 318732575240 318760396754 17597874431647 17609390323593 18049569143120 18061360388412 13 43
17 0 0 630801807429 630886005328 26909722388517 26926710064758 27950824393077 27968397092124 44 5
9 0 0 288906760042 288943876252 25900452747065 25916868153303 26334566156937 26351228331079 45 46
15 0 0 165185004233 165205803556 25385182030020 25401303321392 25620354582171 25636610272724 15 47
-1
16 0 0 37997858284 37998324103 2471558546219 2473268689029 2506626839727 2508361029151 37 48
18 0 0 38020429157 38073521784 281436905937024 281436932490682 281474976710656 281474976710656 49 1
20 0 0 36345854612 36356914350 61344025841416 61377510195949 61373394724100 61406890637592 3 50
-1
2 1 5 38068025677 38068025678 0 0 35808670052 35833663566 0 51
20 1 6 473787704676 473787704677 0 0 382797472882 383064325844 0 52
4 1 0 195253967654 195254598275 651152799116 651606292310 852533629308 853126947435 53 54
12 1 0 100286493487 100286981929 981939417124 982622479455 1090270843610 1091028970950 55 39
5 1 0 117059804815 117059920620 199449452923 199588582415 382797472882 383064325844 56 52
6 1 7 60814542220 60814542221 0 0 88881905439 88943930973 0 57
-1
3 1 0 14570176921 14570180945 55672107898 55710962827 70791759017 70841163664 58 59
11 1 0 7635963207 7635966261 80605966300 80662218191 88881905439 88943930973 60 57
2 0 0 876546508467 876557254096 2471558546219 2473268689029 3296490051532 3298764239582 37 61
3 0 0 335992145441 335998402353 3754431845183 3757017692058 4103172566133 4105995055331 62 63
11 0 0 176205418980 176209203021 4329617326851 4332593149705 4520616020939 4523720977814 64 38
5 0 0 195854011545 195856914204 2987976918714 2990040556924 3296490051532 3298764239582 65 61
6 0 0 100507224572 100508548801 2656314723528 2658151486524 2803612318301 2805549908362 66 67
13 0 0 61060095541 61060844081 2471558546219 2473268689029 2557274533502 2559043441691 37 68
4 0 0 13976228711 13976403810 2525831975182 2527579331138 2540249065053 2542006303781 69 70
12 0 0 7182039721 7182130544 2549515666010 2551279256355 2557274533502 2559043441691 71 68
-1
-1
-1
-1
-1
-1
-1
-1
-1
-1
-1
-1
-1
0 0 0 3501701256663 3506430993759 272224195799846 272230436978735 275682767440894 275686724856421 20 72
1 0 0 1556357253537 1558502108045 277750201913212 277752765865667 279402308644975 279403743848633 73 74
10 0 0 875463776011 876682281027 280513322428010 280513990964401 281474976710656 281474976710656 75 1
17 0 0 236746349489 237076530092 281081530608879 281081804683951 281474976710656 281474976710656 76 1
9 0 0 107254255027 107403637412 280704324435549 280704860553012 280866067189415 280866491031668 77 78
15 0 0 60984672564 61069553437 280513322428010 280513990964401 280600365604451 280600973817478 75 79
0 0 0 148195904834 148402587696 281081530608879 281081804683951 281228694647503 281228866297672 76 80
1 0 0 67008726880 67102259711 281317423213377 281317533057394 281388739428437 281388799567054 81 82
16 0 0 936041373753 936326203252 61344025841416 61377510195949 62208575369417 62242398200877 3 83
4 0 0 344810936421 344918148828 62682404280331 62716411045877 63038269571890 63072413747194 84 85
12 0 0 177306584557 177362228940 63267078046822 63301310239768 63458703519245 63493009226491 86 27
5 0 0 206397742293 206461101388 61885097048743 61918793670443 62208575369417 62242398200877 87 83
6 0 0 107152604556 107185310880 61533446117664 61567004948731 61690124295493 61723744594996 88 89
19 0 0 67054485161 67074889277 61344025841416 61377510195949 61427643105405 61461160358639 3 90
4 0 0 14968681660 14973240214 61393976565495 61427480577006 61409418013162 61442928098801 91 92
12 0 0 7685642176 7687983725 61419338894932 61452852882476 61427643105405 61461160358639 93 90
148421889180868 148525496959144
1 74235158692920 74766790688768 0 94
207230329813276 207230329813277
74290118234948 74290118234949
157144812870925 157144812870926
124330163839730 124330163839731
100844361320859 100844361320860
86238015427197 86238015427198
180630615389796 180630615389797
195236961283458 195236961283459
110024633177393 110024633177394
119356494556657 119356494556658
115277832901678 115277832901679
122041945193153 122041945193154
79103989580119 79103989580120
83815440986657 83815440986658
81783479650615 81783479650616
85130887495109 85130887495110
171450343533262 171450343533263
166197143808977 166197143808978
162118482153998 162118482153999
159433031517502 159433031517503
202370987130536 202370987130537
199691497060040 199691497060041
197659535723998 197659535723999
196344089215546 196344089215547
106549533214591 106549533214592
104496874026261 104496874026262
102869632265219 102869632265220
101781795739296 101781795739297
117728312616815 117728312616816
116816450331236 116816450331237
116118150061543 116118150061544
115662919042574 115662919042575
123397984511852 123397984511853
122885146713689 122885146713690
122499074933944 122499074933945
122250431600834 122250431600835
77291579817693 77291579817694
76205700303586 76205700303587
75336629342194 75336629342195
74751525986480 74751525986481
83009271060438 83009271060439
82554896751387 82554896751388
82205529682065 82205529682066
81977111204780 81977111204781
85788501933392 85788501933393
85540318655562 85540318655563
85353066920356 85353066920357
85232280850561 85232280850562
75351491818558 75351491818559
207210255392417 207210255392418
100857370221053 100857370221054
74305266710793 74305266710794
74452077448081 74452077448082
74650882682354 74650882682355
74565644309826 74565644309827
74705662928103 74705662928104
74374498315228 74374498315229
74327719516362 74327719516363
74320066321618 74320066321619
74313669899628 74313669899629
74324218295155 74324218295156
75686350326485 75686350326486
76028541937036 76028541937037
75880582328674 75880582328675
76124635765901 76124635765902
75555534390087 75555534390088
75477374287401 75477374287402
75414936169070 75414936169071
75372957764282 75372957764283
75365741792294 75365741792295
75359631411035 75359631411036
75369669281319 75369669281320
204183396892962 204183396892963
206138347368461 206138347368462
205269276407069 205269276407070
206723450724175 206723450724176
207022899262574 207022899262575
206909332400829 206909332400830
206824094028301 206824094028302
206769313782552 206769313782553
207100478395427 207100478395428
207184858475707 207184858475708
207147257194293 207147257194294
101227433488789 101227433488790
101595297990621 101595297990622
101437488352939 101437488352940
101696786375930 101696786375931
101084074471204 101084074471205
100997683499139 100997683499140
100928269825594 100928269825595
100881400217797 100881400217798
100873327075719 100873327075720
100866487087874 100866487087875
100877721700162 100877721700163
19 0 1 281474976710656 281474976710656 0 0 281474976710656 281474976710656 0 1
20 1 23 152569191394460 152569191394461 0 0 98825470907671 98870225291288 0 2
4 1 0 62825003847697 62877399168855 168106634032767 168153878422267 220097466514707 220130950869240 3 4
12 1 0 32255007879633 32295578112148 253506579618532 253524152317579 281474976710656 281474976710656 5 1
5 1 0 37686300779780 37695926363732 51490989541469 51520354405599 98825470907671 98870225291288 6 2
6 1 24 19583508478563 19583508478564 0 0 22946205337191 22960916589978 0 7
-1
7 0 0 15709803830412 15725355006589 199526430153298 199566960605882 220097466514707 220130950869240 8 4
8 0 0 7494252783334 7500905921378 178944037159887 178989518587887 187899729812979 187943315050747 9 10
14 0 0 4376380146707 4380029996756 168106634032767 168153878422267 173081229662492 173127737102773 3 11
17 0 0 8564570187945 8576049549213 270135766764642 270143358282986 281474976710656 281474976710656 12 1
9 0 0 3927330930393 3932380330205 259130256681911 259144607235278 263865586387063 263877102279009 13 14
15 0 0 2246878909208 2249705025393 253506579618532 253524152317579 256073673389264 256089794680636 5 15
0 0 0 23590460659509 23596485977857 51490989541469 51520354405599 69778380207058 69815008293014 6 16
1 0 0 9834453238879 9838373826476 80366129894334 80406204780212 88649401695387 88691785465744 17 18
10 0 0 5361640434943 5364144105282 94133489489844 94177214645103 98825470907671 98870225291288 19 2
2 1 25 12258671633449 12258671633450 0 0 9244539731921 9250780910810 0 20
3 1 0 4691566964253 4691901425029 14372586241594 14382106567862 18275955026947 18287883896282 21 22
11 1 0 2458688453381 2458942237219 20809643625691 20823095416985 22946205337191 22960916589978 23 7
-1
-1
-1
0 0 0 9833852130926 9843586687043 199526430153298 199566960605882 207275295966837 207313418434477 8 24
1 0 0 4308070894110 4312599446623 211874100439941 211910653105453 215531334216504 215566563668366 25 26
10 0 0 2405985689942 2408587739667 217981967484165 218016273191411 220097466514707 220130950869240 27 4
2 0 0 4691170844566 4695335503555 178944037159887 178989518587887 182511665538613 182556439232828 9 28
3 0 0 1838092273238 1839774872377 184514027400281 184558376231044 186049527506134 186093537069369 29 30
11 0 0 973565827685 974469293865 187051522420147 187095304292135 187899729812979 187943315050747 31 10
16 0 0 2723432892476 2725704203775 168106634032767 168153878422267 170130872414468 170177831730939 3 32
4 0 0 1013344862810 1014205765745 171245866526858 171292660143252 172085888627752 172132553337375 33 34
12 0 0 523371760711 523819986698 172627181908349 172673761699829 173081229662492 173127737102773 35 11
0 0 0 5361156491982 5368342217692 270135766764642 270143358282986 274393678963553 274398494516196 12 36
1 0 0 2405912949361 2409219056921 276951255732842 276954360689717 279001708021627 279003418164437 37 38
18 0 0 1359915935643 1361807847014 280383947739706 280384705867046 281474976710656 281474976710656 39 1
2 0 0 2458387899404 2461548667777 259130256681911 259144607235278 261006958364405 261020198775472 13 40
3 0 0 973528381075 974794238535 262065874181192 262078480502474 262880644532576 262892759179592 41 42
11 0 0 518150437353 518827642940 263413616322244 263425407567536 263865586387063 263877102279009 43 14
16 0 0 1398238663374 1399997362920 253506579618532 253524152317579 254548266645898 254565254322139 5 44
4 0 0 523349621101 524012088912 255123748379577 255140410553719 255558108557353 255574523963591 45 46
12 0 0 271005547521 271349553682 255838366437932 255854622128485 256073673389264 256089794680636 47 15
-1
17 0 0 26339677795 26376136187 278966615681505 278968349870929 279001708021627 279003418164437 48 38
19 1 5 38068025677 38068025678 0 0 38044219974 38070773632 0 49
21 0 0 28237341820 28268172564 220068086073064 220101581986556 220097466514707 220130950869240 50 4
-1
7 0 0 27028070000 27065812937 281439143047090 281439168040604 281474976710656 281474976710656 51 1
21 0 0 368120766168 368634188350 281091912384812 281092179237774 281474976710656 281474976710656 52 1
9 0 0 166661002224 166893057357 280621849763221 280622443081348 280823370418346 280823823911540 53 54
15 0 0 94731535812 94863326070 280383947739706 280384705867046 280492354231201 280493037293532 39 55
0 0 0 230432233266 230753619700 281091912384812 281092179237774 281275388128241 281275527257733 52 56
1 0 0 104236129444 104381660920 281386032779683 281386094805217 281474976710656 281474976710656 57 1
-1
8 0 0 12589764331 12607342929 281404135546992 281404184951639 281419265747829 281419304602758 58 59
14 0 0 7261072813 7271210515 281386032779683 281386094805217 281394314492465 281394370744356 57 60
7 0 0 622951876005 623811698648 278176212471074 278178486659124 279001708021627 279003418164437 61 38
8 0 0 290447147378 290846870217 277368981655325 277371804144523 277717959018598 277720544865473 62 63
14 0 0 167595527599 167825830546 276951255732842 276954360689717 277142383560951 277145359383805 37 64
0 0 0 389948639680 390486862107 278176212471074 278178486659124 278484936153732 278486999791942 61 65
1 0 0 173215724178 173455227364 278669426802294 278671364392355 278816825224132 278818661987128 66 67
10 0 0 97407203715 97542006601 278915933268965 278917702177154 279001708021627 279003418164437 68 38
9 0 0 11933251047 11949766612 278932970406875 278934727645603 278947397379518 278949144735474 69 70
15 0 0 6785370893 6794761242 278915933268965 278917702177154 278923697454301 278925461044646 68 71
-1
-1
-1
-1
-1
-1
-1
-1
-1
-1
-1
-1
-1
5 1 0 2737330657783 2737409246901 5788251854235 5792209269762 9244539731921 9250780910810 72 20
6 1 0 1405296010294 1405310447478 2071232862023 2072668065681 3722210844989 3724774797444 73 74
13 1 26 853937188634 853937188635 0 0 960985746255 961654282646 0 75
16 1 27 531407361717 531407361718 0 0 393172026705 393446101777 0 76
4 1 0 195447303218 195447893101 608485678988 608909521241 770116157644 770652275107 77 78
12 1 0 100432652841 100433088227 874002893178 874611106205 960985746255 961654282646 79 75
5 1 0 117101087211 117101230160 246110412984 246282063153 393172026705 393446101777 80 76
6 1 0 60818881944 60818907941 86177143602 86237282219 157443653262 157553497279 81 82
17 0 0 649678079880 650384732483 219232578509779 219266401341239 220097466514707 220130950869240 83 4
9 0 0 294614571875 294933809569 218402562963462 218436707138766 218758565664779 218792572430325 84 85
15 0 0 167600594697 167781853083 217981967484165 218016273191411 218173666470888 218207898663834 27 86
0 0 0 406678418089 407120760800 219232578509779 219266401341239 219556183040213 219589879661913 83 87
1 0 0 183772599222 183972961064 219751232115660 219784852415163 219907971761925 219941530592992 88 89
18 0 0 104239409299 104353194290 220013816352017 220047333605251 220097466514707 220130950869240 90 4
9 0 0 12777892836 12791842004 220032048611855 220065558697494 220047496133650 220081000145161 91 92
15 0 0 7261301288 7269227534 220013816352017 220047333605251 220022123828180 220055637815724 90 93
96182626959926 96206200246771
0 222399981598543 222732372875389 0 78
100844361320859 100844361320860
222697964583563 222697964583564
157144812870925 157144812870926
124330163839730 124330163839731
180630615389796 180630615389797
195236961283458 195236961283459
207230329813276 207230329813277
215461961389066 215461961389067
110024633177393 110024633177394
115277832901678 115277832901679
119356494556657 119356494556658
122041945193153 122041945193154
171450343533262 171450343533263
162118482153998 162118482153999
166197143808977 166197143808978
159433031517502 159433031517503
202370987130536 202370987130537
197659535723998 197659535723999
199691497060040 199691497060041
196344089215546 196344089215547
219724858965771 219724858965772
216890886472456 216890886472457
218104110521984 218104110521985
216112643713183 216112643713184
106549533214591 106549533214592
102869632265219 102869632265220
104496874026261 104496874026262
101781795739296 101781795739297
117728312616815 117728312616816
116118150061543 116118150061544
116816450331236 116816450331237
115662919042574 115662919042575
123397984511852 123397984511853
122499074933944 122499074933945
122885146713689 122885146713690
122250431600834 122250431600835
222022197300482 222022197300483
222044802271731 222044802271732
207210255392417 207210255392418
100857370221053 100857370221054
222674429829821 222674429829822
220834860642881 220834860642882
221505291187730 221505291187731
222409511685390 222409511685391
222596629249008 222596629249009
222472365947540 222472365947541
222525627236523 222525627236524
222438149907917 222438149907918
222645157783361 222645157783362
221827383080658 221827383080659
221615056584494 221615056584495
221706814152412 221706814152413
221555504396577 221555504396578
221908660607183 221908660607184
221957250856418 221957250856419
221996082419299 221996082419300
204183396892962 204183396892963
205269276407069 205269276407070
206138347368461 206138347368462
206723450724175 206723450724176
207022899262574 207022899262575
206824094028301 206824094028302
206909332400829 206909332400830
206769313782552 206769313782553
207100478395427 207100478395428
207147257194293 207147257194294
207184858475707 207184858475708
101227433488789 101227433488790
101437488352939 101437488352940
101595297990621 101595297990622
101696786375930 101696786375931
101084074471204 101084074471205
100928269825594 100928269825595
100997683499139 100997683499140
100881400217797 100881400217798
100866487087874 100866487087875
100873327075719 100873327075720
100877721700162 100877721700163
20 0 1 281474976710656 281474976710656 0 0 281474976710656 281474976710656 0 1
5 1 0 69527474959696 69545233204291 146656777335615 146673991221485 281474976710656 281474976710656 2 1
6 1 28 36129624484047 36129624484048 0 0 65355444841929 65367742850574 0 3
-1
0 0 0 43522052545729 43533168658530 146656777335615 146673991221485 198742973479364 198757287903762 2 4
1 0 0 18143587647512 18150820741509 228899031115848 228909507905174 252491468529757 252497839211421 5 6
10 0 0 9891693091922 9896312114568 268111262395107 268114381461215 281474976710656 281474976710656 7 1
2 1 29 22616029363409 22616029363410 0 0 26330323365464 26336172834178 0 8
3 1 0 8655474214223 8656091261074 40936039469057 40944612994583 52053625126473 52064023103290 9 10
11 1 0 4536035544456 4536503750384 59270083927764 59281550944904 65355444841929 65367742850574 11 3
-1
-1
-1
5 0 0 10054492274185 10057625584117 178935153049668 178951126704297 198742973479364 198757287903762 12 4
6 0 0 5049973836857 5051364150860 158081180349791 158098162686044 167287441442620 167304071835016 13 14
13 0 0 3031739515159 3032513861875 146656777335615 146673991221485 151940133806033 151957268855751 2 15
7 0 0 4637330874842 4639293926033 243054617967308 243062747341323 252491468529757 252497839211421 16 6
8 0 0 2180652563372 2181540312384 233746876853027 233756589001050 237780480357099 237789525110783 17 18
14 0 0 1263879536929 1264383393150 228899031115848 228909507905174 231119793489615 231129925080530 5 19
17 0 0 2657963514267 2659241314546 276024776254242 276026085857932 281474976710656 281474976710656 20 1
9 0 0 1209249644260 1209819930159 270776992003842 270779513713395 273029908852042 273031916066828 21 22
15 0 0 689053825921 689375586333 268111262395107 268114381461215 269326792623775 269329640838998 7 23
5 1 0 5050102685260 5050247674361 16486114772865 16489918623186 26330323365464 26336172834178 24 8
6 1 0 2592631304877 2592657940045 5899291106289 5900706646490 10601611115867 10604111564165 25 26
13 1 30 1575429141927 1575429141928 0 0 2737082232567 2737746536067 0 27
7 0 0 2180725686990 2180906604955 47638484298442 47648183498635 52053625126473 52064023103290 28 10
8 0 0 1035175324494 1035253279555 43242272868017 43251242554334 45152510489031 45161801298475 29 30
14 0 0 602939008221 602981991612 40936039469057 40944612994583 41993920090410 42002676486891 9 31
17 0 0 1209294938653 1209427370904 62883386533836 62895354746766 65355444841929 65367742850574 32 3
9 0 0 553053752719 553112013893 60490439025154 60502077858887 61519283724176 61531065396200 33 34
15 0 0 315979541356 316012156510 59270083927764 59281550944904 59826949163445 59838494904660 11 35
-1
-1
-1
-1
-1
-1
-1
-1
-1
10 0 0 30421213599 30436061843 280241103627962 280241404637377 280282424315274 280282715287190 36 37
-1
18 0 0 31216473303 31230198719 252452818798270 252459196999019 252491468529757 252497839211421 38 6
20 1 5 38068025677 38068025678 0 0 38059664135 38068990872 0 39
1 0 0 32611943476 32627928643 281432053379840 281432063895689 281474976710656 281474976710656 40 1
-1
-1
-1
-1
-1
-1
-1
-1
-1
-1
-1
-1
-1
-1
-1
-1
-1
0 0 0 1663803090787 1664602954308 276024776254242 276026085857932 278066164658273 278066989802337 20 41
1 0 0 750327847111 750692837373 279295344353319 279295874291309 280282424315274 280282715287190 42 37
18 0 0 425164321245 425372363038 280948647532003 280948776256701 281474976710656 281474976710656 43 1
21 0 0 115148066440 115204479292 281290133700856 281290178962977 281474976710656 281474976710656 44 1
9 0 0 52113854059 52139364873 281063380053900 281063480759483 281160582308959 281160659258609 45 46
15 0 0 29616881506 29631373666 280948647532003 280948776256701 281000926083352 281001042043817 43 47
0 0 0 72079134199 72114446902 281290133700856 281290178962977 281378661346812 281378684938775 44 48
-1
7 0 0 194450299040 194545087322 279884859639572 279885247063460 280282424315274 280282715287190 49 37
8 0 0 90608480397 90652587801 279496318538098 279496799958954 279664262834353 279664703657891 50 51
14 0 0 52267722920 52293148087 279295344353319 279295874291309 279387291352315 279387799102124 42 52
0 0 0 121719883215 121779217753 279884859639572 279885247063460 280033515709586 280033867100674 49 53
1 0 0 54087346218 54113734441 280122366999836 280122696835861 280193362989556 280193675592285 54 55
0 0 0 2902825942173 2904054751606 243054617967308 243062747341323 246593456365893 246600944393349 16 56
1 0 0 1282757174404 1283312804529 248702757194322 248709852582044 250385043051923 250391819735672 57 58
10 0 0 719486495541 719801667316 251514719001440 251521278906654 252491468529757 252497839211421 59 6
17 0 0 194451272575 194536647664 252091965010019 252098413287344 252491468529757 252497839211421 60 6
9 0 0 88127735120 88166369355 251708797283509 251715319722571 251873114787385 251879605454255 61 62
15 0 0 50119319093 50141273912 251514719001440 251521278906654 251603168896002 251609711734396 59 63
0 0 0 121720492618 121773934788 252091965010019 252098413287344 252241413972590 252247833254934 60 64
1 0 0 55024006206 55048187811 252331509073650 252337910857626 252403917600218 252410305310690 65 66
16 1 31 980393704628 980393704629 0 0 1119833642520 1120107009044 0 67
4 1 0 360580826435 360581914710 1733090576234 1733512721399 2193446947904 2193980346950 68 69
12 1 0 185288250932 185289054174 2489337432375 2489942144104 2737082232567 2737746536067 70 27
5 1 0 216039853751 216040117475 700972351831 701143724372 1119833642520 1120107009044 71 67
6 1 0 112204785398 112204833360 245449976264 245510080840 448431444124 448541174521 72 73
19 1 32 70231719412 70231719413 0 0 108357651451 108384198476 0 74
4 1 0 15677019112 15677020881 64731257319 64747118579 84741092763 84761855605 75 76
12 1 0 8049096468 8049097837 97596897882 97620809496 108357651451 108384198476 77 74
154338292022951 154376118613302
1 222399981598543 222732372875389 0 78
222697964583563 222697964583564
100844361320859 100844361320860
157144812870925 157144812870926
124330163839730 124330163839731
180630615389796 180630615389797
207230329813276 207230329813277
195236961283458 195236961283459
215461961389066 215461961389067
110024633177393 110024633177394
119356494556657 119356494556658
115277832901678 115277832901679
122041945193153 122041945193154
171450343533262 171450343533263
166197143808977 166197143808978
162118482153998 162118482153999
159433031517502 159433031517503
202370987130536 202370987130537
199691497060040 199691497060041
197659535723998 197659535723999
196344089215546 196344089215547
219724858965771 219724858965772
218104110521984 218104110521985
216890886472456 216890886472457
216112643713183 216112643713184
106549533214591 106549533214592
104496874026261 104496874026262
102869632265219 102869632265220
101781795739296 101781795739297
117728312616815 117728312616816
116816450331236 116816450331237
116118150061543 116118150061544
115662919042574 115662919042575
123397984511852 123397984511853
122885146713689 122885146713690
122499074933944 122499074933945
122250431600834 122250431600835
222044802271731 222044802271732
222022197300482 222022197300483
207210255392417 207210255392418
100857370221053 100857370221054
222674429829821 222674429829822
220834860642881 220834860642882
221505291187730 221505291187731
222409511685390 222409511685391
222596629249008 222596629249009
222525627236523 222525627236524
222472365947540 222472365947541
222438149907917 222438149907918
222645157783361 222645157783362
221827383080658 221827383080659
221706814152412 221706814152413
221615056584494 221615056584495
221555504396577 221555504396578
221908660607183 221908660607184
221996082419299 221996082419300
221957250856418 221957250856419
204183396892962 204183396892963
206138347368461 206138347368462
205269276407069 205269276407070
206723450724175 206723450724176
207022899262574 207022899262575
206909332400829 206909332400830
206824094028301 206824094028302
206769313782552 206769313782553
207100478395427 207100478395428
207184858475707 207184858475708
207147257194293 207147257194294
101227433488789 101227433488790
101595297990621 101595297990622
101437488352939 101437488352940
101696786375930 101696786375931
101084074471204 101084074471205
100997683499139 100997683499140
100928269825594 100928269825595
100881400217797 100881400217798
100873327075719 100873327075720
100866487087874 100866487087875
100877721700162 100877721700163
21 0 1 281474976710656 281474976710656 0 0 281474976710656 281474976710656 0 1
0 1 8 176194644402237 176194644402238 0 0 134800985489171 134818199375041 0 2
1 1 0 79700882231648 79730879865669 216107233860082 216119531868727 281474976710656 281474976710656 3 1
-1
5 1 0 42013419561251 42019471796108 82717688806894 82732003231292 134800985489171 134818199375041 4 2
6 1 0 20673422577670 20674465824450 28977137499235 28983508180899 52565468805482 52575945594808 5 6
13 1 9 12273691945766 12273691945767 0 0 13360595249441 13363714315549 0 7
7 0 0 20666125031811 20675308305252 255138803876478 255144653345192 281474976710656 281474976710656 8 1
8 0 0 9626361534768 9630207748401 229410953607366 229421351584183 240530363716073 240538937241599 9 10
14 0 0 5551951250481 5554040881073 216107233860082 216119531868727 222193425765752 222204892782892 3 11
-1
-1
-1
0 0 0 26299103409558 26302891921706 82717688806894 82732003231292 102523850006359 102539823660988 4 12
1 0 0 11311518851060 11313767966068 114170904875640 114187535268036 123376814024612 123393796360865 13 14
10 0 0 6260532430424 6261944573230 129517707854905 129534842904623 134800985489171 134818199375041 15 2
2 0 0 12940924206538 12941577246811 28977137499235 28983508180899 38412229369333 38420358743348 5 16
3 0 0 5027894947355 5028277459294 43685451599873 43694496353557 47718387709606 47728099857629 17 18
11 0 0 2652892397095 2653124991710 50345051630126 50355183221041 52565468805482 52575945594808 19 6
16 1 10 7637950826179 7637950826180 0 0 5448890852724 5450200456414 0 20
4 1 0 2828346524711 2828388110778 8443060643828 8445067858614 10695462997261 10697984706814 21 22
12 1 0 1457705743839 1457736575393 12145335871658 12148184086881 13360595249441 13363714315549 23 7
0 0 0 12936356168154 12942104613780 255138803876478 255144653345192 264985058087470 264988861937791 8 24
1 0 0 5749660031203 5752372528935 270870865146491 270873365594789 275574270064166 275575685604367 25 26
10 0 0 3234231131869 3235801250414 278737230174589 278737894478089 281474976710656 281474976710656 27 1
2 0 0 6025805090480 6028212701456 229410953607366 229421351584183 233826793212021 233836492412214 9 28
3 0 0 2376244909048 2377222906053 236313175412181 236322466221625 238223734156322 238232703842639 29 30
11 0 0 1262301848769 1262828323451 239472300223765 239481056620246 240530363716073 240538937241599 31 10
16 0 0 3454993886753 3456294269375 216107233860082 216119531868727 218579621963890 218591590176820 3 32
4 0 0 1290177855083 1290672071107 219943911314456 219955692986480 220972898851769 220984537685502 33 34
12 0 0 667406850330 667664475044 221636481805996 221648027547211 222193425765752 222204892782892 35 11
-1
-1
-1
-1
-1
-1
-1
-1
-1
13 0 0 38154068283 38154147502 1192261423466 1192552395382 1233572073279 1233873082694 36 37
-1
19 0 0 40186689856 40188717805 28977137499235 28983508180899 29015779711637 29022157912386 5 38
21 0 0 38051304429 38069956091 281436907719784 281436917046521 281474976710656 281474976710656 39 1
6 1 5 38068025677 38068025678 0 0 42912814967 42923330816 0 40
-1
-1
-1
-1
-1
-1
-1
-1
-1
-1
-1
-1
-1
-1
-1
-1
-1
5 1 0 1687732650599 1687742667099 3407986908319 3408812052383 5448890852724 5450200456414 41 20
6 1 0 874994706474 874996523207 1192261423466 1192552395382 2179102419347 2179632357337 36 42
19 1 11 547154083892 547154083893 0 0 526200453955 526329178653 0 43
20 1 12 296576474126 296576474127 0 0 184797747679 184843009800 0 44
4 1 0 122165892150 122165959022 314317452047 314394401697 411495951173 411596656756 45 46
12 1 0 62732058829 62732110605 473934666839 474050627304 526200453955 526329178653 47 43
5 1 0 73265342050 73265354336 96291771881 96315363844 184797747679 184843009800 48 44
-1
2 0 0 547719669303 547720806522 1192261423466 1192552395382 1589729647196 1590117071084 36 49
3 0 0 209755490691 209756151951 1810273052765 1810713876303 1978176751702 1978658172558 50 51
11 0 0 109957426711 109957826379 2087177608532 2087685358341 2179102419347 2179632357337 52 42
5 0 0 122336243544 122336550564 1441109609982 1441461001070 1589729647196 1590117071084 53 49
6 0 0 62794724020 62794864137 1281301118371 1281613721100 1352279874795 1352609710820 54 55
5 0 0 2907231986820 2907408550820 34874032317307 34881520344763 38412229369333 38420358743348 56 16
6 0 0 1486723091350 1486803568911 31083156974984 31089933658733 32765124128612 32772219516334 57 58
13 0 0 901462798392 901508289078 28977137499235 28983508180899 29953697804002 29960257709216 5 59
16 0 0 560982673850 561010982824 28977137499235 28983508180899 29376563423312 29383011700637 5 60
4 0 0 206456103851 206466744567 29595371256401 29601861923271 29759656988085 29766179427147 61 62
12 0 0 106119088827 106124608068 29865264976260 29871807814654 29953697804002 29960257709216 63 59
5 0 0 123650106973 123656400588 29227143455722 29233562738066 29376563423312 29383011700637 64 60
6 0 0 64209519534 64212769540 29064671399966 29071059110438 29137065853030 29143467637006 65 66
17 0 0 874613473287 875040535340 280354869701612 280355143068136 281474976710656 281474976710656 67 1
9 0 0 396230044167 396422776821 279280996363706 279281529762752 279741463989257 279741886134422 68 69
15 0 0 225296045340 225405419558 278737230174589 278737894478089 278985034566552 278985639278281 27 70
0 0 0 547481029099 547748356758 280354869701612 280355143068136 280773832986284 280774004358825 67 71
1 0 0 247550745697 247671910996 281026435536135 281026545266532 281229466629816 281229526734392 72 73
18 0 0 140459101790 140527933622 281366592512180 281366619059205 281474976710656 281474976710656 74 1
9 0 0 17218151463 17226589909 281390214855051 281390235617893 281410229592077 281410245453337 75 76
15 0 0 9784359520 9789154335 281366592512180 281366619059205 281377355901160 281377379812774 74 77
