22 46 -48 47 1.05 3 27788 29 177
0 1 1 1 2 2 2 2 2 2 2 2 2 3 3 3 3 3 3 3 3 3 3 3 3 3 3 3 3 3 3 3 3 3 3 3 3 3 3 3 6 6 6 6 6 6
0 0 0
1 0 0
2 0 0
3 0 0
4 0 0
5 0.10000000000000001 0
5 0 0.10000000000000001
5 0.10000000000000001 0.10000000000000001
5 0.25 0
5 0 0.25
5 0.25 0.25
5 0.40000000000000002 0
5 0 0.40000000000000002
5 0.40000000000000002 0.40000000000000002
5 0 0.875
5 0.0625 0.8125
5 0.125 0.75
5 0.1875 0.6875
5 0.25 0.625
5 0.3125 0.5625
5 0.375 0.5
5 0.4375 0.4375
5 0.5 0.375
5 0.5625 0.3125
5 0.625 0.25
5 0.6875 0.1875
5 0.75 0.125
5 0.8125 0.0625
5 0.875 0
0 1
0 2
0 3
0 4
0 5
0 6
0 7
0 8
0 9
0 10
0 11
0 12
0 13
0 14
0 15
0 16
0 17
0 18
0 19
0 20
0 21
0 22
0 23
0 24
0 25
0 26
0 27
0 28
0 29
0 30
0 31
0 32
0 33
0 34
0 35
0 36
0 37
0 38
0 39
1 0
1 1
1 2
1 3
1 4
1 5
1 6
1 7
1 8
1 9
1 10
1 11
1 12
2 0
2 1
2 2
2 3
2 4
2 5
2 6
2 7
2 8
2 9
2 10
2 11
2 12
3 0
3 1
3 2
3 3
3 4
3 5
3 6
3 7
3 8
3 9
3 10
3 11
3 12
4 0
4 1
4 2
4 3
5 0
5 1
5 2
5 3
6 0
6 1
6 2
6 3
7 0
7 1
7 2
7 3
8 0
8 1
8 2
8 3
9 0
9 1
9 2
9 3
10 0
10 1
10 2
10 3
11 0
11 1
11 2
11 3
12 0
12 1
12 2
12 3
13 0
14 0
15 0
16 0
17 0
18 0
19 0
20 0
21 0
22 0
23 0
24 0
25 0
26 0
27 0
28 0
29 0
30 0
31 0
32 0
33 0
34 0
35 0
36 0
37 0
38 0
39 0
40 40
40 41
40 42
40 43
40 44
40 45
41 40
41 41
41 42
41 43
41 44
41 45
42 40
42 41
42 42
42 43
42 44
42 45
43 40
43 41
43 42
43 43
43 44
43 45
44 40
44 41
44 42
44 43
44 44
44 45
45 40
45 41
45 42
45 43
45 44
45 45
0 1 1 0 0.42765365165901581 0 0.40591881576645539 0.097688538231241795 0.38791006691842633 0.096508129247726337 0.36994246037348288
5 0.2289130793277962 0.24408852512479851 0.26048981812533767 0.42765365165901581 0.25226231369168906 0.40591881576645539 0.27530545428328163 0.38791006691842633 0.26613191811592996 0.36994246037348288
6 0.11565620344045235 0.11829401014051244 0.09056568662455397 0.16483415367957707 0.089550243847697442 0.16150105956759783 0.097688538231241795 0.14831989835525941 0.096508129247726337 0.14561573622019247
13 0.069659846855200214 0.069659846855200214 0 0.041666238963586316 0 0.041450000058531396 0.0040105558679840031 0.032676234814347338 0.0040085429961881081 0.03254309258398784
0 0.1432925195785455 0.15279188007976988 0.26048981812533767 0.32376801301682995 0.25226231369168906 0.31115452890767897 0.27530545428328163 0.31805628900922511 0.26613191811592996 0.30587554701596897
1 0.06069573369175349 0.066308852068185931 0.36114494304915595 0.3907754349466635 0.34552133260331908 0.37254764259261702 0.36768677221433105 0.38791006691842633 0.35150469980832566 0.36994246037348288
10 0.033344528617608372 0.036860970348568584 0.4105838814472752 0.42765365165901581 0.39050878228710773 0.40591881576645539 0.41425188780850558 0.42600286980781699 0.39382542156639427 0.4044312749489708
2 0.072397212271736233 0.074048397819206357 0.09056568662455397 0.12021329826479848 0.089550243847697442 0.11843074719938737 0.097688538231241795 0.11761835450908073 0.096508129247726337 0.11591138333943823
3 0.027924616523195687 0.028889528268284198 0.13681742477588288 0.14953279441458564 0.13451316623978213 0.14678463423710894 0.13965800507563284 0.14831989835525941 0.13725791126140471 0.14561573622019247
11 0.014685735199455367 0.015271857652548392 0.15782210909539859 0.16483415367957707 0.15476393224519505 0.16150105956759783 0.1593390047194487 0.16416124552140637 0.15622233893215032 0.16085503654984984
16 0.043349506178763875 0.043349506178763875 0 0.016974080117033302 0 0.016938082356326878 0.0040105558679840031 0.015498161319879168 0.0040085429961881081 0.015468145968166293
4 0.015985048360649005 0.016090546188416713 0.026312358292408855 0.033342350402642079 0.026225957817343541 0.033203736062435145 0.027891857740916036 0.032676234814347338 0.027794792023663872 0.03254309258398784
12 0.0082234061017827584 0.0083015741608784555 0.037869903986550907 0.041666238963586316 0.03769118979171953 0.041450000058531396 0.038693748755726176 0.041303249152476983 0.038507193421419186 0.041090751907746068
5 0.033310728563559711 0.03585595212903471 0.29951526079541191 0.32376801301682995 0.28868910320625002 0.31115452890767897 0.30168922961848027 0.31805628900922511 0.29070822380438549 0.30587554701596897
6 0.016663316056856108 0.017827249370153619 0.2742325987518574 0.28536246366228302 0.26512923906957175 0.27551844294451899 0.27530545428328163 0.282898417748225 0.26613191811592996 0.27322078255074828
13 0.0099817349693372553 0.010643458967074915 0.26048981812533767 0.2668359153527502 0.25226231369168906 0.25820928600375803 0.26110241112652444 0.26547007047234711 0.25283677795612192 0.25693011561006662
7 0.015556066292098852 0.0170669796361263 0.37888198367726389 0.3907754349466635 0.36172249018719416 0.37254764259261702 0.37991949784151879 0.38791006691842633 0.36266803755864541 0.36994246037348288
8 0.0073018200499312177 0.0079886761884825266 0.36720540139354579 0.37225898736650853 0.35106474198460902 0.35568103459444234 0.36768677221433105 0.37112865765015735 0.35150469980832566 0.35464899844613851
14 0.0042280555137315656 0.004619064480213958 0.36114494304915595 0.36391939938494039 0.34552133260331908 0.34806008435678143 0.36141098561728346 0.36331880428273439 0.34576484661039159 0.34751065602511677
17 0.0089737565388217574 0.0099439733753416103 0.42067827956633164 0.42765365165901581 0.39962923725680988 0.40591881576645539 0.42128362278313125 0.42600286980781699 0.40017547881974613 0.4044312749489708
9 0.004078458048934145 0.004512210686548195 0.41397982430179736 0.41685338452047055 0.39357951911586042 0.39617595979266007 0.41425188780850558 0.41620731360697499 0.39382542156639427 0.3955923492180688
15 0.0023227747569614411 0.0025677295494153651 0.4105838814472752 0.41213181938294241 0.39050878228710773 0.39190879285569252 0.41073182555763077 0.41179577609147677 0.39064261055222449 0.39160490711044665
5 0.01621697060693858 0.016662986171318617 0.10908612750706384 0.12021329826479848 0.10761627927175965 0.11843074719938737 0.1100952476429522 0.11761835450908073 0.10859826604545697 0.11591138333943823
6 0.0083087195813213721 0.0085121353891383089 0.097176568561510746 0.10245913789395358 0.096008425842654704 0.10116138955596603 0.097688538231241795 0.10129506744473897 0.096508129247726337 0.10002645729093237
13 0.0050431787195925892 0.0051582000519569959 0.09056568662455397 0.093630664245878292 0.089550243847697442 0.092545739704349109 0.090862472277681558 0.092972781574669858 0.089840400895253761 0.09190296250880893
7 0.0070445590828443153 0.0073017243591727704 0.14447515413256815 0.14953279441458564 0.14190815618417235 0.14678463423710894 0.14491879633189567 0.14831989835525941 0.14233615004245975 0.14561573622019247
8 0.003341193918583377 0.0034588864707899743 0.13944963569171248 0.14163204168303661 0.13705663704407811 0.13916421817108943 0.13965800507563284 0.14114488693654095 0.13725791126140471 0.13869386388712165
14 0.0019452245104960054 0.0020124401148876557 0.13681742477588288 0.13802447844539856 0.13451316623978213 0.1356797309200142 0.13693331867053599 0.13776347609914755 0.13462518767421014 0.13542751291824506
17 0.0039178871539652643 0.004078418103385926 0.1619832160381186 0.16483415367957707 0.1587632957472076 0.16150105956759783 0.16223141622047535 0.16416124552140637 0.15900171923983311 0.16085503654984984
9 0.0017909689144189997 0.0018630907110204311 0.15922668508707236 0.16041147009006071 0.15611436877521437 0.15725312413824344 0.1593390047194487 0.16014538865244823 0.15622233893215032 0.15699740897050196
15 0.0010230060649500845 0.0010638352652709384 0.15782210909539859 0.15846293650108251 0.15476393224519505 0.15538011669343965 0.15788339922076511 0.15832390332207405 0.15482286965796116 0.15524643825816983
5 0.009562544005292932 0.0095879753387434069 0.010613343758919369 0.016974080117033302 0.01059925889261551 0.016938082356326878 0.011193650449334739 0.015498161319879168 0.01117798437305749 0.015468145968166293
6 0.0049631184506626624 0.0049677327095043466 0.0037118585051346062 0.0067851181439659847 0.003710134232113204 0.0067793588263028379 0.0040105558679840031 0.0061095514550749876 0.0040085429961881081 0.0061048815122450228
19 0.0031053956591513554 0.0031053956591513554 0 0.0016380635542686817 0 0.0016377276639931992 1.29901578148333e-05 0.0012523391752616107 1.2990136687077505e-05 0.0012521428388550648
7 0.0040001233075799923 0.0040307916906614158 0.030558530871123396 0.033342350402642079 0.030442056210777453 0.033203736062435145 0.030803372953089971 0.032676234814347338 0.030685027985338752 0.03254309258398784
8 0.0019073067478933086 0.0019205960585246436 0.027776171686219708 0.028986447705245194 0.027679908101614463 0.028881628305571387 0.027891857740916036 0.028716557032128106 0.027794792023663872 0.028613677012741093
14 0.0011135160207757795 0.0011208649833016338 0.026312358292408855 0.026984176393294479 0.026225957817343541 0.026893315185243148 0.026376903139966011 0.026838988536351083 0.026290078959472132 0.026749100823459385
17 0.0021843902997712153 0.0022063944837508805 0.0401264223825612 0.041666238963586316 0.03992583231869299 0.041450000058531396 0.040260677745439399 0.041303249152476983 0.040058746541227 0.041090751907746068
9 0.0010014046402532035 0.0010111157713554063 0.038632795836080425 0.039275351422887517 0.038446826374717455 0.039083159671496046 0.038693748755726176 0.039131121157201278 0.038507193421419186 0.038940334951116706
15 0.00057284120967830612 0.00057828638470388042 0.037869903986550907 0.038218120652607185 0.03769118979171953 0.0380361126640704 0.037903219290404848 0.038142593771039547 0.037724191259910909 0.037961302736070665
10 0.00010279208860297377 0.00011405189317479123 0.42607283569704058 0.42612575928971652 0.40449433396093659 0.40454203235728764 0.42608418988369945 0.42612063172106018 0.40450456718857891 0.40453741106458579
16 0.00013467646431308822 0.00013480167399393395 0.0037118585051346062 0.0037644863998950451 0.003710134232113204 0.003762712897365128 0.0037243212183771641 0.0037599226472307327 0.0037225853499941765 0.0037581534411799851
18 0.00010490856589645547 0.00011542416971433307 0.39072661065901554 0.3907754349466635 0.3725032666516031 0.37254764259261702 0.39073810517403318 0.3907750476547226 0.37251371395596439 0.37254729058860869
20 0.00012186130879854318 0.00012464063729566988 0.09056568662455397 0.09060827895247317 0.089550243847697442 0.089591886201032644 0.090566648522937401 0.090603550684819609 0.089551184296852382 0.08958726341380932
1 0.0001102201382685555 0.00012233797200696315 0.42759864274083809 0.42765365165901581 0.40586925592145195 0.40591881576645539 0.42761072879716649 0.42764830211382998 0.40588014481281076 0.40591399616493673
2 0.000135244795728795 0.000135244795728795 0 5.3816918011317938e-05 0 5.3816555384680886e-05 1.29901578148333e-05 4.9132940324964273e-05 1.2990136687077505e-05 4.9132638073882268e-05
1 1 1 0 0.45392433223994377 0 0.44278452727255413 0.09899730622070424 0.40940206301740112 0.098457084506926251 0.40031847665159059
7 0.25457607993268283 0.2622525889884566 0.27000820584859542 0.45392433223994377 0.26602709271879965 0.44278452727255413 0.28595951183576485 0.40940206301740112 0.28149800506876221 0.40031847665159059
8 0.12002490303399715 0.12124789772205069 0.091689460095336447 0.16859501755464135 0.091225864723412362 0.1670342011254225 0.09899730622070424 0.15135798697662886 0.098457084506926251 0.15009881717205945
14 0.069659846855200214 0.069659846855200214 0 0.041902515213116054 0 0.041805425230054649 0.0040127337813213593 0.03282137391946461 0.0040118415328638333 0.032761776714740322
0 0.15935676556841372 0.16416202321205503 0.27000820584859542 0.33860418779557355 0.26602709271879965 0.33236667449843021 0.28595951183576485 0.33236205438454419 0.28149800506876221 0.32635035559421066
1 0.070308158578755234 0.073298541509334528 0.37970249408943835 0.41259504257056712 0.37187642310960345 0.40337081174317091 0.3869406419773147 0.40940206301740112 0.37881654728350872 0.40031847665159059
10 0.039404106073056742 0.041325886267507606 0.43474000120948286 0.45392433223994377 0.4245112987952035 0.44278452727255413 0.43885447042111314 0.45206494745400427 0.42843355919888199 0.44101510748603856
2 0.075131883326264415 0.07589744023894518 0.091689460095336447 0.12220133376294562 0.091225864723412362 0.12137923869474554 0.09899730622070424 0.11952080910034549 0.098457084506926251 0.11873426823424266
3 0.029531711532093687 0.029989803592547631 0.13939846685447049 0.15262129188935969 0.13832971918622866 0.15134110401081813 0.14234838778235018 0.15135798697662886 0.14123410906647044 0.15009881717205945
11 0.015664453244935438 0.015945725919501181 0.16126646146912221 0.16859501755464135 0.15983781334952923 0.1670342011254225 0.16285062216634669 0.16789111845344004 0.16139389502300944 0.16634324808178788
16 0.043349506178763875 0.043349506178763875 0 0.017013161231630491 0 0.016997133856573199 0.0040127337813213593 0.01553073507780809 0.0040118415328638333 0.015517377982086477
4 0.016158421423207159 0.016205753690003346 0.026406387861984293 0.033493480921215069 0.026367796995315107 0.033431420202713946 0.027997537777916477 0.03282137391946461 0.027954159932925791 0.032761776714740322
12 0.0083520448068019754 0.0083873231390201777 0.038064985243720484 0.041902515213116054 0.037984847384024578 0.041805425230054649 0.03889743299464582 0.041535415060914162 0.038813755571894655 0.04144001686412227
5 0.03763587878358407 0.038949480728052488 0.31216856044219088 0.33860418779557355 0.30685934675376636 0.33236667449843021 0.31453081618680623 0.33236205438454419 0.30914163982975673 0.32635035559421066
6 0.01863499229418869 0.019227942791643748 0.28480218714934802 0.29682533693539337 0.28037644073654255 0.29202118192937021 0.28595951183576485 0.29416028036548875 0.28149800506876221 0.28944132086813018
13 0.011100767884835716 0.011435501396391379 0.27000820584859542 0.27683262863934233 0.26602709271879965 0.27264928702772184 0.27066644206415691 0.27536280885233827 0.26666603845057868 0.27122343940660049
7 0.018149281588718289 0.018961615150463539 0.39935882258202204 0.41259504257056712 0.39071073041150944 0.40337081174317091 0.40051168364220852 0.40940206301740112 0.39181413283433064 0.40031847665159059
8 0.0084789537840550752 0.0088460208157565487 0.38640757390394609 0.392007540773743 0.3783056137331165 0.38367157855018452 0.3869406419773147 0.39075430249094117 0.37881654728350872 0.38247099166843462
14 0.0048976555592672236 0.0051059651762497826 0.37970249408943835 0.38277062011638252 0.37187642310960345 0.37481888781316131 0.37999659163163341 0.38210624793747389 0.3721585177613369 0.3741818094706843
17 0.010647786701668738 0.01118079401437988 0.44607351251574962 0.45392433223994377 0.43531114278760552 0.44278452727255413 0.44675420679598171 0.45206494745400427 0.43595936335769753 0.44101510748603856
9 0.0048262277441359219 0.0050636951491397873 0.43854914327878725 0.44177524037024701 0.42814255550744806 0.43121682467206823 0.43885447042111314 0.44104967586463606 0.42843355919888199 0.43052550052340016
15 0.0027448839945151959 0.0028787549085499999 0.43474000120948286 0.43647582364306037 0.4245112987952035 0.42616624470154452 0.43490586909180268 0.43609892688040047 0.4246694518936206 0.42580693497484629
5 0.016957319355829229 0.017166079729947614 0.11072066117757612 0.12220133376294562 0.11004535291155376 0.12137923869474554 0.11176039307031589 0.11952080910034549 0.11107238157874025 0.11873426823424266
6 0.0086458845289947295 0.0087405159727464987 0.098471563493703618 0.103899796473858 0.097937048939824661 0.10330490556853456 0.09899730622070424 0.10270295152628076 0.098457084506926251 0.10212164870598787
13 0.005233675486449485 0.005287004063745826 0.091689460095336447 0.09483229221495576 0.091225864723412362 0.094336456853081119 0.091993669072262724 0.094157475899663515 0.091527000175163534 0.093668653865112403
7 0.0074732778770441981 0.0075958470428963438 0.14735624792716423 0.15262129188935969 0.14616251751847065 0.15134110401081813 0.14781778885760319 0.15135798697662886 0.14661659934619439 0.15009881717205945
8 0.0035372780864701622 0.0035932280417712813 0.14213191920516166 0.14439977153335926 0.14102101364620029 0.14325327498105223 0.14234838778235018 0.14389342513067283 0.14123410906647044 0.14275492330081305
14 0.0020571745026975972 0.0020890851254743992 0.13939846685447049 0.14065170047916981 0.13832971918622866 0.13956372470214368 0.1395187765613988 0.14038067724434108 0.13844819038724532 0.13929687413729203
17 0.0041860813194580949 0.0042632825446082528 0.16561367803885624 0.16859501755464135 0.1641073281330595 0.1670342011254225 0.16587313742193055 0.16789111845344004 0.16436208549167877 0.16634324808178788
9 0.0019114199295526728 0.0019460551821246872 0.16273329905531997 0.1639710460248503 0.16127866073289737 0.16249429603841931 0.16285062216634669 0.16369303495459889 0.16139389502300944 0.16222126587538224
15 0.0010911834141126469 0.0011107768255474489 0.16126646146912221 0.16193562457986488 0.15983781334952923 0.16049514867644543 0.16133045655381678 0.161790433643969 0.1599006793797807 0.16035252816617551
5 0.0096042585972067936 0.0096155773842290342 0.010628609727608207 0.017013161231630491 0.010622352256581868 0.016997133856573199 0.01121063278981891 0.01553073507780809 0.011203671460492649 0.015517377982086477
6 0.0049706808781291301 0.0049727273316406695 0.0037137240114095207 0.0067913541922758891 0.003712959768256141 0.0067887988386516884 0.0040127337813213593 0.0061146070649846576 0.0040118415328638333 0.0061125355330243561
19 0.0031053956591513554 0.0031053956591513554 0 0.0016384267606383562 0 0.0016382779903115763 1.2990180651142533e-05 0.001252551457285163 1.2990171298561323e-05 0.001252464508665431
7 0.0040505488830234714 0.0040643383326373662 0.030685430504626465 0.033493480921215069 0.030633331654137452 0.033431420202713946 0.030932318522295853 0.03282137391946461 0.030879378671314316 0.032761776714740322
8 0.0019291499866255207 0.0019351167808952519 0.027880975243667117 0.029100602102797746 0.027837957560476467 0.029053741730570348 0.027997537777916477 0.028828591451673703 0.027954159932925791 0.02878260232436906
14 0.0011255931617623963 0.0011288903202187305 0.026406387861984293 0.027083077889497431 0.026367796995315107 0.027042485341831179 0.026471395417267129 0.026936826691002162 0.026432614449345183 0.02689667104184798
17 0.0022206117370099283 0.0022305539907107978 0.04034551177194845 0.041902515213116054 0.040255495278609998 0.041805425230054649 0.040481239679340815 0.041535415060914162 0.040390617191465375 0.04144001686412227
9 0.0010173874108177984 0.0010217718884914101 0.038835837183346433 0.039485221408684379 0.038752424280437181 0.039398998742038893 0.03889743299464582 0.039339448480611272 0.038813755571894655 0.039253860588535243
15 0.00058180216216959652 0.00058425964538922227 0.038064985243720484 0.038416815389563486 0.037984847384024578 0.038335190862476332 0.038098644821987521 0.038340501927136665 0.038018365322686348 0.038259201022511062
10 0.00012223326436672271 0.00012843631715449172 0.45214373677171887 0.4522033356333206 0.44109009185761405 0.44114681210693207 0.45215652298908038 0.45219756128322619 0.44110226053420892 0.44114131667270712
16 0.00013488167451214395 0.0001349372055301501 0.0037137240114095207 0.0037664051943221977 0.003712959768256141 0.003765619117270691 0.0037261992758749274 0.0037618367909190912 0.0037254298900875533 0.0037610526194326935
18 0.00012298373807028849 0.00012867204413539581 0.41254061406795511 0.41259504257056712 0.40331878955752687 0.40337081174317091 0.41255342789348654 0.41259461082097437 0.40333103690371042 0.40337039908269567
20 0.00012646439472518978 0.00012775300501743914 0.091689460095336447 0.091733116239460122 0.091225864723412362 0.091269080415803561 0.091690446013152974 0.091728269850096689 0.091226840696489939 0.091264282932473101
1 0.00013114683898039789 0.00013782784660663412 0.45386235785438778 0.45392433223994377 0.44272555720423556 0.44278452727255413 0.45387597421554143 0.45391830526919441 0.44273851352223009 0.44277879248714852
2 0.000135244795728795 0.000135244795728795 0 5.3817309966619487e-05 0 5.3817149440915646e-05 1.2990180651142533e-05 4.9133267021110916e-05 1.2990171298561323e-05 4.9133133222509039e-05
2 1 1 0 0.40591881576645539 0 0.39640042804319775 0.096508129247726337 0.36994246037348288 0.095960299531956395 0.36202005778840418
5 0.22223109208760133 0.2289130793277962 0.25226231369168906 0.40591881576645539 0.24855326999700317 0.39640042804319775 0.26613191811592996 0.36994246037348288 0.26200714380668555 0.36202005778840418
6 0.11444053395063844 0.11565620344045235 0.089550243847697442 0.16150105956759783 0.089078366520190869 0.15997274948259974 0.096508129247726337 0.14561573622019247 0.095960299531956395 0.14437213317291928
13 0.069659846855200214 0.069659846855200214 0 0.041450000058531396 0 0.041348614618032339 0.0040085429961881081 0.03254309258398784 0.0040075926973099918 0.032480564878933679
0 0.13910980188390412 0.1432925195785455 0.25226231369168906 0.31115452890767897 0.24855326999700317 0.30553084017577725 0.26613191811592996 0.30587554701596897 0.26200714380668555 0.30043939329351477
1 0.058288631035064792 0.06069573369175349 0.34552133260331908 0.37254764259261702 0.33860059042005541 0.36451447744633225 0.35150469980832566 0.36994246037348288 0.3443446738008763 0.36202005778840418
10 0.031855762894276211 0.033344528617608372 0.39050878228710773 0.40591881576645539 0.38169152693441977 0.39640042804319775 0.39382542156639427 0.4044312749489708 0.38485947747876192 0.3949817100508074
2 0.071636240706975829 0.072397212271736233 0.089550243847697442 0.11843074719938737 0.089078366520190869 0.11760682333407896 0.096508129247726337 0.11591138333943823 0.095960299531956395 0.1151220242754047
3 0.027485466975884068 0.027924616523195687 0.13451316623978213 0.14678463423710894 0.13345128087374744 0.1455210721844436 0.13725791126140471 0.14561573622019247 0.13615242623544163 0.14437213317291928
11 0.014420486531184017 0.014685735199455367 0.15476393224519505 0.16150105956759783 0.15335991734963494 0.15997274948259974 0.15622233893215032 0.16085503654984984 0.154791860384032 0.15933887145406564
16 0.043349506178763875 0.043349506178763875 0 0.016938082356326878 0 0.016921127908808654 0.0040085429961881081 0.015468145968166293 0.0040075926973099918 0.015454005316870092
4 0.015935565400188693 0.015985048360649005 0.026225957817343541 0.033203736062435145 0.026185334108420701 0.03313864643103042 0.027794792023663872 0.03254309258398784 0.027749166961148004 0.032480564878933679
12 0.0081868583138812005 0.0082234061017827584 0.03769118979171953 0.041450000058531396 0.037607339890372155 0.041348614618032339 0.038507193421419186 0.041090751907746068 0.0384196777803546 0.04099111415931634
5 0.032201504701646469 0.033310728563559711 0.28868910320625002 0.31115452890767897 0.28384183675032909 0.30553084017577725 0.29070822380438549 0.30587554701596897 0.28579349285771921 0.30043939329351477
6 0.016152676343293666 0.016663316056856108 0.26512923906957175 0.27551844294451899 0.26103524815815371 0.27109998963403337 0.26613191811592996 0.27322078255074828 0.26200714380668555 0.26887513533744256
13 0.009690367495290007 0.0099817349693372553 0.25226231369168906 0.25820928600375803 0.24855326999700317 0.2543246493385648 0.25283677795612192 0.25693011561006662 0.24911094694076402 0.2530835859509023
7 0.014911114203247477 0.015556066292098852 0.36172249018719416 0.37254764259261702 0.35414463549382758 0.36451447744633225 0.36266803755864541 0.36994246037348288 0.35505093098786361 0.36202005778840418
8 0.0070077360988454809 0.0073018200499312177 0.35106474198460902 0.35568103459444234 0.34392244623339491 0.34835163077106268 0.35150469980832566 0.35464899844613851 0.3443446738008763 0.34736163085900995
14 0.0040603771113018848 0.0042280555137315656 0.34552133260331908 0.34806008435678143 0.33860059042005541 0.34103830028840071 0.34576484661039159 0.34751065602511677 0.33883444372207022 0.34051079994212463
17 0.0085640617933536185 0.0089737565388217574 0.39962923725680988 0.40591881576645539 0.39040017965131629 0.39640042804319775 0.40017547881974613 0.4044312749489708 0.39092146622885587 0.3949817100508074
9 0.0038949799404528074 0.004078458048934145 0.39357951911586042 0.39617595979266007 0.38462464081118108 0.38710390295185582 0.39382542156639427 0.3955923492180688 0.38485947747876192 0.38654669582145662
15 0.0022190675646708512 0.0023227747569614411 0.39050878228710773 0.39190879285569252 0.38169152693441977 0.38302892160564805 0.39064261055222449 0.39160490711044665 0.38181937904902874 0.38273864563936433
5 0.016012450490842101 0.01621697060693858 0.10761627927175965 0.11843074719938737 0.10693552547169469 0.11760682333407896 0.10859826604545697 0.11591138333943823 0.10790507196787745 0.1151220242754047
6 0.0082151411037096837 0.0083087195813213721 0.096008425842654704 0.10116138955596603 0.095466238649994151 0.10055962235407662 0.096508129247726337 0.10002645729093237 0.095960299531956395 0.099438077563619137
13 0.0049901695569303239 0.0050431787195925892 0.089550243847697442 0.092545739704349109 0.089078366520190869 0.092041854178093907 0.089840400895253761 0.09190296250880893 0.089365468807208887 0.091406033365158276
7 0.006927760029942086 0.0070445590828443153 0.14190815618417235 0.14678463423710894 0.14072681779191798 0.1455210721844436 0.14233615004245975 0.14561573622019247 0.14114770492876788 0.14437213317291928
8 0.0032876678833792554 0.003341193918583377 0.13705663704407811 0.13916421817108943 0.13595437877667652 0.13802793994633458 0.13725791126140471 0.13869386388712165 0.13615242623544163 0.13756522243718677
14 0.0019146334202837477 0.0019452245104960054 0.13451316623978213 0.1356797309200142 0.13345128087374744 0.13459942125891974 0.13462518767421014 0.13542751291824506 0.13356153990602948 0.13435120001564813
17 0.0038453204623126423 0.0039178871539652643 0.1587632957472076 0.16150105956759783 0.15728612528985592 0.15997274948259974 0.15900171923983311 0.16085503654984984 0.1575201294580946 0.15933887145406564
9 0.0017583426613074242 0.0017909689144189997 0.15611436877521437 0.15725312413824344 0.15468585780067667 0.15580379372937153 0.15622233893215032 0.15699740897050196 0.154791860384032 0.15555276669817106
15 0.0010045288833397561 0.0010230060649500845 0.15476393224519505 0.15538011669343965 0.15335991734963494 0.15396495063399945 0.15482286965796116 0.15524643825816983 0.15341779005530376 0.15383369510579034
5 0.0095505638972840541 0.009562544005292932 0.01059925889261551 0.016938082356326878 0.010592617351309322 0.016921127908808654 0.01117798437305749 0.015468145968166293 0.011170598020795272 0.015454005316870092
6 0.0049609406335942019 0.0049631184506626624 0.003710134232113204 0.0067793588263028379 0.0037093201390880886 0.0067766411782962371 0.0040085429961881081 0.0061048815122450228 0.0040075926973099918 0.0061026776331645754
19 0.0031053956591513554 0.0031053956591513554 0 0.0016377276639931992 0 0.0016375690171657395 1.2990136687077505e-05 0.0012521428388550648 1.2990126705090263e-05 0.0012520500991575899
7 0.0039857553323590592 0.0040001233075799923 0.030442056210777453 0.033203736062435145 0.030387334875122386 0.03313864643103042 0.030685027985338752 0.03254309258398784 0.030629430450105265 0.032480564878933679
8 0.0019010760079421951 0.0019073067478933086 0.027679908101614463 0.028881628305571387 0.027634659115815547 0.028832368568515974 0.027794792023663872 0.028613677012741093 0.027749166961148004 0.028565326291853557
14 0.0011100690453281718 0.0011135160207757795 0.026225957817343541 0.026893315185243148 0.026185334108420701 0.026850599397419701 0.026290078959472132 0.026749100823459385 0.026249256516479861 0.026706841570878968
17 0.0021741085307100962 0.0021843902997712153 0.03992583231869299 0.041450000058531396 0.039831757467255244 0.041348614618032339 0.040058746541227 0.041090751907746068 0.039964045034378441 0.04099111415931634
9 0.00099686511366458988 0.0010014046402532035 0.038446826374717455 0.039083159671496046 0.03835958460118772 0.038993009508483306 0.038507193421419186 0.038940334951116706 0.0384196777803546 0.038850841715751296
15 0.00057029529637018725 0.00057284120967830612 0.03769118979171953 0.0380361126640704 0.037607339890372155 0.037950722810108417 0.037724191259910909 0.037961302736070665 0.037640194624118994 0.037876248068019092
10 9.8044002544582829e-05 0.00010279208860297377 0.40449433396093659 0.40454203235728764 0.39504185651282853 0.39508735153943886 0.40450456718857891 0.40453741106458579 0.39505161705002051 0.39508294373273467
16 0.00013461736830322479 0.00013467646431308822 0.003710134232113204 0.003762712897365128 0.0037093201390880886 0.0037618755693880693 0.0037225853499941765 0.0037581534411799851 0.0037217657842520515 0.0037573181410075988
18 0.00010043361750086579 0.00010490856589645547 0.3725032666516031 0.37254764259261702 0.3644719945012953 0.36451447744633225 0.37251371395596439 0.37254729058860869 0.36448199616251997 0.3645141404590258
20 0.00012058041693308041 0.00012186130879854318 0.089550243847697442 0.089591886201032644 0.089078366520190869 0.089119571067214839 0.089551184296852382 0.08958726341380932 0.089079297084175238 0.089114996891565781
1 0.0001051122426197107 0.0001102201382685555 0.40586925592145195 0.40591881576645539 0.39635316506911789 0.39640042804319775 0.40588014481281076 0.40591399616493673 0.39636354933363072 0.39639583181992655
2 0.000135244795728795 0.000135244795728795 0 5.3816555384680886e-05 0 5.3816384059768296e-05 1.2990136687077505e-05 4.9132638073882268e-05 1.2990126705090263e-05 4.9132495273624836e-05
3 1 1 0 0.44278452727255413 0 0.43827897218952949 0.098457084506926251 0.40031847665159059 0.098232537347231363 0.39663210823642414
7 0.25146027974456986 0.25457607993268283 0.26602709271879965 0.44278452727255413 0.26439410518635104 0.43827897218952949 0.28149800506876221 0.40031847665159059 0.2796702130888879 0.39663210823642414
8 0.1195180914439824 0.12002490303399715 0.091225864723412362 0.1670342011254225 0.091033057920706983 0.16638894060577558 0.098457084506926251 0.15009881717205945 0.098232537347231363 0.14957756370371456
14 0.069659846855200214 0.069659846855200214 0 0.041805425230054649 0 0.041764888454182858 0.0040118415328638333 0.032761776714740322 0.0040114678937586603 0.032736876108911447
0 0.15740637085628506 0.15935676556841372 0.26602709271879965 0.33236667449843021 0.26439410518635104 0.32982159244463982 0.28149800506876221 0.32635035559421066 0.2796702130888879 0.32389623879846424
1 0.06910964403549498 0.070308158578755234 0.37187642310960345 0.40337081174317091 0.36869318600107814 0.39962827638913345 0.37881654728350872 0.40031847665159059 0.37551391509821724 0.39663210823642414
10 0.038638717279634749 0.039404106073056742 0.4245112987952035 0.44278452727255413 0.4203682089539873 0.43827897218952949 0.42843355919888199 0.44101510748603856 0.42421393624410525 0.43654530817170317
2 0.074814634919585288 0.075131883326264415 0.091225864723412362 0.12137923869474554 0.091033057920706983 0.1210381464021833 0.098457084506926251 0.11873426823424266 0.098232537347231363 0.11840785944635124
3 0.029342933660635503 0.029531711532093687 0.13832971918622866 0.15134110401081813 0.13788688241017708 0.15081120180030755 0.14123410906647044 0.15009881717205945 0.14077251237337904 0.14957756370371456
11 0.015548837294901134 0.015664453244935438 0.15983781334952923 0.1670342011254225 0.15924685669022473 0.16638894060577558 0.16139389502300944 0.16634324808178788 0.16079139766651354 0.16570330465905178
16 0.043349506178763875 0.043349506178763875 0 0.016997133856573199 0 0.016990429065126433 0.0040118415328638333 0.015517377982086477 0.0040114678937586603 0.015511789607907694
4 0.016138655852974443 0.016158421423207159 0.026367796995315107 0.033431420202713946 0.02635166503516817 0.033405491670823684 0.027954159932925791 0.032761776714740322 0.027936029158548262 0.032736876108911447
12 0.008337333060620563 0.0083520448068019754 0.037984847384024578 0.041805425230054649 0.037951378350460918 0.041764888454182858 0.038813755571894655 0.04144001686412227 0.038778810544673005 0.041400185292646496
5 0.037105294057396571 0.03763587878358407 0.30685934675376636 0.33236667449843021 0.30468864152051567 0.32982159244463982 0.30914163982975673 0.32635035559421066 0.30693864080672939 0.32389623879846424
6 0.018394732312034423 0.01863499229418869 0.28037644073654255 0.29202118192937021 0.2785631376680513 0.29005465711933098 0.28149800506876221 0.28944132086813018 0.2796702130888879 0.28750927415635791
13 0.010964903687881611 0.011100767884835716 0.26602709271879965 0.27264928702772184 0.26439410518635104 0.27093424996994642 0.26666603845057868 0.27122343940660049 0.26502522144728063 0.26952623754125871
7 0.017824439890476329 0.018149281588718289 0.39071073041150944 0.40337081174317091 0.38719840992721266 0.39962827638913345 0.39181413283433064 0.40031847665159059 0.38828203578703657 0.39663210823642414
8 0.0083319502640112168 0.0084789537840550752 0.3783056137331165 0.38367157855018452 0.37501184574154878 0.38028412725030425 0.37881654728350872 0.38247099166843462 0.37551391509821724 0.37910461424967434
14 0.0048141672197299784 0.0048976555592672236 0.37187642310960345 0.37481888781316131 0.36869318600107814 0.37158529582383149 0.3721585177613369 0.3741818094706843 0.36897047009968531 0.37095915313427646
17 0.010435780272006485 0.010647786701668738 0.43531114278760552 0.44278452727255413 0.43095564705485229 0.43827897218952949 0.43595936335769753 0.44101510748603856 0.43159095154022248 0.43654530817170317
9 0.004731692602059091 0.0048262277441359219 0.42814255550744806 0.43121682467206823 0.42392863458085112 0.42694247260654056 0.42843355919888199 0.43052550052340016 0.42421393624410525 0.42626477499278592
15 0.0026915671283807372 0.0027448839945151959 0.4245112987952035 0.42616624470154452 0.4203682089539873 0.42199094730505138 0.4246694518936206 0.42580693497484629 0.42052328950895324 0.42163864074092505
5 0.016871001184522744 0.016957319355829229 0.11004535291155376 0.12137923869474554 0.10976491257735391 0.1210381464021833 0.11107238157874025 0.11873426823424266 0.11078668903897809 0.11840785944635124
6 0.0086067002025174144 0.0086458845289947295 0.097937048939824661 0.10330490556853456 0.097714864888174296 0.1030577293140264 0.098457084506926251 0.10212164870598787 0.098232537347231363 0.10188009572877788
13 0.0052115760110247322 0.005233675486449485 0.091225864723412362 0.094336456853081119 0.091033057920706983 0.094130292203500998 0.091527000175163534 0.093668653865112403 0.091332919719825989 0.093465394597964074
7 0.0074228145238262374 0.0074732778770441981 0.14616251751847065 0.15134110401081813 0.14566820000100775 0.15081120180030755 0.14661659934619439 0.15009881717205945 0.14611921089983937 0.14957756370371456
8 0.0035142286953860589 0.0035372780864701622 0.14102101364620029 0.14325327498105223 0.14056080655619088 0.14277840761379634 0.14123410906647044 0.14275492330081305 0.14077251237337904 0.14228334870020418
14 0.0020440242650821699 0.0020571745026975972 0.13832971918622866 0.13956372470214368 0.13788688241017708 0.1391129646814121 0.13844819038724532 0.13929687413729203 0.13800459597572168 0.13884783343244092
17 0.0041543641571088474 0.0041860813194580949 0.1641073281330595 0.1670342011254225 0.1634844406082028 0.16638894060577558 0.16436208549167877 0.16634324808178788 0.16373726622782084 0.16570330465905178
9 0.0018971856889520014 0.0019114199295526728 0.16127866073289737 0.16249429603841931 0.16067702182477159 0.1618835704342608 0.16139389502300944 0.16222126587538224 0.16079139766651354 0.16161258703993348
15 0.0010831296247392399 0.0010911834141126469 0.15983781334952923 0.16049514867644543 0.15924685669022473 0.15989933044610538 0.1599006793797807 0.16035252816617551 0.15930925862912687 0.15975776642499689
5 0.0095995231702936772 0.0096042585972067936 0.010622352256581868 0.016997133856573199 0.010619733232212991 0.016990429065126433 0.011203671460492649 0.015517377982086477 0.011200757973988472 0.015511789607907694
6 0.0049698240076097022 0.0049706808781291301 0.003712959768256141 0.0067887988386516884 0.0037126397252924825 0.0067877289892038783 0.0040118415328638333 0.0061125355330243561 0.0040114678937586603 0.0061116681989713557
19 0.0031053956591513554 0.0031053956591513554 0 0.0016382779903115763 0 0.0016382156794282898 1.2990171298561323e-05 0.001252464508665431 1.2990167380757742e-05 0.0012524280900474789
7 0.004044793420671898 0.0040505488830234714 0.030633331654137452 0.033431420202713946 0.030611560325555176 0.033405491670823684 0.030879378671314316 0.032761776714740322 0.030857256329719251 0.032736876108911447
8 0.0019266587343140153 0.0019291499866255207 0.027837957560476467 0.029053741730570348 0.027819977159601939 0.029034157048495934 0.027954159932925791 0.02878260232436906 0.027936029158548262 0.028763381357536647
14 0.0011242162951669802 0.0011255931617623963 0.026367796995315107 0.027042485341831179 0.02635166503516817 0.027025517529391252 0.026432614449345183 0.02689667104184798 0.026416403104762828 0.026879885661713562
17 0.0022164667371393936 0.0022206117370099283 0.040255495278609998 0.041805425230054649 0.040217907221776872 0.041764888454182858 0.040390617191465375 0.04144001686412227 0.04035277649299851 0.041400185292646496
9 0.0010155591646966986 0.0010173874108177984 0.038752424280437181 0.039398998742038893 0.038717589552698994 0.039362992439643862 0.038813755571894655 0.039253860588535243 0.038778810544673005 0.039218118957449179
15 0.00058077734418362668 0.00058180216216959652 0.037984847384024578 0.038335190862476332 0.037951378350460918 0.038301101872734 0.038018365322686348 0.038259201022511062 0.037984837222787511 0.03822524698460842
10 0.0001197676778825315 0.00012223326436672271 0.44109009185761405 0.44114681210693207 0.43661878014828592 0.43667435621205064 0.44110226053420892 0.44114131667270712 0.43663070336524878 0.43666897164045526
16 0.00013485842282534577 0.00013488167451214395 0.003712959768256141 0.003765619117270691 0.0037126397252924825 0.0037652899322643263 0.0037254298900875533 0.0037610526194326935 0.0037251076938533733 0.0037607242323008682
18 0.00012071249048249046 0.00012298373807028849 0.40331878955752687 0.40337081174317091 0.39957721500350885 0.39962827638913345 0.40333103690371042 0.40337039908269567 0.39958923616391862 0.39962787135058347
20 0.00012593039218700142 0.00012646439472518978 0.091225864723412362 0.091269080415803561 0.091033057920706983 0.091076091089433875 0.091226840696489939 0.091264282932473101 0.091034029772663935 0.091071313872769136
1 0.00012849179630612786 0.00013114683898039789 0.44272555720423556 0.44278452727255413 0.43822119603726312 0.43827897218952949 0.44273851352223009 0.44277879248714852 0.4382338900532981 0.43827335351824553
2 0.000135244795728795 0.000135244795728795 0 5.3817149440915646e-05 0 5.3817082198093225e-05 1.2990171298561323e-05 4.9133133222509039e-05 1.2990167380757742e-05 4.9133077175323036e-05
4 1 1 0 0.43827897218952949 0 0.43584100534795867 0.098232537347231363 0.39663210823642414 0.098109534362798567 0.39463440082261858
7 0.2497717593890314 0.25146027974456986 0.26439410518635104 0.43827897218952949 0.26350492540717724 0.43584100534795867 0.2796702130888879 0.39663210823642414 0.27867550857657775 0.39463440082261858
8 0.11924085170128118 0.1195180914439824 0.091033057920706983 0.16638894060577558 0.090927414356416075 0.1660363451636982 0.098232537347231363 0.14957756370371456 0.098109534362798567 0.14929255791126445
14 0.069659846855200214 0.069659846855200214 0 0.041764888454182858 0 0.041742637927827841 0.0040114678937586603 0.032736876108911447 0.0040112625254250245 0.03272320379175251
0 0.15634940924965579 0.15740637085628506 0.26439410518635104 0.32982159244463982 0.26350492540717724 0.32843903582764811 0.2796702130888879 0.32389623879846424 0.27867550857657775 0.32256281171070356
1 0.068463802751116881 0.06910964403549498 0.36869318600107814 0.39962827638913345 0.36696639222029609 0.39760035068009314 0.37551391509821724 0.39663210823642414 0.37372279504794337 0.39463440082261858
10 0.038227427923590351 0.038638717279634749 0.4203682089539873 0.43827897218952949 0.41812492117728656 0.43584100534795867 0.42421393624410525 0.43654530817170317 0.42192952692664187 0.4341265372912082
2 0.07464109140090347 0.074814634919585288 0.091033057920706983 0.1210381464021833 0.090927414356416075 0.12085145547106152 0.098232537347231363 0.11840785944635124 0.098109534362798567 0.11822918834659618
3 0.029239928188408707 0.029342933660635503 0.13788688241017708 0.15081120180030755 0.13764465049541369 0.15052148001476462 0.14077251237337904 0.14957756370371456 0.14052004502764792 0.14929255791126445
11 0.015485824984984563 0.015548837294901134 0.15924685669022473 0.16638894060577558 0.15892385185493876 0.1660363451636982 0.16079139766651354 0.16570330465905178 0.16046210325292348 0.16535360604380184
16 0.043349506178763875 0.043349506178763875 0 0.016990429065126433 0 0.016986745540311765 0.0040114678937586603 0.015511789607907694 0.0040112625254250245 0.015508719264783158
4 0.016127805710577297 0.016138655852974443 0.02635166503516817 0.033405491670823684 0.026342805332314423 0.033391255287063104 0.027936029158548262 0.032736876108911447 0.027926072270931215 0.03272320379175251
12 0.0083292622283198982 0.008337333060620563 0.037951378350460918 0.041764888454182858 0.037933004766784573 0.041742637927827841 0.038778810544673005 0.041400185292646496 0.038759627252204651 0.041378321564054313
5 0.036818385386163811 0.037105294057396571 0.30468864152051567 0.32982159244463982 0.3035083860227924 0.32843903582764811 0.30693864080672939 0.32389623879846424 0.30574092381322326 0.32256281171070356
6 0.018264630026792961 0.018394732312034423 0.2785631376680513 0.29005465711933098 0.27757627875666058 0.28898485366402216 0.2796702130888879 0.28750927415635791 0.27867550857657775 0.28645813047542551
13 0.010891275904232001 0.010964903687881611 0.26439410518635104 0.27093424996994642 0.26350492540717724 0.27000061366071132 0.26502522144728063 0.26952623754125871 0.26413179877891846 0.26860226345918314
7 0.017649568607476386 0.017824439890476329 0.38719840992721266 0.39962827638913345 0.38529437327463001 0.39760035068009314 0.38828203578703657 0.39663210823642414 0.38636735317580967 0.39463440082261858
8 0.0082527618864155425 0.0083319502640112168 0.37501184574154878 0.38028412725030425 0.37322550062158338 0.37844732370320033 0.37551391509821724 0.37910461424967434 0.37372279504794337 0.37727915997350886
14 0.0047691780147674362 0.0048141672197299784 0.36869318600107814 0.37158529582383149 0.36696639222029609 0.3698313695329255 0.36897047009968531 0.37095915313427646 0.36724108408464867 0.369211118894194
17 0.01032192190895875 0.010435780272006485 0.43095564705485229 0.43827897218952949 0.4285982537514833 0.43584100534795867 0.43159095154022248 0.43654530817170317 0.42922662175425141 0.4341265372912082
9 0.0046809030054892793 0.004731692602059091 0.42392863458085112 0.42694247260654056 0.42164728868999213 0.42462866236562813 0.42421393624410525 0.42626477499278592 0.42192952692664187 0.4239582846305624
15 0.0026629167748255106 0.0026915671283807372 0.4203682089539873 0.42199094730505138 0.41812492117728656 0.41973035323731478 0.42052328950895324 0.42163864074092505 0.41827835067711278 0.41938180959760862
5 0.016823830564081765 0.016871001184522744 0.10976491257735391 0.1210381464021833 0.10961135609352043 0.12085145547106152 0.11078668903897809 0.11840785944635124 0.11063026244169656 0.11822918834659618
6 0.0085852730460446169 0.0086067002025174144 0.097714864888174296 0.1030577293140264 0.097593154103495783 0.10292235403881195 0.098232537347231363 0.10188009572877788 0.098109534362798567 0.10174779463901455
13 0.0051994869960907408 0.0052115760110247322 0.091033057920706983 0.094130292203500998 0.090927414356416075 0.094017342147961036 0.091332919719825989 0.093465394597964074 0.091226579438504471 0.093354033628307048
7 0.0073952910899632964 0.0074228145238262374 0.14566820000100775 0.15081120180030755 0.14539788390162001 0.15052148001476462 0.14611921089983937 0.14957756370371456 0.14584721989238822 0.14929255791126445
8 0.0035016537563362683 0.0035142286953860589 0.14056080655619088 0.14277840761379634 0.14030909732480523 0.14251870073021439 0.14077251237337904 0.14228334870020418 0.14052004502764792 0.14202543804323434
14 0.0020368489196616012 0.0020440242650821699 0.13788688241017708 0.1391129646814121 0.13764465049541369 0.1388664096409257 0.13800459597572168 0.13884783343244092 0.13776195066318767 0.13860221647051824
17 0.0041370818207727908 0.0041543641571088474 0.1634844406082028 0.16638894060577558 0.16314403500713365 0.1660363451636982 0.16373726622782084 0.16570330465905178 0.16339580805040579 0.16535360604380184
9 0.00188942842867545 0.0018971856889520014 0.16067702182477159 0.1618835704342608 0.16034819523992161 0.16154979201771133 0.16079139766651354 0.16161258703993348 0.16046210325292348 0.16127992399008642
15 0.001078740196880458 0.0010831296247392399 0.15924685669022473 0.15989933044610538 0.15892385185493876 0.1595736760333796 0.15930925862912687 0.15975776642499689 0.15898600085799089 0.15943268779552944
5 0.00959692148927665 0.0095995231702936772 0.010619733232212991 0.016990429065126433 0.010618294044549892 0.016986745540311765 0.011200757973988472 0.015511789607907694 0.011199157009057454 0.015508719264783158
6 0.0049693530606269576 0.0049698240076097022 0.0037126397252924825 0.0067877289892038783 0.0037124638138423052 0.0067871410120675102 0.0040114678937586603 0.0061116681989713557 0.0040112625254250245 0.0061111915104057985
19 0.0031053956591513554 0.0031053956591513554 0 0.0016382156794282898 0 0.0016381814277269258 1.2990167380757742e-05 0.0012524280900474789 1.2990165227121098e-05 0.0012524080708008621
7 0.0040416347348888916 0.004044793420671898 0.030611560325555176 0.033405491670823684 0.030599605303987532 0.033391255287063104 0.030857256329719251 0.032736876108911447 0.030845108668119892 0.03272320379175251
8 0.0019252912908569123 0.0019266587343140153 0.027819977159601939 0.029034157048495934 0.027810102811444026 0.029023402142633381 0.027936029158548262 0.028763381357536647 0.027926072270931215 0.028752826082620097
14 0.0011234604759092371 0.0011242162951669802 0.02635166503516817 0.027025517529391252 0.026342805332314423 0.027016199000880814 0.026416403104762828 0.026879885661713562 0.026407499824571662 0.026870667274622326
17 0.0022141930774020446 0.0022164667371393936 0.040217907221776872 0.041764888454182858 0.040197274090402357 0.041742637927827841 0.04035277649299851 0.041400185292646496 0.040332004780433292 0.041378321564054313
9 0.0010145562343020988 0.0010155591646966986 0.038717589552698994 0.039362992439643862 0.038698466767686457 0.039343226969114797 0.038778810544673005 0.039218118957449179 0.038759627252204651 0.039198498674531637
15 0.0005802151312415682 0.00058077734418362668 0.037951378350460918 0.038301101872734 0.037933004766784573 0.038282388185647886 0.037984837222787511 0.03822524698460842 0.037966431235476009 0.03820660733056485
10 0.00011844393788314406 0.0001197676778825315 0.43661878014828592 0.43667435621205064 0.4341991972817788 0.43425415904873832 0.43663070336524878 0.43666897164045526 0.43421098871483116 0.43424883399761688
16 0.00013484564351529116 0.00013485842282534577 0.0037126397252924825 0.0037652899322643263 0.0037124638138423052 0.0037651089962378315 0.0037251076938533733 0.0037607242323008682 0.0037249305989385199 0.0037605437347951521
18 0.00011949063555616942 0.00012071249048249046 0.39957721500350885 0.39962827638913345 0.3975498061718965 0.39760035068009314 0.39958923616391862 0.39962787135058347 0.39756170565199567 0.39759994974187163
20 0.00012563827795020188 0.00012593039218700142 0.091033057920706983 0.091076091089433875 0.090927414356416075 0.090970347679843688 0.091034029772663935 0.091071313872769136 0.09092838395400786 0.09096558154957271
1 0.00012706646378420549 0.00012849179630612786 0.43822119603726312 0.43827897218952949 0.43578387013631703 0.43584100534795867 0.4382338900532981 0.43827335351824553 0.43579642333827445 0.43583544901116833
2 0.000135244795728795 0.000135244795728795 0 5.3817082198093225e-05 0 5.381704523321762e-05 1.2990167380757742e-05 4.9133077175323036e-05 1.2990165227121098e-05 4.9133046364968578e-05
5 1 1 0 0.65004280709425066 0 0.68484920972098173 0.060411109056447199 0.5015541145122393 0.060697798679266057 0.5220247397043396
0 0.62596912329922016 0.62596912329922016 0 0.25409264523598585 0 0.25924280897325724 0.060411109056447199 0.23157255759114573 0.060697798679266057 0.23584259380671252
1 0.25495397989985158 0.27165903040416706 0.39949132566246931 0.51238100312868162 0.41237139219205388 0.53376379227459703 0.42459335120684627 0.5015541145122393 0.43917244382621146 0.5220247397043396
10 0.13747791159771322 0.15101476126221894 0.58670922200295528 0.65004280709425066 0.61491650721883317 0.68484920972098173 0.60037422289863296 0.64394667536634664 0.62994386812961334 0.67808616401715394
5 0.1432925195785455 0.14689732797026053 0.15790841934301947 0.25409264523598585 0.15988233224040804 0.25924280897325724 0.16659036346496864 0.23157255759114573 0.16878880919157496 0.23584259380671252
6 0.072397212271736233 0.073035999381940719 0.056055687632574597 0.1010946766694244 0.05630244444917365 0.10190010171198471 0.060411109056447199 0.091150954740324364 0.060697798679266057 0.091805215388270078
13 0.043604913265107292 0.043604913265107292 0 0.025946420197391573 0 0.025999162493066441 0.0025092241450310748 0.020370971134244242 0.0025097165090965934 0.020403467735581046
7 0.064905184766140239 0.069921269864694491 0.46731599171231414 0.51238100312868162 0.48503781769910803 0.53376379227459703 0.47126036238861885 0.5015541145122393 0.48928838279111514 0.5220247397043396
8 0.030600826715611346 0.032728601987324302 0.42274972294350888 0.44207736001878811 0.43720032809263021 0.45790423447405026 0.42459335120684627 0.43775961647874612 0.43917244382621146 0.4532734157341145
14 0.017760055194947458 0.01892372645478646 0.39949132566246931 0.41014978520627748 0.41237139219205388 0.42373799098798604 0.4005141606280006 0.40784407102448272 0.41346133514611699 0.42127742836260684
17 0.036859598553793324 0.040739208736901573 0.62424183791202859 0.65004280709425066 0.6562719872189493 0.68484920972098173 0.62648526642999725 0.64394667536634664 0.65875200227287345 0.67808616401715394
9 0.016794014328902197 0.018485959896071213 0.59936171278633865 0.6100474529582246 0.62882925814715251 0.64060187309168537 0.60037422289863296 0.60764657960819402 0.62994386812961334 0.63795500178478881
15 0.0095766902678694581 0.010519665142400783 0.58670922200295528 0.59247973333980197 0.61491650721883317 0.62125821433052864 0.58726097437276392 0.59122747145851773 0.6155226156390462 0.6198814872136198
0 0.089696692855918525 0.091953191604542073 0.15790841934301947 0.1947731276709217 0.15988233224040804 0.1977850567263828 0.16659036346496864 0.19146864800425556 0.16878880919157496 0.19437848109535799
1 0.037993655207029894 0.03931196388677706 0.21628568565087802 0.23320332122089182 0.22000604260189216 0.23753427186111775 0.22003108877457331 0.23157255759114573 0.22388255889963998 0.23584259380671252
10 0.02087264534559008 0.021693950421405588 0.24444644008890698 0.25409264523598585 0.24920932658722228 0.25924280897325724 0.24652255387086172 0.25316149061459331 0.2513674892522465 0.25827359694802282
2 0.045318419495046669 0.045718280502395459 0.056055687632574597 0.074133990996072152 0.05630244444917365 0.074566187793922767 0.060411109056447199 0.072556947009388001 0.060697798679266057 0.07297089990644362
3 0.017479947723491731 0.017712390044030697 0.084201088743318719 0.091882648807199874 0.084759078410358235 0.092547493785278823 0.085919214378183728 0.091150954740324364 0.086500286536507362 0.091805215388270078
11 0.0091928167878075791 0.009333674183190652 0.096877442985864648 0.1010946766694244 0.097616826178788529 0.10190010171198471 0.097790360541111787 0.10069028620737352 0.098543798627770463 0.10148925508743303
16 0.027135452378161062 0.027135452378161062 0 0.010602716562959857 0 0.0106115132004303 0.0025092241450310748 0.0096825817707574327 0.0025097165090965934 0.0096899173340568388
4 0.010006146708211101 0.010031882653693329 0.016416639822604884 0.020784513553261275 0.016437738175502759 0.02081834404181615 0.01739868159533706 0.020370971134244242 0.017422381471820021 0.020403467735581046
12 0.0051475983080664141 0.0051666420639997169 0.023593521030027209 0.025946420197391573 0.023637123350618738 0.025999162493066441 0.024104314106719246 0.025721541947397532 0.024149826641014855 0.025773373054282806
0 0.040628641605634716 0.043768555997171027 0.46731599171231414 0.48422953211192271 0.48503781769910803 0.50328353464081788 0.47126036238861885 0.48269564766294515 0.48928838279111514 0.50162676772141979
1 0.017925344849083539 0.019395532202120421 0.49430269976518393 0.50233231949182455 0.51417395397836518 0.52286781834165819 0.49607211204432022 0.5015541145122393 0.51608876411922433 0.5220247397043396
10 0.010046233667721727 0.010893963912137842 0.50772217080276172 0.51238100312868162 0.52870991723735172 0.53376379227459703 0.50872216670288306 0.51192988251199578 0.52979438397625145 0.53327425146743201
2 0.019155172671402654 0.020487094292814589 0.42274972294350888 0.43043744564490882 0.43720032809263021 0.44542771744010212 0.42459335120684627 0.42976309989928607 0.43917244382621146 0.44470562414403231
3 0.0075292273883616288 0.0080684210507723231 0.43475903810742728 0.43807634245246485 0.4500571746290597 0.45361299715611159 0.43549952386657581 0.43775961647874612 0.45085073665957559 0.4532734157341145
11 0.0039937146977514345 0.0042835195968888729 0.44024261231442141 0.44207736001878811 0.45593605544830895 0.45790423447405026 0.44063934153012452 0.44190119879038964 0.45636158708783836 0.457715236605856
16 0.011052129126968513 0.011776284817021754 0.39949132566246931 0.40382481258609326 0.41237139219205388 0.41699043254192458 0.4005141606280006 0.40344754293661272 0.41346133514611699 0.41658817441995216
4 0.0041196538507456892 0.0043943481023188975 0.40621390044761635 0.40801479929685563 0.41953833077371594 0.42145959108524733 0.40661834999212576 0.40784407102448272 0.41996976268507175 0.42127742836260684
12 0.00212938706379605 0.0022724592408375228 0.40917571367891492 0.41014978520627748 0.4226983904175472 0.42373799098798604 0.40938704712038393 0.41005662288909434 0.42292392706969378 0.42363855425584129
0 0.023072970591879224 0.025501486776942223 0.62424183791202859 0.6339102948546379 0.6562719872189493 0.66696658444151591 0.62648526642999725 0.6330282161244557 0.65875200227287345 0.66599018307126256
1 0.010395752105258765 0.011519253433461588 0.63972928065139345 0.64440070182318854 0.67341135970202648 0.67858962677451551 0.64075615664116325 0.64394667536634664 0.67454930955201076 0.67808616401715394
18 0.0058879102119559854 0.0065326449831623673 0.64755291503584134 0.65004280709425066 0.68208610426033345 0.68484920972098173 0.64813922444094452 0.65002306177320002 0.68273664681347357 0.68482729330691339
2 0.010512534426137449 0.01157164010948819 0.59936171278633865 0.603593178730081 0.62882925814715251 0.63348864862241017 0.60037422289863296 0.60322101346587975 0.62994386812961334 0.63307871682982109
3 0.0041701190483355924 0.0045952359370894039 0.60598277916999022 0.60782242491535954 0.63612133717046171 0.63814882912210136 0.60639301883491759 0.60764657960819402 0.63657341335912543 0.63795500178478881
11 0.002221247444421036 0.0024489126474461008 0.60902627490336114 0.6100474529582246 0.63947593571638894 0.64060187309168537 0.60924696358850938 0.60994934339286311 0.63971924814208048 0.64049369058866379
16 0.0059595995782483202 0.0065464153264207514 0.58670922200295528 0.58904977653547674 0.61491650721883317 0.61748801913591322 0.58726097437276392 0.58884570547794168 0.6155226156390462 0.61726377183145864
4 0.0022327297230439851 0.0024540382762810883 0.59034342281563013 0.59132012121570643 0.61890974110117036 0.61998333596420985 0.59056265594134039 0.59122747145851773 0.61915070898213875 0.6198814872136198
12 0.001156652710556856 0.0012716353129906027 0.59195043647023915 0.59247973333980197 0.62067627491957011 0.62125821433052864 0.59206523896500307 0.59242909335683347 0.6208024910940364 0.6212025356368277
13 0.00013546995251090266 0.00013551916299547884 0.0023224294725983363 0.0024028744789982293 0.002322851252768654 0.0024033259875608781 0.0023302234879423551 0.0023856158695150023 0.0023306481040893581 0.0023860609148626906
17 0.00011394596967359414 0.00012635594246893333 0.64432070628402072 0.64440070182318854 0.67850091825461567 0.67858962677451551 0.6443276432868531 0.6443817582293041 0.67850861077795732 0.67856861977038085
19 0.00014073162310523912 0.00014197334985510679 0.056055687632574597 0.056129901606602084 0.05630244444917365 0.056377313676599372 0.056056276324707548 0.056112429694976262 0.056303038335580299 0.056359687422635162
21 0.00011804720224034713 0.00012810417965746437 0.51231626186833246 0.51238100312868162 0.53369353504171024 0.53376379227459703 0.51232344893750925 0.51237954102231842 0.53370133441452483 0.53376220558820686
6 0.000135244795728795 0.000135244795728795 0 8.3614746299365272e-05 0 8.3615292926220164e-05 8.1314244736382935e-06 6.5243679077155739e-05 8.1314296431758346e-06 6.5244011891020992e-05
7 0.00011709348036415766 0.00012996693160091097 0.64996100421400516 0.65004280709425066 0.68475841268474269 0.68484920972098173 0.6499681239614733 0.65002306177320002 0.68476631519367803 0.68482729330691339
6 1 1 0 0.6124218519345348 0 0.6278294815333868 0.060068184569548322 0.47885749041851455 0.060213121511623058 0.48822600283905837
2 0.62596912329922016 0.62596912329922016 0 0.24813442841763619 0 0.25062648231324947 0.060068184569548322 0.22661337819054034 0.060213121511623058 0.22869009049902844
3 0.23674145100731792 0.24421801436918505 0.3849582295985321 0.4887170294206773 0.39098968828928882 0.49847923593078947 0.4082139430262462 0.47885749041851455 0.41500257192030138 0.48822600283905837
11 0.12341329659375339 0.12910085332645427 0.55588816527160745 0.6124218519345348 0.56855306867148947 0.6278294815333868 0.56814018388733867 0.60700798517495758 0.58137616615756071 0.62214104340053922
5 0.13910980188390412 0.14086077690261684 0.15558667251317851 0.24813442841763619 0.15656279519572353 0.25062648231324947 0.16400838210680366 0.22661337819054034 0.16509340578783815 0.22869009049902844
6 0.071636240706975829 0.071957450584585247 0.055760306995570511 0.10013800174538881 0.055885179047563072 0.10054144969193513 0.060068184569548322 0.090372497631090579 0.060213121511623058 0.090700964549602747
13 0.043604913265107292 0.043604913265107292 0 0.025882956042087027 0 0.025909829396126238 0.0025086292872754518 0.020331830721529581 0.0025088814959862392 0.020348409418673843
7 0.059531071497435542 0.061725224721857069 0.4475512736981303 0.4887170294206773 0.45572440602849834 0.49847923593078947 0.45116776164872124 0.47885749041851455 0.45947474130583399 0.48822600283905837
8 0.028294886390073687 0.029239743133920519 0.40650952782031352 0.42434938882911383 0.41324111854093892 0.43169011683537351 0.4082139430262462 0.42036943906788904 0.41500257192030138 0.42757194765743256
14 0.016491373221447655 0.017012189480238523 0.3849582295985321 0.39484570989233414 0.39098968828928882 0.40119353266046115 0.3859079103283698 0.3927084051500026 0.39196939888085147 0.39898714582869332
17 0.032867417677155279 0.034476962092514093 0.58946817668799967 0.6124218519345348 0.60372904197544064 0.6278294815333868 0.59146822406594068 0.60700798517495758 0.60582720554316427 0.62214104340053922
9 0.015041810406029366 0.015749662293191413 0.56723339615758861 0.57679510137561207 0.58042667064005382 0.5904422665403114 0.56814018388733867 0.57464836697736532 0.58137616615756071 0.58819294354165363
15 0.0085969513406162646 0.0089931456715964739 0.55588816527160745 0.56106565201067293 0.56855306867148947 0.57397031173326996 0.55638344639907533 0.55994253708368791 0.56907118556763403 0.57279499289131564
0 0.087078440727595713 0.088174497024978135 0.15558667251317851 0.19125287216570552 0.15656279519572353 0.19272994053812834 0.16400838210680366 0.18806578362449111 0.16509340578783815 0.18949384986569107
1 0.036486883267331238 0.03711466893810509 0.21195351473384055 0.2281748078769541 0.21376915206159983 0.23028036999127072 0.21554913357189062 0.22661337819054034 0.21742716794233419 0.22869009049902844
10 0.019940723970957919 0.020328117171252394 0.23892711048587953 0.24813442841763619 0.24123679373222826 0.25062648231324947 0.24091014971077673 0.24724635475973084 0.24325852014220098 0.24972051351171576
2 0.044842074791796804 0.045043142257279456 0.055760306995570511 0.073618240096439691 0.055885179047563072 0.073836059914126992 0.060068184569548322 0.072062832608106683 0.060213121511623058 0.072271532410626144
3 0.017205053666363827 0.017320822082925003 0.083536381291697714 0.09109169797685876 0.083816957599854067 0.091425423346789547 0.085227214885661179 0.090372497631090579 0.085519284111008065 0.090700964549602747
11 0.0090267793114734759 0.0090966319311923463 0.095998573012591903 0.10013800174538881 0.09636929376624305 0.10054144969193513 0.096894925138447843 0.099741213671588669 0.097272614774132016 0.10014146430845292
16 0.027135452378161062 0.027135452378161062 0 0.010592103602310929 0 0.010596601320707222 0.0025086292872754518 0.00967373015966266 0.0025088814959862392 0.0096774816149059438
4 0.0099751719028335073 0.0099882888543441489 0.016391210635145287 0.020743769453754973 0.016401983987406193 0.02076102703619237 0.017370121714953512 0.020331830721529581 0.017382220773238068 0.020348409418673843
12 0.00512472052131515 0.0051344029437037347 0.023541033580792056 0.025882956042087027 0.023563261785139455 0.025909829396126238 0.024049532017607112 0.025659171793365507 0.024072731347710759 0.025685582224722767
0 0.037264612634312938 0.038638084804588246 0.4475512736981303 0.46304067196742038 0.45572440602849834 0.47179485835177898 0.45116776164872124 0.46163789514749332 0.45947474130583399 0.47033862211061805
1 0.016361117407562315 0.016998379130376311 0.47224318942893828 0.47956680761444903 0.48135221932538386 0.48896336749469216 0.47385793873232285 0.47885749041851455 0.48302997339486214 0.48822600283905837
10 0.0091473859938422594 0.0095131793510656627 0.48447680934364645 0.4887170294206773 0.49406869011505983 0.49847923593078947 0.48538725240248742 0.48830659928553782 0.49501557596557821 0.49805225236903578
2 0.01771172522744547 0.018303176375034633 0.40650952782031352 0.41361297600502112 0.41324111854093892 0.42058389831825715 0.4082139430262462 0.41299027805453181 0.41500257192030138 0.41994005025918074
3 0.0069466886916303202 0.0071851526176252541 0.41760177021519285 0.42066149234089434 0.42470894813689725 0.4278740982046737 0.41828491843975146 0.42036943906788904 0.42541556694978383 0.42757194765743256
11 0.0036810543026715948 0.0038089862655044889 0.42265856151973036 0.42434938882911383 0.42994040564280211 0.43169011683537351 0.42302421839159715 0.42418707038022369 0.43031877625301668 0.43152213510130294
16 0.010262624993210824 0.010586730322861976 0.3849582295985321 0.38898056842864703 0.39098968828928882 0.39513973654103851 0.3859079103283698 0.38863051317802844 0.39196939888085147 0.39477851303270156
4 0.0038206888039409139 0.0039433527355648441 0.39119676101541662 0.39286669416829578 0.39742687405668914 0.39915053790804533 0.39157184567690961 0.3927084051500026 0.39781400679314322 0.39898714582869332
12 0.001973792326302595 0.0020376168697632466 0.39394289397694798 0.39484570989233414 0.40026148903185138 0.40119353266046115 0.39413878147521592 0.39475936953668511 0.40046371236058947 0.40110439416363519
0 0.020573988628478194 0.021581513735071507 0.58946817668799967 0.59808203273878724 0.60372904197544064 0.61276792111483669 0.59146822406594068 0.59729678370869277 0.60582720554316427 0.61194366165698055
1 0.0092442416874251657 0.0097079261426193091 0.60325914921918788 0.60741140068725741 0.61820356239533714 0.62256483143231478 0.60417219727488891 0.60700798517495758 0.61916244423153721 0.62214104340053922
18 0.0052284287182863196 0.0054938193320218567 0.61021133295649765 0.6124218519345348 0.62550654756005997 0.6278294815333868 0.6107319449861045 0.61240432595073901 0.62605359711403286 0.62781106261400488
2 0.0094157088726952928 0.0098588022979278177 0.56723339615758861 0.57102193824337333 0.58042667064005382 0.58439411388735596 0.56814018388733867 0.57068884392288288 0.58137616615756071 0.5840452408764164
3 0.0037306100361566476 0.0039080679095324358 0.57316014383384462 0.57480562984701356 0.58663383334832542 0.58835770827653999 0.57352713289980917 0.57464836697736532 0.5870182851580289 0.58819294354165363
11 0.0019860587309156142 0.0020809963068614571 0.57588213035731428 0.57679510137561207 0.5894856178574881 0.5904422665403114 0.57607944833185021 0.57670739502332302 0.58969236969889161 0.59035036109635042
16 0.0053499054632323035 0.0055964582389585876 0.55588816527160745 0.55798883021327939 0.56855306867148947 0.57075073290294431 0.55638344639907533 0.55780570996503398 0.56907118556763403 0.57055914192524171
4 0.0020030075790904932 0.0020958773365170645 0.55914950960420717 0.56002564040763003 0.57196516959476562 0.57288195526363406 0.55934618230983624 0.55994253708368791 0.57217096271998213 0.57279499289131564
12 0.001037348037506321 0.001085573122089853 0.56059097274327108 0.56106565201067293 0.57347355552141721 0.57397031173326996 0.56069393270524603 0.56102023946106172 0.57358130242513361 0.57392278624681781
13 0.00013541050833509871 0.00013543571029117629 0.0023219198755011217 0.0024023289714732443 0.0023221359374625411 0.0024025602579355321 0.0023297104650932855 0.0023850781691706906 0.0023299279794327978 0.0023853061457274321
17 0.00010124160618680316 0.00010635545759806454 0.60734032472743327 0.60741140068725741 0.62249016511099287 0.62256483143231478 0.6073464882879076 0.60739456941379488 0.62249664000294025 0.62254714989729742
19 0.00013925238442880072 0.00013987677840532342 0.055760306995570511 0.055833740389641312 0.055885179047563072 0.055958941927314515 0.055760889499891962 0.055816452339177952 0.055885764163790437 0.055941576268555268
21 0.00010739638739940761 0.00011172922393777563 0.48865812978755868 0.4887170294206773 0.49841795988323834 0.49847923593078947 0.48866466839881673 0.48871569924828473 0.49842476229228044 0.49847785208688
6 0.000135244795728795 0.000135244795728795 0 8.3614085606725785e-05 0 8.3614365765205534e-05 8.1314182251218323e-06 6.5243276813015827e-05 8.1314208746898972e-06 6.524344738830396e-05
7 0.00010393372278441267 0.00010922849418596761 0.61234924314426964 0.6124218519345348 0.62775317355298099 0.6278294815333868 0.61235556272233904 0.61240432595073901 0.62775981507564671 0.62781106261400488
7 1 1 0 0.68484920972098173 0 0.7012938446126995 0.060697798679266057 0.5220247397043396 0.060824207870342817 0.53152518991887376
0 0.62596912329922016 0.62596912329922016 0 0.25924280897325724 0 0.26156455580309834 0.060697798679266057 0.23584259380671252 0.060824207870342817 0.23776256614455554
1 0.27165903040416706 0.27949596910389651 0.41237139219205388 0.53376379227459703 0.41827723670507355 0.54370039690341443 0.43917244382621146 0.5220247397043396 0.44587714683673235 0.53152518991887376
10 0.15101476126221894 0.15758047013723331 0.61491650721883317 0.68484920972098173 0.62814173158892384 0.7012938446126995 0.62994386812961334 0.67808616401715394 0.64383068713937386 0.6942037914959247
5 0.14689732797026053 0.14851895601216314 0.15988233224040804 0.25924280897325724 0.16076239611671195 0.26156455580309834 0.16878880919157496 0.23584259380671252 0.16976995540803069 0.23776256614455554
6 0.073035999381940719 0.073318409804107532 0.05630244444917365 0.10190010171198471 0.056411192575123892 0.10225687834097363 0.060697798679266057 0.091805215388270078 0.060824207870342817 0.092094703850403331
13 0.043604913265107292 0.043604913265107292 0 0.025999162493066441 0 0.026022327623417274 0.0025097165090965934 0.020403467735581046 0.0025099321920919043 0.020417731715809972
7 0.069921269864694491 0.072302871150294559 0.48503781769910803 0.53376379227459703 0.49322913162592386 0.54370039690341443 0.48928838279111514 0.5220247397043396 0.49762512658876928 0.53152518991887376
8 0.032728601987324302 0.033730918920102326 0.43720032809263021 0.45790423447405026 0.44384449550839022 0.46519782853513636 0.43917244382621146 0.4532734157341145 0.44587714683673235 0.46041908340382709
14 0.01892372645478646 0.01946964640442328 0.41237139219205388 0.42373799098798604 0.41827723670507355 0.42997636249360527 0.41346133514611699 0.42127742836260684 0.41939866526114405 0.42744303315080956
17 0.040739208736901573 0.042633684027699029 0.6562719872189493 0.68484920972098173 0.67135774463185194 0.7012938446126995 0.65875200227287345 0.67808616401715394 0.67395331206879372 0.6942037914959247
9 0.018485959896071213 0.019308465814088405 0.62882925814715251 0.64060187309168537 0.64266643879580698 0.65496792685319205 0.62994386812961334 0.63795500178478881 0.64383068713937386 0.65220126396376343
15 0.010519665142400783 0.010977031417130134 0.61491650721883317 0.62125821433052864 0.62814173158892384 0.63476062690764246 0.6155226156390462 0.6198814872136198 0.62877420535385242 0.63332347517498011
0 0.091953191604542073 0.09296828068824925 0.15988233224040804 0.1977850567263828 0.16076239611671195 0.19913360745252073 0.16878880919157496 0.19437848109535799 0.16976995540803069 0.19568082506863185
1 0.03931196388677706 0.03991099246073173 0.22000604260189216 0.23753427186111775 0.22167591144488785 0.23948200030179323 0.22388255889963998 0.23584259380671252 0.22561202380243855 0.23776256614455554
10 0.021693950421405588 0.022068965443978086 0.24920932658722228 0.25924280897325724 0.2513540905239815 0.26156455580309834 0.2513674892522465 0.25827359694802282 0.253549724163527 0.26057793878587532
2 0.045718280502395459 0.045895060706765634 0.05630244444917365 0.074566187793922767 0.056411192575123892 0.074757051500648375 0.060697798679266057 0.07297089990644362 0.060824207870342817 0.073153674192240337
3 0.017712390044030697 0.017815646308212307 0.084759078410358235 0.092547493785278823 0.085005775433521169 0.092841689910842851 0.086500286536507362 0.091805215388270078 0.08675723884115899 0.092094703850403331
11 0.009333674183190652 0.0093963814940503931 0.097616826178788529 0.10190010171198471 0.097944191460030527 0.10225687834097363 0.098543798627770463 0.10148925508743303 0.098877421395478712 0.10184315557570106
16 0.027135452378161062 0.027135452378161062 0 0.0106115132004303 0 0.010615370130012014 0.0025097165090965934 0.0096899173340568388 0.0025099321920919043 0.0096931333153030298
4 0.010031882653693329 0.010043184529058899 0.016437738175502759 0.02081834404181615 0.016446994911254453 0.020833194207303229 0.017422381471820021 0.020403467735581046 0.01743278075576573 0.020417731715809972
12 0.0051666420639997169 0.0051750152303705714 0.023637123350618738 0.025999162493066441 0.023656269000877028 0.026022327623417274 0.024149826641014855 0.025773373054282806 0.024169812211207706 0.025796137400973078
0 0.043768555997171027 0.045259364865966378 0.48503781769910803 0.50328353464081788 0.49322913162592386 0.51210831281617009 0.48928838279111514 0.50162676772141979 0.49762512658876928 0.51039303467382469
1 0.019395532202120421 0.020096921313331469 0.51417395397836518 0.52286781834165819 0.52338827442545766 0.53239926025500495 0.51608876411922433 0.5220247397043396 0.52537246112749525 0.53152518991887376
10 0.010893963912137842 0.011299362046731811 0.52870991723735172 0.53376379227459703 0.53845752755705023 0.54370039690341443 0.52979438397625145 0.53327425146743201 0.53958239320008083 0.54319246842398761
2 0.020487094292814589 0.021114513744493912 0.43720032809263021 0.44542771744010212 0.44384449550839022 0.45232627518653734 0.43917244382621146 0.44470562414403231 0.44587714683673235 0.45158166055580518
3 0.0080684210507723231 0.0083229547658317474 0.4500571746290597 0.45361299715611159 0.45710100873012238 0.46076946007839026 0.45085073665957559 0.4532734157341145 0.45791962777794143 0.46041908340382709
11 0.0042835195968888729 0.0044204586469711411 0.45593605544830895 0.45790423447405026 0.46316659010068939 0.46519782853513636 0.45636158708783836 0.457715236605856 0.4636057319827197 0.46500276320426859
16 0.011776284817021754 0.012116012239608231 0.41237139219205388 0.41699043254192458 0.41827723670507355 0.42303029163606731 0.41346133514611699 0.41658817441995216 0.41939866526114405 0.42261630196504302
4 0.0043943481023188975 0.0045233697055818032 0.41953833077371594 0.42145959108524733 0.42565276609749647 0.42763056816328948 0.41996976268507175 0.42127742836260684 0.42609687185359091 0.42744303315080956
12 0.0022724592408375228 0.0023396941337819198 0.4226983904175472 0.42373799098798604 0.42890596476420551 0.42997636249360527 0.42292392706969378 0.42363855425584129 0.42913817615322647 0.42987397670038885
0 0.025501486776942223 0.026687369813834738 0.6562719872189493 0.66696658444151591 0.67135774463185194 0.68255386145102226 0.65875200227287345 0.66599018307126256 0.67395331206879372 0.68153132399359184
1 0.011519253433461588 0.012069414638677826 0.67341135970202648 0.67858962677451551 0.68930491521383797 0.69473148191778122 0.67454930955201076 0.67808616401715394 0.69049726126660926 0.6942037914959247
18 0.0065326449831623673 0.0068488089075760886 0.68208610426033345 0.68484920972098173 0.69839673101083943 0.7012938446126995 0.68273664681347357 0.68482729330691339 0.69907877377632155 0.70127086306360209
2 0.01157164010948819 0.012086503417897854 0.62882925814715251 0.63348864862241017 0.64266643879580698 0.64753393570617801 0.62994386812961334 0.63307871682982109 0.64383068713937386 0.64710563108152963
3 0.0045952359370894039 0.0048021447171431413 0.63612133717046171 0.63814882912210136 0.65028491230019014 0.6524038461039694 0.63657341335912543 0.63795500178478881 0.65075735150970149 0.65220126396376343
11 0.0024489126474461008 0.002559780444771963 0.63947593571638894 0.64060187309168537 0.6537909693647439 0.65496792685319205 0.63971924814208048 0.64049369058866379 0.65404529925879973 0.65485483819805124
16 0.0065464153264207514 0.0068310355638661058 0.61491650721883317 0.61748801913591322 0.62814173158892384 0.63082528717499597 0.6155226156390462 0.61726377183145864 0.62877420535385242 0.63059124994905191
4 0.0024540382762810883 0.0025614486025493017 0.61890974110117036 0.61998333596420985 0.63230916241592805 0.6334297893302423 0.61915070898213875 0.6198814872136198 0.63256067929353954 0.63332347517498011
12 0.0012716353129906027 0.0013274573282369244 0.62067627491957011 0.62125821433052864 0.63415312925900236 0.63476062690764246 0.6208024910940364 0.6212025356368277 0.63428488662986138 0.63470250178740284
13 0.00013551916299547884 0.00013554072211263701 0.002322851252768654 0.0024033259875608781 0.0023230360121894167 0.0024035237711956814 0.0023306481040893581 0.0023860609148626906 0.0023308341059632828 0.0023862558669033433
17 0.00012635594246893333 0.00013243796422035087 0.67850091825461567 0.67858962677451551 0.69463850320947684 0.69473148191778122 0.67850861077795732 0.67856861977038085 0.69464656600720442 0.69470946364098674
19 0.00014197334985510679 0.00014252232244871266 0.05630244444917365 0.056377313676599372 0.056411192575123892 0.056486351494609455 0.056303038335580299 0.056359687422635162 0.056411788757940763 0.056468657004501793
21 0.00012810417965746437 0.00013291752657888247 0.53369353504171024 0.53376379227459703 0.54362749966831103 0.54370039690341443 0.53370133441452483 0.53376220558820686 0.5436355920945547 0.54369875059138195
6 0.000135244795728795 0.000135244795728795 0 8.3615292926220164e-05 0 8.3615532313841001e-05 8.1314296431758346e-06 6.5244011891020992e-05 8.1314319071586726e-06 6.5244157642103351e-05
7 0.00012996693160091097 0.00013628254550454889 0.68475841268474269 0.68484920972098173 0.70119863508160241 0.7012938446126995 0.68476631519367803 0.68482729330691339 0.70120692160740361 0.70127086306360209
8 1 1 0 0.6278294815333868 0 0.63428363628706808 0.060213121511623058 0.48822600283905837 0.06027194089682375 0.49212009447022975
2 0.62596912329922016 0.62596912329922016 0 0.25062648231324947 0 0.25164868208729485 0.060213121511623058 0.22869009049902844 0.06027194089682375 0.22954087887618263
3 0.24421801436918505 0.24734287485376782 0.39098968828928882 0.49847923593078947 0.39348316676386785 0.50253928471158826 0.41500257192030138 0.48822600283905837 0.417812833366765 0.49212009447022975
11 0.12910085332645427 0.13151342183313763 0.56855306867148947 0.6278294815333868 0.57384088863366889 0.63428363628706808 0.58137616615756071 0.62214104340053922 0.58690635803138169 0.62847818221796026
5 0.14086077690261684 0.14157837003738588 0.15656279519572353 0.25062648231324947 0.15696108089120747 0.25164868208729485 0.16509340578783815 0.22869009049902844 0.16553633796595904 0.22954087887618263
6 0.071957450584585247 0.072087979560548909 0.055885179047563072 0.10054144969193513 0.055935843225211918 0.10070555125427894 0.060213121511623058 0.090700964549602747 0.06027194089682375 0.090834493940601765
13 0.043604913265107292 0.043604913265107292 0 0.025909829396126238 0 0.025920714327137995 0.0025088814959862392 0.020348409418673843 0.0025089835175834962 0.02035512244496665
7 0.061725224721857069 0.062647247379984269 0.45572440602849834 0.49847923593078947 0.45911548882635939 0.50253928471158826 0.45947474130583399 0.48822600283905837 0.46292207796406998 0.49212009447022975
8 0.029239743133920519 0.029635384276999348 0.41324111854093892 0.43169011683537351 0.41602749455879023 0.43473175558768212 0.41500257192030138 0.42757194765743256 0.417812833366765 0.43055563037479577
14 0.017012189480238523 0.017229866783038422 0.39098968828928882 0.40119353266046115 0.39348316676386785 0.40381929339570621 0.39196939888085147 0.39898714582869332 0.39447542897367571 0.40158401146570483
17 0.034476962092514093 0.035161702798191377 0.60372904197544064 0.6278294815333868 0.60969484281685438 0.63428363628706808 0.60582720554316427 0.62214104340053922 0.61183475111999941 0.62847818221796026
9 0.015749662293191413 0.0160502179310839 0.58042667064005382 0.5904422665403114 0.58593872796743141 0.59614712739360176 0.58137616615756071 0.58819294354165363 0.58690635803138169 0.59385421283199313
15 0.0089931456715964739 0.0091612048242997145 0.56855306867148947 0.57397031173326996 0.57384088863366889 0.57935985534001633 0.56907118556763403 0.57279499289131564 0.57436869229787169 0.57816238356010441
0 0.088174497024978135 0.088623688170435075 0.15656279519572353 0.19272994053812834 0.15696108089120747 0.19333384918337232 0.16509340578783815 0.18949384986569107 0.16553633796595904 0.19007761783425386
1 0.03711466893810509 0.037373190262729603 0.21376915206159983 0.23028036999127072 0.21451236202185203 0.23114305435830587 0.21742716794233419 0.22869009049902844 0.21819607687915421 0.22954087887618263
10 0.020328117171252394 0.020488013212381154 0.24123679373222826 0.25062648231324947 0.24218369043036253 0.25164868208729485 0.24325852014220098 0.24972051351171576 0.24422138628134954 0.25073532155141859
2 0.045043142257279456 0.045124849365929975 0.055885179047563072 0.073836059914126992 0.055935843225211918 0.073924524860205787 0.060213121511623058 0.072271532410626144 0.06027194089682375 0.072356285920267313
3 0.017320822082925003 0.017367977349971638 0.083816957599854067 0.091425423346789547 0.083930974260953362 0.091561095939381387 0.085519284111008065 0.090700964549602747 0.085637982451078953 0.090834493940601765
11 0.0090966319311923463 0.0091251146780668563 0.09636929376624305 0.10054144969193513 0.096520048295391264 0.10070555125427894 0.097272614774132016 0.10014146430845292 0.097426211007194355 0.1003042617160871
16 0.027135452378161062 0.027135452378161062 0 0.010596601320707222 0 0.010598421532591495 0.0025088814959862392 0.0096774816149059438 0.0025089835175834962 0.0096789997380275494
4 0.0099882888543441489 0.0099936014264369634 0.016401983987406193 0.02076102703619237 0.016406345352009133 0.020768015118104832 0.017382220773238068 0.020348409418673843 0.017387119092095137 0.02035512244496665
12 0.0051344029437037347 0.0051383268475388095 0.023563261785139455 0.025909829396126238 0.023572264030940926 0.025920714327137995 0.024072731347710759 0.025685582224722767 0.024082127160959577 0.025696279516063718
0 0.038638084804588246 0.039215242519558144 0.45572440602849834 0.47179485835177898 0.45911548882635939 0.47543027506263608 0.45947474130583399 0.47033862211061805 0.46292207796406998 0.47395154546191204
1 0.016998379130376311 0.017266740572332323 0.48135221932538386 0.48896336749469216 0.48513700721146341 0.49286927750334669 0.48302997339486214 0.48822600283905837 0.48684129548460048 0.49212009447022975
10 0.0095131793510656627 0.0096673842446237373 0.49406869011505983 0.49847923593078947 0.4980569226819675 0.50253928471158826 0.49501557596557821 0.49805225236903578 0.49901917206594248 0.50210532040027622
2 0.018303176375034633 0.018550835514508784 0.41324111854093892 0.42058389831825715 0.41602749455879023 0.4234705207810936 0.41500257192030138 0.41994005025918074 0.417812833366765 0.42281781131733143
3 0.0071851526176252541 0.0072851005514894211 0.42470894813689725 0.4278740982046737 0.42765266991391226 0.43086201408031183 0.42541556694978383 0.42757194765743256 0.42836912629857721 0.43055563037479577
11 0.0038089862655044889 0.0038626300939852112 0.42994040564280211 0.43169011683537351 0.43295735167890925 0.43473175558768212 0.43031877625301668 0.43152213510130294 0.43334105343820345 0.43456139882148603
16 0.010586730322861976 0.010722191481746191 0.39098968828928882 0.39513973654103851 0.39348316676386785 0.39768660096207431 0.39196939888085147 0.39477851303270156 0.39447542897367571 0.39732070808668324
4 0.0039433527355648441 0.0039946481998823849 0.39742687405668914 0.39915053790804533 0.40000340331761219 0.40174953782997702 0.39781400679314322 0.39898714582869332 0.40039557438589024 0.40158401146570483
12 0.0020376168697632466 0.00206431326342295 0.40026148903185138 0.40119353266046115 0.40287502398575864 0.40381929339570621 0.40046371236058947 0.40110439416363519 0.40307989747450379 0.40372898441163507
0 0.021581513735071507 0.022010140274291604 0.60372904197544064 0.61276792111483669 0.60969484281685438 0.61891460551364141 0.60582720554316427 0.61194366165698055 0.61183475111999941 0.61807373814520494
1 0.0097079261426193091 0.009905426398724557 0.61820356239533714 0.62256483143231478 0.62446033720453398 0.62891065064411555 0.61916244423153721 0.62214104340053922 0.62543874211006156 0.62847818221796026
18 0.0054938193320218567 0.0056069274959041696 0.62550654756005997 0.6278294815333868 0.63191278697851194 0.63428363628706808 0.62605359711403286 0.62781106261400488 0.63247110433013942 0.63426483672987943
2 0.0098588022979278177 0.01004694084708202 0.58042667064005382 0.58439411388735596 0.58593872796743141 0.58998214562071316 0.58137616615756071 0.5840452408764164 0.58690635803138169 0.58962657082741687
3 0.0039080679095324358 0.0039834558273279209 0.58663383334832542 0.58835770827653999 0.59226498634534541 0.59402216495509463 0.5870182851580289 0.58819294354165363 0.59265685682231994 0.59385421283199313
11 0.0020809963068614571 0.0021213373859477556 0.5894856178574881 0.5904422665403114 0.59517191836584105 0.59614712739360176 0.58969236969889161 0.59035036109635042 0.59538267890068586 0.59605343752757067
16 0.0055964582389585876 0.0057010418923457429 0.56855306867148947 0.57075073290294431 0.57384088863366889 0.57607970213744342 0.56907118556763403 0.57055914192524171 0.57436869229787169 0.57588451738708568
4 0.0020958773365170645 0.0021352823423206623 0.57196516959476562 0.57288195526363406 0.57731694711412551 0.57825098346078496 0.57217096271998213 0.57279499289131564 0.57752661010258455 0.57816238356010441
12 0.001085573122089853 0.0011060377819032551 0.57347355552141721 0.57397031173326996 0.57885373042534338 0.57935985534001633 0.57358130242513361 0.57392278624681781 0.57896350871114621 0.57931143317844347
13 0.00013543571029117629 0.00013544590530045753 0.0023221359374625411 0.0024025602579355321 0.0023222233363262845 0.0024026538156601829 0.0023299279794327978 0.0023853061457274321 0.0023300159658341505 0.0023853983644720991
17 0.00010635545759806454 0.00010853441011546988 0.62249016511099287 0.62256483143231478 0.62883445450684139 0.62891065064411555 0.62249664000294025 0.62254714989729742 0.62884106205353829 0.62889260682057457
19 0.00013987677840532342 0.00014013051134043053 0.055885179047563072 0.055958941927314515 0.055935843225211918 0.056009739997365915 0.055885764163790437 0.055941576268555268 0.055936429402830723 0.055992342801011855
21 0.00011172922393777563 0.00011355644864483646 0.49841795988323834 0.49847923593078947 0.50247700649047111 0.50253928471158826 0.49842476229228044 0.49847785208688 0.50248392014718224 0.5025378782334492
6 0.000135244795728795 0.000135244795728795 0 8.3614365765205534e-05 0 8.3614479077398496e-05 8.1314208746898972e-06 6.524344738830396e-05 8.1314219463430801e-06 6.5243516378696623e-05
7 0.00010922849418596761 0.00011148552031605861 0.62775317355298099 0.6278294815333868 0.63420575143117275 0.63428363628706808 0.62775981507564671 0.62781106261400488 0.63421253019065416 0.63426483672987943
9 1 1 0 0.63428363628706808 0 0.63783163304378498 0.06027194089682375 0.49212009447022975 0.060303816148742584 0.49425320937107475
2 0.62596912329922016 0.62596912329922016 0 0.25164868208729485 0 0.25220528117411967 0.06027194089682375 0.22954087887618263 0.060303816148742584 0.2300038872748924
3 0.24734287485376782 0.24905881344725411 0.39348316676386785 0.50253928471158826 0.39484570037360389 0.5047638847691599 0.417812833366765 0.49212009447022975 0.41934940019879874 0.49425320937107475
11 0.13151342183313763 0.13284716825143822 0.57384088863366889 0.63428363628706808 0.57674335867224968 0.63783163304378498 0.58690635803138169 0.62847818221796026 0.58994285191302676 0.63196134985389418
5 0.14157837003738588 0.1419689500247 0.15696108089120747 0.25164868208729485 0.15717744032956993 0.25220528117411967 0.16553633796595904 0.22954087887618263 0.16577700204737975 0.2300038872748924
6 0.072087979560548909 0.072158757244630056 0.055935843225211918 0.10070555125427894 0.055963296055622891 0.10079457055997665 0.06027194089682375 0.090834493940601765 0.060303816148742584 0.090906911078236466
13 0.043604913265107292 0.043604913265107292 0 0.025920714327137995 0 0.025926608003989049 0.0025089835175834962 0.02035512244496665 0.0025090387251781587 0.020358756726980981
7 0.062647247379984269 0.063154794913694523 0.45911548882635939 0.50253928471158826 0.46097153898887749 0.5047638847691599 0.46292207796406998 0.49212009447022975 0.46480909649666519 0.49425320937107475
8 0.029635384276999348 0.029852823610901788 0.41602749455879023 0.43473175558768212 0.41755093382564651 0.43639553334697179 0.417812833366765 0.43055563037479577 0.41934940019879874 0.43218753646821106
14 0.017229866783038422 0.017349398802673603 0.39348316676386785 0.40381929339570621 0.39484570037360389 0.40525448056287766 0.39447542897367571 0.40158401146570483 0.39584485511683115 0.40300332615296819
17 0.035161702798191377 0.035540756027954409 0.60969484281685438 0.63428363628706808 0.61297237584877584 0.63783163304378498 0.61183475111999941 0.62847818221796026 0.61513539378750648 0.63196134985389418
9 0.0160502179310839 0.016216449829114389 0.58593872796743141 0.59614712739360176 0.58896519177783335 0.59928024770396293 0.58690635803138169 0.59385421283199313 0.58994285191302676 0.59696321528936502
15 0.0091612048242997145 0.0092541133955422045 0.57384088863366889 0.57935985534001633 0.57674335867224968 0.58231856731620479 0.57436869229787169 0.57816238356010441 0.57727651754991149 0.58110884642414407
0 0.088623688170435075 0.088868179182672299 0.15696108089120747 0.19333384918337232 0.15717744032956993 0.19366220629411854 0.16553633796595904 0.19007761783425386 0.16577700204737975 0.19039499828195447
1 0.037373190262729603 0.037514204517022684 0.21451236202185203 0.23114305435830587 0.21491667351562971 0.23161255544178136 0.21819607687915421 0.22954087887618263 0.21861440722553055 0.2300038872748924
10 0.020488013212381154 0.020575321147064899 0.24218369043036253 0.25164868208729485 0.24269916450391968 0.25220528117411967 0.24422138628134954 0.25073532155141859 0.24474558047135667 0.25128788317461259
2 0.045124849365929975 0.045169154010782364 0.055935843225211918 0.073924524860205787 0.055963296055622891 0.07397248190186978 0.06027194089682375 0.072356285920267313 0.060303816148742584 0.072402229185409117
3 0.017367977349971638 0.017393573512905127 0.083930974260953362 0.091561095939381387 0.083992798384459832 0.091634676736301435 0.085637982451078953 0.090834493940601765 0.085702347899601933 0.090906911078236466
11 0.0091251146780668563 0.0091405825728010492 0.096520048295391264 0.10070555125427894 0.09660181876396573 0.10079457055997665 0.097426211007194355 0.1003042617160871 0.097509524723121022 0.10039257267938712
16 0.027135452378161062 0.027135452378161062 0 0.010598421532591495 0 0.010599406714433046 0.0025089835175834962 0.0096789997380275494 0.0025090387251781587 0.0096798213967596233
4 0.0099936014264369634 0.009996477839553675 0.016406345352009133 0.020768015118104832 0.016408706264242845 0.020771798348078463 0.017387119092095137 0.02035512244496665 0.017389770735613076 0.020358756726980981
12 0.0051383268475388095 0.0051404519572585058 0.023572264030940926 0.025920714327137995 0.02357713803667566 0.025926608003989049 0.024082127160959577 0.025696279516063718 0.024087214317183771 0.025702071562418584
0 0.039215242519558144 0.039532951604267438 0.45911548882635939 0.47543027506263608 0.46097153898887749 0.4774208653569364 0.46292207796406998 0.47395154546191204 0.46480909649666519 0.4759297465957335
1 0.017266740572332323 0.017414609504412256 0.48513700721146341 0.49286927750334669 0.48720988715992575 0.49500890619634191 0.48684129548460048 0.49212009447022975 0.48892879642015369 0.49425320937107475
10 0.0096673842446237373 0.00975239312858164 0.4980569226819675 0.50253928471158826 0.50024192913606136 0.5047638847691599 0.49901917206594248 0.50210532040027622 0.50121264816229205 0.50432607155168663
2 0.018550835514508784 0.018686945823722462 0.41602749455879023 0.4234705207810936 0.41755093382564651 0.42504906189483727 0.417812833366765 0.42281781131733143 0.41934940019879874 0.42439148102185759
3 0.0072851005514894211 0.0073400545065120748 0.42765266991391226 0.43086201408031183 0.42926260325858223 0.43249624793899971 0.42836912629857721 0.43055563037479577 0.42998446866659928 0.43218753646821106
11 0.0038626300939852112 0.0038921306970383235 0.43295735167890925 0.43473175558768212 0.43460754960655712 0.43639553334697179 0.43334105343820345 0.43456139882148603 0.43499418317075222 0.43622387038582416
16 0.010722191481746191 0.010796576572406846 0.39348316676386785 0.39768660096207431 0.39484570037360389 0.39907845242720619 0.39447542897367571 0.39732070808668324 0.39584485511683115 0.39870999510130944
4 0.0039946481998823849 0.0040228226732228001 0.40000340331761219 0.40174953782997702 0.40141154774622057 0.40317002486432907 0.40039557438589024 0.40158401146570483 0.40180648618169168 0.40300332615296819
12 0.00206431326342295 0.0020789780586476492 0.40287502398575864 0.40381929339570621 0.40430349519931519 0.40525448056287766 0.40307989747450379 0.40372898441163507 0.40450982447279915 0.40516352858813831
0 0.022010140274291604 0.022247415892210107 0.60969484281685438 0.61891460551364141 0.61297237584877584 0.6222922878526016 0.61183475111999941 0.61807373814520494 0.61513539378750648 0.62144222379557079
1 0.009905426398724557 0.010014817175868036 0.62446033720453398 0.62891065064411555 0.6278989897580316 0.63239862690635529 0.62543874211006156 0.62847818221796026 0.62888820823268099 0.63196134985389418
18 0.0056069274959041696 0.0056695928659379457 0.63191278697851194 0.63428363628706808 0.63543423600576465 0.63783163304378498 0.63247110433013942 0.63426483672987943 0.63599879612565624 0.63781262258309268
2 0.01004694084708202 0.010150996882556537 0.58593872796743141 0.58998214562071316 0.58896519177783335 0.59305063267426805 0.58690635803138169 0.58962657082741687 0.58994285191302676 0.59269135071194479
3 0.0039834558273279209 0.0040251613580138783 0.59226498634534541 0.59402216495509463 0.59535732760218707 0.59713293082512298 0.59265685682231994 0.59385421283199313 0.59575330220784184 0.59696321528936502
11 0.0021213373859477556 0.0021436569894008753 0.59517191836584105 0.59614712739360176 0.59829476956392391 0.59928024770396293 0.59538267890068586 0.59605343752757067 0.59850774800670492 0.59918557053238197
16 0.0057010418923457429 0.0057588591409467871 0.57384088863366889 0.57607970213744342 0.57674335867224968 0.57900492178351548 0.57436869229787169 0.57588451738708568 0.57727651754991149 0.57880775012002106
4 0.0021352823423206623 0.0021570695357742832 0.57731694711412551 0.57825098346078496 0.5802547772660952 0.58119835175117684 0.57752661010258455 0.57816238356010441 0.58046657992658135 0.58110884642414407
12 0.0011060377819032551 0.0011173534266805869 0.57885373042534338 0.57935985534001633 0.58180726206066991 0.58231856731620479 0.57896350871114621 0.57931143317844347 0.58191816357282233 0.58226964934187297
13 0.00013544590530045753 0.00013545142240900532 0.0023222233363262845 0.0024026538156601829 0.0023222706308076713 0.002402704443011161 0.0023300159658341505 0.0023853983644720991 0.0023300635782612976 0.002385448267232818
17 0.00010853441011546988 0.00010974147774455449 0.62883445450684139 0.62891065064411555 0.63232158330043664 0.63239862690635529 0.62884106205353829 0.62889260682057457 0.63232826433348666 0.632380382386452
19 0.00014013051134043053 0.0001402680947535373 0.055935843225211918 0.056009739997365915 0.055963296055622891 0.056037265429336847 0.055936429402830723 0.055992342801011855 0.055963882808767768 0.056019851132079718
21 0.00011355644864483646 0.00011456391309460703 0.50247700649047111 0.50253928471158826 0.5047010539857828 0.5047638847691599 0.50248392014718224 0.5025378782334492 0.50470802898037204 0.50476246581131112
6 0.000135244795728795 0.000135244795728795 0 8.3614479077398496e-05 0 8.3614540390963832e-05 8.1314219463430801e-06 6.5243516378696623e-05 8.1314225262316478e-06 6.5243553709603083e-05
7 0.00011148552031605861 0.00011273608843020977 0.63420575143117275 0.63428363628706808 0.63775287447489071 0.63783163304378498 0.63421253019065416 0.63426483672987943 0.63775972927425717 0.63781262258309268
10 1 1 0 0.46738998278026678 0 0.46068189686079641 0.099706550447282438 0.42181047275056649 0.099397792247994221 0.41633927005582505
17 0.26811287810111334 0.27273253870065139 0.27535029648483478 0.46738998278026678 0.27300833619658782 0.46068189686079641 0.29195844931836989 0.42181047275056649 0.28932680140962719 0.41633927005582505
9 0.12215790983241503 0.12286144161210877 0.092297536660536333 0.17066245060210128 0.092032899222436224 0.1697598594860924 0.099706550447282438 0.15302219848527807 0.099397792247994221 0.15229615697469523
15 0.069659846855200214 0.069659846855200214 0 0.042029058319887347 0 0.041974098018976502 0.0040138911045631831 0.03289896069013263 0.0040133892302862129 0.03286527561448252
0 0.16783038325018473 0.17072214814561748 0.27535029648483478 0.34704784149767709 0.27300833619658782 0.34333568427924621 0.29195844931836989 0.34049352377343201 0.28932680140962719 0.33691953553265114
1 0.075617617291705241 0.077467996611668116 0.39035248252528093 0.4252007363863477 0.38566238046723395 0.41964181118090771 0.39800645176252397 0.42181047275056649 0.39313176938823213 0.41633927005582505
18 0.042828045200345645 0.044033952674628812 0.44875815088543664 0.46738998278026678 0.44257068154283796 0.46068189686079641 0.45314357769218566 0.46724214487187665 0.44683543504606893 0.46053827145347626
2 0.076467079721862063 0.076907468893209874 0.092297536660536333 0.12328384108777601 0.092032899222436224 0.12281214146263292 0.099706550447282438 0.12055614582751854 0.099397792247994221 0.12010505012064075
3 0.030333011317033687 0.030599724866330894 0.14080884862278004 0.15431355521700363 0.14019384600075191 0.15357523741112289 0.14381940850813391 0.15302219848527807 0.14317788656523053 0.15229615697469523
11 0.016157122395929552 0.016321794605458066 0.1631570571472184 0.17066245060210128 0.16233191674972258 0.1697598594860924 0.16477876591532953 0.16994121914671997 0.16393718324368892 0.16904622073335487
16 0.043349506178763875 0.043349506178763875 0 0.017033984553279868 0 0.017024949719707305 0.0040138911045631831 0.015548085804984776 0.0040133892302862129 0.015540558116987211
4 0.016240643293865133 0.016267426591407154 0.026456586455324782 0.033574281739049971 0.026434797928187481 0.033539200291633153 0.02805397465579447 0.03289896069013263 0.028029476834511225 0.03286527561448252
12 0.0084133712617154386 0.0084333925212984086 0.038169382609819336 0.042029058319887347 0.038124047756999235 0.041974098018976502 0.039006452985682963 0.041659747349323553 0.038959109138349109 0.041605748060936337
5 0.039958377157286368 0.040757387397921375 0.31933130389975561 0.34704784149767709 0.31618571610707219 0.34333568427924621 0.32180363705364745 0.34049352377343201 0.31860939665290788 0.33691953553265114
6 0.019681566664810579 0.020039739957813496 0.29075216037140239 0.30329398475777797 0.2881421167689206 0.30045501138580466 0.29195844931836989 0.30051204886222016 0.28932680140962719 0.29772467775956307
13 0.011691038794857223 0.011892478694614628 0.27535029648483478 0.28245098273891078 0.27300833619658782 0.27998721726867665 0.27603486968217605 0.28092106203515127 0.27368129956930354 0.27848379953072372
7 0.019593365844045689 0.020098535878449435 0.41115713396656328 0.4252007363863477 0.40595710164347082 0.41964181118090771 0.41237922372411406 0.42181047275056649 0.4071484297960169 0.41633927005582505
8 0.0091309591012250085 0.0093584788951023984 0.39744248034932139 0.4033693113548289 0.39258151858413021 0.39836320420945193 0.39800645176252397 0.40204249664459768 0.39313176938823213 0.39706906577959533
14 0.0052675116400953403 0.0053964087801479654 0.39035248252528093 0.39359586843703109 0.38566238046723395 0.38882797972654909 0.39066331602756804 0.39289342074436157 0.38596578658291447 0.38814243256794151
21 0.011598095646734835 0.011933520834143606 0.46084450193958881 0.46738998278026678 0.45432167379861543 0.46068189686079641 0.4615710594491782 0.46724214487187665 0.45502779360758416 0.46053827145347626
9 0.0052494127447049004 0.005398566815712047 0.45281805131868458 0.45625831969217168 0.44651890562941576 0.44986377118332632 0.45314357769218566 0.45548444348333061 0.44683543504606893 0.44911141712982972
15 0.0029833950697636738 0.0030673983997437718 0.44875815088543664 0.45060795912546392 0.44257068154283796 0.44436972895264032 0.44893489018848387 0.45020627229285254 0.44274257975537984 0.44397908224213029
5 0.017321841311940485 0.017442509864192067 0.11160858356832842 0.12328384108777601 0.11122185540357649 0.12281214146263292 0.11266513811821084 0.12055614582751854 0.11227106621582611 0.12010505012064075
6 0.0088109985984052841 0.0088655289400136894 0.09917326789129538 0.10468130290620847 0.098867798599380191 0.10434101833338727 0.099706550447282438 0.10346649080811227 0.099397792247994221 0.10313404577835422
13 0.0053266850628901352 0.0053573625051228646 0.092297536660536333 0.095482917096018471 0.092032899222436224 0.095199726095770654 0.092605800775372282 0.094798842861443397 0.092339395213720019 0.094519689159891729
7 0.00768778241380331 0.0077592891478135834 0.14893316448286226 0.15431355521700363 0.1482453196516294 0.15357523741112289 0.1494046523305384 0.15302219848527807 0.14871245561197349 0.15229615697469523
8 0.003635162862981843 0.0036677609450273888 0.14359844633683749 0.14591372100063038 0.14295888974768256 0.14525342209787945 0.14381940850813391 0.1453967204378066 0.14317788656523053 0.14474108186676671
14 0.0021129929230016276 0.0021315721479998745 0.14080884862278004 0.14208768636225771 0.14019384600075191 0.1414614868413453 0.14093160621492654 0.14181110628616481 0.14031553314891043 0.14118733689253618
17 0.0043213410525334509 0.0043665885215787232 0.16760820642571622 0.17066245060210128 0.16673755009003616 0.1697598594860924 0.16787395792790161 0.16994121914671997 0.16700054565556344 0.16904622073335487
9 0.001972091535909366 0.0019923764038354292 0.16465864918171308 0.16592597182310681 0.16381828989034869 0.16507266033922835 0.16477876591532953 0.16564129788038742 0.16393718324368892 0.16479090438062827
15 0.0011255026717211791 0.0011369737126182451 0.1631570571472184 0.16384203531850305 0.16233191674972258 0.16300996971160775 0.16322256181553624 0.16369340726575621 0.16239676040326453 0.16286284675178708
5 0.0096239017460042278 0.0096302811404816776 0.01063673304572349 0.017033984553279868 0.010633209412495959 0.017024949719707305 0.011219670511668892 0.015548085804984776 0.011215750146706921 0.015540558116987211
6 0.0049742308889726417 0.0049753822848401796 0.0037147152629985886 0.0067946698789429494 0.0037142854110768578 0.0067932318657538682 0.0040138911045631831 0.0061172947396672516 0.0040133892302862129 0.0061161291273668745
19 0.0031053956591513554 0.0031053956591513554 0 0.0016386196702813383 0 0.0016385360229235202 1.29901927760738e-05 0.0012526641975322047 1.2990187518919713e-05 0.0012526153131138941
7 0.0040745090944990263 0.004082320374242744 0.03075323707797617 0.033574281739049971 0.030723800735576512 0.033539200291633153 0.031001221822735698 0.03289896069013263 0.030971309065756115 0.03286527561448252
8 0.0019395159645501855 0.0019428935726362659 0.027936942701218159 0.029161578497669483 0.027912648758808722 0.029135108997196235 0.02805397465579447 0.028888432078672432 0.028029476834511225 0.028862455896380562
14 0.0011313207246805845 0.0011331864450856363 0.026456586455324782 0.027135884798380028 0.026434797928187481 0.02711296350888398 0.026521841709892496 0.026989064265101316 0.026499945611736589 0.026966390235339293
17 0.0022378973695408181 0.0022435430714466548 0.040462812318051045 0.042029058319887347 0.040411869487015251 0.041974098018976502 0.04059933193870334 0.041659747349323553 0.040548044988195447 0.041605748060936337
9 0.0010250095726808874 0.0010274983476615323 0.038944511689447181 0.039597565906849208 0.038897317993517366 0.039548777164856996 0.039006452985682963 0.039450963823888463 0.038959109138349109 0.039402535453389162
15 0.00058607415362704057 0.000587468831503438 0.038169382609819336 0.038523154235023171 0.038124047756999235 0.03847697562700586 0.038203227153465844 0.038446418134123389 0.038157811916592385 0.038400423203775395
10 0.00013329702821995832 0.0001372066866141395 0.46732631388425555 0.46738998278026678 0.46062004230949716 0.46068189686079641 0.46733997323095194 0.46738381407241936 0.46063331243213684 0.46067590395050256
16 0.00013497800546247163 0.00013500924887921428 0.0037147152629985886 0.0037674247721203313 0.0037142854110768578 0.0037669826357137337 0.0037271971992346746 0.0037628538965207032 0.0037267644539089062 0.0037624128322556582
18 0.00013310419339420857 0.00013665348275222359 0.42514293148808896 0.4252007363863477 0.41958550774445463 0.41964181118090771 0.42515654015933918 0.42520027785194431 0.41959876295329035 0.41964136455755968
20 0.0001287118402615306 0.00012945311755174771 0.092297536660536333 0.092341773911982949 0.092032899222436224 0.092076883101156026 0.092298535698830272 0.09233686299850212 0.092033892539985188 0.092072000321326897
-1
2 0.000135244795728795 0.000135244795728795 0 5.3817518077203808e-05 0 5.3817427844438104e-05 1.29901927760738e-05 4.9133440482053683e-05 1.2990187518919713e-05 4.9133365272730268e-05
11 1 1 0 0.46068189686079641 0 0.45808424394514358 0.099397792247994221 0.41633927005582505 0.099276325597734638 0.41421646868103856
17 0.26631990704653846 0.26811287810111334 0.27300833619658782 0.46068189686079641 0.27209395051596036 0.45808424394514358 0.28932680140962719 0.41633927005582505 0.28830004364484452 0.41421646868103856
9 0.12188160288387195 0.12215790983241503 0.092032899222436224 0.1697598594860924 0.091928756455853647 0.16940586372005983 0.099397792247994221 0.15229615697469523 0.099276325597734638 0.15201118699155997
15 0.069659846855200214 0.069659846855200214 0 0.041974098018976502 0 0.041952422323735472 0.0040133892302862129 0.03286527561448252 0.0040131909699997748 0.032851985353138061
0 0.16670803873105156 0.16783038325018473 0.27300833619658782 0.34333568427924621 0.27209395051596036 0.34189077378000721 0.28932680140962719 0.33691953553265114 0.28830004364484452 0.33552801505167212
1 0.074904746429835384 0.075617617291705241 0.38566238046723395 0.41964181118090771 0.38384019595161062 0.41748528592710787 0.39313176938823213 0.41633927005582505 0.39123849160452162 0.41421646868103856
18 0.042365197775220589 0.042828045200345645 0.44257068154283796 0.46068189686079641 0.44017273003985069 0.45808424394514358 0.44683543504606893 0.46053827145347626 0.44439117362717845 0.45794223344644286
2 0.076294120103521657 0.076467079721862063 0.092032899222436224 0.12281214146263292 0.091928756455853647 0.1226267621841643 0.099397792247994221 0.12010505012064075 0.099276325597734638 0.11992774733176192
3 0.03022859075255814 0.030333011317033687 0.14019384600075191 0.15357523741112289 0.13995233122320994 0.1532854651608393 0.14317788656523053 0.15229615697469523 0.14292599027043998 0.15201118699155997
11 0.016092745155760951 0.016157122395929552 0.16233191674972258 0.1697598594860924 0.16200819229002628 0.16940586372005983 0.16393718324368892 0.16904622073335487 0.16360703115084627 0.16869519189854737
16 0.043349506178763875 0.043349506178763875 0 0.017024949719707305 0 0.017021382619628433 0.0040133892302862129 0.015540558116987211 0.0040131909699997748 0.015537585870820863
4 0.016230079208433335 0.016240643293865133 0.026434797928187481 0.033539200291633153 0.026426198980287696 0.033525359505161056 0.028029476834511225 0.03286527561448252 0.028019809320966132 0.032851985353138061
12 0.0084054803342707811 0.0084133712617154386 0.038124047756999235 0.041974098018976502 0.038106165230673117 0.041952422323735472 0.038959109138349109 0.041605748060936337 0.038940434833842089 0.041584451036485864
5 0.039649144742762113 0.039958377157286368 0.31618571610707219 0.34333568427924621 0.31495988085653587 0.34189077378000721 0.31860939665290788 0.33691953553265114 0.31736473340221683 0.33552801505167212
6 0.019542691292717462 0.019681566664810579 0.2881421167689206 0.30045501138580466 0.28712373536675817 0.29934790260919303 0.28932680140962719 0.29772467775956307 0.28830004364484452 0.29663756248064849
13 0.011612856447535735 0.011691038794857223 0.27300833619658782 0.27998721726867665 0.27209395051596036 0.27902556773223752 0.27368129956930354 0.27848379953072372 0.27276240801222673 0.27753243205742423
7 0.019399005361428624 0.019593365844045689 0.40595710164347082 0.41964181118090771 0.40393859531212112 0.41748528592710787 0.4071484297960169 0.41633927005582505 0.40511808862573956 0.41421646868103856
8 0.0090433454719652112 0.0091309591012250085 0.39258151858413021 0.39836320420945193 0.39069352425546366 0.3964193277539434 0.39313176938823213 0.39706906577959533 0.39123849160452162 0.39513776810123047
14 0.0052178531650299426 0.0052675116400953403 0.38566238046723395 0.38882797972654909 0.38384019595161062 0.38697583051225148 0.38596578658291447 0.38814243256794151 0.38414074064606302 0.3862967931875253
21 0.011469453441823619 0.011598095646734835 0.45432167379861543 0.46068189686079641 0.45179505599683289 0.45808424394514358 0.45502779360758416 0.46053827145347626 0.45249333772499978 0.45794223344644286
9 0.0051921798024109136 0.0052494127447049004 0.44651890562941576 0.44986377118332632 0.4440780964592087 0.44738635837240848 0.44683543504606893 0.44911141712982972 0.44439117362717845 0.4466422611199789
15 0.0029511531890121373 0.0029833950697636738 0.44257068154283796 0.44436972895264032 0.44017273003985069 0.44195229575006068 0.44274257975537984 0.44397908224213029 0.44034277017153467 0.44156588597533686
5 0.017274509007087102 0.017321841311940485 0.11122185540357649 0.12281214146263292 0.11106979339539036 0.1226267621841643 0.11227106621582611 0.12010505012064075 0.11211612372150105 0.11992774733176192
6 0.0087895917677385249 0.0088109985984052841 0.098867798599380191 0.10434101833338727 0.098747623044335431 0.10420717790206163 0.099397792247994221 0.10313404577835422 0.099276325597734638 0.1030032819161861
13 0.0053146367223622093 0.0053266850628901352 0.092032899222436224 0.095199726095770654 0.091928756455853647 0.095088297311665126 0.092339395213720019 0.094519689159891729 0.092234558036531231 0.094409845702409817
7 0.007659801673322645 0.00768778241380331 0.1482453196516294 0.15357523741112289 0.14797529412320176 0.1532854651608393 0.14871245561197349 0.15229615697469523 0.14844072720660098 0.15201118699155997
8 0.0036224027514159332 0.003635162862981843 0.14295888974768256 0.14525342209787945 0.14270776276052866 0.14499417640228318 0.14317788656523053 0.14474108186676671 0.14292599027043998 0.14448366015654043
14 0.0021057190024717232 0.0021129929230016276 0.14019384600075191 0.1414614868413453 0.13995233122320994 0.14121558856709121 0.14031553314891043 0.14118733689253618 0.14007359928534541 0.14094238996290398
17 0.0043036570268132008 0.0043213410525334509 0.16673755009003616 0.1697598594860924 0.16639603412628134 0.16940586372005983 0.16700054565556344 0.16904622073335487 0.16665795260095032 0.16869519189854737
9 0.0019641621055521887 0.001972091535909366 0.16381828989034869 0.16507266033922835 0.16348861601954817 0.1647379236162157 0.16393718324368892 0.16479090438062827 0.16360703115084627 0.16445730822535992
15 0.0011210181630300735 0.0011255026717211791 0.16233191674972258 0.16300996971160775 0.16200819229002628 0.1626835379585943 0.16239676040326453 0.16286284675178708 0.16207277752584964 0.16253700337914889
5 0.0096213829389213378 0.0096239017460042278 0.010633209412495959 0.017024949719707305 0.010631817837822799 0.017021382619628433 0.011215750146706921 0.015540558116987211 0.011214201931531914 0.015537585870820863
6 0.0049737760726458191 0.0049742308889726417 0.0037142854110768578 0.0067932318657538682 0.0037141156002755832 0.0067926638620288138 0.0040133892302862129 0.0061161291273668745 0.0040131909699997748 0.006115668706266
19 0.0031053956591513554 0.0031053956591513554 0 0.0016385360229235202 0 0.001638502975481404 1.2990187518919713e-05 0.0012526153131138941 1.2990185441754884e-05 0.0012525959995083171
7 0.0040714289681304076 0.0040745090944990263 0.030723800735576512 0.033539200291633153 0.030712185706887885 0.033525359505161056 0.030971309065756115 0.03286527561448252 0.030959506179853886 0.032851985353138061
8 0.001938183869405339 0.0019395159645501855 0.027912648758808722 0.029135108997196235 0.027903061652763517 0.02912466390707491 0.028029476834511225 0.028862455896380562 0.028019809320966132 0.028852205352271624
14 0.0011305848321072412 0.0011313207246805845 0.026434797928187481 0.02711296350888398 0.026426198980287696 0.027103917777592412 0.026499945611736589 0.026966390235339293 0.026491304234893473 0.02695744202638873
17 0.0022356725757498364 0.0022378973695408181 0.040411869487015251 0.041974098018976502 0.04039177686926082 0.041952422323735472 0.040548044988195447 0.041605748060936337 0.040527816764368452 0.041584451036485864
9 0.0010240287277025559 0.0010250095726808874 0.038897317993517366 0.039548777164856996 0.038878702864691084 0.039529533429753017 0.038959109138349109 0.039402535453389162 0.038940434833842089 0.039383433738046682
15 0.00058552447282970033 0.00058607415362704057 0.038124047756999235 0.03847697562700586 0.038106165230673117 0.038458760557453175 0.038157811916592385 0.038400423203775395 0.038139897708741356 0.038382280525142969
10 0.00013179821865489299 0.00013329702821995832 0.46062004230949716 0.46068189686079641 0.45802308494097355 0.45808424394514358 0.46063331243213684 0.46067590395050256 0.45803620585045307 0.4580783184284708
16 0.00013496566361936857 0.00013497800546247163 0.0037142854110768578 0.0037669826357137337 0.0037141156002755832 0.0037668079723895964 0.0037267644539089062 0.0037624128322556582 0.0037265935001759543 0.0037622385924399766
18 0.00013173985419838904 0.00013310419339420857 0.41958550774445463 0.41964181118090771 0.41742955964827411 0.41748528592710787 0.41959876295329035 0.41964136455755968 0.41744267898697701 0.4174848438823266
20 0.00012842070873375633 0.0001287118402615306 0.092032899222436224 0.092076883101156026 0.091928756455853647 0.09197264082443557 0.092033892539985188 0.092072000321326897 0.091929747526621947 0.091967769093861895
-1
2 0.000135244795728795 0.000135244795728795 0 5.3817427844438104e-05 0 5.3817392192678781e-05 1.2990187518919713e-05 4.9133365272730268e-05 1.2990185441754884e-05 4.9133335556850025e-05
12 1 1 0 0.45808424394514358 0 0.45670502190903317 0.099276325597734638 0.41421646868103856 0.099211393371992473 0.41308843143256979
17 0.26536702700834197 0.26631990704653846 0.27209395051596036 0.45808424394514358 0.27160674467918772 0.45670502190903317 0.28830004364484452 0.41421646868103856 0.28775313119181789 0.41308843143256979
9 0.12173400575109061 0.12188160288387195 0.091928756455853647 0.16940586372005983 0.091873077293293304 0.16921687966341081 0.099276325597734638 0.15201118699155997 0.099211393371992473 0.15185900294059301
15 0.069659846855200214 0.069659846855200214 0 0.041952422323735472 0 0.041940822616391094 0.0040131909699997748 0.032851985353138061 0.0040130847952589699 0.032844871871111535
0 0.16611156524893245 0.16670803873105156 0.27209395051596036 0.34189077378000721 0.27160674467918772 0.34112190887057042 0.28830004364484452 0.33552801505167212 0.28775313119181789 0.33478747077467236
1 0.074527090073594746 0.074904746429835384 0.38384019595161062 0.41748528592710787 0.38287134635273434 0.41633939909014561 0.39123849160452162 0.41421646868103856 0.39023198302151224 0.41308843143256979
18 0.042120388304488679 0.042365197775220589 0.44017273003985069 0.45808424394514358 0.43889910708884994 0.45670502190903317 0.44439117362717845 0.45794223344644286 0.44309305788584913 0.45656386513527836
2 0.076201728855712858 0.076294120103521657 0.091928756455853647 0.1226267621841643 0.091873077293293304 0.12252770804747365 0.099276325597734638 0.11992774733176192 0.099211393371992473 0.11983300388763922
3 0.030172887525554248 0.03022859075255814 0.13995233122320994 0.1532854651608393 0.13982332436269013 0.1531307202598815 0.14292599027043998 0.15201118699155997 0.14279144561639456 0.15185900294059301
11 0.016058424560242056 0.016092745155760951 0.16200819229002628 0.16940586372005983 0.16183534467191618 0.16921687966341081 0.16360703115084627 0.16869519189854737 0.16343075693067724 0.16850778924696111
16 0.043349506178763875 0.043349506178763875 0 0.017021382619628433 0 0.017019472792829282 0.0040131909699997748 0.015537585870820863 0.0040130847952589699 0.015535994484406349
4 0.016224425610731247 0.016230079208433335 0.026426198980287696 0.033525359505161056 0.026421595918621366 0.033517951454268169 0.028019809320966132 0.032851985353138061 0.028014634406442307 0.032844871871111535
12 0.0084012587331610631 0.0084054803342707811 0.038106165230673117 0.041952422323735472 0.038096594734581823 0.041940822616391094 0.038940434833842089 0.041584451036485864 0.038930440745975722 0.041573053894809746
5 0.039485002223853836 0.039649144742762113 0.31495988085653587 0.34189077378000721 0.31430725737985127 0.34112190887057042 0.31736473340221683 0.33552801505167212 0.31670211624599032 0.33478747077467236
6 0.01946891704831788 0.019542691292717462 0.28712373536675817 0.29934790260919303 0.28658127258311483 0.29875831375464917 0.28830004364484452 0.29663756248064849 0.28775313119181789 0.29605859141749075
13 0.011571306196118236 0.011612856447535735 0.27209395051596036 0.27902556773223752 0.27160674467918772 0.27851324585551596 0.27276240801222673 0.27753243205742423 0.27227280753615746 0.27702557365505598
7 0.019296098160144191 0.019399005361428624 0.40393859531212112 0.41748528592710787 0.40286577060656753 0.41633939909014561 0.40511808862573956 0.41421646868103856 0.40403899788448866 0.41308843143256979
8 0.0089969395935680235 0.0090433454719652112 0.39069352425546366 0.3964193277539434 0.38968981411231723 0.3953860212152755 0.39123849160452162 0.39513776810123047 0.39023198302151224 0.39411112313823493
14 0.0051915456810903288 0.0052178531650299426 0.38384019595161062 0.38697583051225148 0.38287134635273434 0.38599110727550967 0.38414074064606302 0.3862967931875253 0.38317037516351721 0.38531551838004025
21 0.011401434433295405 0.011469453441823619 0.45179505599683289 0.45808424394514358 0.4504533901028589 0.45670502190903317 0.45249333772499978 0.45794223344644286 0.45114752752091958 0.45656386513527836
9 0.0051619114902445411 0.0051921798024109136 0.4440780964592087 0.44738635837240848 0.44278180647191945 0.44607071103253854 0.44439117362717845 0.4466422611199789 0.44309305788584913 0.44533098012148725
15 0.0029340997987722488 0.0029511531890121373 0.44017273003985069 0.44195229575006068 0.43889910708884994 0.440668368790544 0.44034277017153467 0.44156588597533686 0.43906816444593721 0.4402841999167304
5 0.017249238851562283 0.017274509007087102 0.11106979339539036 0.1226267621841643 0.11098852398932124 0.12252770804747365 0.11211612372150105 0.11992774733176192 0.11203331648094977 0.11983300388763922
6 0.0087781589186588516 0.0087895917677385249 0.098747623044335431 0.10420717790206163 0.098683380354852107 0.10413563771661316 0.099276325597734638 0.1030032819161861 0.099211393371992473 0.10293338462234083
13 0.0053082007621885197 0.0053146367223622093 0.091928756455853647 0.095088297311665126 0.091873077293293304 0.095028726293206411 0.092234558036531231 0.094409845702409817 0.092178507936612447 0.094351121463017315
7 0.0076448787249445652 0.007659801673322645 0.14797529412320176 0.1532854651608393 0.14783107992910455 0.1531307202598815 0.14844072720660098 0.15201118699155997 0.14829560482435797 0.15185900294059301
8 0.0036155963927711268 0.0036224027514159332 0.14270776276052866 0.14499417640228318 0.14257362846084709 0.14485571165113575 0.14292599027043998 0.14448366015654043 0.14279144561639456 0.14434616827956084
14 0.0021018387242092915 0.0021057190024717232 0.13995233122320994 0.14121558856709121 0.13982332436269013 0.14108424336900138 0.14007359928534541 0.14094238996290398 0.13994436886346279 0.14081155224407607
17 0.0042942305477077268 0.0043036570268132008 0.16639603412628134 0.16940586372005983 0.16621370214971731 0.16921687966341081 0.16665795260095032 0.16869519189854737 0.16647504648267894 0.16850778924696111
9 0.0019599349697492652 0.0019641621055521887 0.16348861601954817 0.1647379236162157 0.16331259673649662 0.16455920540235086 0.16360703115084627 0.16445730822535992 0.16343075693067724 0.16427919802275973
15 0.0011186273956022494 0.0011210181630300735 0.16200819229002628 0.1626835379585943 0.16183534467191618 0.16250924705047187 0.16207277752584964 0.16253700337914889 0.16189979214100936 0.16236302614119513
5 0.0096200343412336416 0.0096213829389213378 0.010631817837822799 0.017021382619628433 0.010631072698194466 0.017019472792829282 0.011214201931531914 0.015537585870820863 0.011213372925512697 0.015535994484406349
6 0.0049735325110908946 0.0049737760726458191 0.0037141156002755832 0.0067926638620288138 0.0037140246606323923 0.0067923596938019304 0.0040131909699997748 0.006115668706266 0.0040130847952589699 0.0061154221458019744
19 0.0031053956591513554 0.0031053956591513554 0 0.001638502975481404 0 0.0016384852767221125 1.2990185441754884e-05 0.0012525959995083171 1.2990184329323556e-05 0.0012525856559134801
7 0.0040697807725458279 0.0040714289681304076 0.030712185706887885 0.033525359505161056 0.030705968625210522 0.033517951454268169 0.030959506179853886 0.032851985353138061 0.030953188574916902 0.032844871871111535
8 0.0019374709998725044 0.001938183869405339 0.027903061652763517 0.02912466390707491 0.027897929768170515 0.029119072881075958 0.028019809320966132 0.028852205352271624 0.028014634406442307 0.028846718434193203
14 0.0011301910033571227 0.0011305848321072412 0.026426198980287696 0.027103917777592412 0.026421595918621366 0.027099075612484647 0.026491304234893473 0.02695744202638873 0.026486678466485773 0.026952652051566092
17 0.0022344824009299822 0.0022356725757498364 0.04039177686926082 0.041952422323735472 0.040381024025571977 0.041940822616391094 0.040527816764368452 0.041584451036485864 0.040516991377047978 0.041573053894809746
9 0.0010235039927384334 0.0010240287277025559 0.038878702864691084 0.039529533429753017 0.038868740434754523 0.039519234709528783 0.038940434833842089 0.039383433738046682 0.038930440745975722 0.039373210994674022
15 0.00058523039674291365 0.00058552447282970033 0.038106165230673117 0.038458760557453175 0.038096594734581823 0.038449012153525919 0.038139897708741356 0.038382280525142969 0.038130310263223291 0.038372570849599212
10 0.00013100586994642337 0.00013179821865489299 0.45802308494097355 0.45808424394514358 0.45664423060693871 0.45670502190903317 0.45803620585045307 0.4580783184284708 0.45665727263459399 0.45669913202007406
16 0.00013495905432137079 0.00013496566361936857 0.0037141156002755832 0.0037668079723895964 0.0037140246606323923 0.0037667144341433367 0.0037265935001759543 0.0037622385924399766 0.0037265019484743725 0.003762145280988984
18 0.00013101776046722336 0.00013173985419838904 0.41742955964827411 0.41748528592710787 0.41628397827902192 0.41633939909014561 0.41744267898697701 0.4174848438823266 0.41629702570675653 0.41633895946862581
20 0.00012826519287045812 0.00012842070873375633 0.091928756455853647 0.09197264082443557 0.091873077293293304 0.091916908505767669 0.091929747526621947 0.091967769093861895 0.091874067163880552 0.091912042677457756
-1
2 0.000135244795728795 0.000135244795728795 0 5.3817392192678781e-05 0 5.3817373098674626e-05 1.2990185441754884e-05 4.9133335556850025e-05 1.2990184329323556e-05 4.9133319641962752e-05
13 1 1 0 0.58955391959246173 0 0.59813853811933648 0.057492842767551178 0.46378659510773057 0.057573423558060277 0.46908278282997762
16 0.62230263395311969 0.62230263395311969 0 0.24223401002157513 0 0.24367093646239002 0.057492842767551178 0.22128490550299473 0.057573423558060277 0.22248342509415414
4 0.22679720815827262 0.23098738964878338 0.37428461475794761 0.47313213797175946 0.37772632987700266 0.4786451866876737 0.39653558324513849 0.46378659510773057 0.40040079041365029 0.46908278282997762
12 0.11608016139512872 0.11917301768025244 0.53653952693929541 0.58955391959246173 0.54364035662136756 0.59813853811933648 0.5480560014941519 0.58449089873044868 0.55546703736167669 0.59292764795094643
5 0.13662453376041722 0.13763991411973148 0.15179653757931638 0.24223401002157513 0.15235956204412876 0.24367093646239002 0.16006398841683198 0.22128490550299473 0.16069013864762899 0.22248342509415414
6 0.071129492122956606 0.071314149165901952 0.053216449843940902 0.097173157115531678 0.053285481847962272 0.09740357537779297 0.057492842767551178 0.087518633632990117 0.057573423558060277 0.087705496507546651
19 0.044579421278450937 0.044579421278450937 0 0.023501722175225642 0 0.023515175933040422 0.00018647900375971804 0.017970055562207571 0.00018647985031933906 0.017977920305579272
7 0.056647537706212142 0.057863918349405755 0.43404679617624931 0.47313213797175946 0.43868214259276939 0.4786451866876737 0.43748744208520224 0.46378659510773057 0.44219696631145339 0.46908278282997762
8 0.027043492264265209 0.027571063463819066 0.39490669847903326 0.41194119429387771 0.39874006246320293 0.41611414629576204 0.39653558324513849 0.4081437500910296 0.40040079041365029 0.41223973822136506
14 0.015798658787492242 0.016090546188416713 0.37428461475794761 0.38375172850114059 0.37772632987700266 0.38737059599607893 0.37519435789990396 0.38170614601991132 0.37865290164640886 0.38528635574150022
17 0.030803847324073819 0.031673834832529051 0.56806768169766109 0.58955391959246173 0.57603374388649953 0.59813853811933648 0.56994195684999527 0.58449089873044868 0.57796104302566209 0.59292764795094643
9 0.014130903034862127 0.014515044419451301 0.54720416857936804 0.55618224964140428 0.55459202941380581 0.5638162183234191 0.5480560014941519 0.55416734450994276 0.55546703736167669 0.5617457247435802
15 0.0080861262657115924 0.0083015741608784555 0.53653952693929541 0.54140802439765057 0.54364035662136756 0.54863917131557915 0.53700536647002151 0.54035216496709648 0.54411861354207525 0.54755494726144516
0 0.085522739619173116 0.086158336372508304 0.15179653757931638 0.18675747807955084 0.15235956204412876 0.1876104420616645 0.16006398841683198 0.18363893948198612 0.16069013864762899 0.1844635922539489
1 0.035615523979131453 0.035977183071712007 0.20698654739692446 0.22280648791393001 0.20803481903345822 0.22402159176393932 0.2104956110733108 0.22128490550299473 0.21157981998727618 0.22248342509415414
10 0.019407494186215415 0.019629814729088965 0.23327738371994788 0.24223401002157513 0.23460972144479778 0.24367093646239002 0.2352071870550595 0.24137050668044729 0.23656172367038894 0.24279717664958439
2 0.044524865824939752 0.04464045543220152 0.053216449843940902 0.070930695242468186 0.053285481847962272 0.071053386801657181 0.057492842767551178 0.069389182088138268 0.057573423558060277 0.069506594352377091
3 0.017031378947615333 0.017098540694595536 0.080754057990910566 0.088230012929597854 0.080913124596356675 0.088419929207870382 0.082427668555554362 0.087518633632990117 0.082593403491258446 0.087705496507546651
11 0.0089234667789317955 0.008964045959662631 0.093082032043383431 0.097173157115531678 0.093293435764882124 0.09740357537779297 0.09396808182146929 0.096781079586347296 0.094183534069277444 0.09700964001431045
20 0.024163591153893549 0.024163591153893549 0 0.0082563042157743488 0 0.0082579640104146201 0.00018647900375971804 0.0073398429235580175 0.00018647985031933906 0.0073411546607273087
4 0.0099475505361176428 0.0099543546056136932 0.014041198671249422 0.018380666308049146 0.014045999901464851 0.018388894654341056 0.01501734657559177 0.017970055562207571 0.015022838706664529 0.017977920305579272
12 0.0051065128866938595 0.0051117800208515174 0.021168420781140687 0.023501722175225642 0.021179335095709378 0.023515175933040422 0.021675098406549027 0.023278787682197523 0.021686541595330483 0.023291987337491663
0 0.035459609515017143 0.036221026239835197 0.43404679617624931 0.44877367113385314 0.43868214259276939 0.45373069736991484 0.43748744208520224 0.4474409599096178 0.44219696631145339 0.45236842673220479
1 0.015527399323851972 0.015879145674726834 0.45751156800142445 0.46445926425494294 0.46266461436176032 0.46977091411613103 0.4590439012999275 0.46378659510773057 0.46423171913522138 0.46908278282997762
10 0.0086698739281418843 0.0088713421699151244 0.46911417954235402 0.47313213797175946 0.47453345316959783 0.4786451866876737 0.46997705350445074 0.47274330140301191 0.475416397130421 0.47824723950239206
2 0.016928391143611343 0.017258634424873992 0.39490669847903326 0.4016933874606482 0.39874006246320293 0.40566030230480232 0.39653558324513849 0.40109866459777421 0.40040079041365029 0.40505378396247727
3 0.0066315340798794725 0.0067644266838098651 0.40550203720822864 0.40842246619314748 0.40954491170924689 0.41252407853773843 0.40615416866049292 0.4081437500910296 0.41021012221338365 0.41223973822136506
11 0.0035121418726221229 0.0035833737691942152 0.41032810066840664 0.41194119429387771 0.41446827124744856 0.41611414629576204 0.41067697179091517 0.41178635096758476 0.41482422109206724 0.41595615056507812
16 0.0098315469763830127 0.010013189274796053 0.37428461475794761 0.37813716122218533 0.37772632987700266 0.38165042530211046 0.37519435789990396 0.37780194898931091 0.37865290164640886 0.38130895804635689
4 0.003657741308877977 0.0037264135971418295 0.38025908946237341 0.38185765823395373 0.38381207899083558 0.38544072407471153 0.38061816998382098 0.38170614601991132 0.38417790429964821 0.38528635574150022
12 0.0018890534194011053 0.0019247680976453294 0.3828877143361088 0.38375172850114059 0.38649022798041965 0.38737059599607893 0.38307519000800294 0.38366910256695042 0.38668124897063133 0.38728640452165769
0 0.019282257303693526 0.019826842621642523 0.56806768169766109 0.57613701317640564 0.57603374388649953 0.58433262914647122 0.56994195684999527 0.57540171057988632 0.57796104302566209 0.58357627196045991
1 0.0086511166440521731 0.0089011235496963444 0.5809832946174911 0.58486827158083043 0.58931836566416507 0.59331599731389473 0.58183771850997368 0.58449089873044868 0.59019749993198667 0.59292764795094643
18 0.0048893414724105379 0.0050322538045117476 0.58748700612634708 0.58955391959246173 0.59601110149096925 0.59813853811933648 0.58797384061174596 0.58953753409138232 0.5965121718624522 0.5981216719654342
2 0.0088455089841589403 0.0090859696298931751 0.54720416857936804 0.55076256306482141 0.55459202941380581 0.55824747796986318 0.5480560014941519 0.55044976137103574 0.55546703736167669 0.55792611897617395
3 0.0035024736537234025 0.0035986749636476166 0.55277024099812 0.55431496566161476 0.56031019795168224 0.56189741156888906 0.55311478099229028 0.55416734450994276 0.56066420432407693 0.5617457247435802
11 0.0018640645147043966 0.0019155057157790923 0.55532539986824769 0.55618224964140428 0.56293570408614435 0.5638162183234191 0.55551059558073657 0.55609993831141902 0.56312601137662566 0.56373163210358834
16 0.0050320176736298287 0.0051660914662718226 0.53653952693929541 0.53851515008794704 0.54364035662136756 0.54566871739847422 0.53700536647002151 0.53834294768647917 0.54411861354207525 0.54549191033104105
4 0.001883333943436943 0.0019338063432680849 0.53960655005784586 0.54043029615374105 0.54678933616677328 0.54763517543036222 0.53979147022262086 0.54035216496709648 0.54697921296485352 0.54755494726144516
12 0.00097521946966757072 0.0010014218161673999 0.54096178580469045 0.54140802439765057 0.5481809380711955 0.54863917131557915 0.54105857878427177 0.54136533374509332 0.54828033193675119 0.54859533272500838
13 0.000135244795728795 0.000135244795728795 0 8.0310337368952323e-05 0 8.0310494383326048e-05 7.7810522789771531e-06 6.3080782434926961e-05 7.7810537529040364e-06 6.3080879305208506e-05
17 9.4704592625598504e-05 9.7459820330872123e-05 0.58480178513728787 0.58486827158083043 0.59324757647703974 0.59331599731389473 0.58480755072432433 0.58485252718171366 0.5932535098023527 0.59329979481823003
19 0.00013826732538291253 0.00013862627656635595 0.053216449843940902 0.053289363482650801 0.053285481847962272 0.053358584905410178 0.053217028227658572 0.053272197848444697 0.053286061733211959 0.053341374654064397
21 0.00010174444822637445 0.00010412907759136633 0.47307633822006778 0.47313213797175946 0.47858807905419043 0.4786451866876737 0.47308253272229944 0.47313087781008784 0.47859441874066144 0.47864389698753429
-1
7 9.7171019222980313e-05 0.00010002114214669304 0.58948603553440715 0.58955391959246173 0.59806866283698756 0.59813853811933648 0.58949194391158188 0.58953753409138232 0.59807474451364606 0.5981216719654342
14 1 1 0 0.59813853811933648 0 0.60153039526798724 0.057573423558060277 0.46908278282997762 0.057604688532584269 0.47116632322906793
16 0.62230263395311969 0.62230263395311969 0 0.24367093646239002 0 0.24423196431934813 0.057573423558060277 0.22248342509415414 0.057604688532584269 0.2229510367728969
4 0.23098738964878338 0.23264124774333403 0.37772632987700266 0.4786451866876737 0.37907616875578876 0.4808147366564981 0.40040079041365029 0.46908278282997762 0.40191787725451283 0.47116632322906793
12 0.11917301768025244 0.1204039847583163 0.54364035662136756 0.59813853811933648 0.54644084019944827 0.60153039526798724 0.55546703736167669 0.59292764795094643 0.55839102080572622 0.59626049921201418
5 0.13763991411973148 0.13803615451835027 0.15235956204412876 0.24367093646239002 0.15257871223434619 0.24423196431934813 0.16069013864762899 0.22248342509415414 0.16093392816556346 0.2229510367728969
6 0.071314149165901952 0.07138584932551062 0.053285481847962272 0.09740357537779297 0.053312262071565003 0.097493096796391704 0.057573423558060277 0.087705496507546651 0.057604688532584269 0.087778072175422786
19 0.044579421278450937 0.044579421278450937 0 0.023515175933040422 0 0.023520389932009361 0.00018647985031933906 0.017977920305579272 0.00018648017814486273 0.017980967714281253
7 0.057863918349405755 0.058345496238109459 0.43868214259276939 0.4786451866876737 0.44050384676284587 0.4808147366564981 0.44219696631145339 0.46908278282997762 0.44404804085478272 0.47116632322906793
8 0.027571063463819066 0.027779515291179412 0.39874006246320293 0.41611414629576204 0.40024456702614408 0.4177528865845519 0.40040079041365029 0.41223973822136506 0.40191787725451283 0.41384804522465846
14 0.016090546188416713 0.016205753690003346 0.37772632987700266 0.38737059599607893 0.37907616875578876 0.38879037368247815 0.37865290164640886 0.38528635574150022 0.38000938291312047 0.38669086865773433
17 0.031673834832529051 0.032020655964796786 0.57603374388649953 0.59813853811933648 0.57917887554093272 0.60153039526798724 0.57796104302566209 0.59292764795094643 0.58112731375203708 0.59626049921201418
9 0.014515044419451301 0.014668018013524148 0.55459202941380581 0.5638162183234191 0.5575067838445481 0.56682900108524703 0.55546703736167669 0.5617457247435802 0.55839102080572622 0.56473636185828813
15 0.0083015741608784555 0.0083873231390201777 0.54364035662136756 0.54863917131557915 0.54644084019944827 0.55149152810254287 0.54411861354207525 0.54755494726144516 0.54692403934194689 0.55039601230869617
0 0.086158336372508304 0.086406370627447437 0.15235956204412876 0.1876104420616645 0.15257871223434619 0.18794284204081776 0.16069013864762899 0.1844635922539489 0.16093392816556346 0.18478492530064289
1 0.035977183071712007 0.036118713695562618 0.20803481903345822 0.22402159176393932 0.20844361143022266 0.22449569846521006 0.21157981998727618 0.22248342509415414 0.21200267723609523 0.2229510367728969
10 0.019629814729088965 0.019716933760864058 0.23460972144479778 0.24367093646239002 0.23512975550281251 0.24423196431934813 0.23656172367038894 0.24279717664958439 0.23709045706487428 0.24335418363323236
2 0.04464045543220152 0.044685337518259871 0.053285481847962272 0.071053386801657181 0.053312262071565003 0.071101012215046666 0.057573423558060277 0.069506594352377091 0.057604688532584269 0.069552168113694524
3 0.017098540694595536 0.017124655291776637 0.080913124596356675 0.088419929207870382 0.080974890319743115 0.088493692564510562 0.082593403491258446 0.087705496507546651 0.082657762181514216 0.087778072175422786
11 0.008964045959662631 0.008979834303549589 0.093293435764882124 0.09740357537779297 0.093375558326973973 0.097493096796391704 0.094183534069277444 0.09700964001431045 0.094267231847168717 0.097098438452999078
20 0.024163591153893549 0.024163591153893549 0 0.0082579640104146201 0 0.0082586069319503241 0.00018647985031933906 0.0073411546607273087 0.00018648017814486273 0.0073416627464547579
4 0.0099543546056136932 0.0099569913025926576 0.014045999901464851 0.018388894654341056 0.014047860021726255 0.018392082995121822 0.015022838706664529 0.017977920305579272 0.015024966569895125 0.017980967714281253
12 0.0051117800208515174 0.0051138218657373665 0.021179335095709378 0.023515175933040422 0.021183564600823906 0.023520389932009361 0.021686541595330483 0.023291987337491663 0.021690976125226434 0.023297102820576763
0 0.036221026239835197 0.036522479128627348 0.43868214259276939 0.45373069736991484 0.44050384676284587 0.45567980641546257 0.44219696631145339 0.45236842673220479 0.44404804085478272 0.454305824439515
1 0.015879145674726834 0.016018573731864934 0.46266461436176032 0.46977091411613103 0.46469140606080761 0.47186058560575755 0.46423171913522138 0.46908278282997762 0.46627229437516765 0.47116632322906793
10 0.0088713421699151244 0.0089512494207017318 0.47453345316959783 0.4786451866876737 0.47666580578846929 0.4808147366564981 0.475416397130421 0.47824723950239206 0.47755671018013912 0.48041317526657917
2 0.017258634424873992 0.017389118832496858 0.39874006246320293 0.40566030230480232 0.40024456702614408 0.4072175841631257 0.40040079041365029 0.40505378396247727 0.40191787725451283 0.40660640368632789
3 0.0067644266838098651 0.0068169632272540408 0.40954491170924689 0.41252407853773843 0.41113221983267134 0.41413460928362883 0.41021012221338365 0.41223973822136506 0.41180260097577198 0.41384804522465846
11 0.0035833737691942152 0.0036115409083923213 0.41446827124744856 0.41611414629576204 0.41609404828257107 0.4177528865845519 0.41482422109206724 0.41595615056507812 0.4164527972824234 0.4175936442043261
16 0.010013189274796053 0.010084883206484568 0.37772632987700266 0.38165042530211046 0.37907616875578876 0.38302850723755422 0.37865290164640886 0.38130895804635689 0.38000938291312047 0.382684570667637
4 0.0037264135971418295 0.0037535267447512156 0.38381207899083558 0.38544072407471153 0.38520584444943445 0.38684636473007683 0.38417790429964821 0.38528635574150022 0.38557433275526665 0.38669086865773433
12 0.0019247680976453294 0.0019388708438623594 0.38649022798041965 0.38737059599607893 0.38790354783695796 0.38879037368247815 0.38668124897063133 0.38728640452165769 0.38809596878279773 0.3887055639931104
0 0.019826842621642523 0.020043941941749799 0.57603374388649953 0.58433262914647122 0.57917887554093272 0.58756929166982741 0.57796104302566209 0.58357627196045991 0.58112731375203708 0.58680453772179919
1 0.0089011235496963444 0.0090008554039115451 0.58931836566416507 0.59331599731389473 0.59261065215990938 0.59665322812103705 0.59019749993198667 0.59292764795094643 0.59349964401899036 0.59626049921201418
18 0.0050322538045117476 0.0050892830132015137 0.59601110149096925 0.59813853811933648 0.59937880556474665 0.60153039526798724 0.5965121718624522 0.5981216719654342 0.59988555684218536 0.60151333728905276
2 0.0090859696298931751 0.0091817263764628829 0.55459202941380581 0.55824747796986318 0.5575067838445481 0.56120088502615406 0.55546703736167669 0.55792611897617395 0.55839102080572622 0.56087611772881185
3 0.0035986749636476166 0.0036369954453767256 0.56031019795168224 0.56189741156888906 0.5632855291246146 0.56488966831213094 0.56066420432407693 0.5617457247435802 0.56364330633335147 0.56473636185828813
11 0.0019155057157790923 0.0019359993170092855 0.56293570408614435 0.5638162183234191 0.56593905898090335 0.56682900108524703 0.56312601137662566 0.56373163210358834 0.56613140267681372 0.56674350853654087
16 0.0051660914662718226 0.0052194532812282063 0.54364035662136756 0.54566871739847422 0.54644084019944827 0.54849019179691494 0.54411861354207525 0.54549191033104105 0.54692403934194689 0.54831155187869474
4 0.0019338063432680849 0.0019538977009036073 0.54678933616677328 0.54763517543036222 0.54962244125504389 0.55047707524918121 0.54697921296485352 0.54755494726144516 0.54981429113083047 0.55039601230869617
12 0.0010014218161673999 0.0010118528137256673 0.5481809380711955 0.54863917131557915 0.55102851980419809 0.55149152810254287 0.54828033193675119 0.54859533272500838 0.55112894906949972 0.55144723251470307
13 0.000135244795728795 0.000135244795728795 0 8.0310494383326048e-05 0 8.0310555186063892e-05 7.7810537529040364e-06 6.3080879305208506e-05 7.7810543236737049e-06 6.3080916817520908e-05
17 9.7459820330872123e-05 9.8559142422911968e-05 0.59324757647703974 0.59331599731389473 0.59658403546958849 0.59665322812103705 0.5932535098023527 0.59329979481823003 0.59659003572164604 0.59663684284658491
19 0.00013862627656635595 0.00013876565299142385 0.053285481847962272 0.053358584905410178 0.053312262071565003 0.053385438678218822 0.053286061733211959 0.053341374654064397 0.0533128425398419 0.053368211102505558
21 0.00010412907759136633 0.0001050750728370928 0.47858807905419043 0.4786451866876737 0.48075711017855627 0.4808147366564981 0.47859441874066144 0.47864389698753429 0.48076350746040208 0.48081343523825704
-1
7 0.00010002114214669304 0.00010115860189113349 0.59806866283698756 0.59813853811933648 0.60145972530361735 0.60153039526798724 0.59807474451364606 0.5981216719654342 0.60146587614263192 0.60151333728905276
15 1 1 0 0.60153039526798724 0 0.60334698132845255 0.057604688532584269 0.47116632322906793 0.057621302454289314 0.47228011796406399
16 0.62230263395311969 0.62230263395311969 0 0.24423196431934813 0 0.24453089293589697 0.057604688532584269 0.2229510367728969 0.057621302454289314 0.22320011465577932
4 0.23264124774333403 0.23352659136936876 0.37907616875578876 0.4808147366564981 0.37979679327058047 0.48197467055647908 0.40191787725451283 0.47116632322906793 0.40272805529000599 0.47228011796406399
12 0.1204039847583163 0.12106533249819856 0.54644084019944827 0.60153039526798724 0.54793951369374838 0.60334698132845255 0.55839102080572622 0.59626049921201418 0.55995605426415129 0.59804534793078679
5 0.13803615451835027 0.138247233883529 0.15257871223434619 0.24423196431934813 0.15269532630230626 0.24453089293589697 0.16093392816556346 0.2229510367728969 0.16106366893098295 0.22320011465577932
6 0.07138584932551062 0.071423962432474397 0.053312262071565003 0.097493096796391704 0.05332649195626641 0.097540695044404768 0.057604688532584269 0.087778072175422786 0.057621302454289314 0.087816655014805053
19 0.044579421278450937 0.044579421278450937 0 0.023520389932009361 0 0.023523159241040481 0.00018648017814486273 0.017980967714281253 0.00018648035220407422 0.017982586153772066
7 0.058345496238109459 0.058603636937769002 0.44050384676284587 0.4808147366564981 0.44147724214642542 0.48197467055647908 0.44404804085478272 0.47116632322906793 0.44503718027369477 0.47228011796406399
8 0.027779515291179412 0.027891154809382555 0.40024456702614408 0.4177528865845519 0.40104800631115189 0.41862823153037954 0.40191787725451283 0.41384804522465846 0.40272805529000599 0.4147070856862769
14 0.016205753690003346 0.016267426591407154 0.37907616875578876 0.38879037368247815 0.37979679327058047 0.38954844179871018 0.38000938291312047 0.38669086865773433 0.38073356326812857 0.38744076370427122
17 0.032020655964796786 0.032207120353138857 0.57917887554093272 0.60153039526798724 0.58086278027799731 0.60334698132845255 0.58112731375203708 0.59626049921201418 0.58282258390685138 0.59804534793078679
9 0.014668018013524148 0.014750224039357435 0.5575067838445481 0.56682900108524703 0.55906685770354891 0.56844175941356068 0.55839102080572622 0.56473636185828813 0.55995605426415129 0.56633721727660502
15 0.0083873231390201777 0.0084333925212984086 0.54644084019944827 0.55149152810254287 0.54793951369374838 0.55301807244997381 0.54692403934194689 0.55039601230869617 0.54842536810162335 0.55191648948124639
0 0.086406370627447437 0.086538499792614923 0.15257871223434619 0.18794284204081776 0.15269532630230626 0.18811980874980258 0.16093392816556346 0.18478492530064289 0.16106366893098295 0.18495599228561549
1 0.036118713695562618 0.036194198962597499 0.20844361143022266 0.22449569846521006 0.2086613131105329 0.22474824160903534 0.21200267723609523 0.2229510367728969 0.21222788068568443 0.22320011465577932
10 0.019716933760864058 0.019763425461069808 0.23512975550281251 0.24423196431934813 0.23540680531614447 0.24453089293589697 0.23709045706487428 0.24335418363323236 0.23737214944045876 0.24365096607972209
2 0.044685337518259871 0.044709195146410252 0.053312262071565003 0.071101012215046666 0.05332649195626641 0.071126324853061723 0.057604688532584269 0.069552168113694524 0.057621302454289314 0.069576389768952043
3 0.017124655291776637 0.0171385451416942 0.080974890319743115 0.088493692564510562 0.081007723129492892 0.088532907210512435 0.082657762181514216 0.087778072175422786 0.082691974165464824 0.087816655014805053
11 0.008979834303549589 0.0089882340724246716 0.093375558326973973 0.097493096796391704 0.093419220033346378 0.097540695044404768 0.094267231847168717 0.097098438452999078 0.09431173161335199 0.097145652026130319
20 0.024163591153893549 0.024163591153893549 0 0.0082586069319503241 0 0.0082589483313880718 0.00018648017814486273 0.0073416627464547579 0.00018648035220407422 0.007341932542808783
4 0.0099569913025926576 0.009958391680845835 0.014047860021726255 0.018392082995121822 0.014048847851555413 0.018393776291869779 0.015024966569895125 0.017980967714281253 0.01502609660242875 0.017982586153772066
12 0.0051138218657373665 0.0051149064791378707 0.021183564600823906 0.023520389932009361 0.021185810940303362 0.023523159241040481 0.021690976125226434 0.023297102820576763 0.021693331373003916 0.0232998197961541
0 0.036522479128627348 0.036684067236081072 0.44050384676284587 0.45567980641546257 0.44147724214642542 0.45672150602462369 0.44404804085478272 0.454305824439515 0.44503718027369477 0.45534124444286206
1 0.016018573731864934 0.016093350553477541 0.46469140606080761 0.47186058560575755 0.46577476370228771 0.47297766899746868 0.46627229437516765 0.47116632322906793 0.46736304440958076 0.47228011796406399
10 0.0089512494207017318 0.008994115654205416 0.47666580578846929 0.4808147366564981 0.47780578428001297 0.48197467055647908 0.47755671018013912 0.48041317526657917 0.47870095908479016 0.48157117016166945
2 0.017389118832496858 0.017459001723832052 0.40024456702614408 0.4072175841631257 0.40104800631115189 0.40804929125944334 0.40191787725451283 0.40660640368632789 0.40272805529000599 0.40743561354656954
3 0.0068169632272540408 0.0068451065838896919 0.41113221983267134 0.41413460928362883 0.41198001105172644 0.41499484105785517 0.41180260097577198 0.41384804522465846 0.41265316207995589 0.4147070856862769
11 0.0036115409083923213 0.0036266314104911358 0.41609404828257107 0.4177528865845519 0.4169624480603894 0.41862823153037954 0.4164527972824234 0.4175936442043261 0.41732269670922401 0.41846832123676742
16 0.010084883206484568 0.010123262415471679 0.37907616875578876 0.38302850723755422 0.37979679327058047 0.38376425147742582 0.38000938291312047 0.382684570667637 0.38073356326812857 0.38341899292581066
4 0.0037535267447512156 0.0037680428824017993 0.38520584444943445 0.38684636473007683 0.38594998531054348 0.38759686357848333 0.38557433275526665 0.38669086865773433 0.38631989936692895 0.38744076370427122
12 0.0019388708438623594 0.0019464217686298592 0.38790354783695796 0.38879037368247815 0.38865815825395711 0.38954844179871018 0.38809596878279773 0.3887055639931104 0.38885132876881257 0.38946330109723692
0 0.020043941941749799 0.020160662891446808 0.57917887554093272 0.58756929166982741 0.58086278027799731 0.5893024113915436 0.58112731375203708 0.58680453772179919 0.58282258390685138 0.58853314224072328
1 0.0090008554039115451 0.0090544906340576554 0.59261065215990938 0.59665322812103705 0.59437368451594508 0.5984404323305782 0.59349964401899036 0.59626049921201418 0.59526797778302243 0.59804534793078679
18 0.0050892830132015137 0.0051199574812582152 0.59937880556474665 0.60153039526798724 0.6011824000380408 0.60334698132845255 0.59988555684218536 0.60151333728905276 0.60169220693777103 0.60332982016725223
2 0.0091817263764628829 0.0092331848103836614 0.5575067838445481 0.56120088502615406 0.55906685770354891 0.56278173113403485 0.55839102080572622 0.56087611772881185 0.55995605426415129 0.56245513211886289
3 0.0036369954453767256 0.0036575909443469011 0.5632855291246146 0.56488966831213094 0.5648781581733181 0.56649139423510209 0.56364330633335147 0.56473636185828813 0.565237962041231 0.56633721727660502
11 0.0019359993170092855 0.0019470143173684286 0.56593905898090335 0.56682900108524703 0.5675467499247332 0.56844175941356068 0.56613140267681372 0.56674350853654087 0.56774018816000005 0.56835577971789841
16 0.0052194532812282063 0.0052481223791645409 0.54644084019944827 0.54849019179691494 0.54793951369374838 0.55000014304114908 0.54692403934194689 0.54831155187869474 0.54842536810162335 0.54982051836627832
4 0.0019538977009036073 0.0019646926984832778 0.54962244125504389 0.55047707524918121 0.55113864154112691 0.55199800094868479 0.54981429113083047 0.55039601230869617 0.55133155154503222 0.55191648948124639
12 0.0010118528137256673 0.0010174575126927598 0.55102851980419809 0.55149152810254287 0.55255249844555687 0.55301807244997381 0.55112894906949972 0.55144723251470307 0.55265348404405157 0.55297353130973259
13 0.000135244795728795 0.000135244795728795 0 8.0310555186063892e-05 0 8.031058746926778e-05 7.7810543236737049e-06 6.3080916817520908e-05 7.7810546267393288e-06 6.308093673468991e-05
17 9.8559142422911968e-05 9.9150402362146637e-05 0.59658403546958849 0.59665322812103705 0.59837082456567592 0.5984404323305782 0.59659003572164604 0.59663684284658491 0.59837686081364916 0.59842394875016303
19 0.00013876565299142385 0.00013883974042983027 0.053312262071565003 0.053385438678218822 0.05332649195626641 0.053399707658941586 0.0533128425398419 0.053368211102505558 0.053327072734458685 0.053382470874233534
21 0.0001050750728370928 0.00010558259669410903 0.48075711017855627 0.4808147366564981 0.48191676571973374 0.48197467055647908 0.48076350746040208 0.48081343523825704 0.48192319390134253 0.48197336285150083
-1
7 0.00010115860189113349 0.00010177043818374539 0.60145972530361735 0.60153039526798724 0.60327588390660603 0.60334698132845255 0.60146587614263192 0.60151333728905276 0.60328207194785344 0.60332982016725223
16 1 1 0 0.39452137021936068 0 0.3892543544011795 0.092680944542905763 0.35998075926953932 0.092387272093535699 0.35559050119602242
5 0.21954677082518931 0.22326687106231735 0.24598512327774097 0.39452137021936068 0.24392719763219223 0.3892543544011795 0.25950170316284071 0.35998075926953932 0.25721245529693526 0.35559050119602242
6 0.11430048378730762 0.11497392060597933 0.085766936084575279 0.15699174495907472 0.085515385827452398 0.15615096548482893 0.092680944542905763 0.14131841699498809 0.092387272093535699 0.14063677197866925
19 0.071636240706975829 0.071636240706975829 0 0.037814724431063942 0 0.037765744338784352 0.0002996627527335205 0.028905342314122923 0.00029965967293937856 0.028876714610790638
0 0.13742949965661866 0.13975816754063888 0.24598512327774097 0.30322825561825933 0.24392719763219223 0.30010716312285446 0.25950170316284071 0.2981130784218361 0.25721245529693526 0.29509587371571433
1 0.057231838716296529 0.058560303814620324 0.3364521379944565 0.36248680496688235 0.33261396642669128 0.35803558551338999 0.34222299351026075 0.35998075926953932 0.33825280432473348 0.35559050119602242
10 0.031186585316104347 0.032004236850460638 0.37974391357964177 0.39452137021936068 0.37486163643254256 0.3892543544011795 0.38292662936918864 0.39309603983869579 0.37796270531739151 0.3878667604974827
2 0.071548573629018009 0.071970124283999404 0.085766936084575279 0.11442835888207682 0.085515385827452398 0.11398103008481186 0.092680944542905763 0.11193197862386296 0.092387272093535699 0.11150391835456318
3 0.027368322128776934 0.027613571772276149 0.13034666457607511 0.1424727110036921 0.12976653734844079 0.14177991240230645 0.13306039948834483 0.14131841699498809 0.13245592105554863 0.14063677197866925
11 0.014339432764804969 0.014487697813880176 0.15034809161013019 0.15699174495907472 0.14957679264843932 0.15615096548482893 0.15178670867233351 0.15635491253955813 0.15100061721504501 0.15552092230681155
20 0.038829324890352623 0.038829324890352623 0 0.013273385619054414 0 0.013267345766041393 0.0002996627527335205 0.011799425033746938 0.00029965967293937856 0.011794651867263289
4 0.015985068989547341 0.016009838191797979 0.022580770610206618 0.029566491065453126 0.022563296224626293 0.029536539466798767 0.024151892205357899 0.028905342314122923 0.024131902640674139 0.028876714610790638
12 0.0082058352449116464 0.0082250157815462327 0.034056012297750286 0.037814724431063942 0.034016280224736128 0.037765744338784352 0.034872136347891075 0.037455557727291464 0.03483047832990837 0.037407503057348787
5 0.031735965033079558 0.03235159009793763 0.28143816366591068 0.30322825561825933 0.27874752966480476 0.30010716312285446 0.28339891608985546 0.2981130784218361 0.28067084242382001 0.29509587371571433
6 0.015943965781595945 0.016227961049788207 0.2585252776842617 0.2686369291019895 0.25625314946588962 0.26618442935033915 0.25950170316284071 0.26640170516143674 0.25721245529693526 0.26398966499545162
13 0.0095733178994668478 0.0097355325476443221 0.24598512327774097 0.2517834019758281 0.24392719763219223 0.24962774053516373 0.24654539945299372 0.25053655421591076 0.24447812791837098 0.24840209936754984
7 0.014625278625640161 0.014980612212892437 0.35206863105432368 0.36248680496688235 0.3478681157940865 0.35803558551338999 0.35297915062793733 0.35998075926953932 0.34875701081298544 0.35559050119602242
8 0.0068781894638595843 0.0070403978908717812 0.34179879801636165 0.34624862618303814 0.33783838811339206 0.34218503803072231 0.34222299351026075 0.34525401206023643 0.33825280432473348 0.34121359983038141
14 0.0039867611202187361 0.0040793017955204503 0.3364521379944565 0.33890120958813175 0.33261396642669128 0.33500728106503641 0.336687081244467 0.33837125065803331 0.33284357806126685 0.33448942117798036
17 0.0083791960949648712 0.008603977338295583 0.38849315575365495 0.39452137021936068 0.3833848262532662 0.3892543544011795 0.38901687195376328 0.39309603983869579 0.38389485118484679 0.3878667604974827
9 0.0038123993608842788 0.0039131337383366402 0.38269069817032286 0.38518151570396253 0.37773284944535479 0.38015934216387903 0.38292662936918864 0.38462171153178676 0.37796270531739151 0.37961403045873293
15 0.0021724527570564653 0.0022294102377206438 0.37974391357964177 0.38108754160583558 0.37486163643254256 0.37617087758589862 0.37987236158986082 0.38079591271571067 0.3749868022794135 0.37588672234462683
5 0.015973249466293173 0.016087081629969826 0.10370732402809987 0.11442835888207682 0.10333975621764346 0.11398103008481186 0.10468138940535514 0.11193197862386296 0.10430689691427032 0.11150391835456318
6 0.0082014873336436461 0.0082534303923488921 0.092184580932422072 0.097301703977841936 0.091894040723410092 0.096978069642226092 0.092680944542905763 0.096174931869720454 0.092387272093535699 0.095858737449157738
13 0.0049840626817037048 0.0050134278357738538 0.085766936084575279 0.088744236023104994 0.085515385827452398 0.088474945500496782 0.086055376503488767 0.088105451764219744 0.085802133935710401 0.08784001821764495
7 0.0068947914474968243 0.0069600490679587092 0.13765611145751327 0.1424727110036921 0.13700925782485021 0.14177991240230645 0.13807896027327579 0.14131841699498809 0.13742813595166697 0.14063677197866925
8 0.0032730935107797444 0.0033029911094745092 0.13286142896615122 0.13494465462983732 0.13225875288905847 0.13432297505534893 0.13306039948834483 0.13447978047796813 0.13245592105554863 0.13386236700547396
14 0.001906473128174389 0.0019235571807818368 0.13034666457607511 0.13150015623617395 0.12976653734844079 0.13090973925891547 0.13045743750578859 0.131250778078528 0.12987632603430443 0.13066259331458671
17 0.0038226778522350894 0.003863242806339727 0.15429259889630062 0.15699174495907472 0.1534804070095086 0.15615096548482893 0.15452769371569516 0.15635491253955813 0.15371303141244111 0.15552092230681155
9 0.0017483005416531736 0.0017665379788114688 0.15168021203008625 0.15280335845619236 0.15089522040896536 0.15200672906791801 0.15178670867233351 0.15255116143334693 0.15100061721504501 0.15175715266520204
15 0.00099888269038675469 0.0010092108109993124 0.15034809161013019 0.15095594484533531 0.14957679264843932 0.1501784127215755 0.15040623405002551 0.15082407755882021 0.14963433995266517 0.1500478997728972
5 0.0095905274635728326 0.0095950773503232431 0.0069153790170765582 0.013273385619054414 0.0069137392219452464 0.013267345766041393 0.0074960535500521955 0.011799425033746938 0.007494126849017492 0.011794651867263289
6 0.0049840626817037048 0.0049840626817037048 0 0.0030816172684678435 0 0.0030812916027004086 0.0002996627527335205 0.0024045125010021843 0.00029965967293937856 0.0024043142210183484
-1
7 0.0039969803928864463 0.0040043322179462142 0.026802356143400721 0.029566491065453126 0.026777740708344128 0.029536539466798767 0.027045580082124609 0.028905342314122923 0.027020516072388551 0.028876714610790638
8 0.0019067913648709829 0.001909936579790474 0.024036850659643904 0.02524014241974008 0.02401705099403096 0.025218311681641844 0.024151892205357899 0.024971855507266674 0.024131902640674139 0.024950486200350938
14 0.0011135174577816781 0.0011152428766171834 0.022580770610206618 0.023249136580539093 0.022563296224626293 0.023230612864851646 0.022644990949062308 0.023104708724738347 0.02262741706554261 0.023086414349016891
17 0.002178814436203757 0.0021842416578243375 0.036290797483123617 0.037814724431063942 0.036245683267261269 0.037765744338784352 0.036423701618699754 0.037455557727291464 0.036378256570166162 0.037407503057348787
9 0.00099912408651065942 0.0010015113218781312 0.034811763085271785 0.035448140271633614 0.034770249099550517 0.035405095556625729 0.034872136347891075 0.035305309860501947 0.03483047832990837 0.035262611115989988
15 0.00057161722647954992 0.00057295333972411555 0.034056012297750286 0.034400995663244158 0.034016280224736128 0.03436045502988639 0.03408902016147599 0.034326173807835626 0.034049211077689975 0.034285809230259826
10 9.5897328883132242e-05 9.8500967929033428e-05 0.39315646663251108 0.39320217370322186 0.38792559017288042 0.38797008901694874 0.39316627266180371 0.39319774535252688 0.38793513699992005 0.38796577773187357
16 0.000135244795728795 0.000135244795728795 0 5.2800381666599783e-05 0 5.2800286049854359e-05 1.2503652067792745e-05 4.8221711935735081e-05 1.2503646705703392e-05 4.8221632183081205e-05
18 9.8439139840005593e-05 0.00010090172044894951 0.36244412401651305 0.36248680496688235 0.35799394628317238 0.35803558551338999 0.36245417229367388 0.36248646640893895 0.35800374932141088 0.35803525521915325
20 0.00012043285369145451 0.00012114242053939961 0.085766936084575279 0.085808332678549426 0.085515385827452398 0.085556539890871308 0.085767870985750269 0.085803737183493975 0.085516315252600436 0.085551971325228821
1 0.00010280164323757575 0.00010560215179429115 0.39447388696109664 0.39452137021936068 0.3892081304459904 0.3892543544011795 0.39448431962479041 0.3945167525739231 0.3892182864378354 0.3892498592267965
-1
17 1 1 0 0.69473148191778122 0 0.70413192063676888 0.060824207870342817 0.53152518991887376 0.060895384586890478 0.53701027740765372
0 0.62596912329922016 0.62596912329922016 0 0.26156455580309834 0 0.26288592242943576 0.060824207870342817 0.23776256614455554 0.060895384586890478 0.23885388813139657
1 0.27949596910389651 0.28404383642941922 0.41827723670507355 0.54370039690341443 0.42166654037078954 0.54944100405265317 0.44587714683673235 0.53152518991887376 0.44973055236476756 0.53701027740765372
18 0.15758047013723331 0.16145470901424069 0.62814173158892384 0.69473148191778122 0.63581652276163747 0.70413192063676888 0.64383068713937386 0.6942037914959247 0.65189611057921859 0.70358985877244562
5 0.14851895601216314 0.14944086830305309 0.16076239611671195 0.26156455580309834 0.16126058014366196 0.26288592242943576 0.16976995540803069 0.23776256614455554 0.17032562667485532 0.23885388813139657
6 0.073318409804107532 0.073477627764132691 0.056411192575123892 0.10225687834097363 0.056472410515976346 0.10245821201266314 0.060824207870342817 0.092094703850403331 0.060895384586890478 0.092257977347553172
13 0.043604913265107292 0.043604913265107292 0 0.026022327623417274 0 0.026035346892985256 0.0025099321920919043 0.020417731715809972 0.0025100532580475954 0.020425745959233743
7 0.072302871150294559 0.073693208643906591 0.49322913162592386 0.54370039690341443 0.49794878942108478 0.54944100405265317 0.49762512658876928 0.53152518991887376 0.50242969867882481 0.53701027740765372
8 0.033730918920102326 0.034313760065769694 0.44384449550839022 0.46519782853513636 0.44766269711035034 0.46939399119701886 0.44587714683673235 0.46041908340382709 0.44973055236476756 0.4645290978603
14 0.01946964640442328 0.019786450145836909 0.41827723670507355 0.42997636249360527 0.42166654037078954 0.43355872575945753 0.41939866526114405 0.42744303315080956 0.42280624120651694 0.43098313395066151
21 0.042633684027699029 0.04375539820439879 0.67135774463185194 0.69473148191778122 0.68013228761952305 0.70413192063676888 0.67395331206879372 0.6942037914959247 0.68279628038346252 0.70358985877244562
9 0.019308465814088405 0.019794362790123338 0.64266643879580698 0.65496792685319205 0.65070253692258073 0.66331661073231829 0.64383068713937386 0.65220126396376343 0.65189611057921859 0.66047911942113158
15 0.010977031417130134 0.011246910303982949 0.62814173158892384 0.63476062690764246 0.63581652276163747 0.64259902201471575 0.62877420535385242 0.63332347517498011 0.63646455436024774 0.6411261987332505
0 0.09296828068824925 0.093545369316736293 0.16076239611671195 0.19913360745252073 0.16126058014366196 0.19989855441642557 0.16976995540803069 0.19568082506863185 0.17032562667485532 0.1964194259450846
1 0.03991099246073173 0.040253208299005132 0.22167591144488785 0.23948200030179323 0.22262426025261539 0.24058920040126597 0.22561202380243855 0.23776256614455554 0.22659442429337351 0.23885388813139657
10 0.022068965443978086 0.022283714129151401 0.2513540905239815 0.26156455580309834 0.25257406804024907 0.26288592242943576 0.253549724163527 0.26057793878587532 0.25479116095033644 0.26188933087905764
2 0.045895060706765634 0.045994726233622885 0.056411192575123892 0.074757051500648375 0.056472410515976346 0.074864600354116906 0.060824207870342817 0.073153674192240337 0.060895384586890478 0.073256655960368247
3 0.017815646308212307 0.017873993812219172 0.085005775433521169 0.092841689910842851 0.085144861616195389 0.093007625179454045 0.08675723884115899 0.092094703850403331 0.086902120431805382 0.092257977347553172
11 0.0093963814940503931 0.0094318525319061052 0.097944191460030527 0.10225687834097363 0.098128885406725708 0.10245821201266314 0.098877421395478712 0.10184315557570106 0.099065655086423968 0.10204286179390225
16 0.027135452378161062 0.027135452378161062 0 0.010615370130012014 0 0.010617536018010076 0.0025099321920919043 0.0096931333153030298 0.0025100532580475954 0.0096949391848960165
4 0.010043184529058899 0.010049535952042152 0.016446994911254453 0.020833194207303229 0.016452194721668034 0.020841537985236691 0.01743278075576573 0.020417731715809972 0.017438622680530334 0.020425745959233743
12 0.0051750152303705714 0.0051797234987254834 0.023656269000877028 0.026022327623417274 0.023667027881352221 0.026035346892985256 0.024169812211207706 0.025796137400973078 0.024181043392118851 0.025808931267421058
0 0.045259364865966378 0.046129673207932709 0.49322913162592386 0.51210831281617009 0.49794878942108478 0.51719805541231079 0.49762512658876928 0.51039303467382469 0.50242969867882481 0.51544857045847003
1 0.020096921313331469 0.020507362928741859 0.52338827442545766 0.53239926025500495 0.52870586909811745 0.5379024959481522 0.52537246112749525 0.53152518991887376 0.53073065704981104 0.53701027740765372
10 0.011299362046731811 0.011536878751366903 0.53845752755705023 0.54370039690341443 0.54408738266535694 0.54944100405265317 0.53958239320008083 0.54319246842398761 0.5452359184802662 0.54892229824005467
2 0.021114513744493912 0.021479354305469656 0.44384449550839022 0.45232627518653734 0.44766269711035034 0.45629245328992241 0.44587714683673235 0.45158166055580518 0.44973055236476756 0.45553473418771212
3 0.0083229547658317474 0.0084711207635471721 0.45710100873012238 0.46076946007839026 0.46115173726317971 0.46488576027958817 0.45791962777794143 0.46041908340382709 0.46198494266512891 0.4645290978603
11 0.0044204586469711411 0.0045002103774677681 0.46316659010068939 0.46519782853513636 0.46732602471752616 0.46939399119701886 0.4636057319827197 0.46500276320426859 0.46777309318699922 0.46919539170193991
16 0.012116012239608231 0.012313160042335625 0.41827723670507355 0.42303029163606731 0.42166654037078954 0.42649738027569684 0.41939866526114405 0.42261630196504302 0.42280624120651694 0.42607658018503158
4 0.0045233697055818032 0.0045982864272136629 0.42565276609749647 0.42763056816328948 0.42916315309924946 0.43117378886474222 0.42609687185359091 0.42744303315080956 0.42961461808558338 0.43098313395066151
12 0.0023396941337819198 0.0023787443560509052 0.42890596476420551 0.42997636249360527 0.43247044018782232 0.43355872575945753 0.42913817615322647 0.42987397670038885 0.43270652831935308 0.43345462700399395
0 0.026687369813834738 0.027389528253615819 0.67135774463185194 0.68255386145102226 0.68013228761952305 0.6916254851349295 0.67395331206879372 0.68153132399359184 0.68279628038346252 0.69057560746511426
1 0.012069414638677826 0.012395627495422489 0.68930491521383797 0.69473148191778122 0.69855809532250235 0.70413192063676888 0.69049726126660926 0.6942037914959247 0.69978269661109871 0.70358985877244562
-1
2 0.012086503417897854 0.01239065992200028 0.64266643879580698 0.64753393570617801 0.65070253692258073 0.65569299687884608 0.64383068713937386 0.64710563108152963 0.65189611057921859 0.65525383446117469
3 0.0048021447171431413 0.004924450362128345 0.65028491230019014 0.6524038461039694 0.65851388698130298 0.66068687743237753 0.65075735150970149 0.65220126396376343 0.6589983631815165 0.66047911942113158
11 0.002559780444771963 0.0026253336235429192 0.6537909693647439 0.65496792685319205 0.66210948500015387 0.66331661073231829 0.65404529925879973 0.65485483819805124 0.66237032929581718 0.66320062094220611
16 0.0068310355638661058 0.0069989819060030101 0.62814173158892384 0.63082528717499597 0.63581652276163747 0.63856619918702617 0.62877420535385242 0.63059124994905191 0.63646455436024774 0.63832638402929154
4 0.0025614486025493017 0.0026248493522331119 0.63230916241592805 0.6334297893302423 0.64008675928471326 0.64123514889185729 0.63256067929353954 0.63332347517498011 0.64034450294695189 0.6411261987332505
12 0.0013274573282369244 0.0013604120308901911 0.63415312925900236 0.63476062690764246 0.64197643561627182 0.64259902201471575 0.63428488662986138 0.63470250178740284 0.64211146426698373 0.64253945257258516
13 0.00013554072211263701 0.00013555282430388615 0.0023230360121894167 0.0024035237711956814 0.0023231397192637893 0.0024036347893527932 0.0023308341059632828 0.0023862558669033433 0.0023309385104810327 0.0023863652955540787
17 0.00013243796422035087 0.00013604576591804633 0.69463850320947684 0.69473148191778122 0.70403640888101204 0.70413192063676888 0.69464656600720442 0.69470946364098674 0.70404469132231218 0.70410930247805437
19 0.00014252232244871266 0.00014283182326835231 0.056411192575123892 0.056486351494609455 0.056472410515976346 0.056547732759171465 0.056411788757940763 0.056468657004501793 0.056473007993467932 0.056529999798538171
21 0.00013291752657888247 0.00013573875314710809 0.54362749966831103 0.54370039690341443 0.54936655943979273 0.54944100405265317 0.5436355920945547 0.54369875059138195 0.54937482363225199 0.54943932279229579
6 0.000135244795728795 0.000135244795728795 0 8.3615532313841001e-05 0 8.361566666814646e-05 8.1314319071586726e-06 6.5244157642103351e-05 8.1314331775036129e-06 6.5244239443481102e-05
-1
18 1 1 0 0.42312422036025055 0 0.42257616233068518 0.099591940772459975 0.41976685861067264 0.099561548057236493 0.41922745787894211
21 0.27055182657197496 0.27100725938281217 0.27447799527467909 0.42312422036025055 0.27424726557353296 0.42257616233068518 0.29097793374166137 0.41976685861067264 0.29071864324286889 0.41922745787894211
9 0.12253083010396593 0.12260009578523634 0.092199318631394411 0.17032694889224465 0.092173269912405431 0.17023807100528343 0.099591940772459975 0.15275241465591946 0.099561548057236493 0.15268092774368952
15 0.069659846855200214 0.069659846855200214 0 0.042008680294855716 0 0.04200327180744079 0.0040137051595880158 0.032886473265667925 0.0040136557809331841 0.03288315856364412
0 0.16935708968626184 0.16964217656358338 0.27447799527467909 0.34566326813279535 0.27424726557353296 0.34529742051608303 0.29097793374166137 0.33916065401750944 0.29071864324286889 0.33880843456154247
1 0.076592071518550769 0.076774642072094432 0.38860168863412203 0.42312422036025055 0.38813936505994945 0.42257616233068518 0.39618648622889763 0.41976685861067264 0.39570595025755029 0.41922745787894211
-1
2 0.07670051629730601 0.076743874475085683 0.092199318631394411 0.12310866767878076 0.092173269912405431 0.12306223036627528 0.099591940772459975 0.1203886329374432 0.099561548057236493 0.12034422461165806
3 0.030474237784422535 0.030500506254630185 0.14058037921745309 0.1540392028364207 0.14051982896092563 0.15396650672457113 0.14358107336364079 0.15275241465591946 0.14351791120487359 0.15268092774368952
11 0.0162442747032212 0.016260495835468996 0.1628503894314855 0.17032694889224465 0.16276914108380802 0.17023807100528343 0.16446597746391894 0.16960854438846537 0.16438310945079129 0.16952041446420016
16 0.043349506178763875 0.043349506178763875 0 0.017030636282934108 0 0.01702974730139567 0.0040137051595880158 0.015545296157528313 0.0040136557809331841 0.015544555476924536
4 0.016254860772522087 0.016257496410349941 0.026448510230191957 0.033561276492355296 0.026446366249415765 0.033557824371973632 0.028044893908390635 0.032886473265667925 0.028042483315141316 0.03288315856364412
12 0.0084239964957641758 0.0084259668807194679 0.038152574751418145 0.042008680294855716 0.038148113562824215 0.04200327180744079 0.03898890000657048 0.041639725790559433 0.038984241102894814 0.041634411883434967
5 0.040379808883810334 0.040458604745250218 0.31815868020864529 0.34566326813279535 0.31784871147000221 0.34529742051608303 0.3206128195077686 0.33916065401750944 0.32029805276049916 0.33880843456154247
6 0.019870600469021893 0.01990591516464657 0.28977971698341604 0.30223599035652815 0.28952255660659626 0.30195625724438357 0.29097793374166137 0.29947334092431233 0.29071864324286889 0.2991986960308578
13 0.011797388931387376 0.011817248039601935 0.27447799527467909 0.28153318690904916 0.27424726557353296 0.28129044864226344 0.27515823257138061 0.28001316594252529 0.27492635830388312 0.27977304061005653
7 0.019859279610468974 0.019909130303397228 0.40921520657608029 0.42312422036025055 0.40870256621859952 0.42257616233068518 0.41042576254943697 0.41976685861067264 0.40991008659242845 0.41922745787894211
8 0.0092507579309646648 0.0092732076478131142 0.39562765715056675 0.40150008502980494 0.39514847501484146 0.40100658088350799 0.39618648622889763 0.40018551879330694 0.39570595025755029 0.39969523898382692
14 0.0053353919723047732 0.0053481098091049256 0.38860168863412203 0.39181592578965724 0.38813936505994945 0.39134592718650502 0.38890973901228826 0.39111981141459323 0.38844668260266041 0.39065148036294595
-1
-1
-1
5 0.01738577691162577 0.017397658936597421 0.11146499842560631 0.12310866767878076 0.11142692847285329 0.12306223036627528 0.1125188233617065 0.1203886329374432 0.11248003028090656 0.12034422461165806
6 0.0088398990816926926 0.0088452680976423004 0.099059880225220553 0.10455497851033596 0.099029811333953999 0.10452148166260683 0.099591940772459975 0.10334307962592248 0.099561548057236493 0.10331035468159762
13 0.0053429462189846788 0.0053459665430093395 0.092199318631394411 0.095377806523279984 0.092173269912405431 0.0953499311059261 0.092506925926152173 0.094695232176928157 0.092480703127717556 0.094667754257080905
7 0.0077256389371386531 0.0077326820158131696 0.1486775942104584 0.1540392028364207 0.14860986954905303 0.15396650672457113 0.14914746274157875 0.15275241465591946 0.14907930943889497 0.15268092774368952
8 0.0036524226942637877 0.0036556333271232644 0.14336084237451063 0.14566839991611713 0.14329787378647063 0.1456033883698179 0.14358107336364079 0.1451531332626039 0.14351791120487359 0.1450885807261319
14 0.0021228307370918242 0.0021246605947036132 0.14058037921745309 0.1418550515834488 0.14051982896092563 0.14179339854534678 0.1407027385990206 0.14157937555550026 0.1406420829150084 0.14151796186129736
17 0.0043452858164502832 0.0043497430899647463 0.16728459442390758 0.17032694889224465 0.16719886242880749 0.17023807100528343 0.16754931989914593 0.16960854438846537 0.16746331641979101 0.16952041446420016
9 0.0019828268928253848 0.0019848250875504781 0.16434631615094547 0.16560881707433339 0.16426356864898406 0.16552479368913819 0.16446597746391894 0.16532522942630423 0.16438310945079129 0.16524149348436387
15 0.0011315736881001917 0.0011327036496883922 0.1628503894314855 0.16353278968713497 0.16276914108380802 0.16345085916594709 0.16291564803866443 0.16338472191100939 0.16283433457732446 0.16330293965054249
5 0.0096272893178407232 0.0096279170143423742 0.010635427366182393 0.017030636282934108 0.010635080669729069 0.01702974730139567 0.011218217806892708 0.015545296157528313 0.011217832074184239 0.015544555476924536
6 0.0049748423933699826 0.00497495567836026 0.0037145560033202754 0.0067941370644141186 0.0037145137108998694 0.0067939955784924178 0.0040137051595880158 0.0061168628612081992 0.0040136557809331841 0.0061167481771613229
19 0.0031053956591513554 0.0031053956591513554 0 0.0016385886802862681 0 0.001638580450446403 1.2990190828398272e-05 0.0012526460867818346 1.2990190311122814e-05 0.0012526412771839068
7 0.0040786551952658977 0.0040794238969373243 0.030742325163800266 0.033561276492355296 0.030739428579540928 0.033557824371973632 0.030990133250048475 0.032886473265667925 0.030987189782175208 0.03288315856364412
8 0.0019413088548218826 0.0019416412354838312 0.027927937547406301 0.029151766683794877 0.027925547017297214 0.02914916206230983 0.028044893908390635 0.028878803181353645 0.028042483315141316 0.028876247106281758
14 0.0011323111120664919 0.0011324947101939431 0.026448510230191957 0.027127388585827084 0.026446366249415765 0.027125133134126345 0.026513725601667853 0.026980659728251664 0.026511571035252725 0.026978428608508683
17 0.0022408933793767751 0.0022414490085784079 0.040443924458330838 0.042008680294855716 0.040438911357838503 0.04200327180744079 0.040580316440424438 0.041639725790559433 0.040575269472943119 0.041634411883434967
9 0.0010263303371196653 0.0010265752704180205 0.038927014400974236 0.039579477016126463 0.038922370274483142 0.039574675912467605 0.03898890000657048 0.039433008595867368 0.038984241102894814 0.039428242958395976
15 0.00058681430580367552 0.00058695156251790601 0.038152574751418145 0.038506033436499554 0.038148113562824215 0.038501489209936013 0.038186389481586404 0.038429365460034177 0.038181920382024212 0.038424839310083989
-1
16 0.00013499459919330548 0.00013499767283065012 0.0037145560033202754 0.003767260960884089 0.0037145137108998694 0.0037672174598020747 0.0037270368675139951 0.0037626904825268726 0.0037269942904137134 0.0037626470869321503
18 0.00013497191411345133 0.00013532219601173861 0.42306697863887427 0.42312422036025055 0.42251906878970924 0.42257616233068518 0.42308045473149525 0.42312376629347787 0.42253250999887071 0.42257570943945727
20 0.00012910476834804285 0.00012917774984089192 0.092199318631394411 0.092243461760656842 0.092173269912405431 0.092217388096046515 0.092200315544563483 0.092238561298191357 0.092174266262343013 0.092212490403458983
-1
2 0.000135244795728795 0.000135244795728795 0 5.3817484648444047e-05 0 5.3817475770823187e-05 1.2990190828398272e-05 4.9133412619014049e-05 1.2990190311122814e-05 4.9133405219509591e-05
19 1 1 0 0.52718769111940267 0 0.52787142454533642 0.0041830736786585554 0.40310203782062382 0.0041831166707817502 0.40350166380671271
20 0.54203465323062971 0.54203465323062971 0 0.18520438307630849 0 0.18528869588995439 0.0041830736786585554 0.16464643804395995 0.0041831166707817502 0.16471306865489832
4 0.22314220891257269 0.22348797248148966 0.31497041165127915 0.41231280669258441 0.31521434384827707 0.41273091348265001 0.33686723929839346 0.40310203782062382 0.33714628192383667 0.40350166380671271
12 0.11454865810836129 0.11481640717566707 0.47484736620780932 0.52718769111940267 0.47540200269657595 0.52787142454533642 0.48621309530158846 0.52218685246706564 0.48679461685508696 0.52285766753871676
5 0.1338781511833147 0.13394166493983667 0.096511753739640299 0.18520438307630849 0.096534644320094135 0.18528869588995439 0.10461362538092722 0.16464643804395995 0.1046405209998999 0.16471306865489832
6 0.069574598450698133 0.069574598450698133 0 0.043013027655991395 0 0.043017573759530893 0.0041830736786585554 0.03356281956297881 0.0041831166707817502 0.033565587435523264
-1
7 0.05579550732199752 0.05589813449767303 0.37380159042511785 0.41231280669258441 0.37414520749398772 0.41273091348265001 0.37719059243930059 0.40310203782062382 0.3775404713481979 0.40350166380671271
8 0.026617691632795336 0.026661596992546922 0.33526397752042036 0.35203287376282055 0.33554036926596065 0.35233761809170755 0.33686723929839346 0.34829418677076529 0.33714628192383667 0.34859248979036606
14 0.015544052099780912 0.015568137937039775 0.31497041165127915 0.32428576144685228 0.31521434384827707 0.32454434167809598 0.31586550106808142 0.32227283454823691 0.31611082219808856 0.32252821332776122
17 0.030414974525479081 0.030490735363387644 0.50596852807397141 0.52718769111940267 0.5065982961273634 0.52787142454533642 0.50781917380295627 0.52218685246706564 0.50845356008684128 0.52285766753871676
9 0.013947187577828415 0.01398051198659013 0.48537233049088024 0.49423441553065806 0.48595184143829417 0.49483529456315722 0.48621309530158846 0.49224541611877426 0.48679461685508696 0.49284146560560621
15 0.0079794419812971376 0.0079980933403212828 0.47484736620780932 0.47965184508265835 0.47540200269657595 0.48021776860066645 0.47530706164448855 0.47860983340128188 0.47586277315856496 0.47917329928359848
0 0.083803588925140005 0.083843346575627489 0.096511753739640299 0.13078083951917599 0.096534644320094135 0.13082287550230351 0.10461362538092722 0.1277231274607909 0.1046405209998999 0.12776322048276514
1 0.034934726468122547 0.034960596875113589 0.1506195670030383 0.16613934508128841 0.1506753262542086 0.16620718974560672 0.15406166439538879 0.16464643804395995 0.15412000178447599 0.16471306865489832
10 0.019045646643596408 0.019062167580549266 0.17641403260910499 0.18520438307630849 0.17649053023073069 0.18528869588995439 0.17830788860986191 0.18435684773655392 0.17838603785984009 0.18444039047444966
2 0.04355155039607439 0.04355155039607439 0 0.017329806495978574 0 0.017330544399046726 0.0041830736786585554 0.015821525528225279 0.0041831166707817502 0.015822140573367161
3 0.016667429736728006 0.016669636578911726 0.026942390505525153 0.034259087461055625 0.026944174092942471 0.034261971369946895 0.028580262094282046 0.03356281956297881 0.028582269135580027 0.033565587435523264
11 0.0087347396135443959 0.0087364141421906703 0.039008278735463552 0.043013027655991395 0.039012017676333138 0.043017573759530893 0.039875595973490073 0.042629215149404903 0.039879503035661797 0.0426336804794087
-1
-1
-1
0 0.034926264802386024 0.034990506245570305 0.37380159042511785 0.38830891195001971 0.37414520749398772 0.38867973152302981 0.37719059243930059 0.38699590856195126 0.3775404713481979 0.38736422345333116
1 0.015300413307927349 0.015330299007227585 0.39691838706259813 0.40376495371609294 0.39730584054144258 0.40416589583545326 0.3984283412179056 0.40310203782062382 0.39881874964934044 0.40350166380671271
10 0.0085449461639531335 0.0085621182090108057 0.40835259923495493 0.41231280669258441 0.40876270888664767 0.41273091348265001 0.40920304640000793 0.41192954624165401 0.40961486690475657 0.41234687570724804
2 0.016661853095629894 0.016689336495181731 0.33526397752042036 0.34194422397334301 0.33554036926596065 0.34223174456980604 0.33686723929839346 0.34135879564253241 0.33714628192383667 0.34164533216541837
3 0.0065283838995614501 0.00653948775675103 0.34569350164601542 0.3485685815255104 0.34598736460809315 0.34886735495281412 0.3463354933456283 0.34829418677076529 0.34663044925995923 0.34859248979036606
11 0.0034578171400999431 0.0034637793341561734 0.35044470757136276 0.35203287376282055 0.35074670726730584 0.35233761809170755 0.35078818355708496 0.35188042122819485 0.3510907757873552 0.35218490155289001
16 0.0096731045639981798 0.0096880932439653376 0.31497041165127915 0.31876100493465109 0.31521434384827707 0.31901084612116049 0.31586550106808142 0.31843117268833687 0.31611082219808856 0.31868049690274436
4 0.0035991869237494891 0.0036048681508948355 0.32084892415374033 0.32242192544936543 0.32110205033278028 0.32267754066556775 0.32120225754899523 0.32227283454823691 0.32145594176348319 0.32252821332776122
12 0.0018589020503719674 0.0018618599643648191 0.32343553118849261 0.32428576144685228 0.3236927567397212 0.32454434167809598 0.32362001485846159 0.32420445309155421 0.32387753404680841 0.32446290361944224
0 0.019038834938882265 0.019086258884168303 0.50596852807397141 0.51393657920604396 0.5065982961273634 0.51458635150117515 0.50781917380295627 0.51321045687113498 0.50845356008684128 0.51385839322655569
1 0.0085439224615579297 0.0085657420582757986 0.5187225991681832 0.5225595745789291 0.51938453757898861 0.52323134822571782 0.51956644266912699 0.52218685246706564 0.52023053785628426 0.52285766753871676
18 0.0048293333875569491 0.0048418196335262937 0.52514610677729368 0.52718769111940267 0.52582455140455475 0.52787142454533642 0.52562696836588574 0.52717150611183161 0.52630665683154865 0.52785519752905874
2 0.0087305087805830319 0.008751368831520067 0.48537233049088024 0.48888457670787477 0.48595184143829417 0.48947250998163672 0.48621309530158846 0.4885758225251936 0.48679461685508696 0.48916301297106163
3 0.0034572901139936266 0.0034656443869237243 0.49086631826819138 0.49239113681010349 0.49145903058239093 0.49298753946311769 0.49120641460795977 0.49224541611877426 0.49179994902375235 0.49284146560560621
11 0.0018401032289699546 0.0018445725846617401 0.49338857335089925 0.49423441553065806 0.49398739618576126 0.49483529456315722 0.49357138880774054 0.49415316104448226 0.49417065575842145 0.49475384239842285
16 0.004965627762437308 0.0049772345522848382 0.47484736620780932 0.47679695920421328 0.47540200269657595 0.47735616209468157 0.47530706164448855 0.47662702288133885 0.47586277315856496 0.47718582699562739
4 0.0018585904484283385 0.0018629625061782852 0.47787400946326442 0.47868693919659666 0.47843574309417375 0.47925058675327348 0.47805650043065129 0.47860983340128188 0.47861866342654613 0.47917329928359848
12 0.00096243076338971474 0.00096470108618829857 0.47921145651795838 0.47965184508265835 0.4797763407046588 0.48021776860066645 0.47930698027091478 0.47960971393377705 0.47987208981554796 0.48017553797953516
-1
17 9.3537663521483399e-05 9.3778281484029955e-05 0.52249390732673295 0.5225595745789291 0.52316551203926931 0.52323134822571782 0.52249960187177791 0.52254402416214629 0.52317122123314408 0.52321575780232343
19 0.000135244795728795 0.000135244795728795 0 7.131979086886283e-05 0 7.1319803366085704e-05 5.6574022840472776e-07 5.4529378473931793e-05 5.6574022918914803e-07 5.4529385779509011e-05
21 0.00010028563426376056 0.00010048909997752784 0.41225780697081271 0.41231280669258441 0.41267580216657729 0.41273091348265001 0.41226391265649137 0.41231156459788365 0.4126819202399416 0.41272966886757761
-1
7 9.5981926716786576e-05 9.6231022971069824e-05 0.52712063772442208 0.52718769111940267 0.52780419711953019 0.52787142454533642 0.52712647380044753 0.52717150611183161 0.52781004834166478 0.52785519752905874
20 1 1 0 0.34183920674738849 0 0.34168365799576644 0.0077174340161656474 0.30387922187848504 0.0077173546999764753 0.30375629503138879
5 0.2469918673748539 0.24710904393569444 0.17809681308146852 0.34183920674738849 0.17805458223826059 0.34168365799576644 0.19305134897966836 0.30387922187848504 0.19300172923891479 0.30375629503138879
6 0.12835821111440049 0.12835821111440049 0 0.079363143118503468 0 0.079354756009833563 0.0077174340161656474 0.061925168871521274 0.0077173546999764753 0.061920062422094219
-1
0 0.15460928268267463 0.1546826315917352 0.17809681308146852 0.24135518775888989 0.17805458223826059 0.2412776355528142 0.19305134897966836 0.23571042869910977 0.19300172923891479 0.23563646106302735
1 0.064451094150355326 0.064498822477016465 0.27798098397612564 0.30663572661817862 0.27787811370604609 0.30651055996340121 0.28433606756669771 0.30387922187848504 0.28422844088869936 0.30375629503138879
10 0.03513732291852692 0.035167802403287513 0.3256074665684443 0.34183920674738849 0.3254663360684481 0.34168365799576644 0.32910448953148147 0.34027416766649454 0.32896031194152037 0.34012003962800513
2 0.080348276879537828 0.080348276879537828 0 0.031973129938747222 0 0.031971768581011591 0.0077174340161656474 0.029190274974236749 0.0077173546999764753 0.029189140277150111
3 0.030749749370057689 0.030753820774294609 0.049709320118833819 0.063209927936782262 0.049706029577524902 0.063204607411841515 0.052731442473694712 0.061925168871521274 0.052727739682210763 0.061920062422094219
11 0.016114725435880675 0.016117814774608916 0.071973290718248484 0.079363143118503468 0.071966392744387764 0.079354756009833563 0.073573714886995392 0.078654898216015928 0.073566506746061161 0.078646660126481999
-1
-1
-1
5 0.035717319325059116 0.035737994468771579 0.21729833568868762 0.24135518775888989 0.21723547088123107 0.2412776355528142 0.21946421559172846 0.23571042869910977 0.21940009153766582 0.23563646106302735
6 0.01793959669522989 0.017948770620367004 0.19197141196803164 0.20315225380780069 0.19192234575361594 0.20309730652022842 0.19305134897966836 0.20068120527916639 0.19300172923891479 0.20062758639162004
13 0.010770058954067477 0.01077516842783963 0.17809681308146852 0.18451327404715318 0.17805458223826059 0.18446794579461787 0.17871691053752106 0.18313366316115726 0.17867438513877457 0.18308901013369472
7 0.016472970842041509 0.016485924298940691 0.29517390287472184 0.30663572661817862 0.29505791684576349 0.30651055996340121 0.29617589058614935 0.30387922187848504 0.29605911593164735 0.30375629503138879
8 0.007746267313744561 0.0077521252274268563 0.28386899466389293 0.28876807828852602 0.28376172122095367 0.28865707091348392 0.28433606756669771 0.28767314947576333 0.28422844088869936 0.28756298216279452
14 0.0044896533481638447 0.0044929780960897142 0.27798098397612564 0.28067823484430166 0.27787811370604609 0.28057335896425695 0.27823975085809921 0.28009460208551928 0.27813668901466954 0.27999016182153413
17 0.0094415917406568406 0.0094500235660452403 0.33521929769565095 0.34183920674738849 0.3350697138698373 0.34168365799576644 0.33579450386234155 0.34027416766649454 0.33564440636624421 0.34012003962800513
9 0.0042954966742242504 0.0042992598155746006 0.3288452796086252 0.3315816939571623 0.32870132899442545 0.33143533820105364 0.32910448953148147 0.33096672449544745 0.32896031194152037 0.33082091099525318
15 0.0024476605334063026 0.0024497837296469506 0.3256074665684443 0.32708385670041895 0.3254663360684481 0.32694144373291062 0.32574861096369856 0.32676342140133913 0.32560735810916325 0.32662128727286538
5 0.017941410918281928 0.017942367579255377 0.020019131368250929 0.031973129938747222 0.020018597665635948 0.031971768581011591 0.021105504815795643 0.029190274974236749 0.021104911617721784 0.029189140277150111
6 0.0092108476804024647 0.0092110234228423727 0.0071634879369103996 0.01287352720147816 0.007163419598420988 0.012873306498540189 0.0077174340161656474 0.011616332883505935 0.0077173546999764753 0.011616153181953344
13 0.0055970486625085414 0.0055970486625085414 0 0.0033236240560509263 0 0.003323609345046873 0.00032201569569140567 0.0026105805772529715 0.00032201555759755335 0.0026105715012810183
7 0.0077472968715461702 0.0077484906086793806 0.057848397283450606 0.063209927936782262 0.057843941032335366 0.063204607411841515 0.058319141467239197 0.061925168871521274 0.05831461239794529 0.061920062422094219
8 0.0036775966042442735 0.0036781109684205808 0.052509876112144124 0.054829562503651355 0.052506204370896314 0.054825559202138829 0.052731442473694712 0.054311944527220275 0.052727739682210763 0.054308016452476106
14 0.0021420228319540087 0.0021423064453496383 0.049709320118833819 0.050993948180664897 0.049706029577524902 0.050990485374082864 0.049832689911396132 0.050716225889714257 0.049829383017272591 0.050712800697300997
17 0.0042961343918473055 0.004297008213653023 0.076361155574677042 0.079363143118503468 0.076353390935635077 0.079354756009833563 0.076622645209665441 0.078654898216015928 0.076614827304140987 0.078646660126481999
9 0.0019647781594601659 0.0019651625812684079 0.073455244400385256 0.074704636349702813 0.07344805945313479 0.074697204920283422 0.073573714886995392 0.074424098117656545 0.073566506746061161 0.074416722395157939
15 0.0011225493059770475 0.0011227645088397408 0.071973290718248484 0.072649526861123082 0.071966392744387764 0.072642498662697091 0.072037975088122888 0.072502826518380067 0.072031064710489312 0.072495826673847324
-1
-1
-1
-1
-1
-1
-1
-1
-1
10 0.00010806169125136941 0.00010815967053817246 0.34034051983392444 0.34039070873810995 0.34018633169443147 0.34023647513032601 0.34035128740951875 0.34038584616829498 0.34019708951577959 0.34023161696601567
-1
18 0.00011088824338050226 0.00011097881264956364 0.30658878315933208 0.30663572661817862 0.30646365481781418 0.30651055996340121 0.30659983495867088 0.30663535424917887 0.30647469759767088 0.30651018789833628
20 0.000135244795728795 0.000135244795728795 0 4.6215583193226625e-05 0 4.6215580348783086e-05 1.0437344288218996e-06 4.108513037019953e-05 1.043734427370966e-06 4.1085128122233408e-05
1 0.00011584348912197091 0.00011594897067957088 0.34178707118190232 0.34183920674738849 0.34163156986286869 0.34168365799576644 0.34179852602687771 0.34183413668084717 0.34164301428692245 0.34167859254225508
-1
21 1 1 0 0.54824577840241773 0 0.54849536290657852 0.060880674427655324 0.53586846609900807 0.060883750880175835 0.53610690601747102
0 0.62596912329922016 0.62596912329922016 0 0.26261199505762178 0 0.26266924738559583 0.060880674427655324 0.23862773283045702 0.060883750880175835 0.23867500409449433
1 0.28309574726960851 0.28329367356040513 0.42096222719870546 0.54824577840241773 0.42110935928191207 0.54849536290657852 0.44892945733524964 0.53586846609900807 0.44909679257816026 0.53610690601747102
-1
5 0.14924981063865808 0.14928974536471834 0.16115746268994391 0.26261199505762178 0.16117902167434162 0.26266924738559583 0.17021059428964974 0.23862773283045702 0.17023464367027002 0.23867500409449433
6 0.073444710097847477 0.073451593916634472 0.056459759398444109 0.1024165758625144 0.056462405263921156 0.10242528242625193 0.060880674427655324 0.09222421734671582 0.060883750880175835 0.0922312771493915
13 0.043604913265107292 0.043604913265107292 0 0.0260326576167349 0 0.026033220107968491 0.0025100282594819195 0.020424090668829872 0.0025100334885886505 0.020424436896826888
7 0.073402866512105411 0.073463457579468455 0.49696689299304109 0.54824577840241773 0.49717196361547522 0.54849536290657852 0.50143006882566721 0.53586846609900807 0.50163884017115723 0.53610690601747102
8 0.034192184352167698 0.034217561806026031 0.44686894549257494 0.46852138060229764 0.44703474789491648 0.46870364301090683 0.44892945733524964 0.46367446488823072 0.44909679257816026 0.4638529750269873
14 0.019720406400159374 0.019734193915264875 0.42096222719870546 0.43281416021717467 0.42110935928191207 0.43296969528492224 0.42209811878223213 0.43024738093367054 0.42224604609564442 0.43040107636065716
-1
-1
-1
0 0.093425773118055666 0.093450771023516621 0.16115746268994391 0.19974012766460891 0.16117902167434162 0.19977324626780035 0.17021059428964974 0.19626646376084758 0.17023464367027002 0.19629844036262256
1 0.040182188182337916 0.040197028467555664 0.2224277817401179 0.24035974863169884 0.22246885201467892 0.24040770866677952 0.22639087870884081 0.23862773283045702 0.22643342569714589 0.23867500409449433
10 0.022239116949006613 0.022248434613715819 0.2523211987788907 0.26261199505762178 0.25237405155465975 0.26266924738559583 0.2545338350978259 0.26161747539525321 0.25458761898191012 0.26167429486476956
2 0.045974120790909012 0.045978429848922531 0.056459759398444109 0.074842368403227777 0.056462405263921156 0.074847017744064326 0.060880674427655324 0.073235368615145763 0.060883750880175835 0.073239820434204822
3 0.017861922804040722 0.017864446780702606 0.085116105930250541 0.092973314413741681 0.085122119377924577 0.092980489374048458 0.086872165760133693 0.09222421734671582 0.086878429907616433 0.0922312771493915
11 0.0094245120627565356 0.0094260468178138431 0.098090692895957954 0.1024165758625144 0.098098679466378291 0.10242528242625193 0.099026730043903527 0.10200156246489354 0.099034869772698958 0.1020101986069846
16 0.027135452378161062 0.027135452378161062 0 0.010617088734660607 0 0.010617182293339855 0.0025100282594819195 0.0096945662551597266 0.0025100334885886505 0.009694644261449805
4 0.010048224021441333 0.010048498427093509 0.016451120799335195 0.020839814620678965 0.016451345428568409 0.020840175086902502 0.017437416123501345 0.020424090668829872 0.017437668494769642 0.020424436896826888
12 0.0051787508127253395 0.0051789542544872216 0.023664805594049154 0.0260326576167349 0.023665270412944306 0.026033220107968491 0.024178723531208042 0.025806288559833655 0.024179208758048343 0.025806841311120085
0 0.04594792799823233 0.045985856135549341 0.49696689299304109 0.51613885782897095 0.49717196361547522 0.51636005957994868 0.50143006882566721 0.51439651919540108 0.50163884017115723 0.51461622972026211
1 0.020421591518625538 0.020439488438588182 0.52759906263064793 0.53675689139785776 0.52783019864003489 0.53699612277526532 0.52961536580434765 0.53586846609900807 0.52984827222498576 0.53610690601747102
10 0.011487226845365971 0.01149758638050645 0.54291531068027976 0.54824577840241773 0.54316006438948072 0.54849536290657852 0.54405889827746612 0.54772932580640477 0.54430468439611668 0.54797844020353859
2 0.021403251662611922 0.021419137165154645 0.44686894549257494 0.45546783201127794 0.44703474789491648 0.45564007794931882 0.44892945733524964 0.45471284690022151 0.44909679257816026 0.4548845221729485
3 0.0084402051735598619 0.008446658018277306 0.46030947507342779 0.46402981564951973 0.46048540314589381 0.46420859955901417 0.46113963692965171 0.46367446488823072 0.46131620026379233 0.4638529750269873
11 0.0044835674517274896 0.0044870411392080502 0.46646107886447874 0.46852138060229764 0.46664174150703253 0.46870364301090683 0.46690649317207294 0.46832351866422961 0.46708750106854785 0.46850562713242727
16 0.012272060845445409 0.012280640852409874 0.42096222719870546 0.42577685046377689 0.42110935928191207 0.4259273679488893 0.42209811878223213 0.42535747028254328 0.42224604609564442 0.42550769134901362
4 0.0045826659686679858 0.0045859268333330629 0.42843359566446892 0.43043738530668363 0.42858599773194572 0.43059121653680732 0.42888352621182563 0.43024738093367054 0.4290362486023272 0.43040107636065716
12 0.0023706016079725828 0.0023723014291714643 0.43172960466235177 0.43281416021717467 0.43188436108075878 0.43296969528492224 0.43196488441380104 0.43271041865677928 0.43211980958369361 0.43286587915943087
-1
-1
-1
-1
-1
-1
-1
-1
-1
13 0.00013555032546719303 0.0001355508479718992 0.0023231183051454773 0.0024036118655657024 0.0023231227844733304 0.0024036166606793419 0.0023309169523472429 0.0023863426999851806 0.002330921461799907 0.0023863474264438083
-1
19 0.00014276783531386172 0.00014278121648203523 0.056459759398444109 0.056535047875097 0.056462405263921156 0.056537700801910562 0.056460356608267009 0.056517322868100558 0.056463002529719704 0.056519974131631512
21 0.00013514891697065886 0.00013527197925473954 0.54817165730137507 0.54824577840241773 0.5484211743088161 0.54849536290657852 0.54817988558252606 0.54824410444874405 0.54842941008243273 0.54849368742860405
6 0.000135244795728795 0.000135244795728795 0 8.3615638926781699e-05 0 8.3615644729695404e-05 8.1314329154332995e-06 6.524422255312659e-05 8.1314329701269623e-06 6.5244226086285639e-05
-1
