22 40 -48 47 1.05 3 27782
0 1 1 1 2 2 2 2 2 2 2 2 2 3 3 3 3 3 3 3 3 3 3 3 3 3 3 3 3 3 3 3 3 3 3 3 3 3 3 3
0 1 1 0.69860608350146958 1.6986060835014696 0.76461451182160789 1.7646145118216079 0.92703518226462656 1.6056720360862071 1.0023668048891263 1.6759850765857918
5 0.3785399841212887 0.39088601929433331 1.3077200642071363 1.6986060835014696 1.3860745277003192 1.7646145118216079 1.3423640713387697 1.6056720360862071 1.4202429473091822 1.6759850765857918
6 0.17366498980403922 0.17725420188774194 0.91037952743961548 1.0840445172436546 0.98522572857096913 1.1624799304587108 0.92703518226462656 1.0454285595399073 1.0023668048891263 1.1233456929452053
13 0.097429868310369011 0.10211401504082912 0.69860608350146958 0.7960359518118385 0.76461451182160789 0.86672852686243718 0.70798413008759298 0.77501425793792067 0.77448974509607249 0.84478594344775715
0 0.14508372839231345 0.14796598753691065 1.3077200642071363 1.4556860517440471 1.3860745277003192 1.5311582560926327 1.3423640713387697 1.4423300942175601 1.4202429473091822 1.5181532371413871
1 0.066580579513829313 0.06928618937909356 1.5430860537955389 1.6123722431746326 1.6158224853936294 1.6824030649074584 1.558383080115312 1.6056720360862071 1.6305627905300364 1.6759850765857918
10 0.037963338679559568 0.039914940853471359 1.6586911426479982 1.6986060835014696 1.7266511731420486 1.7646145118216079 1.6672681917319965 1.6947459928772113 1.7348218692282205 1.7609498853995098
2 0.06932622117274384 0.071148471639970151 0.91037952743961548 0.97970574861235926 0.98522572857096913 1.0563742002109393 0.92703518226462656 0.97363788564509357 1.0023668048891263 1.0501676294334992
3 0.029732868150138494 0.030231335726962679 1.0185318557826624 1.0482647239328009 1.0959939921883768 1.1262253279153394 1.0251741007131814 1.0454285595399073 1.1027558000056368 1.1233456929452053
11 0.016396550238671769 0.01659722846225236 1.067647967004983 1.0840445172436546 1.1458827019964586 1.1624799304587108 1.0711949859960883 1.0824710286143391 1.1494755551244948 1.1608884225200407
16 0.039691184796821016 0.041727758602035758 0.69860608350146958 0.73829726829829057 0.76461451182160789 0.8063422704236437 0.70798413008759298 0.73484606709510081 0.77448974509607249 0.80272101333708801
4 0.016438517671862416 0.017190083272972133 0.76013334555180911 0.77657186322367144 0.82922338630263881 0.84641346957561081 0.76382675362252161 0.77501425793792067 0.83308828279273617 0.84478594344775715
12 0.0088771251275609024 0.009260005007933619 0.78715882668427772 0.7960359518118385 0.85746852185450351 0.86672852686243718 0.78908525655569184 0.79518715791121086 0.85947878498595964 0.86584350222984652
5 0.055344627617248433 0.056711201055651639 1.3989748506883954 1.4556860517440471 1.4758136284753842 1.5311582560926327 1.4040583307770951 1.4423300942175601 1.4807878265655194 1.5181532371413871
6 0.02559428996985616 0.026025417688470574 1.3398553694318356 1.365880787120306 1.417772800552213 1.4433670905220692 1.3423640713387697 1.3601190079223522 1.4202429473091822 1.4377066966094778
13 0.014650644614342137 0.01483933833557563 1.3077200642071363 1.3225594025427119 1.3860745277003192 1.4007251723146612 1.3091525154414712 1.3193655916747244 1.3874897473011849 1.3975738761834977
7 0.026668269577459283 0.027810942858223719 1.584561300316409 1.6123722431746326 1.655734795329999 1.6824030649074584 1.5869873620610708 1.6056720360862071 1.6580641955320221 1.6759850765857918
8 0.01137245289089849 0.011817006480263001 1.5572574710648157 1.5690744775450787 1.6294789338408953 1.6408513867317938 1.558383080115312 1.5664313814041566 1.6305627905300364 1.6383089173802434
14 0.0062543337604803696 0.0064876245649284322 1.5430860537955389 1.5495736783604674 1.6158224853936294 1.6220768191541097 1.5437081519983611 1.5481692823033402 1.616422393546723 1.6207232767453219
17 0.015494671016344677 0.016310797454024584 1.6822952860474449 1.6986060835014696 1.7491198408052633 1.7646145118216079 1.68371078481485 1.6947459928772113 1.7504655324601446 1.7609498853995098
9 0.0063964531230142211 0.0067193632219101811 1.6666320145225821 1.6733513777444924 1.7342160770328783 1.7406125301558926 1.6672681917319965 1.6718406437404933 1.7348218692282205 1.7391747781918963
15 0.0034489915574407652 0.0036196064961967634 1.6586911426479982 1.6623107491441951 1.7266511731420486 1.7301001646994891 1.6590370864036088 1.6615249653910058 1.7269808653364447 1.7293515279439542
5 0.026019117841198067 0.026641947866367945 0.95368663077116134 0.97970574861235926 1.0297322523445711 1.0563742002109393 0.95604629759961846 0.97363788564509357 1.0321514227194235 1.0501676294334992
6 0.012352447621924688 0.01269456727099853 0.92583802267591442 0.9381904702978392 1.0011357621641714 1.01383032943517 0.92703518226462656 0.93546847682321599 1.0023668048891263 1.0110343706844265
13 0.0071669623524415194 0.0073795442347149576 0.91037952743961548 0.917546489792057 0.98522572857096913 0.992605272805684 0.91107351345370935 0.91600813587257968 0.98594054403723019 0.99102176110192997
7 0.01182648683671279 0.012013431906892144 1.0364382370960881 1.0482647239328009 1.1142118960084473 1.1262253279153394 1.0374756237701093 1.0454285595399073 1.1152662789088292 1.1233456929452053
8 0.005103209063824974 0.005192124743051787 1.0246868620724916 1.0297900711363166 1.1022599515514415 1.1074520762944933 1.0251741007131814 1.0286509372961028 1.1027558000056368 1.1062933365029426
14 0.0028225028941834011 0.002873886686009765 1.0185318557826624 1.0213543586768459 1.0959939921883768 1.0988678788743864 1.018802855209894 1.0207440462306911 1.0962699622347922 1.0982465280230027
17 0.0066664639256527151 0.0067446093012978013 1.077378053318002 1.0840445172436546 1.1557353211574131 1.1624799304587108 1.077958429941454 1.0824710286143391 1.156322688589926 1.1608884225200407
9 0.0027704311617406858 0.0028053771315795081 1.0709323444123193 1.07370277557406 1.1492095655897843 1.152014942721364 1.0711949859960883 1.0730805864811332 1.1494755551244948 1.1513849764379369
15 0.0014984728955263133 0.0015179992262273113 1.067647967004983 1.0691464399005093 1.1458827019964586 1.1474007012226859 1.0677912842083523 1.0688213329396097 1.1460278970711308 1.1470713781411297
5 0.014873569612789321 0.015615988265393446 0.72342369868550116 0.73829726829829057 0.79072628215825036 0.8063422704236437 0.72478065352071452 0.73484606709510081 0.79215199946418313 0.80272101333708801
6 0.0071863285322343595 0.0075611784302098139 0.70728567384457786 0.7144720023768123 0.77375460113997996 0.78131577957018983 0.70798413008759298 0.71289229719653313 0.77448974509607249 0.77965417314087393
19 0.0038303509111031198 0.0040346187473493389 0.69860608350146958 0.70243643441257264 0.76461451182160789 0.76864913056895734 0.69863645891803483 0.70153447934329949 0.76464651363128644 0.76769922430651893
7 0.0065095189079275983 0.0068035275636166423 0.77006234431574372 0.77657186322367144 0.83960994201199413 0.84641346957561081 0.77063486855590113 0.77501425793792067 0.84020851434991972 0.84478594344775715
8 0.0028300378456501017 0.0029604939640155408 0.7635562401959497 0.76638627804159976 0.83280526087409845 0.83576575483811399 0.76382675362252161 0.76575518165771517 0.83308828279273617 0.83510564428786915
14 0.0015709397038454727 0.0016440661087353198 0.76013334555180911 0.76170428525565448 0.82922338630263881 0.83086745241137394 0.76028427340500704 0.76136478655996898 0.82938135173719862 0.8305121735817601
17 0.0036006160009429524 0.0037548585594892052 0.79243533581089554 0.7960359518118385 0.86297366830294786 0.86672852686243718 0.7927492706092012 0.79518715791121086 0.86330110871066357 0.86584350222984652
9 0.0015025139720294656 0.0015676368575747556 0.78894272785423147 0.79044524182626086 0.85933006794117883 0.8608977047987536 0.78908525655569184 0.79010798230532209 0.85947878498595964 0.86054584941577594
15 0.0008142492521821125 0.00084973363873162432 0.78715882668427772 0.78797307593645982 0.85746852185450351 0.85831825549323515 0.78723672921995036 0.78779646834460426 0.85754982251589085 0.85813395773443701
1 1 1 0.63259765518133104 1.632597655181331 0.65900102650938663 1.6590010265093864 0.8506897449624411 1.5345146354788142 0.88135993573640481 1.5630942185580246
7 0.39919514722553151 0.40516912914492259 1.2274285260364086 1.632597655181331 1.2598058792838551 1.6590010265093864 1.2625694181504219 1.5345146354788142 1.2947459266365924 1.5630942185580246
8 0.1694237387095007 0.1712081875782136 0.83459048434491412 1.0040142230544147 0.86502869709069974 1.0362368846689134 0.8506897449624411 0.96604086636530706 0.88135993573640481 0.99798942363480525
14 0.092311674517078807 0.094414828556828728 0.63259765518133104 0.72490932969840993 0.65900102650938663 0.75341585506621522 0.64143774921533014 0.7049034814795242 0.66806150917253626 0.73299136423989619
0 0.14982362231188692 0.15111765788910916 1.2274285260364086 1.3785461839255175 1.2598058792838551 1.4096295015957419 1.2625694181504219 1.3647946994430118 1.2947459266365924 1.3960420374147358
1 0.071128024340789658 0.072462624593875646 1.4690861778735407 1.5415488024674162 1.4988596941106969 1.5699877184514865 1.4850318925528105 1.5345146354788142 1.5145335122918664 1.5630942185580246
10 0.041268895708505227 0.042263279731654335 1.5903343754496768 1.632597655181331 1.6177321308008814 1.6590010265093864 1.5993985936891508 1.6285014112616358 1.6265903003214801 1.6550049072289432
2 0.067217973350414364 0.068099430115751064 0.83459048434491412 0.90180845769532847 0.86502869709069974 0.93312812720645089 0.8506897449624411 0.89590323413224504 0.88135993573640481 0.92715463378563223
3 0.029130020348632765 0.029385364716189209 0.93969391980894457 0.96882394015757733 0.97140968278811046 1.0007950475042997 0.94619262613147836 0.96604086636530706 0.97796905806287915 0.99798942363480525
11 0.016144884873995236 0.01625257282638411 0.98786933818041955 1.0040142230544147 1.0199843118425294 1.0362368846689134 0.99135926058534374 1.0024635260522783 1.0234986208972412 1.0346764122470549
16 0.03748017020298744 0.038386919166465534 0.63259765518133104 0.67007782538431859 0.65900102650938663 0.69738794567585205 0.64143774921533014 0.66681202523100402 0.66806150917253626 0.69404601346425998
4 0.015612939329025816 0.015952732700279981 0.6907712008286393 0.70638414015766515 0.71855097771868992 0.73450371041897 0.69427652055468381 0.7049034814795242 0.72213367503510784 0.73299136423989619
12 0.0084541182237550336 0.0086285260904754944 0.71645521147465496 0.72490932969840993 0.74478732897573974 0.75341585506621522 0.71828910248203381 0.72410060426527356 0.74665936410076084 0.75259060408424605
5 0.057606637480724143 0.058237960549356038 1.3203082233761618 1.3785461839255175 1.352022864115018 1.4096295015957419 1.3255122972202724 1.3647946994430118 1.3571772742974348 1.3960420374147358
6 0.026298889133629849 0.026487123364186412 1.2600198198931398 1.2865069432573264 1.2922129466810186 1.3185118358146486 1.2625694181504219 1.2806357960624768 1.2947459266365924 1.3126853877290947
13 0.014955794299573479 0.015034274010099999 1.2274285260364086 1.2424628000465086 1.2598058792838551 1.2747616735834284 1.2288786272290753 1.239224771849714 1.2612488965810373 1.2715414896490345
7 0.028591968670731077 0.029159529570114251 1.5123892728973019 1.5415488024674162 1.5413957497807553 1.5699877184514865 1.5149290377398199 1.5345146354788142 1.5438877122475061 1.5630942185580246
8 0.012118681856660884 0.01233678494863483 1.4838575380723222 1.4961943230209571 1.5133796021642034 1.5254982840208644 1.4850318925528105 1.4934334261185649 1.5145335122918664 1.522786836786822
14 0.006645364782013983 0.0067591133786639715 1.4690861778735407 1.4758452912522044 1.4988596941106969 1.5055050588927108 1.4697340778015833 1.4743816724688048 1.4994967864984343 1.5040662589725753
17 0.016878151842800559 0.017295437073076902 1.6153022181082544 1.632597655181331 1.6421228746665859 1.6590010265093864 1.6168017946497302 1.6285014112616358 1.643586838581687 1.6550049072289432
9 0.0069430365680499852 0.007107125268082274 1.5987259548358439 1.6058330801039262 1.6259330874481521 1.6328761240162022 1.5993985936891508 1.6042346539917356 1.6265903003214801 1.6313148134778093
15 0.0037375874819633977 0.0038240347791269141 1.5903343754496768 1.5941584102288036 1.6177321308008814 1.6214697182828446 1.590699784110414 1.5933281027614774 1.618089309267327 1.6206582406801571
5 0.02529204047889828 0.025596842448415692 0.87651641721643014 0.90180845769532847 0.90753128475803524 0.93312812720645089 0.87880695733268499 0.89590323413224504 0.90985076207471738 0.92715463378563223
6 0.011958453413079074 0.012122954389970768 0.84953152829578593 0.86148998170886493 0.88018546929715324 0.89230842368712404 0.8506897449624411 0.85885331990738978 0.88135993573640481 0.8896361151721105
13 0.0069236916736995363 0.0070250696175615662 0.83459048434491412 0.84151417601861356 0.86502869709069974 0.8720537667082614 0.83526065986827747 0.84002754869471086 0.86570879188444994 0.87054557717850922
7 0.011598946318243059 0.011695500121122835 0.95722499383933424 0.96882394015757733 0.98909954738317685 1.0007950475042997 0.95824177328396432 0.96604086636530706 0.9901250616000371 0.99798942363480525
8 0.0049961021410917499 0.0050414167554636412 0.94571574361645572 0.95071184575754752 0.97748779594294311 0.98252921269840665 0.94619262613147836 0.94959635939402109 0.97796905806287915 0.98140371790456427
14 0.0027608866405444063 0.0027869210415190828 0.93969391980894457 0.94245480644948898 0.97140968278811046 0.97419660382962958 0.9399589633379718 0.94185773945928952 0.97167724227521879 0.97359393921870607
17 0.0065679217967305826 0.0066101519183422615 0.99744630125768419 1.0040142230544147 1.0296267327505713 1.0362368846689134 0.99801789296283461 1.0024635260522783 1.0302020856432941 1.0346764122470549
9 0.0027267693789895363 0.00274543311847415 0.99110079655798555 0.99382756593697508 1.0232383717624713 1.0259838048809455 0.99135926058534374 0.99321510467304708 1.0234986208972412 1.025367184050225
15 0.0014741732557947422 0.0014845489994088717 0.98786933818041955 0.98934351143621435 1.0199843118425294 1.0214688608419382 0.98801032001406308 0.98902365430236261 1.020126290675075 1.0211467617136141
5 0.014065233014755932 0.014397028819544574 0.65601259236956266 0.67007782538431859 0.68299091685630753 0.69738794567585205 0.65729479519693412 0.66681202523100402 0.6843037883956351 0.69404601346425998
6 0.0067800511280798892 0.0069465820979382129 0.64077902759880812 0.647559078726888 0.66738650418433387 0.67433308628227207 0.64143774921533014 0.64606819780417624 0.66806150917253626 0.67280578967641969
19 0.0036094711040347977 0.0036999440798054783 0.63259765518133104 0.63620712628536591 0.65900102650938663 0.66270097058919197 0.63262627268369553 0.63535703900000473 0.65903036396473658 0.66182963598311917
7 0.0061861641184379557 0.0063193006445191983 0.70019797603922718 0.70638414015766515 0.72818440977445076 0.73450371041897 0.70074187289633372 0.7049034814795242 0.72874009092865111 0.73299136423989619
8 0.0026868505883176626 0.0027457693194087003 0.69401973208583434 0.69670658267415209 0.72187123954946619 0.72461700886887492 0.69427652055468381 0.69610734039563893 0.72213367503510784 0.72400465818925319
14 0.0014907551313101219 0.0015237396633345889 0.6907712008286393 0.69226195595994955 0.71855097771868992 0.72007471738202455 0.69091441314546331 0.69193976305662197 0.71869736371467163 0.7197454052877621
17 0.0034300946888755311 0.0035004157913824958 0.72147923500953448 0.72490932969840993 0.74991543927483284 0.75341585506621522 0.72177824499369325 0.72410060426527356 0.75022060330955564 0.75259060408424605
9 0.001430600166625847 0.0014602462863472041 0.71815340627250168 0.71958400643912757 0.7465208513757674 0.74798109766211462 0.71828910248203381 0.71926286717048815 0.74665936410076084 0.74765331260061374
15 0.00077508545115182251 0.00079122791532433383 0.71645521147465496 0.71723029692580664 0.74478732897573974 0.745578556891064 0.71652936387380251 0.71706217757857937 0.74486302705595098 0.74540693878951625
2 1 1 0.76461451182160789 1.7646145118216079 0.79761872598167716 1.7976187259816772 1.0023668048891263 1.6759850765857918 1.0396979285840899 1.7108873104165885
5 0.37297426437209324 0.3785399841212887 1.3860745277003192 1.7646145118216079 1.4246444616095839 1.7976187259816772 1.4202429473091822 1.6759850765857918 1.4585845707968934 1.7108873104165885
6 0.17725420188774194 0.17884537439168244 0.98522572857096913 1.1624799304587108 1.0223368650611928 1.2011822394528753 1.0023668048891263 1.1233456929452053 1.0396979285840899 1.1618265394938925
13 0.10211401504082912 0.10431021687374759 0.76461451182160789 0.86672852686243718 0.79761872598167716 0.9019289428554248 0.77448974509607249 0.84478594344775715 0.80772868655132934 0.87955749945695239
0 0.14373740830714976 0.14508372839231345 1.3860745277003192 1.5311582560926327 1.4246444616095839 1.5683818699167338 1.4202429473091822 1.5181532371413871 1.4585845707968934 1.5555376686443081
1 0.065373004651379518 0.066580579513829313 1.6158224853936294 1.6824030649074584 1.6518069822646813 1.7171799869160607 1.6305627905300364 1.6759850765857918 1.6662975906860094 1.7108873104165885
10 0.037106168581571466 0.037963338679559568 1.7266511731420486 1.7646145118216079 1.7605125574001057 1.7976187259816772 1.7348218692282205 1.7609498853995098 1.7685043513544678 1.794039723811085
2 0.071148471639970151 0.071968784077042436 0.98522572857096913 1.0563742002109393 1.0223368650611928 1.0943056491382355 1.0023668048891263 1.0501676294334992 1.0396979285840899 1.088037242540038
3 0.030231335726962679 0.030448482031863185 1.0959939921883768 1.1262253279153394 1.1342764877619056 1.1647249697937689 1.1027558000056368 1.1233456929452053 1.1410906715281246 1.1618265394938925
11 0.01659722846225236 0.016682202301366213 1.1458827019964586 1.1624799304587108 1.1845000371515093 1.2011822394528753 1.1494755551244948 1.1608884225200407 1.1881124021569298 1.1995831543265973
16 0.041727758602035758 0.04268695670269218 0.76461451182160789 0.8063422704236437 0.79761872598167716 0.84030568268436945 0.77448974509607249 0.80272101333708801 0.80772868655132934 0.8366045701523247
4 0.017190083272972133 0.017541132225649323 0.82922338630263881 0.84641346957561081 0.86367651062556039 0.88121764285120974 0.83308828279273617 0.84478594344775715 0.86762159428868124 0.87955749945695239
12 0.009260005007933619 0.0094381197975206971 0.85746852185450351 0.86672852686243718 0.89249082305790406 0.9019289428554248 0.85947878498595964 0.86584350222984652 0.89454010916486548 0.90102707587086883
5 0.054714883968502104 0.055344627617248433 1.4758136284753842 1.5311582560926327 1.5136669859482315 1.5683818699167338 1.4807878265655194 1.5181532371413871 1.5185904319622137 1.5555376686443081
6 0.025390339575473053 0.02559428996985616 1.417772800552213 1.4433670905220692 1.4561327680747582 1.4815231076502313 1.4202429473091822 1.4377066966094778 1.4585845707968934 1.4759104641231453
13 0.014559467985571265 0.014650644614342137 1.3860745277003192 1.4007251723146612 1.4246444616095839 1.4392039295951551 1.3874897473011849 1.3975738761834977 1.4260513141362419 1.4360730969828168
7 0.026160017040583589 0.026668269577459283 1.655734795329999 1.6824030649074584 1.6910199698754771 1.7171799869160607 1.6580641955320221 1.6759850765857918 1.6933062829819232 1.7108873104165885
8 0.011173510986181679 0.01137245289089849 1.6294789338408953 1.6408513867317938 1.6652324365196385 1.6764059475058202 1.6305627905300364 1.6383089173802434 1.6662975906860094 1.6739084731288632
14 0.0061496146217067324 0.0062543337604803696 1.6158224853936294 1.6220768191541097 1.6518069822646813 1.6579565968863879 1.616422393546723 1.6207232767453219 1.6523969243673404 1.6566258709109392
17 0.015136836308429845 0.015494671016344677 1.7491198408052633 1.7646145118216079 1.7824818896732473 1.7976187259816772 1.7504655324601446 1.7609498853995098 1.7837969401642695 1.794039723811085
9 0.0062544386062180178 0.0063964531230142211 1.7342160770328783 1.7406125301558926 1.7679119285139073 1.7741663671201251 1.7348218692282205 1.7391747781918963 1.7685043513544678 1.7727606997923937
15 0.0033738476969619965 0.0034489915574407652 1.7266511731420486 1.7301001646994891 1.7605125574001057 1.7638864050970677 1.7269808653364447 1.7293515279439542 1.7608350901361074 1.7631541254481364
5 0.026641947866367945 0.026920500351279606 1.0297322523445711 1.0563742002109393 1.0673851487869559 1.0943056491382355 1.0321514227194235 1.0501676294334992 1.069831025298666 1.088037242540038
6 0.01269456727099853 0.012849087295958749 1.0011357621641714 1.01383032943517 1.0384515603992797 1.0513006476952382 1.0023668048891263 1.0110343706844265 1.0396979285840899 1.0484713248410884
13 0.0073795442347149576 0.0074759951005403391 0.98522572857096913 0.992605272805684 1.0223368650611928 1.0298128601617331 0.98594054403723019 0.99102176110192997 1.0230611384643153 1.0282088739701079
7 0.012013431906892144 0.012094473298608958 1.1142118960084473 1.1262253279153394 1.1526304964951599 1.1647249697937689 1.1152662789088292 1.1233456929452053 1.1536922691550118 1.1618265394938925
8 0.005192124743051787 0.0052309761114387957 1.1022599515514415 1.1074520762944933 1.1405910568840567 1.1458220329954956 1.1027558000056368 1.1062933365029426 1.1410906715281246 1.1446547347878926
14 0.002873886686009765 0.0028964156038882782 1.0959939921883768 1.0988678788743864 1.1342764877619056 1.1371729033657938 1.0962699622347922 1.0982465280230027 1.1345546384007086 1.1365467152345223
17 0.0067446093012978013 0.0067775511898565547 1.1557353211574131 1.1624799304587108 1.1944046882630188 1.2011822394528753 1.156322688589926 1.1608884225200407 1.1949950109561447 1.1995831543265973
9 0.0028053771315795081 0.002820218772753293 1.1492095655897843 1.152014942721364 1.187844989268708 1.1906652080414615 1.1494755551244948 1.1513849764379369 1.1881124021569298 1.1900319417444505
15 0.0015179992262273113 0.0015263184435779236 1.1458827019964586 1.1474007012226859 1.1845000371515093 1.186026355595087 1.1460278970711308 1.1470713781411297 1.1846460327195625 1.1856952370620999
5 0.015615988265393446 0.015964943803768256 0.79072628215825036 0.8063422704236437 0.82434073888060122 0.84030568268436945 0.79215199946418313 0.80272101333708801 0.82579881164893565 0.8366045701523247
6 0.0075611784302098139 0.0077379357392467207 0.77375460113997996 0.78131577957018983 0.80697623388700135 0.81471416962624799 0.77448974509607249 0.77965417314087393 0.80772868655132934 0.81301396070251242
19 0.0040346187473493389 0.0041310980042315038 0.76461451182160789 0.76864913056895734 0.79761872598167716 0.80174982398590866 0.76464651363128644 0.76769922430651893 0.79765149619529474 0.80077727478884742
7 0.0068035275636166423 0.0069407381053791734 0.83960994201199413 0.84641346957561081 0.87427690474583053 0.88121764285120974 0.84020851434991972 0.84478594344775715 0.87488763964381733 0.87955749945695239
8 0.0029604939640155408 0.0030214635705940896 0.83280526087409845 0.83576575483811399 0.86733272516233417 0.87035418873292825 0.83308828279273617 0.83510564428786915 0.86762159428868124 0.8696805207503262
14 0.0016440661087353198 0.0016782658189423076 0.82922338630263881 0.83086745241137394 0.86367651062556039 0.86535477644450276 0.82938135173719862 0.8305121735817601 0.86383776778760413 0.86499211834332357
17 0.0037548585594892052 0.0038265779839465625 0.86297366830294786 0.86672852686243718 0.89810236487147821 0.9019289428554248 0.86330110871066357 0.86584350222984652 0.89843608693070054 0.90102707587086883
9 0.0015676368575747556 0.0015979420365977968 0.85933006794117883 0.8608977047987536 0.89438851200473235 0.89598645404133004 0.85947878498595964 0.86054584941577594 0.89454010916486548 0.8956278071210082
15 0.00084973363873162432 0.00086625264617233143 0.85746852185450351 0.85831825549323515 0.89249082305790406 0.89335707570407641 0.85754982251589085 0.85813395773443701 0.89257370574778672 0.89316919815193307
3 1 1 0.65900102650938663 1.6590010265093864 0.67031675707855309 1.6703167570785531 0.88135993573640481 1.5630942185580246 0.89444920143582296 1.5752931155265788
7 0.39674471749008211 0.39919514722553151 1.2598058792838551 1.6590010265093864 1.2735720395884709 1.6703167570785531 1.2947459266365924 1.5630942185580246 1.3084267984791871 1.5752931155265788
8 0.1712081875782136 0.17193588437202426 0.86502869709069974 1.0362368846689134 0.87802249633847951 1.0499583807105037 0.88135993573640481 0.99798942363480525 0.89444920143582296 1.0116006725638509
14 0.094414828556828728 0.09529293236573988 0.65900102650938663 0.75341585506621522 0.67031675707855309 0.76560968944429297 0.66806150917253626 0.73299136423989619 0.67946952996591858 0.74501090894572197
0 0.14928274320675222 0.14982362231188692 1.2598058792838551 1.4096295015957419 1.2735720395884709 1.4228547827952231 1.2947459266365924 1.3960420374147358 1.3084267984791871 1.4093351890611818
1 0.070583104257800705 0.071128024340789658 1.4988596941106969 1.5699877184514865 1.5115462236878714 1.5821293279456721 1.5145335122918664 1.5630942185580246 1.5271087524194336 1.5752931155265788
10 0.040866124938790993 0.041268895708505227 1.6177321308008814 1.6590010265093864 1.6294506321397619 1.6703167570785531 1.6265903003214801 1.6550049072289432 1.6382252426826902 1.6663611394746205
2 0.068099430115751064 0.068461163745955234 0.86502869709069974 0.93312812720645089 0.87802249633847951 0.94648366008443485 0.88135993573640481 0.92715463378563223 0.89444920143582296 0.94048226115194256
3 0.029385364716189209 0.029488796429278562 0.97140968278811046 1.0007950475042997 0.9849266087018913 1.01441540513117 0.97796905806287915 0.99798942363480525 0.99151061146338837 1.0116006725638509
11 0.01625257282638411 0.016295748527178414 1.0199843118425294 1.0362368846689134 1.0336626321833253 1.0499583807105037 1.0234986208972412 1.0346764122470549 1.0371867368616143 1.0483939982275876
16 0.038386919166465534 0.038766242834436263 0.65900102650938663 0.69738794567585205 0.67031675707855309 0.7090829999129894 0.66806150917253626 0.69404601346425998 0.67946952996591858 0.70570925955343733
4 0.015952732700279981 0.01609437614680987 0.71855097771868992 0.73450371041897 0.7304420806904115 0.74653645683722147 0.72213367503510784 0.73299136423989619 0.73405704792341619 0.74501090894572197
12 0.0086285260904754944 0.0087011021420227673 0.74478732897573974 0.75341585506621522 0.75690858730227029 0.76560968944429297 0.74665936410076084 0.75259060408424605 0.75879649944662519 0.76477756382413298
5 0.05734464238283303 0.057606637480724143 1.352022864115018 1.4096295015957419 1.3655101404123902 1.4228547827952231 1.3571772742974348 1.3960420374147358 1.370643855304011 1.4093351890611818
6 0.026219645888715639 0.026298889133629849 1.2922129466810186 1.3185118358146486 1.3059008378671457 1.3321204837558613 1.2947459266365924 1.3126853877290947 1.3084267984791871 1.3263128061703797
13 0.014922333031225515 0.014955794299573479 1.2598058792838551 1.2747616735834284 1.2735720395884709 1.2884943726196965 1.2612488965810373 1.2715414896490345 1.2750120271328806 1.2852817785459865
7 0.028360627022155166 0.028591968670731077 1.5413957497807553 1.5699877184514865 1.5537687009235168 1.5821293279456721 1.5438877122475061 1.5630942185580246 1.5562411578027744 1.5752931155265788
8 0.01202951052480678 0.012118681856660884 1.5133796021642034 1.5254982840208644 1.5259632049747083 1.5379927154995152 1.5145335122918664 1.522786836786822 1.5271087524194336 1.5353014775541096
14 0.0065987875446204963 0.006645364782013983 1.4988596941106969 1.5055050588927108 1.5115462236878714 1.5181450112324919 1.4994967864984343 1.5040662589725753 1.5121788894469013 1.5167163716460956
17 0.016709277878634687 0.016878151842800559 1.6421228746665859 1.6590010265093864 1.6536074791999185 1.6703167570785531 1.643586838581687 1.6550049072289432 1.6550570228141064 1.6663611394746205
9 0.0068765289163500911 0.0069430365680499852 1.6259330874481521 1.6328761240162022 1.6375742836329581 1.6444508125493082 1.6265903003214801 1.6313148134778093 1.6382252426826902 1.6429045425779949
15 0.003702523858165929 0.0037375874819633977 1.6177321308008814 1.6214697182828446 1.6294506321397619 1.633153155997928 1.618089309267327 1.6206582406801571 1.6298044719650933 1.6323493150963981
5 0.025596842448415692 0.025721594099099149 0.90753128475803524 0.93312812720645089 0.92076206598533572 0.94648366008443485 0.90985076207471738 0.92715463378563223 0.9230934040746801 0.94048226115194256
6 0.012122954389970768 0.012190556163715678 0.88018546929715324 0.89230842368712404 0.89326805314465429 0.90545860930836997 0.88135993573640481 0.8896361151721105 0.89444920143582296 0.9027716595344274
13 0.0070250696175615662 0.007066810135382573 0.86502869709069974 0.8720537667082614 0.87802249633847951 0.88508930647386219 0.86570879188444994 0.87054557717850922 0.87870667654822354 0.88357224166416959
7 0.011695500121122835 0.011734539244734212 0.98909954738317685 1.0007950475042997 1.0026808658864357 1.01441540513117 0.9901250616000371 0.99798942363480525 1.0037099157096079 1.0116006725638509
8 0.0050414167554636412 0.0050597934154288284 0.97748779594294311 0.98252921269840665 0.99102757250733142 0.99608736592276026 0.97796905806287915 0.98140371790456427 0.99151061146338837 0.99495781386800619
14 0.0027869210415190828 0.0027974928048905491 0.97140968278811046 0.97419660382962958 0.9849266087018913 0.98772410150678192 0.97167724227521879 0.97359393921870607 0.98519519006904333 0.98711916431883828
17 0.0066101519183422615 0.0066270576091356868 1.0296267327505713 1.0362368846689134 1.0433313231013681 1.0499583807105037 1.0302020856432941 1.0346764122470549 1.043908183128111 1.0483939982275876
9 0.00274543311847415 0.0027529237906659776 1.0232383717624713 1.0259838048809455 1.0369257710179407 1.0396786948086065 1.0234986208972412 1.025367184050225 1.0371867368616143 1.0390604050627543
15 0.0014845489994088717 0.0014887179109255981 1.0199843118425294 1.0214688608419382 1.0336626321833253 1.0351513500942511 1.020126290675075 1.0211467617136141 1.0338050116787192 1.0348283502925464
5 0.014397028819544574 0.014535709530135648 0.68299091685630753 0.69738794567585205 0.69454729038285379 0.7090829999129894 0.6843037883956351 0.69404601346425998 0.69587298652308316 0.70570925955343733
6 0.0069465820979382129 0.0070162829134809979 0.66738650418433387 0.67433308628227207 0.67878770814140021 0.68580399105488132 0.66806150917253626 0.67280578967641969 0.67946952996591858 0.68426145574488217
19 0.0036999440798054783 0.0037378377320822914 0.65900102650938663 0.66270097058919197 0.67031675707855309 0.67405459481063534 0.65903036396473658 0.66182963598311917 0.67034639611716784 0.67317436186801105
7 0.0063193006445191983 0.0063747784460447786 0.72818440977445076 0.73450371041897 0.74016167839117664 0.74653645683722147 0.72874009092865111 0.73299136423989619 0.74072227111807987 0.74501090894572197
8 0.0027457693194087003 0.002770335712955273 0.72187123954946619 0.72461700886887492 0.7337922576726621 0.73656259338561747 0.72213367503510784 0.72400465818925319 0.73405704792341619 0.73594477754652621
14 0.0015237396633345889 0.0015374967474637404 0.71855097771868992 0.72007471738202455 0.7304420806904115 0.73197957743787523 0.71869736371467163 0.7197454052877621 0.73058979042257421 0.73164729622677771
17 0.0035004157913824958 0.0035296724930188907 0.74991543927483284 0.75341585506621522 0.76208001695127414 0.76560968944429297 0.75022060330955564 0.75259060408424605 0.76238774166493739 0.76477756382413298
9 0.0014602462863472041 0.001472584650184424 0.7465208513757674 0.74798109766211462 0.75865681446089983 0.76012939911108424 0.74665936410076084 0.74765331260061374 0.75879649944662519 0.75979884827157906
15 0.00079122791532433383 0.00079794729946968388 0.74478732897573974 0.745578556891064 0.75690858730227029 0.75770653460173998 0.74486302705595098 0.74540693878951625 0.75698492879809742 0.75753346016071299
4 1 1 0.67031675707855309 1.6703167570785531 0.6766032740614234 1.6766032740614234 0.89444920143582296 1.5752931155265788 0.90170722976763784 1.5820582358027107
7 0.39541043138700305 0.39674471749008211 1.2735720395884709 1.6703167570785531 1.2811928426744204 1.6766032740614234 1.3084267984791871 1.5752931155265788 1.3160004513740398 1.5820582358027107
8 0.17193588437202426 0.17233103330265592 0.87802249633847951 1.0499583807105037 0.8852284682049234 1.0575595015075794 0.89444920143582296 1.0116006725638509 0.90170722976763784 1.0191423102681592
14 0.09529293236573988 0.095774921165350566 0.67031675707855309 0.76560968944429297 0.6766032740614234 0.77237819522677398 0.67946952996591858 0.74501090894572197 0.68580677367757958 0.7516838731565626
0 0.14898577605984994 0.14928274320675222 1.2735720395884709 1.4228547827952231 1.2811928426744204 1.4301786187342704 1.3084267984791871 1.4093351890611818 1.3160004513740398 1.4166961238683888
1 0.07028700393929227 0.070583104257800705 1.5115462236878714 1.5821293279456721 1.5185763507509933 1.5888633546902855 1.5271087524194336 1.5752931155265788 1.5340783405700862 1.5820582358027107
10 0.040648043560124358 0.040866124938790993 1.6294506321397619 1.6703167570785531 1.6359552305012992 1.6766032740614234 1.6382252426826902 1.6663611394746205 1.6446845737771065 1.6726695733868351
2 0.068461163745955234 0.06865815916231939 0.87802249633847951 0.94648366008443485 0.8852284682049234 0.95388662736724272 0.89444920143582296 0.94048226115194256 0.90170722976763784 0.94787005918689937
3 0.029488796429278562 0.029544786656938313 0.9849266087018913 1.01441540513117 0.99241718052376626 1.0219619671807045 0.99151061146338837 1.0116006725638509 0.99901452794393075 1.0191423102681592
11 0.016295748527178414 0.016319009045697899 1.0336626321833253 1.0499583807105037 1.0412404924618812 1.0575595015075794 1.0371867368616143 1.0483939982275876 1.0447698790480668 1.0559930148495575
16 0.038766242834436263 0.038974638301300199 0.67031675707855309 0.7090829999129894 0.6766032740614234 0.71557791236272372 0.67946952996591858 0.70570925955343733 0.68580677367757958 0.71218670718149346
4 0.01609437614680987 0.016172067034219261 0.7304420806904115 0.74653645683722147 0.73704459327892868 0.75321666031314793 0.73405704792341619 0.74501090894572197 0.74067726418228419 0.7516838731565626
12 0.0087011021420227673 0.0087408782429772187 0.75690858730227029 0.76560968944429297 0.76363731698379678 0.77237819522677398 0.75879649944662519 0.76477756382413298 0.76553393174761419 0.77154230241424993
5 0.057201248847505846 0.05734464238283303 1.3655101404123902 1.4228547827952231 1.3729773698867644 1.4301786187342704 1.370643855304011 1.4093351890611818 1.3780997373626023 1.4166961238683888
6 0.026176001723962086 0.026219645888715639 1.3059008378671457 1.3321204837558613 1.313478362340587 1.3396543640645491 1.3084267984791871 1.3263128061703797 1.3160004513740398 1.3338570132930689
13 0.014903802473445873 0.014922333031225515 1.2735720395884709 1.2884943726196965 1.2811928426744204 1.2960966451478664 1.2750120271328806 1.2852817785459865 1.2826311501398706 1.2928882499203183
7 0.028235015187794227 0.028360627022155166 1.5537687009235168 1.5821293279456721 1.5606283395024914 1.5888633546902855 1.5562411578027744 1.5752931155265788 1.5630902003370932 1.5820582358027107
8 0.011981027525044352 0.01202951052480678 1.5259632049747083 1.5379927154995152 1.5329373409388949 1.5449183684639396 1.5271087524194336 1.5353014775541096 1.5340783405700862 1.5422381164560797
14 0.0065734459985979793 0.0065987875446204963 1.5115462236878714 1.5181450112324919 1.5185763507509933 1.5251497967495913 1.5121788894469013 1.5167163716460956 1.5192066077965261 1.5237266845799682
17 0.016617875572981167 0.016709277878634687 1.6536074791999185 1.6703167570785531 1.6599853984884421 1.6766032740614234 1.6550570228141064 1.6663611394746205 1.6614271352572587 1.6726695733868351
9 0.0068405075223607345 0.0068765289163500911 1.6375742836329581 1.6444508125493082 1.6440370022242088 1.6508775097465695 1.6382252426826902 1.6429045425779949 1.6446845737771065 1.6493393852313452
15 0.0036835268832646081 0.003702523858165929 1.6294506321397619 1.633153155997928 1.6359552305012992 1.6396387573845637 1.6298044719650933 1.6323493150963981 1.6363072613977583 1.6388390537416542
5 0.025721594099099149 0.025789448995436868 0.92076206598533572 0.94648366008443485 0.92809717837180583 0.95388662736724272 0.9230934040746801 0.94048226115194256 0.93043497205269798 0.94787005918689937
6 0.012190556163715678 0.012227394554263037 0.89326805314465429 0.90545860930836997 0.90052243932119791 0.91274983387546094 0.89444920143582296 0.9027716595344274 0.90170722976763784 0.9100549075482337
13 0.007066810135382573 0.007089575679273416 0.87802249633847951 0.88508930647386219 0.8852284682049234 0.89231804388419667 0.87870667654822354 0.88357224166416959 0.88591487696045024 0.89079613908057598
7 0.011734539244734212 0.011755654126793689 1.0026808658864357 1.01441540513117 1.010206313053911 1.0219619671807045 1.0037099157096079 1.0116006725638509 1.0112372761465402 1.0191423102681592
8 0.0050597934154288284 0.0050697464862102292 0.99102757250733142 0.99608736592276026 0.99853052643821139 1.0036002729244216 0.99151061146338837 0.99495781386800619 0.99901452794393075 1.002468523775242
14 0.0027974928048905491 0.0028032221165986563 0.9849266087018913 0.98772410150678192 0.99241718052376626 0.99522040264036493 0.98519519006904333 0.98711916431883828 0.99268631575045352 0.99461423395232096
17 0.0066270576091356868 0.006636158876917559 1.0433313231013681 1.0499583807105037 1.0509233426306617 1.0575595015075794 1.043908183128111 1.0483939982275876 1.0515010143967021 1.0559930148495575
9 0.0027529237906659776 0.0027569612841509628 1.0369257710179407 1.0396786948086065 1.0445085268310792 1.0472654881152299 1.0371867368616143 1.0390604050627543 1.0447698790480668 1.0466462989514904
15 0.0014887179109255981 0.0014909661332164772 1.0336626321833253 1.0351513500942511 1.0412404924618812 1.0427314585950977 1.0338050116787192 1.0348283502925464 1.0413830880467152 1.0424079731127311
5 0.014535709530135648 0.014611868588815944 0.69454729038285379 0.7090829999129894 0.70096604377390781 0.71557791236272372 0.69587298652308316 0.70570925955343733 0.70229878428565418 0.71218670718149346
6 0.0070162829134809979 0.0070545844941103525 0.67878770814140021 0.68580399105488132 0.68512120552791866 0.692175790022029 0.67946952996591858 0.68426145574488217 0.68580677367757958 0.69062488156374391
19 0.0037378377320822914 0.0037586675132117719 0.67031675707855309 0.67405459481063534 0.6766032740614234 0.68036194157463514 0.67034639611716784 0.67317436186801105 0.67663307888719182 0.67947681752207367
7 0.0063747784460447786 0.0064052026973616784 0.74016167839117664 0.74653645683722147 0.74681145761578627 0.75321666031314793 0.74072227111807987 0.74501090894572197 0.74737474413798122 0.7516838731565626
8 0.002770335712955273 0.0027838117944426312 0.7337922576726621 0.73656259338561747 0.74041118215222246 0.74319499394666511 0.73405704792341619 0.73594477754652621 0.74067726418228419 0.7425741802630208
14 0.0015374967474637404 0.001545044317316543 0.7304420806904115 0.73197957743787523 0.73704459327892868 0.73858963759624519 0.73058979042257421 0.73164729622677771 0.73719302927155772 0.73825572746738466
17 0.0035296724930188907 0.0035457054716357943 0.76208001695127414 0.76560968944429297 0.76883248975513818 0.77237819522677398 0.76238774166493739 0.76477756382413298 0.76914161782793933 0.77154230241424993
9 0.001472584650184424 0.0014793472700292292 0.75865681446089983 0.76012939911108424 0.76539360423421454 0.76687295150424384 0.75879649944662519 0.75979884827157906 0.76553393174761419 0.76654088478081184
15 0.00079794729946968388 0.0008016304445341751 0.75690858730227029 0.75770653460173998 0.76363731698379678 0.76443894742833085 0.75698492879809742 0.75753346016071299 0.76371401116420035 0.76426507472210725
5 1 1 -1.6986060835014696 -0.69860608350146958 -1.7646145118216079 -0.76461451182160789 -1.6056720360862071 -0.92703518226462656 -1.6759850765857918 -1.0023668048891263
0 0.3785399841212887 0.39088601929433331 -1.6986060835014696 -1.3077200642071363 -1.7646145118216079 -1.3860745277003192 -1.6056720360862071 -1.3423640713387697 -1.6759850765857918 -1.4202429473091822
1 0.17366498980403922 0.17725420188774194 -1.0840445172436546 -0.91037952743961548 -1.1624799304587108 -0.98522572857096913 -1.0454285595399073 -0.92703518226462656 -1.1233456929452053 -1.0023668048891263
10 0.097429868310369011 0.10211401504082912 -0.7960359518118385 -0.69860608350146958 -0.86672852686243718 -0.76461451182160789 -0.77501425793792067 -0.70798413008759298 -0.84478594344775715 -0.77448974509607249
5 0.14508372839231345 0.14796598753691065 -1.4556860517440471 -1.3077200642071363 -1.5311582560926327 -1.3860745277003192 -1.4423300942175601 -1.3423640713387697 -1.5181532371413871 -1.4202429473091822
6 0.066580579513829313 0.06928618937909356 -1.6123722431746326 -1.5430860537955389 -1.6824030649074584 -1.6158224853936294 -1.6056720360862071 -1.558383080115312 -1.6759850765857918 -1.6305627905300364
13 0.037963338679559568 0.039914940853471359 -1.6986060835014696 -1.6586911426479982 -1.7646145118216079 -1.7266511731420486 -1.6947459928772113 -1.6672681917319965 -1.7609498853995098 -1.7348218692282205
7 0.06932622117274384 0.071148471639970151 -0.97970574861235926 -0.91037952743961548 -1.0563742002109393 -0.98522572857096913 -0.97363788564509357 -0.92703518226462656 -1.0501676294334992 -1.0023668048891263
8 0.029732868150138494 0.030231335726962679 -1.0482647239328009 -1.0185318557826624 -1.1262253279153394 -1.0959939921883768 -1.0454285595399073 -1.0251741007131814 -1.1233456929452053 -1.1027558000056368
14 0.016396550238671769 0.01659722846225236 -1.0840445172436546 -1.067647967004983 -1.1624799304587108 -1.1458827019964586 -1.0824710286143391 -1.0711949859960883 -1.1608884225200407 -1.1494755551244948
17 0.039691184796821016 0.041727758602035758 -0.73829726829829057 -0.69860608350146958 -0.8063422704236437 -0.76461451182160789 -0.73484606709510081 -0.70798413008759298 -0.80272101333708801 -0.77448974509607249
9 0.016438517671862416 0.017190083272972133 -0.77657186322367144 -0.76013334555180911 -0.84641346957561081 -0.82922338630263881 -0.77501425793792067 -0.76382675362252161 -0.84478594344775715 -0.83308828279273617
15 0.0088771251275609024 0.009260005007933619 -0.7960359518118385 -0.78715882668427772 -0.86672852686243718 -0.85746852185450351 -0.79518715791121086 -0.78908525655569184 -0.86584350222984652 -0.85947878498595964
0 0.055344627617248433 0.056711201055651639 -1.4556860517440471 -1.3989748506883954 -1.5311582560926327 -1.4758136284753842 -1.4423300942175601 -1.4040583307770951 -1.5181532371413871 -1.4807878265655194
1 0.02559428996985616 0.026025417688470574 -1.365880787120306 -1.3398553694318356 -1.4433670905220692 -1.417772800552213 -1.3601190079223522 -1.3423640713387697 -1.4377066966094778 -1.4202429473091822
10 0.014650644614342137 0.01483933833557563 -1.3225594025427119 -1.3077200642071363 -1.4007251723146612 -1.3860745277003192 -1.3193655916747244 -1.3091525154414712 -1.3975738761834977 -1.3874897473011849
2 0.026668269577459283 0.027810942858223719 -1.6123722431746326 -1.584561300316409 -1.6824030649074584 -1.655734795329999 -1.6056720360862071 -1.5869873620610708 -1.6759850765857918 -1.6580641955320221
3 0.01137245289089849 0.011817006480263001 -1.5690744775450787 -1.5572574710648157 -1.6408513867317938 -1.6294789338408953 -1.5664313814041566 -1.558383080115312 -1.6383089173802434 -1.6305627905300364
11 0.0062543337604803696 0.0064876245649284322 -1.5495736783604674 -1.5430860537955389 -1.6220768191541097 -1.6158224853936294 -1.5481692823033402 -1.5437081519983611 -1.6207232767453219 -1.616422393546723
16 0.015494671016344677 0.016310797454024584 -1.6986060835014696 -1.6822952860474449 -1.7646145118216079 -1.7491198408052633 -1.6947459928772113 -1.68371078481485 -1.7609498853995098 -1.7504655324601446
4 0.0063964531230142211 0.0067193632219101811 -1.6733513777444924 -1.6666320145225821 -1.7406125301558926 -1.7342160770328783 -1.6718406437404933 -1.6672681917319965 -1.7391747781918963 -1.7348218692282205
12 0.0034489915574407652 0.0036196064961967634 -1.6623107491441951 -1.6586911426479982 -1.7301001646994891 -1.7266511731420486 -1.6615249653910058 -1.6590370864036088 -1.7293515279439542 -1.7269808653364447
0 0.026019117841198067 0.026641947866367945 -0.97970574861235926 -0.95368663077116134 -1.0563742002109393 -1.0297322523445711 -0.97363788564509357 -0.95604629759961846 -1.0501676294334992 -1.0321514227194235
1 0.012352447621924688 0.01269456727099853 -0.9381904702978392 -0.92583802267591442 -1.01383032943517 -1.0011357621641714 -0.93546847682321599 -0.92703518226462656 -1.0110343706844265 -1.0023668048891263
10 0.0071669623524415194 0.0073795442347149576 -0.917546489792057 -0.91037952743961548 -0.992605272805684 -0.98522572857096913 -0.91600813587257968 -0.91107351345370935 -0.99102176110192997 -0.98594054403723019
2 0.01182648683671279 0.012013431906892144 -1.0482647239328009 -1.0364382370960881 -1.1262253279153394 -1.1142118960084473 -1.0454285595399073 -1.0374756237701093 -1.1233456929452053 -1.1152662789088292
3 0.005103209063824974 0.005192124743051787 -1.0297900711363166 -1.0246868620724916 -1.1074520762944933 -1.1022599515514415 -1.0286509372961028 -1.0251741007131814 -1.1062933365029426 -1.1027558000056368
11 0.0028225028941834011 0.002873886686009765 -1.0213543586768459 -1.0185318557826624 -1.0988678788743864 -1.0959939921883768 -1.0207440462306911 -1.018802855209894 -1.0982465280230027 -1.0962699622347922
16 0.0066664639256527151 0.0067446093012978013 -1.0840445172436546 -1.077378053318002 -1.1624799304587108 -1.1557353211574131 -1.0824710286143391 -1.077958429941454 -1.1608884225200407 -1.156322688589926
4 0.0027704311617406858 0.0028053771315795081 -1.07370277557406 -1.0709323444123193 -1.152014942721364 -1.1492095655897843 -1.0730805864811332 -1.0711949859960883 -1.1513849764379369 -1.1494755551244948
12 0.0014984728955263133 0.0015179992262273113 -1.0691464399005093 -1.067647967004983 -1.1474007012226859 -1.1458827019964586 -1.0688213329396097 -1.0677912842083523 -1.1470713781411297 -1.1460278970711308
0 0.014873569612789321 0.015615988265393446 -0.73829726829829057 -0.72342369868550116 -0.8063422704236437 -0.79072628215825036 -0.73484606709510081 -0.72478065352071452 -0.80272101333708801 -0.79215199946418313
1 0.0071863285322343595 0.0075611784302098139 -0.7144720023768123 -0.70728567384457786 -0.78131577957018983 -0.77375460113997996 -0.71289229719653313 -0.70798413008759298 -0.77965417314087393 -0.77448974509607249
18 0.0038303509111031198 0.0040346187473493389 -0.70243643441257264 -0.69860608350146958 -0.76864913056895734 -0.76461451182160789 -0.70153447934329949 -0.69863645891803483 -0.76769922430651893 -0.76464651363128644
2 0.0065095189079275983 0.0068035275636166423 -0.77657186322367144 -0.77006234431574372 -0.84641346957561081 -0.83960994201199413 -0.77501425793792067 -0.77063486855590113 -0.84478594344775715 -0.84020851434991972
3 0.0028300378456501017 0.0029604939640155408 -0.76638627804159976 -0.7635562401959497 -0.83576575483811399 -0.83280526087409845 -0.76575518165771517 -0.76382675362252161 -0.83510564428786915 -0.83308828279273617
11 0.0015709397038454727 0.0016440661087353198 -0.76170428525565448 -0.76013334555180911 -0.83086745241137394 -0.82922338630263881 -0.76136478655996898 -0.76028427340500704 -0.8305121735817601 -0.82938135173719862
16 0.0036006160009429524 0.0037548585594892052 -0.7960359518118385 -0.79243533581089554 -0.86672852686243718 -0.86297366830294786 -0.79518715791121086 -0.7927492706092012 -0.86584350222984652 -0.86330110871066357
4 0.0015025139720294656 0.0015676368575747556 -0.79044524182626086 -0.78894272785423147 -0.8608977047987536 -0.85933006794117883 -0.79010798230532209 -0.78908525655569184 -0.86054584941577594 -0.85947878498595964
12 0.0008142492521821125 0.00084973363873162432 -0.78797307593645982 -0.78715882668427772 -0.85831825549323515 -0.85746852185450351 -0.78779646834460426 -0.78723672921995036 -0.85813395773443701 -0.85754982251589085
6 1 1 -1.632597655181331 -0.63259765518133104 -1.6590010265093864 -0.65900102650938663 -1.5345146354788142 -0.8506897449624411 -1.5630942185580246 -0.88135993573640481
2 0.39919514722553151 0.40516912914492259 -1.632597655181331 -1.2274285260364086 -1.6590010265093864 -1.2598058792838551 -1.5345146354788142 -1.2625694181504219 -1.5630942185580246 -1.2947459266365924
3 0.1694237387095007 0.1712081875782136 -1.0040142230544147 -0.83459048434491412 -1.0362368846689134 -0.86502869709069974 -0.96604086636530706 -0.8506897449624411 -0.99798942363480525 -0.88135993573640481
11 0.092311674517078807 0.094414828556828728 -0.72490932969840993 -0.63259765518133104 -0.75341585506621522 -0.65900102650938663 -0.7049034814795242 -0.64143774921533014 -0.73299136423989619 -0.66806150917253626
5 0.14982362231188692 0.15111765788910916 -1.3785461839255175 -1.2274285260364086 -1.4096295015957419 -1.2598058792838551 -1.3647946994430118 -1.2625694181504219 -1.3960420374147358 -1.2947459266365924
6 0.071128024340789658 0.072462624593875646 -1.5415488024674162 -1.4690861778735407 -1.5699877184514865 -1.4988596941106969 -1.5345146354788142 -1.4850318925528105 -1.5630942185580246 -1.5145335122918664
13 0.041268895708505227 0.042263279731654335 -1.632597655181331 -1.5903343754496768 -1.6590010265093864 -1.6177321308008814 -1.6285014112616358 -1.5993985936891508 -1.6550049072289432 -1.6265903003214801
7 0.067217973350414364 0.068099430115751064 -0.90180845769532847 -0.83459048434491412 -0.93312812720645089 -0.86502869709069974 -0.89590323413224504 -0.8506897449624411 -0.92715463378563223 -0.88135993573640481
8 0.029130020348632765 0.029385364716189209 -0.96882394015757733 -0.93969391980894457 -1.0007950475042997 -0.97140968278811046 -0.96604086636530706 -0.94619262613147836 -0.99798942363480525 -0.97796905806287915
14 0.016144884873995236 0.01625257282638411 -1.0040142230544147 -0.98786933818041955 -1.0362368846689134 -1.0199843118425294 -1.0024635260522783 -0.99135926058534374 -1.0346764122470549 -1.0234986208972412
17 0.03748017020298744 0.038386919166465534 -0.67007782538431859 -0.63259765518133104 -0.69738794567585205 -0.65900102650938663 -0.66681202523100402 -0.64143774921533014 -0.69404601346425998 -0.66806150917253626
9 0.015612939329025816 0.015952732700279981 -0.70638414015766515 -0.6907712008286393 -0.73450371041897 -0.71855097771868992 -0.7049034814795242 -0.69427652055468381 -0.73299136423989619 -0.72213367503510784
15 0.0084541182237550336 0.0086285260904754944 -0.72490932969840993 -0.71645521147465496 -0.75341585506621522 -0.74478732897573974 -0.72410060426527356 -0.71828910248203381 -0.75259060408424605 -0.74665936410076084
0 0.057606637480724143 0.058237960549356038 -1.3785461839255175 -1.3203082233761618 -1.4096295015957419 -1.352022864115018 -1.3647946994430118 -1.3255122972202724 -1.3960420374147358 -1.3571772742974348
1 0.026298889133629849 0.026487123364186412 -1.2865069432573264 -1.2600198198931398 -1.3185118358146486 -1.2922129466810186 -1.2806357960624768 -1.2625694181504219 -1.3126853877290947 -1.2947459266365924
10 0.014955794299573479 0.015034274010099999 -1.2424628000465086 -1.2274285260364086 -1.2747616735834284 -1.2598058792838551 -1.239224771849714 -1.2288786272290753 -1.2715414896490345 -1.2612488965810373
2 0.028591968670731077 0.029159529570114251 -1.5415488024674162 -1.5123892728973019 -1.5699877184514865 -1.5413957497807553 -1.5345146354788142 -1.5149290377398199 -1.5630942185580246 -1.5438877122475061
3 0.012118681856660884 0.01233678494863483 -1.4961943230209571 -1.4838575380723222 -1.5254982840208644 -1.5133796021642034 -1.4934334261185649 -1.4850318925528105 -1.522786836786822 -1.5145335122918664
11 0.006645364782013983 0.0067591133786639715 -1.4758452912522044 -1.4690861778735407 -1.5055050588927108 -1.4988596941106969 -1.4743816724688048 -1.4697340778015833 -1.5040662589725753 -1.4994967864984343
16 0.016878151842800559 0.017295437073076902 -1.632597655181331 -1.6153022181082544 -1.6590010265093864 -1.6421228746665859 -1.6285014112616358 -1.6168017946497302 -1.6550049072289432 -1.643586838581687
4 0.0069430365680499852 0.007107125268082274 -1.6058330801039262 -1.5987259548358439 -1.6328761240162022 -1.6259330874481521 -1.6042346539917356 -1.5993985936891508 -1.6313148134778093 -1.6265903003214801
12 0.0037375874819633977 0.0038240347791269141 -1.5941584102288036 -1.5903343754496768 -1.6214697182828446 -1.6177321308008814 -1.5933281027614774 -1.590699784110414 -1.6206582406801571 -1.618089309267327
0 0.02529204047889828 0.025596842448415692 -0.90180845769532847 -0.87651641721643014 -0.93312812720645089 -0.90753128475803524 -0.89590323413224504 -0.87880695733268499 -0.92715463378563223 -0.90985076207471738
1 0.011958453413079074 0.012122954389970768 -0.86148998170886493 -0.84953152829578593 -0.89230842368712404 -0.88018546929715324 -0.85885331990738978 -0.8506897449624411 -0.8896361151721105 -0.88135993573640481
10 0.0069236916736995363 0.0070250696175615662 -0.84151417601861356 -0.83459048434491412 -0.8720537667082614 -0.86502869709069974 -0.84002754869471086 -0.83526065986827747 -0.87054557717850922 -0.86570879188444994
2 0.011598946318243059 0.011695500121122835 -0.96882394015757733 -0.95722499383933424 -1.0007950475042997 -0.98909954738317685 -0.96604086636530706 -0.95824177328396432 -0.99798942363480525 -0.9901250616000371
3 0.0049961021410917499 0.0050414167554636412 -0.95071184575754752 -0.94571574361645572 -0.98252921269840665 -0.97748779594294311 -0.94959635939402109 -0.94619262613147836 -0.98140371790456427 -0.97796905806287915
11 0.0027608866405444063 0.0027869210415190828 -0.94245480644948898 -0.93969391980894457 -0.97419660382962958 -0.97140968278811046 -0.94185773945928952 -0.9399589633379718 -0.97359393921870607 -0.97167724227521879
16 0.0065679217967305826 0.0066101519183422615 -1.0040142230544147 -0.99744630125768419 -1.0362368846689134 -1.0296267327505713 -1.0024635260522783 -0.99801789296283461 -1.0346764122470549 -1.0302020856432941
4 0.0027267693789895363 0.00274543311847415 -0.99382756593697508 -0.99110079655798555 -1.0259838048809455 -1.0232383717624713 -0.99321510467304708 -0.99135926058534374 -1.025367184050225 -1.0234986208972412
12 0.0014741732557947422 0.0014845489994088717 -0.98934351143621435 -0.98786933818041955 -1.0214688608419382 -1.0199843118425294 -0.98902365430236261 -0.98801032001406308 -1.0211467617136141 -1.020126290675075
0 0.014065233014755932 0.014397028819544574 -0.67007782538431859 -0.65601259236956266 -0.69738794567585205 -0.68299091685630753 -0.66681202523100402 -0.65729479519693412 -0.69404601346425998 -0.6843037883956351
1 0.0067800511280798892 0.0069465820979382129 -0.647559078726888 -0.64077902759880812 -0.67433308628227207 -0.66738650418433387 -0.64606819780417624 -0.64143774921533014 -0.67280578967641969 -0.66806150917253626
18 0.0036094711040347977 0.0036999440798054783 -0.63620712628536591 -0.63259765518133104 -0.66270097058919197 -0.65900102650938663 -0.63535703900000473 -0.63262627268369553 -0.66182963598311917 -0.65903036396473658
2 0.0061861641184379557 0.0063193006445191983 -0.70638414015766515 -0.70019797603922718 -0.73450371041897 -0.72818440977445076 -0.7049034814795242 -0.70074187289633372 -0.73299136423989619 -0.72874009092865111
3 0.0026868505883176626 0.0027457693194087003 -0.69670658267415209 -0.69401973208583434 -0.72461700886887492 -0.72187123954946619 -0.69610734039563893 -0.69427652055468381 -0.72400465818925319 -0.72213367503510784
11 0.0014907551313101219 0.0015237396633345889 -0.69226195595994955 -0.6907712008286393 -0.72007471738202455 -0.71855097771868992 -0.69193976305662197 -0.69091441314546331 -0.7197454052877621 -0.71869736371467163
16 0.0034300946888755311 0.0035004157913824958 -0.72490932969840993 -0.72147923500953448 -0.75341585506621522 -0.74991543927483284 -0.72410060426527356 -0.72177824499369325 -0.75259060408424605 -0.75022060330955564
4 0.001430600166625847 0.0014602462863472041 -0.71958400643912757 -0.71815340627250168 -0.74798109766211462 -0.7465208513757674 -0.71926286717048815 -0.71828910248203381 -0.74765331260061374 -0.74665936410076084
12 0.00077508545115182251 0.00079122791532433383 -0.71723029692580664 -0.71645521147465496 -0.745578556891064 -0.74478732897573974 -0.71706217757857937 -0.71652936387380251 -0.74540693878951625 -0.74486302705595098
7 1 1 -1.7646145118216079 -0.76461451182160789 -1.7976187259816772 -0.79761872598167716 -1.6759850765857918 -1.0023668048891263 -1.7108873104165885 -1.0396979285840899
0 0.37297426437209324 0.3785399841212887 -1.7646145118216079 -1.3860745277003192 -1.7976187259816772 -1.4246444616095839 -1.6759850765857918 -1.4202429473091822 -1.7108873104165885 -1.4585845707968934
1 0.17725420188774194 0.17884537439168244 -1.1624799304587108 -0.98522572857096913 -1.2011822394528753 -1.0223368650611928 -1.1233456929452053 -1.0023668048891263 -1.1618265394938925 -1.0396979285840899
10 0.10211401504082912 0.10431021687374759 -0.86672852686243718 -0.76461451182160789 -0.9019289428554248 -0.79761872598167716 -0.84478594344775715 -0.77448974509607249 -0.87955749945695239 -0.80772868655132934
5 0.14373740830714976 0.14508372839231345 -1.5311582560926327 -1.3860745277003192 -1.5683818699167338 -1.4246444616095839 -1.5181532371413871 -1.4202429473091822 -1.5555376686443081 -1.4585845707968934
6 0.065373004651379518 0.066580579513829313 -1.6824030649074584 -1.6158224853936294 -1.7171799869160607 -1.6518069822646813 -1.6759850765857918 -1.6305627905300364 -1.7108873104165885 -1.6662975906860094
13 0.037106168581571466 0.037963338679559568 -1.7646145118216079 -1.7266511731420486 -1.7976187259816772 -1.7605125574001057 -1.7609498853995098 -1.7348218692282205 -1.794039723811085 -1.7685043513544678
7 0.071148471639970151 0.071968784077042436 -1.0563742002109393 -0.98522572857096913 -1.0943056491382355 -1.0223368650611928 -1.0501676294334992 -1.0023668048891263 -1.088037242540038 -1.0396979285840899
8 0.030231335726962679 0.030448482031863185 -1.1262253279153394 -1.0959939921883768 -1.1647249697937689 -1.1342764877619056 -1.1233456929452053 -1.1027558000056368 -1.1618265394938925 -1.1410906715281246
14 0.01659722846225236 0.016682202301366213 -1.1624799304587108 -1.1458827019964586 -1.2011822394528753 -1.1845000371515093 -1.1608884225200407 -1.1494755551244948 -1.1995831543265973 -1.1881124021569298
17 0.041727758602035758 0.04268695670269218 -0.8063422704236437 -0.76461451182160789 -0.84030568268436945 -0.79761872598167716 -0.80272101333708801 -0.77448974509607249 -0.8366045701523247 -0.80772868655132934
9 0.017190083272972133 0.017541132225649323 -0.84641346957561081 -0.82922338630263881 -0.88121764285120974 -0.86367651062556039 -0.84478594344775715 -0.83308828279273617 -0.87955749945695239 -0.86762159428868124
15 0.009260005007933619 0.0094381197975206971 -0.86672852686243718 -0.85746852185450351 -0.9019289428554248 -0.89249082305790406 -0.86584350222984652 -0.85947878498595964 -0.90102707587086883 -0.89454010916486548
0 0.054714883968502104 0.055344627617248433 -1.5311582560926327 -1.4758136284753842 -1.5683818699167338 -1.5136669859482315 -1.5181532371413871 -1.4807878265655194 -1.5555376686443081 -1.5185904319622137
1 0.025390339575473053 0.02559428996985616 -1.4433670905220692 -1.417772800552213 -1.4815231076502313 -1.4561327680747582 -1.4377066966094778 -1.4202429473091822 -1.4759104641231453 -1.4585845707968934
10 0.014559467985571265 0.014650644614342137 -1.4007251723146612 -1.3860745277003192 -1.4392039295951551 -1.4246444616095839 -1.3975738761834977 -1.3874897473011849 -1.4360730969828168 -1.4260513141362419
2 0.026160017040583589 0.026668269577459283 -1.6824030649074584 -1.655734795329999 -1.7171799869160607 -1.6910199698754771 -1.6759850765857918 -1.6580641955320221 -1.7108873104165885 -1.6933062829819232
3 0.011173510986181679 0.01137245289089849 -1.6408513867317938 -1.6294789338408953 -1.6764059475058202 -1.6652324365196385 -1.6383089173802434 -1.6305627905300364 -1.6739084731288632 -1.6662975906860094
11 0.0061496146217067324 0.0062543337604803696 -1.6220768191541097 -1.6158224853936294 -1.6579565968863879 -1.6518069822646813 -1.6207232767453219 -1.616422393546723 -1.6566258709109392 -1.6523969243673404
16 0.015136836308429845 0.015494671016344677 -1.7646145118216079 -1.7491198408052633 -1.7976187259816772 -1.7824818896732473 -1.7609498853995098 -1.7504655324601446 -1.794039723811085 -1.7837969401642695
4 0.0062544386062180178 0.0063964531230142211 -1.7406125301558926 -1.7342160770328783 -1.7741663671201251 -1.7679119285139073 -1.7391747781918963 -1.7348218692282205 -1.7727606997923937 -1.7685043513544678
12 0.0033738476969619965 0.0034489915574407652 -1.7301001646994891 -1.7266511731420486 -1.7638864050970677 -1.7605125574001057 -1.7293515279439542 -1.7269808653364447 -1.7631541254481364 -1.7608350901361074
0 0.026641947866367945 0.026920500351279606 -1.0563742002109393 -1.0297322523445711 -1.0943056491382355 -1.0673851487869559 -1.0501676294334992 -1.0321514227194235 -1.088037242540038 -1.069831025298666
1 0.01269456727099853 0.012849087295958749 -1.01383032943517 -1.0011357621641714 -1.0513006476952382 -1.0384515603992797 -1.0110343706844265 -1.0023668048891263 -1.0484713248410884 -1.0396979285840899
10 0.0073795442347149576 0.0074759951005403391 -0.992605272805684 -0.98522572857096913 -1.0298128601617331 -1.0223368650611928 -0.99102176110192997 -0.98594054403723019 -1.0282088739701079 -1.0230611384643153
2 0.012013431906892144 0.012094473298608958 -1.1262253279153394 -1.1142118960084473 -1.1647249697937689 -1.1526304964951599 -1.1233456929452053 -1.1152662789088292 -1.1618265394938925 -1.1536922691550118
3 0.005192124743051787 0.0052309761114387957 -1.1074520762944933 -1.1022599515514415 -1.1458220329954956 -1.1405910568840567 -1.1062933365029426 -1.1027558000056368 -1.1446547347878926 -1.1410906715281246
11 0.002873886686009765 0.0028964156038882782 -1.0988678788743864 -1.0959939921883768 -1.1371729033657938 -1.1342764877619056 -1.0982465280230027 -1.0962699622347922 -1.1365467152345223 -1.1345546384007086
16 0.0067446093012978013 0.0067775511898565547 -1.1624799304587108 -1.1557353211574131 -1.2011822394528753 -1.1944046882630188 -1.1608884225200407 -1.156322688589926 -1.1995831543265973 -1.1949950109561447
4 0.0028053771315795081 0.002820218772753293 -1.152014942721364 -1.1492095655897843 -1.1906652080414615 -1.187844989268708 -1.1513849764379369 -1.1494755551244948 -1.1900319417444505 -1.1881124021569298
12 0.0015179992262273113 0.0015263184435779236 -1.1474007012226859 -1.1458827019964586 -1.186026355595087 -1.1845000371515093 -1.1470713781411297 -1.1460278970711308 -1.1856952370620999 -1.1846460327195625
0 0.015615988265393446 0.015964943803768256 -0.8063422704236437 -0.79072628215825036 -0.84030568268436945 -0.82434073888060122 -0.80272101333708801 -0.79215199946418313 -0.8366045701523247 -0.82579881164893565
1 0.0075611784302098139 0.0077379357392467207 -0.78131577957018983 -0.77375460113997996 -0.81471416962624799 -0.80697623388700135 -0.77965417314087393 -0.77448974509607249 -0.81301396070251242 -0.80772868655132934
18 0.0040346187473493389 0.0041310980042315038 -0.76864913056895734 -0.76461451182160789 -0.80174982398590866 -0.79761872598167716 -0.76769922430651893 -0.76464651363128644 -0.80077727478884742 -0.79765149619529474
2 0.0068035275636166423 0.0069407381053791734 -0.84641346957561081 -0.83960994201199413 -0.88121764285120974 -0.87427690474583053 -0.84478594344775715 -0.84020851434991972 -0.87955749945695239 -0.87488763964381733
3 0.0029604939640155408 0.0030214635705940896 -0.83576575483811399 -0.83280526087409845 -0.87035418873292825 -0.86733272516233417 -0.83510564428786915 -0.83308828279273617 -0.8696805207503262 -0.86762159428868124
11 0.0016440661087353198 0.0016782658189423076 -0.83086745241137394 -0.82922338630263881 -0.86535477644450276 -0.86367651062556039 -0.8305121735817601 -0.82938135173719862 -0.86499211834332357 -0.86383776778760413
16 0.0037548585594892052 0.0038265779839465625 -0.86672852686243718 -0.86297366830294786 -0.9019289428554248 -0.89810236487147821 -0.86584350222984652 -0.86330110871066357 -0.90102707587086883 -0.89843608693070054
4 0.0015676368575747556 0.0015979420365977968 -0.8608977047987536 -0.85933006794117883 -0.89598645404133004 -0.89438851200473235 -0.86054584941577594 -0.85947878498595964 -0.8956278071210082 -0.89454010916486548
12 0.00084973363873162432 0.00086625264617233143 -0.85831825549323515 -0.85746852185450351 -0.89335707570407641 -0.89249082305790406 -0.85813395773443701 -0.85754982251589085 -0.89316919815193307 -0.89257370574778672
8 1 1 -1.6590010265093864 -0.65900102650938663 -1.6703167570785531 -0.67031675707855309 -1.5630942185580246 -0.88135993573640481 -1.5752931155265788 -0.89444920143582296
2 0.39674471749008211 0.39919514722553151 -1.6590010265093864 -1.2598058792838551 -1.6703167570785531 -1.2735720395884709 -1.5630942185580246 -1.2947459266365924 -1.5752931155265788 -1.3084267984791871
3 0.1712081875782136 0.17193588437202426 -1.0362368846689134 -0.86502869709069974 -1.0499583807105037 -0.87802249633847951 -0.99798942363480525 -0.88135993573640481 -1.0116006725638509 -0.89444920143582296
11 0.094414828556828728 0.09529293236573988 -0.75341585506621522 -0.65900102650938663 -0.76560968944429297 -0.67031675707855309 -0.73299136423989619 -0.66806150917253626 -0.74501090894572197 -0.67946952996591858
5 0.14928274320675222 0.14982362231188692 -1.4096295015957419 -1.2598058792838551 -1.4228547827952231 -1.2735720395884709 -1.3960420374147358 -1.2947459266365924 -1.4093351890611818 -1.3084267984791871
6 0.070583104257800705 0.071128024340789658 -1.5699877184514865 -1.4988596941106969 -1.5821293279456721 -1.5115462236878714 -1.5630942185580246 -1.5145335122918664 -1.5752931155265788 -1.5271087524194336
13 0.040866124938790993 0.041268895708505227 -1.6590010265093864 -1.6177321308008814 -1.6703167570785531 -1.6294506321397619 -1.6550049072289432 -1.6265903003214801 -1.6663611394746205 -1.6382252426826902
7 0.068099430115751064 0.068461163745955234 -0.93312812720645089 -0.86502869709069974 -0.94648366008443485 -0.87802249633847951 -0.92715463378563223 -0.88135993573640481 -0.94048226115194256 -0.89444920143582296
8 0.029385364716189209 0.029488796429278562 -1.0007950475042997 -0.97140968278811046 -1.01441540513117 -0.9849266087018913 -0.99798942363480525 -0.97796905806287915 -1.0116006725638509 -0.99151061146338837
14 0.01625257282638411 0.016295748527178414 -1.0362368846689134 -1.0199843118425294 -1.0499583807105037 -1.0336626321833253 -1.0346764122470549 -1.0234986208972412 -1.0483939982275876 -1.0371867368616143
17 0.038386919166465534 0.038766242834436263 -0.69738794567585205 -0.65900102650938663 -0.7090829999129894 -0.67031675707855309 -0.69404601346425998 -0.66806150917253626 -0.70570925955343733 -0.67946952996591858
9 0.015952732700279981 0.01609437614680987 -0.73450371041897 -0.71855097771868992 -0.74653645683722147 -0.7304420806904115 -0.73299136423989619 -0.72213367503510784 -0.74501090894572197 -0.73405704792341619
15 0.0086285260904754944 0.0087011021420227673 -0.75341585506621522 -0.74478732897573974 -0.76560968944429297 -0.75690858730227029 -0.75259060408424605 -0.74665936410076084 -0.76477756382413298 -0.75879649944662519
0 0.05734464238283303 0.057606637480724143 -1.4096295015957419 -1.352022864115018 -1.4228547827952231 -1.3655101404123902 -1.3960420374147358 -1.3571772742974348 -1.4093351890611818 -1.370643855304011
1 0.026219645888715639 0.026298889133629849 -1.3185118358146486 -1.2922129466810186 -1.3321204837558613 -1.3059008378671457 -1.3126853877290947 -1.2947459266365924 -1.3263128061703797 -1.3084267984791871
10 0.014922333031225515 0.014955794299573479 -1.2747616735834284 -1.2598058792838551 -1.2884943726196965 -1.2735720395884709 -1.2715414896490345 -1.2612488965810373 -1.2852817785459865 -1.2750120271328806
2 0.028360627022155166 0.028591968670731077 -1.5699877184514865 -1.5413957497807553 -1.5821293279456721 -1.5537687009235168 -1.5630942185580246 -1.5438877122475061 -1.5752931155265788 -1.5562411578027744
3 0.01202951052480678 0.012118681856660884 -1.5254982840208644 -1.5133796021642034 -1.5379927154995152 -1.5259632049747083 -1.522786836786822 -1.5145335122918664 -1.5353014775541096 -1.5271087524194336
11 0.0065987875446204963 0.006645364782013983 -1.5055050588927108 -1.4988596941106969 -1.5181450112324919 -1.5115462236878714 -1.5040662589725753 -1.4994967864984343 -1.5167163716460956 -1.5121788894469013
16 0.016709277878634687 0.016878151842800559 -1.6590010265093864 -1.6421228746665859 -1.6703167570785531 -1.6536074791999185 -1.6550049072289432 -1.643586838581687 -1.6663611394746205 -1.6550570228141064
4 0.0068765289163500911 0.0069430365680499852 -1.6328761240162022 -1.6259330874481521 -1.6444508125493082 -1.6375742836329581 -1.6313148134778093 -1.6265903003214801 -1.6429045425779949 -1.6382252426826902
12 0.003702523858165929 0.0037375874819633977 -1.6214697182828446 -1.6177321308008814 -1.633153155997928 -1.6294506321397619 -1.6206582406801571 -1.618089309267327 -1.6323493150963981 -1.6298044719650933
0 0.025596842448415692 0.025721594099099149 -0.93312812720645089 -0.90753128475803524 -0.94648366008443485 -0.92076206598533572 -0.92715463378563223 -0.90985076207471738 -0.94048226115194256 -0.9230934040746801
1 0.012122954389970768 0.012190556163715678 -0.89230842368712404 -0.88018546929715324 -0.90545860930836997 -0.89326805314465429 -0.8896361151721105 -0.88135993573640481 -0.9027716595344274 -0.89444920143582296
10 0.0070250696175615662 0.007066810135382573 -0.8720537667082614 -0.86502869709069974 -0.88508930647386219 -0.87802249633847951 -0.87054557717850922 -0.86570879188444994 -0.88357224166416959 -0.87870667654822354
2 0.011695500121122835 0.011734539244734212 -1.0007950475042997 -0.98909954738317685 -1.01441540513117 -1.0026808658864357 -0.99798942363480525 -0.9901250616000371 -1.0116006725638509 -1.0037099157096079
3 0.0050414167554636412 0.0050597934154288284 -0.98252921269840665 -0.97748779594294311 -0.99608736592276026 -0.99102757250733142 -0.98140371790456427 -0.97796905806287915 -0.99495781386800619 -0.99151061146338837
11 0.0027869210415190828 0.0027974928048905491 -0.97419660382962958 -0.97140968278811046 -0.98772410150678192 -0.9849266087018913 -0.97359393921870607 -0.97167724227521879 -0.98711916431883828 -0.98519519006904333
16 0.0066101519183422615 0.0066270576091356868 -1.0362368846689134 -1.0296267327505713 -1.0499583807105037 -1.0433313231013681 -1.0346764122470549 -1.0302020856432941 -1.0483939982275876 -1.043908183128111
4 0.00274543311847415 0.0027529237906659776 -1.0259838048809455 -1.0232383717624713 -1.0396786948086065 -1.0369257710179407 -1.025367184050225 -1.0234986208972412 -1.0390604050627543 -1.0371867368616143
12 0.0014845489994088717 0.0014887179109255981 -1.0214688608419382 -1.0199843118425294 -1.0351513500942511 -1.0336626321833253 -1.0211467617136141 -1.020126290675075 -1.0348283502925464 -1.0338050116787192
0 0.014397028819544574 0.014535709530135648 -0.69738794567585205 -0.68299091685630753 -0.7090829999129894 -0.69454729038285379 -0.69404601346425998 -0.6843037883956351 -0.70570925955343733 -0.69587298652308316
1 0.0069465820979382129 0.0070162829134809979 -0.67433308628227207 -0.66738650418433387 -0.68580399105488132 -0.67878770814140021 -0.67280578967641969 -0.66806150917253626 -0.68426145574488217 -0.67946952996591858
18 0.0036999440798054783 0.0037378377320822914 -0.66270097058919197 -0.65900102650938663 -0.67405459481063534 -0.67031675707855309 -0.66182963598311917 -0.65903036396473658 -0.67317436186801105 -0.67034639611716784
2 0.0063193006445191983 0.0063747784460447786 -0.73450371041897 -0.72818440977445076 -0.74653645683722147 -0.74016167839117664 -0.73299136423989619 -0.72874009092865111 -0.74501090894572197 -0.74072227111807987
3 0.0027457693194087003 0.002770335712955273 -0.72461700886887492 -0.72187123954946619 -0.73656259338561747 -0.7337922576726621 -0.72400465818925319 -0.72213367503510784 -0.73594477754652621 -0.73405704792341619
11 0.0015237396633345889 0.0015374967474637404 -0.72007471738202455 -0.71855097771868992 -0.73197957743787523 -0.7304420806904115 -0.7197454052877621 -0.71869736371467163 -0.73164729622677771 -0.73058979042257421
16 0.0035004157913824958 0.0035296724930188907 -0.75341585506621522 -0.74991543927483284 -0.76560968944429297 -0.76208001695127414 -0.75259060408424605 -0.75022060330955564 -0.76477756382413298 -0.76238774166493739
4 0.0014602462863472041 0.001472584650184424 -0.74798109766211462 -0.7465208513757674 -0.76012939911108424 -0.75865681446089983 -0.74765331260061374 -0.74665936410076084 -0.75979884827157906 -0.75879649944662519
12 0.00079122791532433383 0.00079794729946968388 -0.745578556891064 -0.74478732897573974 -0.75770653460173998 -0.75690858730227029 -0.74540693878951625 -0.74486302705595098 -0.75753346016071299 -0.75698492879809742
9 1 1 -1.6703167570785531 -0.67031675707855309 -1.6766032740614234 -0.6766032740614234 -1.5752931155265788 -0.89444920143582296 -1.5820582358027107 -0.90170722976763784
2 0.39541043138700305 0.39674471749008211 -1.6703167570785531 -1.2735720395884709 -1.6766032740614234 -1.2811928426744204 -1.5752931155265788 -1.3084267984791871 -1.5820582358027107 -1.3160004513740398
3 0.17193588437202426 0.17233103330265592 -1.0499583807105037 -0.87802249633847951 -1.0575595015075794 -0.8852284682049234 -1.0116006725638509 -0.89444920143582296 -1.0191423102681592 -0.90170722976763784
11 0.09529293236573988 0.095774921165350566 -0.76560968944429297 -0.67031675707855309 -0.77237819522677398 -0.6766032740614234 -0.74501090894572197 -0.67946952996591858 -0.7516838731565626 -0.68580677367757958
5 0.14898577605984994 0.14928274320675222 -1.4228547827952231 -1.2735720395884709 -1.4301786187342704 -1.2811928426744204 -1.4093351890611818 -1.3084267984791871 -1.4166961238683888 -1.3160004513740398
6 0.07028700393929227 0.070583104257800705 -1.5821293279456721 -1.5115462236878714 -1.5888633546902855 -1.5185763507509933 -1.5752931155265788 -1.5271087524194336 -1.5820582358027107 -1.5340783405700862
13 0.040648043560124358 0.040866124938790993 -1.6703167570785531 -1.6294506321397619 -1.6766032740614234 -1.6359552305012992 -1.6663611394746205 -1.6382252426826902 -1.6726695733868351 -1.6446845737771065
7 0.068461163745955234 0.06865815916231939 -0.94648366008443485 -0.87802249633847951 -0.95388662736724272 -0.8852284682049234 -0.94048226115194256 -0.89444920143582296 -0.94787005918689937 -0.90170722976763784
8 0.029488796429278562 0.029544786656938313 -1.01441540513117 -0.9849266087018913 -1.0219619671807045 -0.99241718052376626 -1.0116006725638509 -0.99151061146338837 -1.0191423102681592 -0.99901452794393075
14 0.016295748527178414 0.016319009045697899 -1.0499583807105037 -1.0336626321833253 -1.0575595015075794 -1.0412404924618812 -1.0483939982275876 -1.0371867368616143 -1.0559930148495575 -1.0447698790480668
17 0.038766242834436263 0.038974638301300199 -0.7090829999129894 -0.67031675707855309 -0.71557791236272372 -0.6766032740614234 -0.70570925955343733 -0.67946952996591858 -0.71218670718149346 -0.68580677367757958
9 0.01609437614680987 0.016172067034219261 -0.74653645683722147 -0.7304420806904115 -0.75321666031314793 -0.73704459327892868 -0.74501090894572197 -0.73405704792341619 -0.7516838731565626 -0.74067726418228419
15 0.0087011021420227673 0.0087408782429772187 -0.76560968944429297 -0.75690858730227029 -0.77237819522677398 -0.76363731698379678 -0.76477756382413298 -0.75879649944662519 -0.77154230241424993 -0.76553393174761419
0 0.057201248847505846 0.05734464238283303 -1.4228547827952231 -1.3655101404123902 -1.4301786187342704 -1.3729773698867644 -1.4093351890611818 -1.370643855304011 -1.4166961238683888 -1.3780997373626023
1 0.026176001723962086 0.026219645888715639 -1.3321204837558613 -1.3059008378671457 -1.3396543640645491 -1.313478362340587 -1.3263128061703797 -1.3084267984791871 -1.3338570132930689 -1.3160004513740398
10 0.014903802473445873 0.014922333031225515 -1.2884943726196965 -1.2735720395884709 -1.2960966451478664 -1.2811928426744204 -1.2852817785459865 -1.2750120271328806 -1.2928882499203183 -1.2826311501398706
2 0.028235015187794227 0.028360627022155166 -1.5821293279456721 -1.5537687009235168 -1.5888633546902855 -1.5606283395024914 -1.5752931155265788 -1.5562411578027744 -1.5820582358027107 -1.5630902003370932
3 0.011981027525044352 0.01202951052480678 -1.5379927154995152 -1.5259632049747083 -1.5449183684639396 -1.5329373409388949 -1.5353014775541096 -1.5271087524194336 -1.5422381164560797 -1.5340783405700862
11 0.0065734459985979793 0.0065987875446204963 -1.5181450112324919 -1.5115462236878714 -1.5251497967495913 -1.5185763507509933 -1.5167163716460956 -1.5121788894469013 -1.5237266845799682 -1.5192066077965261
16 0.016617875572981167 0.016709277878634687 -1.6703167570785531 -1.6536074791999185 -1.6766032740614234 -1.6599853984884421 -1.6663611394746205 -1.6550570228141064 -1.6726695733868351 -1.6614271352572587
4 0.0068405075223607345 0.0068765289163500911 -1.6444508125493082 -1.6375742836329581 -1.6508775097465695 -1.6440370022242088 -1.6429045425779949 -1.6382252426826902 -1.6493393852313452 -1.6446845737771065
12 0.0036835268832646081 0.003702523858165929 -1.633153155997928 -1.6294506321397619 -1.6396387573845637 -1.6359552305012992 -1.6323493150963981 -1.6298044719650933 -1.6388390537416542 -1.6363072613977583
0 0.025721594099099149 0.025789448995436868 -0.94648366008443485 -0.92076206598533572 -0.95388662736724272 -0.92809717837180583 -0.94048226115194256 -0.9230934040746801 -0.94787005918689937 -0.93043497205269798
1 0.012190556163715678 0.012227394554263037 -0.90545860930836997 -0.89326805314465429 -0.91274983387546094 -0.90052243932119791 -0.9027716595344274 -0.89444920143582296 -0.9100549075482337 -0.90170722976763784
10 0.007066810135382573 0.007089575679273416 -0.88508930647386219 -0.87802249633847951 -0.89231804388419667 -0.8852284682049234 -0.88357224166416959 -0.87870667654822354 -0.89079613908057598 -0.88591487696045024
2 0.011734539244734212 0.011755654126793689 -1.01441540513117 -1.0026808658864357 -1.0219619671807045 -1.010206313053911 -1.0116006725638509 -1.0037099157096079 -1.0191423102681592 -1.0112372761465402
3 0.0050597934154288284 0.0050697464862102292 -0.99608736592276026 -0.99102757250733142 -1.0036002729244216 -0.99853052643821139 -0.99495781386800619 -0.99151061146338837 -1.002468523775242 -0.99901452794393075
11 0.0027974928048905491 0.0028032221165986563 -0.98772410150678192 -0.9849266087018913 -0.99522040264036493 -0.99241718052376626 -0.98711916431883828 -0.98519519006904333 -0.99461423395232096 -0.99268631575045352
16 0.0066270576091356868 0.006636158876917559 -1.0499583807105037 -1.0433313231013681 -1.0575595015075794 -1.0509233426306617 -1.0483939982275876 -1.043908183128111 -1.0559930148495575 -1.0515010143967021
4 0.0027529237906659776 0.0027569612841509628 -1.0396786948086065 -1.0369257710179407 -1.0472654881152299 -1.0445085268310792 -1.0390604050627543 -1.0371867368616143 -1.0466462989514904 -1.0447698790480668
12 0.0014887179109255981 0.0014909661332164772 -1.0351513500942511 -1.0336626321833253 -1.0427314585950977 -1.0412404924618812 -1.0348283502925464 -1.0338050116787192 -1.0424079731127311 -1.0413830880467152
0 0.014535709530135648 0.014611868588815944 -0.7090829999129894 -0.69454729038285379 -0.71557791236272372 -0.70096604377390781 -0.70570925955343733 -0.69587298652308316 -0.71218670718149346 -0.70229878428565418
1 0.0070162829134809979 0.0070545844941103525 -0.68580399105488132 -0.67878770814140021 -0.692175790022029 -0.68512120552791866 -0.68426145574488217 -0.67946952996591858 -0.69062488156374391 -0.68580677367757958
18 0.0037378377320822914 0.0037586675132117719 -0.67405459481063534 -0.67031675707855309 -0.68036194157463514 -0.6766032740614234 -0.67317436186801105 -0.67034639611716784 -0.67947681752207367 -0.67663307888719182
2 0.0063747784460447786 0.0064052026973616784 -0.74653645683722147 -0.74016167839117664 -0.75321666031314793 -0.74681145761578627 -0.74501090894572197 -0.74072227111807987 -0.7516838731565626 -0.74737474413798122
3 0.002770335712955273 0.0027838117944426312 -0.73656259338561747 -0.7337922576726621 -0.74319499394666511 -0.74041118215222246 -0.73594477754652621 -0.73405704792341619 -0.7425741802630208 -0.74067726418228419
11 0.0015374967474637404 0.001545044317316543 -0.73197957743787523 -0.7304420806904115 -0.73858963759624519 -0.73704459327892868 -0.73164729622677771 -0.73058979042257421 -0.73825572746738466 -0.73719302927155772
16 0.0035296724930188907 0.0035457054716357943 -0.76560968944429297 -0.76208001695127414 -0.77237819522677398 -0.76883248975513818 -0.76477756382413298 -0.76238774166493739 -0.77154230241424993 -0.76914161782793933
4 0.001472584650184424 0.0014793472700292292 -0.76012939911108424 -0.75865681446089983 -0.76687295150424384 -0.76539360423421454 -0.75979884827157906 -0.75879649944662519 -0.76654088478081184 -0.76553393174761419
12 0.00079794729946968388 0.0008016304445341751 -0.75770653460173998 -0.75690858730227029 -0.76443894742833085 -0.76363731698379678 -0.75753346016071299 -0.75698492879809742 -0.76426507472210725 -0.76371401116420035
10 1 1 0.60195231248478698 1.601952312484787 0.61611783439793455 1.6161178343979345 0.81527855849069875 1.5044330850538268 0.83188014875262484 1.5198635055277672
17 0.40738210453474322 0.41087676965835984 1.191075542826427 1.601952312484787 1.2087357298631916 1.6161178343979345 1.2266093656412458 1.5044330850538268 1.2441581446015118 1.5198635055277672
9 0.16766494111707658 0.16872154255096064 0.79942667021814007 0.96709161133521671 0.81589321052964658 0.98461475308060731 0.81527855849069875 0.92934956985651329 0.83188014875262484 0.94670637719173634
15 0.089922890665901034 0.091112974712048864 0.60195231248478698 0.69187520315068807 0.61611783439793455 0.70723080910998348 0.61054019680504235 0.67234098554627031 0.62482967929054789 0.6874583316877888
0 0.15265923962258293 0.15339983237627364 1.191075542826427 1.3444753752027006 1.2087357298631916 1.3613949694857745 1.2266093656412458 1.3304521441414425 1.2441581446015118 1.3474674659517385
1 0.073758988458671348 0.07455926559181647 1.4371274272856449 1.5116866928774615 1.4532733273644158 1.527032315823087 1.4535034077713915 1.5044330850538268 1.469487094330074 1.5198635055277672
18 0.039313928854971758 0.039863567002440758 1.5620887454823462 1.601952312484787 1.5768039055429628 1.6161178343979345 1.5714715456456321 1.6016360072282829 1.5860613856659982 1.61580606741013
2 0.066296466695579703 0.066812354576844091 0.79942667021814007 0.86572313691371983 0.81589321052964658 0.88270556510649079 0.81527855849069875 0.85988712125067202 0.83188014875262484 0.87682929482011984
3 0.028893872551334771 0.02904692261961022 0.90321860789227337 0.93211248044360806 0.92043594838519649 0.94948287100480688 0.90965982399931433 0.92934956985651329 0.92691339103013781 0.94670637719173634
11 0.016058096517681152 0.016123799930029107 0.95103351481753551 0.96709161133521671 0.9684909531505782 0.98461475308060731 0.95450322710889535 0.96554850711400286 0.97197549748562806 0.98306566083799818
16 0.036444907209934971 0.036955977293051064 0.60195231248478698 0.63839721969472185 0.61611783439793455 0.65307381169098566 0.61054019680504235 0.6352180784999184 0.62482967929054789 0.64985164990682387
4 0.015228600410701055 0.015421492383045337 0.65855726216288635 0.67378586257358741 0.67349972439257277 0.68892121677561813 0.66197493960425469 0.67234098554627031 0.6769612863015394 0.6874583316877888
12 0.0082579341711790603 0.0083572857718361079 0.68361726897950892 0.69187520315068807 0.69887352333814734 0.70723080910998348 0.68540821531277063 0.69108504721202846 0.70068618710253705 0.70643123360994731
5 0.058934306638009526 0.059300666721716924 1.2851747084809837 1.3444753752027006 1.3024606628477648 1.3613949694857745 1.2904643664646342 1.3304521441414425 1.3077217346683667 1.3474674659517385
6 0.026727541717587108 0.026833746653641664 1.2240284610617511 1.2508622077153926 1.2415865552927516 1.2683140970103388 1.2266093656412458 1.2449101419928681 1.2441581446015118 1.2623873748082144
13 0.015149023913560995 0.015192208895530039 1.191075542826427 1.2062677517219571 1.2087357298631916 1.2238847537767525 1.1925402152040185 1.2029944237514714 1.2101965282520613 1.2206212920514325
7 0.029705333833798198 0.030046862228941706 1.4816398306485197 1.5116866928774615 1.4973269819892889 1.527032315823087 1.4842545417090374 1.5044330850538268 1.4999129923375663 1.5198635055277672
8 0.012550277457654808 0.012680697541380395 1.4522967678476006 1.4649774653889809 1.468292667529604 1.4808429449872587 1.4535034077713915 1.4621386910054595 1.469487094330074 1.4780337648595494
14 0.006871551239339805 0.0069393569208671107 1.4371274272856449 1.444066784206512 1.4532733273644158 1.4601448786037556 1.4377924682872474 1.4425638686145024 1.4539319295750694 1.4586567646507675
21 0.013806105917166356 0.014004324187144146 1.5879479882976428 1.601952312484787 1.6023117284807684 1.6161178343979345 1.5895024878298483 1.6016360072282829 1.6038444993879395 1.61580606741013
9 0.0072606837314497701 0.0073605950068137008 1.5707750686446391 1.5781356636514527 1.5853742967684092 1.592634980499859 1.5714715456456321 1.5764799238252853 1.5860613856659982 1.5910018491382334
15 0.0039051836463762949 0.0039577404484018057 1.5620887454823462 1.5660464859307481 1.5768039055429628 1.5807090891893392 1.5624668864557492 1.5651870605099849 1.5771770441744419 1.5798611142348815
5 0.024979691370356698 0.025158978761778181 0.84074344554336311 0.86572313691371983 0.85754658634471248 0.88270556510649079 0.84300398725116243 0.85988712125067202 0.85982410325909375 0.87682929482011984
6 0.011784666376777169 0.011880692016124378 0.81413757863311909 0.82592224500989619 0.83072969406311881 0.8426103860792431 0.81527855849069875 0.82332310479968041 0.83188014875262484 0.83999041650097739
13 0.0068152518300326134 0.0068742160152461679 0.79942667021814007 0.80624192204817269 0.81589321052964658 0.82276742654489277 0.80008621391011725 0.80477831722184379 0.81655851991855988 0.82129127360614496
7 0.011511566213157154 0.01156962710237323 0.92060091423045098 0.93211248044360806 0.93791324390243358 0.94948287100480688 0.92160968178013514 0.92934956985651329 0.9389272537073059 0.94670637719173634
8 0.0049536249151521522 0.0049807304472616132 0.90918706638910196 0.91414069130425413 0.9264380156810299 0.93141874612829145 0.90965982399931433 0.91303454743752333 0.92691339103013781 0.9303066116280998
14 0.0027361256907359782 0.0027516619368623441 0.90321860789227337 0.90595473358300938 0.92043594838519649 0.92318761032205887 0.90348125278555136 0.90536297918885711 0.92070009409829634 0.92259251433353118
17 0.006534680435846857 0.0065605126154317604 0.96055693089936989 0.96709161133521671 0.97805424046517553 0.98461475308060731 0.96112551711639682 0.96554850711400286 0.97862512368702448 0.98306566083799818
9 0.0027114886670337873 0.0027228559607556922 0.95424623244054141 0.95695772110757527 0.97171741624963759 0.97444027221039342 0.95450322710889535 0.95634864955446641 0.97197549748562806 0.97382866589262818
15 0.001465538835920311 0.0014718463358460723 0.95103351481753551 0.95249905365345588 0.9684909531505782 0.96996279948642417 0.9511736647367276 0.95218105785075857 0.96863170896057149 0.96964344037806072
5 0.01368718146140498 0.01387452025088534 0.62471003823331683 0.63839721969472185 0.63919929144010035 0.65307381169098566 0.62595725680329539 0.6352180784999184 0.64046380983811135 0.64985164990682387
6 0.0065896889736988887 0.0066834544089050194 0.60990009784574317 0.61648978681944211 0.62418041605435948 0.63086387046326453 0.61054019680504235 0.6150405149817223 0.62482967929054789 0.62939408677304154
19 0.003505893858773021 0.0035567623431459298 0.60195231248478698 0.60545820634355996 0.61611783439793455 0.61967459674108061 0.60198010553396353 0.60463243881115947 0.61614603213612973 0.61883688049384067
7 0.0060357405271991502 0.0061113744109361273 0.66775012204638828 0.67378586257358741 0.68280984236468201 0.68892121677561813 0.66828069555864977 0.67234098554627031 0.68334710751850325 0.6874583316877888
8 0.0026201584149634222 0.0026535886187793365 0.66172454494692801 0.66434470336189133 0.67670768815388338 0.67936127677266256 0.66197493960425469 0.66376029541764692 0.6769612863015394 0.67876942998494716
14 0.0014533866109291613 0.0014720907969636235 0.65855726216288635 0.66001064877381554 0.67349972439257277 0.67497181518953631 0.65869687845115077 0.65969652023300829 0.67364114015905507 0.67465364928255489
17 0.0033510474326373945 0.0033911220358486104 0.68852415571805059 0.69187520315068807 0.7038396870741348 0.70723080910998348 0.68881624503464267 0.69108504721202846 0.7041352825861531 0.70643123360994731
9 0.0013972362298337771 0.0014141193213338345 0.68527568937400907 0.68667292560384274 0.70055205735866655 0.70196617668000028 0.68540821531277063 0.6863592644464328 0.70068618710253705 0.70164873049324039
15 0.00075690887318422321 0.00076609884697339311 0.68361726897950892 0.68437417785269306 0.69887352333814734 0.69963962218512077 0.68368968076601144 0.68420999782375169 0.69894681503860956 0.69947345020451535
11 1 1 0.61611783439793455 1.6161178343979345 0.62178404316319369 1.6217840431631938 0.83188014875262484 1.5198635055277672 0.83850471607422894 1.5260204890922111
17 0.4060176613528243 0.40738210453474322 1.2087357298631916 1.6161178343979345 1.2157663818103694 1.6217840431631938 1.2441581446015118 1.5198635055277672 1.2511443572441301 1.5260204890922111
9 0.16872154255096064 0.16913287957025661 0.81589321052964658 0.98461475308060731 0.8224649390266674 0.99159781859692397 0.83188014875262484 0.94670637719173634 0.83850471607422894 0.95362515972812656
15 0.091112974712048864 0.091582329840532981 0.61611783439793455 0.70723080910998348 0.62178404316319369 0.71336637300372674 0.62482967929054789 0.6874583316877888 0.63054485740870692 0.69350007746773112
0 0.15236678446509699 0.15265923962258293 1.2087357298631916 1.3613949694857745 1.2157663818103694 1.3681331662754666 1.2441581446015118 1.3474674659517385 1.2511443572441301 1.3542432348656082
1 0.073447385323136938 0.073758988458671348 1.4532733273644158 1.527032315823087 1.4597089467701716 1.5331563320933084 1.469487094330074 1.5198635055277672 1.4758594600233561 1.5260204890922111
18 0.039100916789966744 0.039313928854971758 1.5768039055429628 1.6161178343979345 1.5826831263732268 1.6217840431631938 1.5860613856659982 1.61580606741013 1.5918920080212777 1.6214740335949127
2 0.066812354576844091 0.067013886930340952 0.81589321052964658 0.88270556510649079 0.8224649390266674 0.88947882595700833 0.83188014875262484 0.87682929482011984 0.83850471607422894 0.88358686418779842
3 0.02904692261961022 0.029106292377141976 0.92043594838519649 0.94948287100480688 0.92730062242359967 0.95640691480074169 0.92691339103013781 0.94670637719173634 0.93379213372645542 0.95362515972812656
11 0.016123799930029107 0.01614915057178725 0.9684909531505782 0.98461475308060731 0.97544866802513674 0.99159781859692397 0.97197549748562806 0.98306566083799818 0.9789389405720601 0.99004641875965405
16 0.036955977293051064 0.037157756121528496 0.61611783439793455 0.65307381169098566 0.62178404316319369 0.65894179928472218 0.62482967929054789 0.64985164990682387 0.63054485740870692 0.65570266419457202
4 0.015421492383045337 0.015497499900309667 0.67349972439257277 0.68892121677561813 0.67947255642158089 0.69497005632189057 0.6769612863015394 0.6874583316877888 0.68295141508511803 0.69350007746773112
12 0.0083572857718361079 0.0083963968285335564 0.69887352333814734 0.70723080910998348 0.70496997617519308 0.71336637300372674 0.70068618710253705 0.70643123360994731 0.70679119053520678 0.7125630900004073
5 0.058790262445036712 0.058934306638009526 1.3024606628477648 1.3613949694857745 1.3093429038304296 1.3681331662754666 1.3077217346683667 1.3474674659517385 1.3145927079384465 1.3542432348656082
6 0.026685413008657771 0.026727541717587108 1.2415865552927516 1.2683140970103388 1.2485764708921447 1.2752618839008023 1.2441581446015118 1.2623873748082144 1.2511443572441301 1.2693451990019671
13 0.015131752091231448 0.015149023913560995 1.2087357298631916 1.2238847537767525 1.2157663818103694 1.2308981339016007 1.2101965282520613 1.2206212920514325 1.2172256275825215 1.2276386118932603
7 0.029572487580709239 0.029705333833798198 1.4973269819892889 1.527032315823087 1.5035838445125993 1.5331563320933084 1.4999129923375663 1.5198635055277672 1.5061586838117207 1.5260204890922111
8 0.012499455229386556 0.012550277457654808 1.468292667529604 1.4808429449872587 1.4746697938074553 1.4871692490368418 1.469487094330074 1.4780337648595494 1.4758594600233561 1.4843715984525829
14 0.0068451045895749942 0.006871551239339805 1.4532733273644158 1.4601448786037556 1.4597089467701716 1.4665540513597466 1.4539319295750694 1.4586567646507675 1.4603650372129777 1.4650717097736701
21 0.013729326060524349 0.013806105917166356 1.6023117284807684 1.6161178343979345 1.6080547171026693 1.6217840431631938 1.6038444993879395 1.61580606741013 1.6095790693094885 1.6214740335949127
9 0.0072219508898800737 0.0072606837314497701 1.5853742967684092 1.592634980499859 1.5912085591314549 1.598430510021335 1.5860613856659982 1.5910018491382334 1.5918920080212777 1.5968061423154711
15 0.0038848000858616671 0.0039051836463762949 1.5768039055429628 1.5807090891893392 1.5826831263732268 1.5865679264590886 1.5771770441744419 1.5798611142348815 1.5830543247585274 1.5857243921532678
5 0.025158978761778181 0.025228915732272657 0.85754658634471248 0.88270556510649079 0.86424991022473563 0.88947882595700833 0.85982410325909375 0.87682929482011984 0.86653405411298501 0.88358686418779842
6 0.011880692016124378 0.011918233228689887 0.83072969406311881 0.8426103860792431 0.83735055598165342 0.84926878921034321 0.83188014875262484 0.83999041650097739 0.83850471607422894 0.84664067876605609
13 0.0068742160152461679 0.0068972921412897084 0.81589321052964658 0.82276742654489277 0.8224649390266674 0.82936223116795715 0.81655851991855988 0.82129127360614496 0.82313250527615023 0.8278811682014332
7 0.01156962710237323 0.011592127666092572 0.93791324390243358 0.94948287100480688 0.94481478713464906 0.95640691480074169 0.9389272537073059 0.94670637719173634 0.94583082968479415 0.95362515972812656
8 0.0049807304472616132 0.0049912514389565728 0.9264380156810299 0.93141874612829145 0.93331574207405565 0.93830699351301228 0.92691339103013781 0.9303066116280998 0.93379213372645542 0.93719253421324233
14 0.0027516619368623441 0.002757696560357157 0.92043594838519649 0.92318761032205887 0.92730062242359967 0.93005831898395686 0.92070009409829634 0.92259251433353118 0.9275653511579719 0.929461925181292
17 0.0065605126154317604 0.0065704717714300531 0.97805424046517553 0.98461475308060731 0.98502734682549398 0.99159781859692397 0.97862512368702448 0.98306566083799818 0.98559911605382022 0.99004641875965405
9 0.0027228559607556922 0.0027272441983774965 0.97171741624963759 0.97444027221039342 0.97868043979875641 0.98140768399713396 0.97197549748562806 0.97382866589262818 0.9789389405720601 0.98079509931524422
15 0.0014718463358460723 0.001474282683795462 0.9684909531505782 0.96996279948642417 0.97544866802513674 0.97692295070893231 0.96863170896057149 0.96964344037806072 0.97558965789037877 0.97660306505169281
5 0.01387452025088534 0.013948449147206905 0.63919929144010035 0.65307381169098566 0.64499335013751535 0.65894179928472218 0.64046380983811135 0.64985164990682387 0.64626469727814906 0.65570266419457202
6 0.0066834544089050194 0.00672048493796671 0.62418041605435948 0.63086387046326453 0.62989197450850398 0.6366124594464706 0.62482967929054789 0.62939408677304154 0.63054485740870692 0.63513457592458333
19 0.0035567623431459298 0.0035768594906697079 0.61611783439793455 0.61967459674108061 0.62178404316319369 0.62536090265386335 0.61614603213612973 0.61883688049384067 0.62181240079743549 0.62451846596001503
7 0.0061113744109361273 0.0061411712702566998 0.68280984236468201 0.68892121677561813 0.68882888505163387 0.69497005632189057 0.68334710751850325 0.6874583316877888 0.68936878677546543 0.69350007746773112
8 0.0026535886187793365 0.0026667633092783039 0.67670768815388338 0.67936127677266256 0.68269655439137922 0.68536331770065761 0.6769612863015394 0.67876942998494716 0.68295141508511803 0.68476853942918314
14 0.0014720907969636235 0.0014794632346836693 0.67349972439257277 0.67497181518953631 0.67947255642158089 0.68095201965626451 0.67364114015905507 0.67465364928255489 0.67961468149020365 0.68063226242134589
17 0.0033911220358486104 0.0034068961661591771 0.7038396870741348 0.70723080910998348 0.70995947683756744 0.71336637300372674 0.7041352825861531 0.70643123360994731 0.71025645255089054 0.7125630900004073
9 0.0014141193213338345 0.0014207661006997692 0.70055205735866655 0.70196617668000028 0.7066564293641624 0.70807719546486214 0.70068618710253705 0.70164873049324039 0.70679119053520678 0.7077582591695466
15 0.00076609884697339311 0.00076971721127825244 0.69887352333814734 0.69963962218512077 0.70496997617519308 0.70573969338647136 0.69894681503860956 0.69947345020451535 0.70504361432912233 0.7055727371260867
12 1 1 0.62178404316319369 1.6217840431631938 0.62483507865217924 1.6248350786521792 0.83850471607422894 1.5260204890922111 0.84206805970696919 1.5293323178238776
17 0.40529065447130869 0.4060176613528243 1.2157663818103694 1.6217840431631938 1.2195444241808708 1.6248350786521792 1.2511443572441301 1.5260204890922111 1.2548985055639441 1.5293323178238776
9 0.16913287957025661 0.16935176680742287 0.8224649390266674 0.99159781859692397 0.82600010396602996 0.99535187077345277 0.83850471607422894 0.95362515972812656 0.84206805970696919 0.9573451139169995
15 0.091582329840532981 0.091833504350527798 0.62178404316319369 0.71336637300372674 0.62483507865217924 0.71666858300270708 0.63054485740870692 0.69350007746773112 0.63362211755638143 0.69675211546035709
0 0.15221020320908329 0.15236678446509699 1.2157663818103694 1.3681331662754666 1.2195444241808708 1.3717546273899541 1.2511443572441301 1.3542432348656082 1.2548985055639441 1.3578847599875328
1 0.073281551837364456 0.073447385323136938 1.4597089467701716 1.5331563320933084 1.4631690754020443 1.5364506272394087 1.4758594600233561 1.5260204890922111 1.4792859042427047 1.5293323178238776
18 0.038987779783445808 0.039100916789966744 1.5826831263732268 1.6217840431631938 1.5858472988687335 1.6248350786521792 1.5918920080212777 1.6214740335949127 1.5950303614491896 1.624526002187102
2 0.067013886930340952 0.067121291169612241 0.8224649390266674 0.88947882595700833 0.82600010396602996 0.89312139513564215 0.83850471607422894 0.88358686418779842 0.84206805970696919 0.88722107867192013
3 0.029106292377141976 0.029137835711913918 0.92730062242359967 0.95640691480074169 0.93099182678301151 0.9601296624949256 0.93379213372645542 0.95362515972812656 0.93749081652763422 0.9573451139169995
11 0.01614915057178725 0.016162587747863503 0.97544866802513674 0.99159781859692397 0.97918928302558927 0.99535187077345277 0.9789389405720601 0.99004641875965405 0.98268259311027428 0.99379924844080192
16 0.037157756121528496 0.037265788586444082 0.62178404316319369 0.65894179928472218 0.62483507865217924 0.66210086723862349 0.63054485740870692 0.65570266419457202 0.63362211755638143 0.65885264740906679
4 0.015497499900309667 0.015538159633068959 0.67947255642158089 0.69497005632189057 0.68268772894312368 0.69822588857619272 0.68295141508511803 0.69350007746773112 0.68617584142579802 0.69675211546035709
12 0.0083963968285335564 0.0084173102930647295 0.70496997617519308 0.71336637300372674 0.70825127270964239 0.71666858300270708 0.70679119053520678 0.7125630900004073 0.71007705953350619 0.71586331766963918
5 0.058713283639040499 0.058790262445036712 1.3093429038304296 1.3681331662754666 1.3130413437509134 1.3717546273899541 1.3145927079384465 1.3542432348656082 1.318285119823549 1.3578847599875328
6 0.026662814261674293 0.026685413008657771 1.2485764708921447 1.2752618839008023 1.252332607330978 1.2789954215926522 1.2511443572441301 1.2693451990019671 1.2548985055639441 1.2730841173423209
13 0.015122455074960479 0.015131752091231448 1.2157663818103694 1.2308981339016007 1.2195444241808708 1.2346668792558311 1.2172256275825215 1.2276386118932603 1.2210028334932659 1.2314094764923549
7 0.029501818104075983 0.029572487580709239 1.5035838445125993 1.5331563320933084 1.5069488091353329 1.5364506272394087 1.5061586838117207 1.5260204890922111 1.5095177042024748 1.5293323178238776
8 0.012472398659309665 0.012499455229386556 1.4746697938074553 1.4871692490368418 1.478098772761363 1.4905711714206729 1.4758594600233561 1.4843715984525829 1.4792859042427047 1.487779658264738
14 0.0068310195270783105 0.0068451045895749942 1.4597089467701716 1.4665540513597466 1.4631690754020443 1.4700000949291225 1.4603650372129777 1.4650717097736701 1.4638238280244982 1.4685208274302772
21 0.0136885549890437 0.013729326060524349 1.6080547171026693 1.6217840431631938 1.6111465236631357 1.6248350786521792 1.6095790693094885 1.6214740335949127 1.6126664049535999 1.624526002187102
9 0.0072013759491223539 0.0072219508898800737 1.5912085591314549 1.598430510021335 1.5943488462501043 1.6015502221992266 1.5918920080212777 1.5968061423154711 1.5950303614491896 1.5999305095278851
15 0.0038739703239928538 0.0038848000858616671 1.5826831263732268 1.5865679264590886 1.5858472988687335 1.5897212691927263 1.5830543247585274 1.5857243921532678 1.5862174663706818 1.588880094133587
5 0.025228915732272657 0.025266164164165397 0.86424991022473563 0.88947882595700833 0.86785523097147665 0.89312139513564215 0.86653405411298501 0.88358686418779842 0.87014290560063068 0.88722107867192013
6 0.011918233228689887 0.011938247008912876 0.83735055598165342 0.84926878921034321 0.84091192392608127 0.85285017093499416 0.83850471607422894 0.84664067876605609 0.84206805970696919 0.85021772102400606
13 0.0068972921412897084 0.0069095999573696026 0.8224649390266674 0.82936223116795715 0.82600010396602996 0.83290970392339947 0.82313250527615023 0.8278811682014332 0.82666887402255895 0.83142602233970098
7 0.011592127666092572 0.011604077197628376 0.94481478713464906 0.95640691480074169 0.94852558529729714 0.9601296624949256 0.94583082968479415 0.95362515972812656 0.9495427076694396 0.9573451139169995
8 0.0049912514389565728 0.0049968427777506447 0.93331574207405565 0.93830699351301228 0.93701388471147662 0.94201072748922721 0.93379213372645542 0.93719253421324233 0.93749081652763422 0.94089503279104991
14 0.002757696560357157 0.0027609046229458973 0.92730062242359967 0.93005831898395686 0.93099182678301151 0.93375273140595749 0.9275653511579719 0.929461925181292 0.93125686547312003 0.9331556477045666
17 0.0065704717714300531 0.0065757488304819377 0.98502734682549398 0.99159781859692397 0.98877612194297082 0.99535187077345277 0.98559911605382022 0.99004641875965405 0.98934836074137333 0.99379924844080192
9 0.0027272441983774965 0.0027295707427155503 0.97868043979875641 0.98140768399713396 0.98242386988956887 0.98515344063228438 0.9789389405720601 0.98079509931524422 0.98268259311027428 0.98454033728075863
15 0.001474282683795462 0.0014755747062707263 0.97544866802513674 0.97692295070893231 0.97918928302558927 0.98066485773185996 0.97558965789037877 0.97660306505169281 0.97933039701821389 0.98034469285023562
5 0.013948449147206905 0.013988022439366476 0.64499335013751535 0.65894179928472218 0.64811284479925702 0.66210086723862349 0.64626469727814906 0.65570266419457202 0.64938784769912494 0.65885264740906679
6 0.00672048493796671 0.0067403135185640922 0.62989197450850398 0.6366124594464706 0.63296729634732918 0.63970760986589315 0.63054485740870692 0.63513457592458333 0.63362211755638143 0.63822538936135331
19 0.0035768594906697079 0.0035876226406997419 0.62178404316319369 0.62536090265386335 0.62483507865217924 0.62842270129287914 0.62181240079743549 0.62451846596001503 0.62486352192235628 0.62757773659510641
7 0.0061411712702566998 0.0061571094999208773 0.68882888505163387 0.69497005632189057 0.69206877907627184 0.69822588857619272 0.68936878677546543 0.69350007746773112 0.69261009116579741 0.69675211546035709
8 0.0026667633092783039 0.0026738114413565918 0.68269655439137922 0.68536331770065761 0.68592030528611658 0.68859411672747317 0.68295141508511803 0.68476853942918314 0.68617584142579802 0.68799777021535402
14 0.0014794632346836693 0.001483407585560124 0.67947255642158089 0.68095201965626451 0.68268772894312368 0.68417113652868378 0.67961468149020365 0.68063226242134589 0.68283023350239558 0.6838505279216085
17 0.0034068961661591771 0.0034153304999781481 0.70995947683756744 0.71336637300372674 0.71325325250272908 0.71666858300270708 0.71025645255089054 0.7125630900004073 0.71355096622373781 0.71586331766963918
9 0.0014207661006997692 0.0014243203896798535 0.7066564293641624 0.70807719546486214 0.7099419607098425 0.71136628109952249 0.70679119053520678 0.7077582591695466 0.71007705953350619 0.71104654799423617
15 0.00076971721127825244 0.00077165216504733621 0.70496997617519308 0.70573969338647136 0.70825127270964239 0.70902292487468976 0.70504361432912233 0.7055727371260867 0.70832509613400618 0.70885554921587357
13 1 1 -1.601952312484787 -0.60195231248478698 -1.6161178343979345 -0.61611783439793455 -1.5044330850538268 -0.81527855849069875 -1.5198635055277672 -0.83188014875262484
16 0.40738210453474322 0.41087676965835984 -1.601952312484787 -1.191075542826427 -1.6161178343979345 -1.2087357298631916 -1.5044330850538268 -1.2266093656412458 -1.5198635055277672 -1.2441581446015118
4 0.16766494111707658 0.16872154255096064 -0.96709161133521671 -0.79942667021814007 -0.98461475308060731 -0.81589321052964658 -0.92934956985651329 -0.81527855849069875 -0.94670637719173634 -0.83188014875262484
12 0.089922890665901034 0.091112974712048864 -0.69187520315068807 -0.60195231248478698 -0.70723080910998348 -0.61611783439793455 -0.67234098554627031 -0.61054019680504235 -0.6874583316877888 -0.62482967929054789
5 0.15265923962258293 0.15339983237627364 -1.3444753752027006 -1.191075542826427 -1.3613949694857745 -1.2087357298631916 -1.3304521441414425 -1.2266093656412458 -1.3474674659517385 -1.2441581446015118
6 0.073758988458671348 0.07455926559181647 -1.5116866928774615 -1.4371274272856449 -1.527032315823087 -1.4532733273644158 -1.5044330850538268 -1.4535034077713915 -1.5198635055277672 -1.469487094330074
19 0.039313928854971758 0.039863567002440758 -1.601952312484787 -1.5620887454823462 -1.6161178343979345 -1.5768039055429628 -1.6016360072282829 -1.5714715456456321 -1.61580606741013 -1.5860613856659982
7 0.066296466695579703 0.066812354576844091 -0.86572313691371983 -0.79942667021814007 -0.88270556510649079 -0.81589321052964658 -0.85988712125067202 -0.81527855849069875 -0.87682929482011984 -0.83188014875262484
8 0.028893872551334771 0.02904692261961022 -0.93211248044360806 -0.90321860789227337 -0.94948287100480688 -0.92043594838519649 -0.92934956985651329 -0.90965982399931433 -0.94670637719173634 -0.92691339103013781
14 0.016058096517681152 0.016123799930029107 -0.96709161133521671 -0.95103351481753551 -0.98461475308060731 -0.9684909531505782 -0.96554850711400286 -0.95450322710889535 -0.98306566083799818 -0.97197549748562806
17 0.036444907209934971 0.036955977293051064 -0.63839721969472185 -0.60195231248478698 -0.65307381169098566 -0.61611783439793455 -0.6352180784999184 -0.61054019680504235 -0.64985164990682387 -0.62482967929054789
9 0.015228600410701055 0.015421492383045337 -0.67378586257358741 -0.65855726216288635 -0.68892121677561813 -0.67349972439257277 -0.67234098554627031 -0.66197493960425469 -0.6874583316877888 -0.6769612863015394
15 0.0082579341711790603 0.0083572857718361079 -0.69187520315068807 -0.68361726897950892 -0.70723080910998348 -0.69887352333814734 -0.69108504721202846 -0.68540821531277063 -0.70643123360994731 -0.70068618710253705
0 0.058934306638009526 0.059300666721716924 -1.3444753752027006 -1.2851747084809837 -1.3613949694857745 -1.3024606628477648 -1.3304521441414425 -1.2904643664646342 -1.3474674659517385 -1.3077217346683667
1 0.026727541717587108 0.026833746653641664 -1.2508622077153926 -1.2240284610617511 -1.2683140970103388 -1.2415865552927516 -1.2449101419928681 -1.2266093656412458 -1.2623873748082144 -1.2441581446015118
10 0.015149023913560995 0.015192208895530039 -1.2062677517219571 -1.191075542826427 -1.2238847537767525 -1.2087357298631916 -1.2029944237514714 -1.1925402152040185 -1.2206212920514325 -1.2101965282520613
2 0.029705333833798198 0.030046862228941706 -1.5116866928774615 -1.4816398306485197 -1.527032315823087 -1.4973269819892889 -1.5044330850538268 -1.4842545417090374 -1.5198635055277672 -1.4999129923375663
3 0.012550277457654808 0.012680697541380395 -1.4649774653889809 -1.4522967678476006 -1.4808429449872587 -1.468292667529604 -1.4621386910054595 -1.4535034077713915 -1.4780337648595494 -1.469487094330074
11 0.006871551239339805 0.0069393569208671107 -1.444066784206512 -1.4371274272856449 -1.4601448786037556 -1.4532733273644158 -1.4425638686145024 -1.4377924682872474 -1.4586567646507675 -1.4539319295750694
20 0.013806105917166356 0.014004324187144146 -1.601952312484787 -1.5879479882976428 -1.6161178343979345 -1.6023117284807684 -1.6016360072282829 -1.5895024878298483 -1.61580606741013 -1.6038444993879395
4 0.0072606837314497701 0.0073605950068137008 -1.5781356636514527 -1.5707750686446391 -1.592634980499859 -1.5853742967684092 -1.5764799238252853 -1.5714715456456321 -1.5910018491382334 -1.5860613856659982
12 0.0039051836463762949 0.0039577404484018057 -1.5660464859307481 -1.5620887454823462 -1.5807090891893392 -1.5768039055429628 -1.5651870605099849 -1.5624668864557492 -1.5798611142348815 -1.5771770441744419
0 0.024979691370356698 0.025158978761778181 -0.86572313691371983 -0.84074344554336311 -0.88270556510649079 -0.85754658634471248 -0.85988712125067202 -0.84300398725116243 -0.87682929482011984 -0.85982410325909375
1 0.011784666376777169 0.011880692016124378 -0.82592224500989619 -0.81413757863311909 -0.8426103860792431 -0.83072969406311881 -0.82332310479968041 -0.81527855849069875 -0.83999041650097739 -0.83188014875262484
10 0.0068152518300326134 0.0068742160152461679 -0.80624192204817269 -0.79942667021814007 -0.82276742654489277 -0.81589321052964658 -0.80477831722184379 -0.80008621391011725 -0.82129127360614496 -0.81655851991855988
2 0.011511566213157154 0.01156962710237323 -0.93211248044360806 -0.92060091423045098 -0.94948287100480688 -0.93791324390243358 -0.92934956985651329 -0.92160968178013514 -0.94670637719173634 -0.9389272537073059
3 0.0049536249151521522 0.0049807304472616132 -0.91414069130425413 -0.90918706638910196 -0.93141874612829145 -0.9264380156810299 -0.91303454743752333 -0.90965982399931433 -0.9303066116280998 -0.92691339103013781
11 0.0027361256907359782 0.0027516619368623441 -0.90595473358300938 -0.90321860789227337 -0.92318761032205887 -0.92043594838519649 -0.90536297918885711 -0.90348125278555136 -0.92259251433353118 -0.92070009409829634
16 0.006534680435846857 0.0065605126154317604 -0.96709161133521671 -0.96055693089936989 -0.98461475308060731 -0.97805424046517553 -0.96554850711400286 -0.96112551711639682 -0.98306566083799818 -0.97862512368702448
4 0.0027114886670337873 0.0027228559607556922 -0.95695772110757527 -0.95424623244054141 -0.97444027221039342 -0.97171741624963759 -0.95634864955446641 -0.95450322710889535 -0.97382866589262818 -0.97197549748562806
12 0.001465538835920311 0.0014718463358460723 -0.95249905365345588 -0.95103351481753551 -0.96996279948642417 -0.9684909531505782 -0.95218105785075857 -0.9511736647367276 -0.96964344037806072 -0.96863170896057149
0 0.01368718146140498 0.01387452025088534 -0.63839721969472185 -0.62471003823331683 -0.65307381169098566 -0.63919929144010035 -0.6352180784999184 -0.62595725680329539 -0.64985164990682387 -0.64046380983811135
1 0.0065896889736988887 0.0066834544089050194 -0.61648978681944211 -0.60990009784574317 -0.63086387046326453 -0.62418041605435948 -0.6150405149817223 -0.61054019680504235 -0.62939408677304154 -0.62482967929054789
18 0.003505893858773021 0.0035567623431459298 -0.60545820634355996 -0.60195231248478698 -0.61967459674108061 -0.61611783439793455 -0.60463243881115947 -0.60198010553396353 -0.61883688049384067 -0.61614603213612973
2 0.0060357405271991502 0.0061113744109361273 -0.67378586257358741 -0.66775012204638828 -0.68892121677561813 -0.68280984236468201 -0.67234098554627031 -0.66828069555864977 -0.6874583316877888 -0.68334710751850325
3 0.0026201584149634222 0.0026535886187793365 -0.66434470336189133 -0.66172454494692801 -0.67936127677266256 -0.67670768815388338 -0.66376029541764692 -0.66197493960425469 -0.67876942998494716 -0.6769612863015394
11 0.0014533866109291613 0.0014720907969636235 -0.66001064877381554 -0.65855726216288635 -0.67497181518953631 -0.67349972439257277 -0.65969652023300829 -0.65869687845115077 -0.67465364928255489 -0.67364114015905507
16 0.0033510474326373945 0.0033911220358486104 -0.69187520315068807 -0.68852415571805059 -0.70723080910998348 -0.7038396870741348 -0.69108504721202846 -0.68881624503464267 -0.70643123360994731 -0.7041352825861531
4 0.0013972362298337771 0.0014141193213338345 -0.68667292560384274 -0.68527568937400907 -0.70196617668000028 -0.70055205735866655 -0.6863592644464328 -0.68540821531277063 -0.70164873049324039 -0.70068618710253705
12 0.00075690887318422321 0.00076609884697339311 -0.68437417785269306 -0.68361726897950892 -0.69963962218512077 -0.69887352333814734 -0.68420999782375169 -0.68368968076601144 -0.69947345020451535 -0.69894681503860956
14 1 1 -1.6161178343979345 -0.61611783439793455 -1.6217840431631938 -0.62178404316319369 -1.5198635055277672 -0.83188014875262484 -1.5260204890922111 -0.83850471607422894
16 0.4060176613528243 0.40738210453474322 -1.6161178343979345 -1.2087357298631916 -1.6217840431631938 -1.2157663818103694 -1.5198635055277672 -1.2441581446015118 -1.5260204890922111 -1.2511443572441301
4 0.16872154255096064 0.16913287957025661 -0.98461475308060731 -0.81589321052964658 -0.99159781859692397 -0.8224649390266674 -0.94670637719173634 -0.83188014875262484 -0.95362515972812656 -0.83850471607422894
12 0.091112974712048864 0.091582329840532981 -0.70723080910998348 -0.61611783439793455 -0.71336637300372674 -0.62178404316319369 -0.6874583316877888 -0.62482967929054789 -0.69350007746773112 -0.63054485740870692
5 0.15236678446509699 0.15265923962258293 -1.3613949694857745 -1.2087357298631916 -1.3681331662754666 -1.2157663818103694 -1.3474674659517385 -1.2441581446015118 -1.3542432348656082 -1.2511443572441301
6 0.073447385323136938 0.073758988458671348 -1.527032315823087 -1.4532733273644158 -1.5331563320933084 -1.4597089467701716 -1.5198635055277672 -1.469487094330074 -1.5260204890922111 -1.4758594600233561
19 0.039100916789966744 0.039313928854971758 -1.6161178343979345 -1.5768039055429628 -1.6217840431631938 -1.5826831263732268 -1.61580606741013 -1.5860613856659982 -1.6214740335949127 -1.5918920080212777
7 0.066812354576844091 0.067013886930340952 -0.88270556510649079 -0.81589321052964658 -0.88947882595700833 -0.8224649390266674 -0.87682929482011984 -0.83188014875262484 -0.88358686418779842 -0.83850471607422894
8 0.02904692261961022 0.029106292377141976 -0.94948287100480688 -0.92043594838519649 -0.95640691480074169 -0.92730062242359967 -0.94670637719173634 -0.92691339103013781 -0.95362515972812656 -0.93379213372645542
14 0.016123799930029107 0.01614915057178725 -0.98461475308060731 -0.9684909531505782 -0.99159781859692397 -0.97544866802513674 -0.98306566083799818 -0.97197549748562806 -0.99004641875965405 -0.9789389405720601
17 0.036955977293051064 0.037157756121528496 -0.65307381169098566 -0.61611783439793455 -0.65894179928472218 -0.62178404316319369 -0.64985164990682387 -0.62482967929054789 -0.65570266419457202 -0.63054485740870692
9 0.015421492383045337 0.015497499900309667 -0.68892121677561813 -0.67349972439257277 -0.69497005632189057 -0.67947255642158089 -0.6874583316877888 -0.6769612863015394 -0.69350007746773112 -0.68295141508511803
15 0.0083572857718361079 0.0083963968285335564 -0.70723080910998348 -0.69887352333814734 -0.71336637300372674 -0.70496997617519308 -0.70643123360994731 -0.70068618710253705 -0.7125630900004073 -0.70679119053520678
0 0.058790262445036712 0.058934306638009526 -1.3613949694857745 -1.3024606628477648 -1.3681331662754666 -1.3093429038304296 -1.3474674659517385 -1.3077217346683667 -1.3542432348656082 -1.3145927079384465
1 0.026685413008657771 0.026727541717587108 -1.2683140970103388 -1.2415865552927516 -1.2752618839008023 -1.2485764708921447 -1.2623873748082144 -1.2441581446015118 -1.2693451990019671 -1.2511443572441301
10 0.015131752091231448 0.015149023913560995 -1.2238847537767525 -1.2087357298631916 -1.2308981339016007 -1.2157663818103694 -1.2206212920514325 -1.2101965282520613 -1.2276386118932603 -1.2172256275825215
2 0.029572487580709239 0.029705333833798198 -1.527032315823087 -1.4973269819892889 -1.5331563320933084 -1.5035838445125993 -1.5198635055277672 -1.4999129923375663 -1.5260204890922111 -1.5061586838117207
3 0.012499455229386556 0.012550277457654808 -1.4808429449872587 -1.468292667529604 -1.4871692490368418 -1.4746697938074553 -1.4780337648595494 -1.469487094330074 -1.4843715984525829 -1.4758594600233561
11 0.0068451045895749942 0.006871551239339805 -1.4601448786037556 -1.4532733273644158 -1.4665540513597466 -1.4597089467701716 -1.4586567646507675 -1.4539319295750694 -1.4650717097736701 -1.4603650372129777
20 0.013729326060524349 0.013806105917166356 -1.6161178343979345 -1.6023117284807684 -1.6217840431631938 -1.6080547171026693 -1.61580606741013 -1.6038444993879395 -1.6214740335949127 -1.6095790693094885
4 0.0072219508898800737 0.0072606837314497701 -1.592634980499859 -1.5853742967684092 -1.598430510021335 -1.5912085591314549 -1.5910018491382334 -1.5860613856659982 -1.5968061423154711 -1.5918920080212777
12 0.0038848000858616671 0.0039051836463762949 -1.5807090891893392 -1.5768039055429628 -1.5865679264590886 -1.5826831263732268 -1.5798611142348815 -1.5771770441744419 -1.5857243921532678 -1.5830543247585274
0 0.025158978761778181 0.025228915732272657 -0.88270556510649079 -0.85754658634471248 -0.88947882595700833 -0.86424991022473563 -0.87682929482011984 -0.85982410325909375 -0.88358686418779842 -0.86653405411298501
1 0.011880692016124378 0.011918233228689887 -0.8426103860792431 -0.83072969406311881 -0.84926878921034321 -0.83735055598165342 -0.83999041650097739 -0.83188014875262484 -0.84664067876605609 -0.83850471607422894
10 0.0068742160152461679 0.0068972921412897084 -0.82276742654489277 -0.81589321052964658 -0.82936223116795715 -0.8224649390266674 -0.82129127360614496 -0.81655851991855988 -0.8278811682014332 -0.82313250527615023
2 0.01156962710237323 0.011592127666092572 -0.94948287100480688 -0.93791324390243358 -0.95640691480074169 -0.94481478713464906 -0.94670637719173634 -0.9389272537073059 -0.95362515972812656 -0.94583082968479415
3 0.0049807304472616132 0.0049912514389565728 -0.93141874612829145 -0.9264380156810299 -0.93830699351301228 -0.93331574207405565 -0.9303066116280998 -0.92691339103013781 -0.93719253421324233 -0.93379213372645542
11 0.0027516619368623441 0.002757696560357157 -0.92318761032205887 -0.92043594838519649 -0.93005831898395686 -0.92730062242359967 -0.92259251433353118 -0.92070009409829634 -0.929461925181292 -0.9275653511579719
16 0.0065605126154317604 0.0065704717714300531 -0.98461475308060731 -0.97805424046517553 -0.99159781859692397 -0.98502734682549398 -0.98306566083799818 -0.97862512368702448 -0.99004641875965405 -0.98559911605382022
4 0.0027228559607556922 0.0027272441983774965 -0.97444027221039342 -0.97171741624963759 -0.98140768399713396 -0.97868043979875641 -0.97382866589262818 -0.97197549748562806 -0.98079509931524422 -0.9789389405720601
12 0.0014718463358460723 0.001474282683795462 -0.96996279948642417 -0.9684909531505782 -0.97692295070893231 -0.97544866802513674 -0.96964344037806072 -0.96863170896057149 -0.97660306505169281 -0.97558965789037877
0 0.01387452025088534 0.013948449147206905 -0.65307381169098566 -0.63919929144010035 -0.65894179928472218 -0.64499335013751535 -0.64985164990682387 -0.64046380983811135 -0.65570266419457202 -0.64626469727814906
1 0.0066834544089050194 0.00672048493796671 -0.63086387046326453 -0.62418041605435948 -0.6366124594464706 -0.62989197450850398 -0.62939408677304154 -0.62482967929054789 -0.63513457592458333 -0.63054485740870692
18 0.0035567623431459298 0.0035768594906697079 -0.61967459674108061 -0.61611783439793455 -0.62536090265386335 -0.62178404316319369 -0.61883688049384067 -0.61614603213612973 -0.62451846596001503 -0.62181240079743549
2 0.0061113744109361273 0.0061411712702566998 -0.68892121677561813 -0.68280984236468201 -0.69497005632189057 -0.68882888505163387 -0.6874583316877888 -0.68334710751850325 -0.69350007746773112 -0.68936878677546543
3 0.0026535886187793365 0.0026667633092783039 -0.67936127677266256 -0.67670768815388338 -0.68536331770065761 -0.68269655439137922 -0.67876942998494716 -0.6769612863015394 -0.68476853942918314 -0.68295141508511803
11 0.0014720907969636235 0.0014794632346836693 -0.67497181518953631 -0.67349972439257277 -0.68095201965626451 -0.67947255642158089 -0.67465364928255489 -0.67364114015905507 -0.68063226242134589 -0.67961468149020365
16 0.0033911220358486104 0.0034068961661591771 -0.70723080910998348 -0.7038396870741348 -0.71336637300372674 -0.70995947683756744 -0.70643123360994731 -0.7041352825861531 -0.7125630900004073 -0.71025645255089054
4 0.0014141193213338345 0.0014207661006997692 -0.70196617668000028 -0.70055205735866655 -0.70807719546486214 -0.7066564293641624 -0.70164873049324039 -0.70068618710253705 -0.7077582591695466 -0.70679119053520678
12 0.00076609884697339311 0.00076971721127825244 -0.69963962218512077 -0.69887352333814734 -0.70573969338647136 -0.70496997617519308 -0.69947345020451535 -0.69894681503860956 -0.7055727371260867 -0.70504361432912233
15 1 1 -1.6217840431631938 -0.62178404316319369 -1.6248350786521792 -0.62483507865217924 -1.5260204890922111 -0.83850471607422894 -1.5293323178238776 -0.84206805970696919
16 0.40529065447130869 0.4060176613528243 -1.6217840431631938 -1.2157663818103694 -1.6248350786521792 -1.2195444241808708 -1.5260204890922111 -1.2511443572441301 -1.5293323178238776 -1.2548985055639441
4 0.16913287957025661 0.16935176680742287 -0.99159781859692397 -0.8224649390266674 -0.99535187077345277 -0.82600010396602996 -0.95362515972812656 -0.83850471607422894 -0.9573451139169995 -0.84206805970696919
12 0.091582329840532981 0.091833504350527798 -0.71336637300372674 -0.62178404316319369 -0.71666858300270708 -0.62483507865217924 -0.69350007746773112 -0.63054485740870692 -0.69675211546035709 -0.63362211755638143
5 0.15221020320908329 0.15236678446509699 -1.3681331662754666 -1.2157663818103694 -1.3717546273899541 -1.2195444241808708 -1.3542432348656082 -1.2511443572441301 -1.3578847599875328 -1.2548985055639441
6 0.073281551837364456 0.073447385323136938 -1.5331563320933084 -1.4597089467701716 -1.5364506272394087 -1.4631690754020443 -1.5260204890922111 -1.4758594600233561 -1.5293323178238776 -1.4792859042427047
19 0.038987779783445808 0.039100916789966744 -1.6217840431631938 -1.5826831263732268 -1.6248350786521792 -1.5858472988687335 -1.6214740335949127 -1.5918920080212777 -1.624526002187102 -1.5950303614491896
7 0.067013886930340952 0.067121291169612241 -0.88947882595700833 -0.8224649390266674 -0.89312139513564215 -0.82600010396602996 -0.88358686418779842 -0.83850471607422894 -0.88722107867192013 -0.84206805970696919
8 0.029106292377141976 0.029137835711913918 -0.95640691480074169 -0.92730062242359967 -0.9601296624949256 -0.93099182678301151 -0.95362515972812656 -0.93379213372645542 -0.9573451139169995 -0.93749081652763422
14 0.01614915057178725 0.016162587747863503 -0.99159781859692397 -0.97544866802513674 -0.99535187077345277 -0.97918928302558927 -0.99004641875965405 -0.9789389405720601 -0.99379924844080192 -0.98268259311027428
17 0.037157756121528496 0.037265788586444082 -0.65894179928472218 -0.62178404316319369 -0.66210086723862349 -0.62483507865217924 -0.65570266419457202 -0.63054485740870692 -0.65885264740906679 -0.63362211755638143
9 0.015497499900309667 0.015538159633068959 -0.69497005632189057 -0.67947255642158089 -0.69822588857619272 -0.68268772894312368 -0.69350007746773112 -0.68295141508511803 -0.69675211546035709 -0.68617584142579802
15 0.0083963968285335564 0.0084173102930647295 -0.71336637300372674 -0.70496997617519308 -0.71666858300270708 -0.70825127270964239 -0.7125630900004073 -0.70679119053520678 -0.71586331766963918 -0.71007705953350619
0 0.058713283639040499 0.058790262445036712 -1.3681331662754666 -1.3093429038304296 -1.3717546273899541 -1.3130413437509134 -1.3542432348656082 -1.3145927079384465 -1.3578847599875328 -1.318285119823549
1 0.026662814261674293 0.026685413008657771 -1.2752618839008023 -1.2485764708921447 -1.2789954215926522 -1.252332607330978 -1.2693451990019671 -1.2511443572441301 -1.2730841173423209 -1.2548985055639441
10 0.015122455074960479 0.015131752091231448 -1.2308981339016007 -1.2157663818103694 -1.2346668792558311 -1.2195444241808708 -1.2276386118932603 -1.2172256275825215 -1.2314094764923549 -1.2210028334932659
2 0.029501818104075983 0.029572487580709239 -1.5331563320933084 -1.5035838445125993 -1.5364506272394087 -1.5069488091353329 -1.5260204890922111 -1.5061586838117207 -1.5293323178238776 -1.5095177042024748
3 0.012472398659309665 0.012499455229386556 -1.4871692490368418 -1.4746697938074553 -1.4905711714206729 -1.478098772761363 -1.4843715984525829 -1.4758594600233561 -1.487779658264738 -1.4792859042427047
11 0.0068310195270783105 0.0068451045895749942 -1.4665540513597466 -1.4597089467701716 -1.4700000949291225 -1.4631690754020443 -1.4650717097736701 -1.4603650372129777 -1.4685208274302772 -1.4638238280244982
20 0.0136885549890437 0.013729326060524349 -1.6217840431631938 -1.6080547171026693 -1.6248350786521792 -1.6111465236631357 -1.6214740335949127 -1.6095790693094885 -1.624526002187102 -1.6126664049535999
4 0.0072013759491223539 0.0072219508898800737 -1.598430510021335 -1.5912085591314549 -1.6015502221992266 -1.5943488462501043 -1.5968061423154711 -1.5918920080212777 -1.5999305095278851 -1.5950303614491896
12 0.0038739703239928538 0.0038848000858616671 -1.5865679264590886 -1.5826831263732268 -1.5897212691927263 -1.5858472988687335 -1.5857243921532678 -1.5830543247585274 -1.588880094133587 -1.5862174663706818
0 0.025228915732272657 0.025266164164165397 -0.88947882595700833 -0.86424991022473563 -0.89312139513564215 -0.86785523097147665 -0.88358686418779842 -0.86653405411298501 -0.88722107867192013 -0.87014290560063068
1 0.011918233228689887 0.011938247008912876 -0.84926878921034321 -0.83735055598165342 -0.85285017093499416 -0.84091192392608127 -0.84664067876605609 -0.83850471607422894 -0.85021772102400606 -0.84206805970696919
10 0.0068972921412897084 0.0069095999573696026 -0.82936223116795715 -0.8224649390266674 -0.83290970392339947 -0.82600010396602996 -0.8278811682014332 -0.82313250527615023 -0.83142602233970098 -0.82666887402255895
2 0.011592127666092572 0.011604077197628376 -0.95640691480074169 -0.94481478713464906 -0.9601296624949256 -0.94852558529729714 -0.95362515972812656 -0.94583082968479415 -0.9573451139169995 -0.9495427076694396
3 0.0049912514389565728 0.0049968427777506447 -0.93830699351301228 -0.93331574207405565 -0.94201072748922721 -0.93701388471147662 -0.93719253421324233 -0.93379213372645542 -0.94089503279104991 -0.93749081652763422
11 0.002757696560357157 0.0027609046229458973 -0.93005831898395686 -0.92730062242359967 -0.93375273140595749 -0.93099182678301151 -0.929461925181292 -0.9275653511579719 -0.9331556477045666 -0.93125686547312003
16 0.0065704717714300531 0.0065757488304819377 -0.99159781859692397 -0.98502734682549398 -0.99535187077345277 -0.98877612194297082 -0.99004641875965405 -0.98559911605382022 -0.99379924844080192 -0.98934836074137333
4 0.0027272441983774965 0.0027295707427155503 -0.98140768399713396 -0.97868043979875641 -0.98515344063228438 -0.98242386988956887 -0.98079509931524422 -0.9789389405720601 -0.98454033728075863 -0.98268259311027428
12 0.001474282683795462 0.0014755747062707263 -0.97692295070893231 -0.97544866802513674 -0.98066485773185996 -0.97918928302558927 -0.97660306505169281 -0.97558965789037877 -0.98034469285023562 -0.97933039701821389
0 0.013948449147206905 0.013988022439366476 -0.65894179928472218 -0.64499335013751535 -0.66210086723862349 -0.64811284479925702 -0.65570266419457202 -0.64626469727814906 -0.65885264740906679 -0.64938784769912494
1 0.00672048493796671 0.0067403135185640922 -0.6366124594464706 -0.62989197450850398 -0.63970760986589315 -0.63296729634732918 -0.63513457592458333 -0.63054485740870692 -0.63822538936135331 -0.63362211755638143
18 0.0035768594906697079 0.0035876226406997419 -0.62536090265386335 -0.62178404316319369 -0.62842270129287914 -0.62483507865217924 -0.62451846596001503 -0.62181240079743549 -0.62757773659510641 -0.62486352192235628
2 0.0061411712702566998 0.0061571094999208773 -0.69497005632189057 -0.68882888505163387 -0.69822588857619272 -0.69206877907627184 -0.69350007746773112 -0.68936878677546543 -0.69675211546035709 -0.69261009116579741
3 0.0026667633092783039 0.0026738114413565918 -0.68536331770065761 -0.68269655439137922 -0.68859411672747317 -0.68592030528611658 -0.68476853942918314 -0.68295141508511803 -0.68799777021535402 -0.68617584142579802
11 0.0014794632346836693 0.001483407585560124 -0.68095201965626451 -0.67947255642158089 -0.68417113652868378 -0.68268772894312368 -0.68063226242134589 -0.67961468149020365 -0.6838505279216085 -0.68283023350239558
16 0.0034068961661591771 0.0034153304999781481 -0.71336637300372674 -0.70995947683756744 -0.71666858300270708 -0.71325325250272908 -0.7125630900004073 -0.71025645255089054 -0.71586331766963918 -0.71355096622373781
4 0.0014207661006997692 0.0014243203896798535 -0.70807719546486214 -0.7066564293641624 -0.71136628109952249 -0.7099419607098425 -0.7077582591695466 -0.70679119053520678 -0.71104654799423617 -0.71007705953350619
12 0.00076971721127825244 0.00077165216504733621 -0.70573969338647136 -0.70496997617519308 -0.70902292487468976 -0.70825127270964239 -0.7055727371260867 -0.70504361432912233 -0.70885554921587357 -0.70832509613400618
16 1 1 0.81459884905671742 1.8145988490567175 0.83482294409841151 1.8348229440984114 1.0495188091373819 1.7270481773893855 1.0721671665815808 1.7483400240628861
5 0.37334754287477517 0.37649734121888251 1.438101507837835 1.8145988490567175 1.4614754012236362 1.8348229440984114 1.472362211833627 1.7270481773893855 1.4956054180481904 1.7483400240628861
6 0.18053472955063815 0.18146381372159792 1.0319937547797899 1.212528484330428 1.0545131925453617 1.2359770062669595 1.0495188091373819 1.1728010344450848 1.0721671665815808 1.1961208214080226
19 0.095849622569338322 0.097020736985414968 0.81459884905671742 0.91044847162605591 0.83482294409841151 0.93184368108382643 0.81535840931213999 0.88786570985579416 0.83559277408117527 0.9090076366632871
0 0.14432713431578253 0.1450951372005278 1.438101507837835 1.5831966450383628 1.4614754012236362 1.6058025355394188 1.472362211833627 1.5702311187512088 1.4956054180481904 1.5929284614270061
1 0.065308502780416805 0.065990511383325373 1.6674097824857059 1.7334002938690314 1.689312977840943 1.7546214806213598 1.6820372677157089 1.7270481773893855 1.7037992329959224 1.7483400240628861
10 0.03697509817399075 0.037456669664060027 1.7771421793926574 1.8145988490567175 1.7978478459244207 1.8348229440984114 1.7852094630173119 1.8109860399967865 1.8058145362126246 1.8312581955271809
2 0.07264859386847744 0.073128646951555298 1.0319937547797899 1.1046423486482673 1.0545131925453617 1.127641839496917 1.0495188091373819 1.0983147313209072 1.0721671665815808 1.1212781040569901
3 0.030736095286485261 0.030862532218417404 1.1449907477353622 1.1757268430218475 1.1681950332766322 1.1990575654950497 1.1518692975861873 1.1728010344450848 1.1751040984590759 1.1961208214080226
11 0.01683978068222405 0.016889143980169823 1.1956887036482038 1.212528484330428 1.21908786228679 1.2359770062669595 1.1993351906848972 1.2109142944092015 1.2227456879488716 1.2343584163375378
20 0.033644275370112831 0.034084000900777511 0.81459884905671742 0.84824312442683025 0.83482294409841151 0.86890694499918886 0.81535840931213999 0.84450705156343142 0.83559277408117527 0.86512357332427547
4 0.017706823970935533 0.017914361556468542 0.87183471082423414 0.88954153479516973 0.8927883745926628 0.91070273614913133 0.875817059345121 0.88786570985579416 0.8968181468953027 0.9090076366632871
12 0.0095272713141591071 0.0096324268994147071 0.90092120031189671 0.91044847162605591 0.92221125418441163 0.93184368108382643 0.90298984376633629 0.909538085697981 0.92430294075378805 0.93092335411153937
5 0.054873203643178041 0.055231715179922834 1.5279649298584399 1.5831966450383628 1.5509293318962407 1.6058025355394188 1.5329348822411322 1.5702311187512088 1.5558703498637185 1.5929284614270061
6 0.025513599969170856 0.025630174132533063 1.4698872496331354 1.4955174237656688 1.4931409476570456 1.5186545476262165 1.472362211833627 1.4898517637804822 1.4956054180481904 1.5130161666291333
13 0.014644776194581322 0.014696995234664143 1.438101507837835 1.4527985030724992 1.4614754012236362 1.4761201774182178 1.4395216493499188 1.4496380969347427 1.4628907490031782 1.4729714877407458
7 0.026120375030730062 0.026407121892449037 1.7069931719765821 1.7334002938690314 1.7285011055906296 1.7546214806213598 1.70930108136336 1.7270481773893855 1.7307846895989998 1.7483400240628861
8 0.011166605763516938 0.011279054830926658 1.6809620522117599 1.6922411070426866 1.7027345918258088 1.7139011975893257 1.6820372677157089 1.6897200417775813 1.7037992329959224 1.7114055589680564
14 0.006148459513129919 0.0062077032539797532 1.6674097824857059 1.6736174857396855 1.689312977840943 1.6954614373540728 1.6680052971212753 1.6722741898624465 1.689902853411966 1.6941310479025464
17 0.015078901704112913 0.015279817319791705 1.7993190317369259 1.8145988490567175 1.8197440423942985 1.8348229440984114 1.8006465040607118 1.8109860399967865 1.8210543037332247 1.8312581955271809
9 0.0062336944753181751 0.006313517395153569 1.7846114442110439 1.7909249616061973 1.8052240331920733 1.8114577276673915 1.7852094630173119 1.7895060164883081 1.8058145362126246 1.8100568141028277
15 0.0033634592357229673 0.0034057167180746748 1.7771421793926574 1.7805478961107322 1.7978478459244207 1.8012113051601437 1.7774677587399754 1.7798086994229514 1.7981693987740053 1.8004813062839362
5 0.027174788650905973 0.027337584658593522 1.0774675599973613 1.1046423486482673 1.1003042548383237 1.127641839496917 1.079936540009049 1.0983147313209072 1.1027888531111283 1.1212781040569901
6 0.012970458463567258 0.013060942957560898 1.0482606678858619 1.0612311263494292 1.070900048142059 1.0839609910996197 1.0495188091373819 1.0583750780002739 1.0721671665815808 1.081085410697211
13 0.0075466125874861789 0.0076031511005119068 1.0319937547797899 1.0395403673672761 1.0545131925453617 1.0621163436458736 1.0327248695955809 1.037921230085739 1.0552498525339165 1.0604852063813244
7 0.012208716459391575 0.012255879795603863 1.1635181265624559 1.1757268430218475 1.1868016856994457 1.1990575654950497 1.1645899286185204 1.1728010344450848 1.1878777895941888 1.1961208214080226
8 0.005280387378072281 0.0053030162487610151 1.1513649636331673 1.1566453510112398 1.1745975706212732 1.1799005868700343 1.1518692975861873 1.1554670266238669 1.1751040984590759 1.1787172782065165
14 0.0029237748501620572 0.002936902047591432 1.1449907477353622 1.1479145225855243 1.1681950332766322 1.1711319353242235 1.1452715257567199 1.1472824195450544 1.168477081979806 1.1704970138608299
17 0.0068415712468841115 0.0068607028929159571 1.2056869130835439 1.212528484330428 1.2291163033740438 1.2359770062669595 1.2062828119045985 1.2109142944092015 1.2297139187900366 1.2343584163375378
9 0.0028468582715345143 0.0028554816314451305 1.1990652518418172 1.2019121101133519 1.2224749220476352 1.2253304036790804 1.1993351906848972 1.2012728620475115 1.2227456879488716 1.2246892383333519
15 0.001540735891866077 0.001545570566735692 1.1956887036482038 1.19722943954007 1.21908786228679 1.2206334328535258 1.1958360782754973 1.1968951932952043 1.2192357021338593 1.2202981432229725
5 0.016115747034039483 0.016322506022753161 0.83212737739279086 0.84824312442683025 0.85258443897643588 0.86890694499918886 0.83359922296772826 0.84450705156343142 0.85407546308576165 0.86512357332427547
6 0.0078110274907400301 0.0079158821676910129 0.81459884905671742 0.82240987654745745 0.83482294409841151 0.84273882626610241 0.81535840931213999 0.82069360762370014 0.83559277408117527 0.84099966169664386
-1
7 0.0070062996093608366 0.0070873934414907511 0.8825352351858089 0.88954153479516973 0.90361534270764066 0.91070273614913133 0.883151739023329 0.88786570985579416 0.90423903608781597 0.9090076366632871
8 0.0030500040072027603 0.0030860558758780557 0.8755254615904795 0.87857546559768229 0.89652309137352226 0.89960914724940033 0.875817059345121 0.87789543421605098 0.8968181468953027 0.89892109975998191
14 0.0016941185466350008 0.0017143459865771853 0.87183471082423414 0.87352882937086918 0.8927883745926628 0.89450272057924007 0.87199749120497749 0.87316274563826823 0.89295310194944466 0.89413227253105676
17 0.0038627234491581406 0.0039050586187057866 0.90658574817689774 0.91044847162605591 0.92793862246512049 0.93184368108382643 0.90692262254064193 0.909538085697981 0.92827920517512985 0.93092335411153937
9 0.0016130360340378788 0.001630929621973892 0.90283681463489596 0.90444985066893391 0.9241482110001531 0.92577914062212696 0.90298984376633629 0.90408781600639521 0.92430294075378805 0.925413096057629
15 0.00087443518028453742 0.00088418999366040793 0.90092120031189671 0.90179563549218122 0.92221125418441163 0.9230954441780721 0.90100486590321149 0.90160598326784958 0.92229585401632497 0.9229036780519323
17 1 1 -1.8145988490567175 -0.81459884905671742 -1.8348229440984114 -0.83482294409841151 -1.7270481773893855 -1.0495188091373819 -1.7483400240628861 -1.0721671665815808
0 0.37334754287477517 0.37649734121888251 -1.8145988490567175 -1.438101507837835 -1.8348229440984114 -1.4614754012236362 -1.7270481773893855 -1.472362211833627 -1.7483400240628861 -1.4956054180481904
1 0.18053472955063815 0.18146381372159792 -1.212528484330428 -1.0319937547797899 -1.2359770062669595 -1.0545131925453617 -1.1728010344450848 -1.0495188091373819 -1.1961208214080226 -1.0721671665815808
18 0.095849622569338322 0.097020736985414968 -0.91044847162605591 -0.81459884905671742 -0.93184368108382643 -0.83482294409841151 -0.88786570985579416 -0.81535840931213999 -0.9090076366632871 -0.83559277408117527
5 0.14432713431578253 0.1450951372005278 -1.5831966450383628 -1.438101507837835 -1.6058025355394188 -1.4614754012236362 -1.5702311187512088 -1.472362211833627 -1.5929284614270061 -1.4956054180481904
6 0.065308502780416805 0.065990511383325373 -1.7334002938690314 -1.6674097824857059 -1.7546214806213598 -1.689312977840943 -1.7270481773893855 -1.6820372677157089 -1.7483400240628861 -1.7037992329959224
13 0.03697509817399075 0.037456669664060027 -1.8145988490567175 -1.7771421793926574 -1.8348229440984114 -1.7978478459244207 -1.8109860399967865 -1.7852094630173119 -1.8312581955271809 -1.8058145362126246
7 0.07264859386847744 0.073128646951555298 -1.1046423486482673 -1.0319937547797899 -1.127641839496917 -1.0545131925453617 -1.0983147313209072 -1.0495188091373819 -1.1212781040569901 -1.0721671665815808
8 0.030736095286485261 0.030862532218417404 -1.1757268430218475 -1.1449907477353622 -1.1990575654950497 -1.1681950332766322 -1.1728010344450848 -1.1518692975861873 -1.1961208214080226 -1.1751040984590759
14 0.01683978068222405 0.016889143980169823 -1.212528484330428 -1.1956887036482038 -1.2359770062669595 -1.21908786228679 -1.2109142944092015 -1.1993351906848972 -1.2343584163375378 -1.2227456879488716
21 0.033644275370112831 0.034084000900777511 -0.84824312442683025 -0.81459884905671742 -0.86890694499918886 -0.83482294409841151 -0.84450705156343142 -0.81535840931213999 -0.86512357332427547 -0.83559277408117527
9 0.017706823970935533 0.017914361556468542 -0.88954153479516973 -0.87183471082423414 -0.91070273614913133 -0.8927883745926628 -0.88786570985579416 -0.875817059345121 -0.9090076366632871 -0.8968181468953027
15 0.0095272713141591071 0.0096324268994147071 -0.91044847162605591 -0.90092120031189671 -0.93184368108382643 -0.92221125418441163 -0.909538085697981 -0.90298984376633629 -0.93092335411153937 -0.92430294075378805
0 0.054873203643178041 0.055231715179922834 -1.5831966450383628 -1.5279649298584399 -1.6058025355394188 -1.5509293318962407 -1.5702311187512088 -1.5329348822411322 -1.5929284614270061 -1.5558703498637185
1 0.025513599969170856 0.025630174132533063 -1.4955174237656688 -1.4698872496331354 -1.5186545476262165 -1.4931409476570456 -1.4898517637804822 -1.472362211833627 -1.5130161666291333 -1.4956054180481904
10 0.014644776194581322 0.014696995234664143 -1.4527985030724992 -1.438101507837835 -1.4761201774182178 -1.4614754012236362 -1.4496380969347427 -1.4395216493499188 -1.4729714877407458 -1.4628907490031782
2 0.026120375030730062 0.026407121892449037 -1.7334002938690314 -1.7069931719765821 -1.7546214806213598 -1.7285011055906296 -1.7270481773893855 -1.70930108136336 -1.7483400240628861 -1.7307846895989998
3 0.011166605763516938 0.011279054830926658 -1.6922411070426866 -1.6809620522117599 -1.7139011975893257 -1.7027345918258088 -1.6897200417775813 -1.6820372677157089 -1.7114055589680564 -1.7037992329959224
11 0.006148459513129919 0.0062077032539797532 -1.6736174857396855 -1.6674097824857059 -1.6954614373540728 -1.689312977840943 -1.6722741898624465 -1.6680052971212753 -1.6941310479025464 -1.689902853411966
16 0.015078901704112913 0.015279817319791705 -1.8145988490567175 -1.7993190317369259 -1.8348229440984114 -1.8197440423942985 -1.8109860399967865 -1.8006465040607118 -1.8312581955271809 -1.8210543037332247
4 0.0062336944753181751 0.006313517395153569 -1.7909249616061973 -1.7846114442110439 -1.8114577276673915 -1.8052240331920733 -1.7895060164883081 -1.7852094630173119 -1.8100568141028277 -1.8058145362126246
12 0.0033634592357229673 0.0034057167180746748 -1.7805478961107322 -1.7771421793926574 -1.8012113051601437 -1.7978478459244207 -1.7798086994229514 -1.7774677587399754 -1.8004813062839362 -1.7981693987740053
0 0.027174788650905973 0.027337584658593522 -1.1046423486482673 -1.0774675599973613 -1.127641839496917 -1.1003042548383237 -1.0983147313209072 -1.079936540009049 -1.1212781040569901 -1.1027888531111283
1 0.012970458463567258 0.013060942957560898 -1.0612311263494292 -1.0482606678858619 -1.0839609910996197 -1.070900048142059 -1.0583750780002739 -1.0495188091373819 -1.081085410697211 -1.0721671665815808
10 0.0075466125874861789 0.0076031511005119068 -1.0395403673672761 -1.0319937547797899 -1.0621163436458736 -1.0545131925453617 -1.037921230085739 -1.0327248695955809 -1.0604852063813244 -1.0552498525339165
2 0.012208716459391575 0.012255879795603863 -1.1757268430218475 -1.1635181265624559 -1.1990575654950497 -1.1868016856994457 -1.1728010344450848 -1.1645899286185204 -1.1961208214080226 -1.1878777895941888
3 0.005280387378072281 0.0053030162487610151 -1.1566453510112398 -1.1513649636331673 -1.1799005868700343 -1.1745975706212732 -1.1554670266238669 -1.1518692975861873 -1.1787172782065165 -1.1751040984590759
11 0.0029237748501620572 0.002936902047591432 -1.1479145225855243 -1.1449907477353622 -1.1711319353242235 -1.1681950332766322 -1.1472824195450544 -1.1452715257567199 -1.1704970138608299 -1.168477081979806
16 0.0068415712468841115 0.0068607028929159571 -1.212528484330428 -1.2056869130835439 -1.2359770062669595 -1.2291163033740438 -1.2109142944092015 -1.2062828119045985 -1.2343584163375378 -1.2297139187900366
4 0.0028468582715345143 0.0028554816314451305 -1.2019121101133519 -1.1990652518418172 -1.2253304036790804 -1.2224749220476352 -1.2012728620475115 -1.1993351906848972 -1.2246892383333519 -1.2227456879488716
12 0.001540735891866077 0.001545570566735692 -1.19722943954007 -1.1956887036482038 -1.2206334328535258 -1.21908786228679 -1.1968951932952043 -1.1958360782754973 -1.2202981432229725 -1.2192357021338593
0 0.016115747034039483 0.016322506022753161 -0.84824312442683025 -0.83212737739279086 -0.86890694499918886 -0.85258443897643588 -0.84450705156343142 -0.83359922296772826 -0.86512357332427547 -0.85407546308576165
1 0.0078110274907400301 0.0079158821676910129 -0.82240987654745745 -0.81459884905671742 -0.84273882626610241 -0.83482294409841151 -0.82069360762370014 -0.81535840931213999 -0.84099966169664386 -0.83559277408117527
-1
2 0.0070062996093608366 0.0070873934414907511 -0.88954153479516973 -0.8825352351858089 -0.91070273614913133 -0.90361534270764066 -0.88786570985579416 -0.883151739023329 -0.9090076366632871 -0.90423903608781597
3 0.0030500040072027603 0.0030860558758780557 -0.87857546559768229 -0.8755254615904795 -0.89960914724940033 -0.89652309137352226 -0.87789543421605098 -0.875817059345121 -0.89892109975998191 -0.8968181468953027
11 0.0016941185466350008 0.0017143459865771853 -0.87352882937086918 -0.87183471082423414 -0.89450272057924007 -0.8927883745926628 -0.87316274563826823 -0.87199749120497749 -0.89413227253105676 -0.89295310194944466
16 0.0038627234491581406 0.0039050586187057866 -0.91044847162605591 -0.90658574817689774 -0.93184368108382643 -0.92793862246512049 -0.909538085697981 -0.90692262254064193 -0.93092335411153937 -0.92827920517512985
4 0.0016130360340378788 0.001630929621973892 -0.90444985066893391 -0.90283681463489596 -0.92577914062212696 -0.9241482110001531 -0.90408781600639521 -0.90298984376633629 -0.925413096057629 -0.92430294075378805
12 0.00087443518028453742 0.00088418999366040793 -0.90179563549218122 -0.90092120031189671 -0.9230954441780721 -0.92221125418441163 -0.90160598326784958 -0.90100486590321149 -0.9229036780519323 -0.92229585401632497
18 1 1 0.66709265108675964 1.6670926510867599 0.66853623937575968 1.6685362393757597 0.90246547065184157 1.6591579558176495 0.9041424020805231 1.6606117401960878
21 0.35101103654085142 0.35130634913545727 1.3157863019513023 1.6670926510867599 1.3175252028349083 1.6685362393757597 1.3547817970636731 1.6591579558176495 1.3565036856212764 1.6606117401960878
9 0.18464466580130789 0.18473545848473499 0.88499395334004083 1.0696386191413487 0.88665850496696619 1.0713939634517011 0.90246547065184157 1.0281034543111156 0.9041424020805231 1.0298460844498214
15 0.099282145226981103 0.099398109859712827 0.66709265108675964 0.76637479631374084 0.66853623937575968 0.76793434923547244 0.67657853009451618 0.74481562623970932 0.67803430419511979 0.74635217291607114
0 0.16813573806596077 0.16823729163392054 1.3157863019513023 1.4840235935852231 1.3175252028349083 1.485660940900869 1.3547817970636731 1.4686554964582137 1.3565036856212764 1.4703051623856984
1 0.081492522154580749 0.081589590160308534 1.5855030609264511 1.6670926510867599 1.5870437172211789 1.6685362393757597 1.6034287603541948 1.6591579558176495 1.6049495667983724 1.6606117401960878
-1
2 0.073050294830848295 0.073096788714972993 0.88499395334004083 0.95804424817088907 0.88665850496696619 0.95975529368193935 0.90246547065184157 0.95161579380582839 0.9041424020805231 0.95332330343519578
3 0.03180820896404836 0.031820720055484433 0.99933640470071006 1.0311446136647584 1.0010676064692119 1.0328883265246964 1.0064281616878974 1.0281034543111156 1.0081623801720454 1.0298460844498214
11 0.017669892435829476 0.017674754487525098 1.0519687267055191 1.0696386191413487 1.0537192089641763 1.0713939634517011 1.0557869624733938 1.0679407619419483 1.0575385639369734 1.0696956742317769
16 0.040249731552676506 0.040299829520599469 0.66709265108675964 0.70734238263943627 0.66853623937575968 0.70883606889635908 0.67657853009451618 0.70383197114812224 0.67803430419511979 0.70532145553937375
4 0.016810113720524177 0.016828819882634335 0.72960032367443617 0.74641043739496027 0.73111990737906885 0.74794872726170314 0.73337317240628042 0.74481562623970932 0.73489701836640497 0.74635217291607114
12 0.0091134124634955835 0.0091229903346981243 0.75726138385024533 0.76637479631374084 0.75881135890077434 0.76793434923547244 0.7592379316697967 0.76550281951226595 0.76079000231373717 0.76706146534639696
5 0.064955649402204996 0.065003577201832086 1.4190200163833908 1.4840235935852231 1.420705291498664 1.485660940900869 1.4248200608644987 1.4686554964582137 1.4265015041316431 1.4703051623856984
6 0.029423573183140136 0.029438809630202539 1.3519499649430129 1.3813887745732156 1.3536732215703093 1.3830967947534494 1.3547817970636731 1.3748596058343898 1.3565036856212764 1.3765711989926364
13 0.016667251247406853 0.016674043448432031 1.3157863019513023 1.3324603453997346 1.3175252028349083 1.3341924540823151 1.3173939558363068 1.3288679701742516 1.3191322332140112 1.3306016030891172
7 0.032830995566721144 0.032872175864313846 1.6342204752224458 1.6670926510867599 1.6357052438090385 1.6685362393757597 1.6370814695005003 1.6591579558176495 1.6385627650832366 1.6606117401960878
8 0.013862840337128209 0.013878732525022697 1.6021080392717311 1.6159867717967538 1.6036303365804772 1.6174931769176053 1.6034287603541948 1.6128799625590815 1.6049495667983724 1.6143899685102769
14 0.0075881282769716066 0.0075964385891187491 1.5855030609264511 1.5930994995155698 1.5870437172211789 1.5946318454981505 1.5862310986121786 1.5914543221856803 1.5877709649225542 1.5929884806199024
-1
-1
-1
5 0.02751832368107417 0.027534212600276504 0.93052592448981486 0.95804424817088907 0.93222108108166268 0.95975529368193935 0.9330165049987803 0.95161579380582839 0.93471318049930363 0.95332330343519578
6 0.012986962269466426 0.012995693600803186 0.90120801357035707 0.91419497583982356 0.9028840804554934 0.91587977405629672 0.90246547065184157 0.91133080776317266 0.9041424020805231 0.91301371797227771
13 0.0075119497748905653 0.0075173695932113944 0.88499395334004083 0.89250590311493128 0.88665850496696619 0.89417587456017755 0.88572094385477862 0.89089272591186108 0.8873860264003014 0.89256154580797664
7 0.012671476526202978 0.012676146108133883 1.0184731371385554 1.0311446136647584 1.0202121804165625 1.0328883265246964 1.0195836113409549 1.0281034543111156 1.0213230804901796 1.0298460844498214
8 0.005453617237136674 0.0054558557459357367 1.0059076739007824 1.0113612911379188 1.0076416754139033 1.0130975311598389 1.0064281616878974 1.0101435242772212 1.0081623801720454 1.0118792711405171
14 0.0030125251750197819 0.003013822590931089 0.99933640470071006 1.0023489298757298 1.0010676064692119 1.0040814290601432 0.99962558545586389 1.0016974048278047 1.0013569127883579 1.0034296254124162
17 0.0071902158324737139 0.0071920965908571256 1.062448403308875 1.0696386191413487 1.0642018668608442 1.0713939634517011 1.0630740481254561 1.0679407619419483 1.0648276806538537 1.0696956742317769
9 0.002983759526488731 0.0029846100007109022 1.0555041582584246 1.0584879177849131 1.0572556781226197 1.0602402881233306 1.0557869624733938 1.0578176946343978 1.0575385639369734 1.0595698759467145
15 0.0016127657619515253 0.001613243109547538 1.0519687267055191 1.0535814924674707 1.0537192089641763 1.0553324520737237 1.0521229570805217 1.0532315532084995 1.0538734852800875 1.0549824098124925
5 0.015114258671619783 0.015132577749765411 0.69222812396781641 0.70734238263943627 0.69370349114659369 0.70883606889635908 0.69360547466689526 0.70383197114812224 0.69508253581688706 0.70532145553937375
6 0.0072781961251760846 0.0072874008098515039 0.67587152930875805 0.68314972543393404 0.67732640323737647 0.68461380404722794 0.67657853009451618 0.6815490744415863 0.67803430419511979 0.6830111405235787
19 0.0038725948585295006 0.0038775979255644098 0.66709265108675964 0.67096524594528917 0.66853623937575968 0.67241383730132409 0.6671233517420363 0.67005311996683337 0.66856697984687263 0.67150053643945373
7 0.0066622310728400354 0.0066695569785292855 0.73974820632212024 0.74641043739496027 0.74127917028317392 0.74794872726170314 0.7403338690526472 0.74481562623970932 0.74186548163890154 0.74635217291607114
8 0.0028923637019566458 0.002895608304699062 0.73309676099951959 0.73598912470147626 0.73462029594742329 0.73751590425212243 0.73337317240628042 0.73534401036080144 0.73489701836640497 0.73687006811569
14 0.0016044422015292555 0.0016062592858219226 0.72960032367443617 0.73120476587596539 0.73111990737906885 0.73272616666489077 0.7297544518673823 0.73085799097981208 0.73127421041754925 0.73237899960083153
17 0.0036981003715475316 0.0037019609458661725 0.76267669594219334 0.76637479631374084 0.76423238828960627 0.76793434923547244 0.76299904095467563 0.76550281951226595 0.76455507122172539 0.76706146534639696
9 0.0015420119760499889 0.0015436404041031507 0.7590916729528091 0.76063368492885908 0.76064358887652272 0.76218722928062588 0.7592379316697967 0.76028752554300671 0.76079000231373717 0.76184070487360778
15 0.00083535441384228895 0.00083624131840012445 0.75726138385024533 0.75809673826408752 0.75881135890077434 0.75964760021917455 0.75734130064191352 0.7579155433034207 0.75889136061931328 0.75946621303578676
19 1 1 -1.6670926510867599 -0.66709265108675964 -1.6685362393757597 -0.66853623937575968 -1.6591579558176495 -0.90246547065184157 -1.6606117401960878 -0.9041424020805231
20 0.35101103654085142 0.35130634913545727 -1.6670926510867599 -1.3157863019513023 -1.6685362393757597 -1.3175252028349083 -1.6591579558176495 -1.3547817970636731 -1.6606117401960878 -1.3565036856212764
4 0.18464466580130789 0.18473545848473499 -1.0696386191413487 -0.88499395334004083 -1.0713939634517011 -0.88665850496696619 -1.0281034543111156 -0.90246547065184157 -1.0298460844498214 -0.9041424020805231
12 0.099282145226981103 0.099398109859712827 -0.76637479631374084 -0.66709265108675964 -0.76793434923547244 -0.66853623937575968 -0.74481562623970932 -0.67657853009451618 -0.74635217291607114 -0.67803430419511979
5 0.16813573806596077 0.16823729163392054 -1.4840235935852231 -1.3157863019513023 -1.485660940900869 -1.3175252028349083 -1.4686554964582137 -1.3547817970636731 -1.4703051623856984 -1.3565036856212764
6 0.081492522154580749 0.081589590160308534 -1.6670926510867599 -1.5855030609264511 -1.6685362393757597 -1.5870437172211789 -1.6591579558176495 -1.6034287603541948 -1.6606117401960878 -1.6049495667983724
-1
7 0.073050294830848295 0.073096788714972993 -0.95804424817088907 -0.88499395334004083 -0.95975529368193935 -0.88665850496696619 -0.95161579380582839 -0.90246547065184157 -0.95332330343519578 -0.9041424020805231
8 0.03180820896404836 0.031820720055484433 -1.0311446136647584 -0.99933640470071006 -1.0328883265246964 -1.0010676064692119 -1.0281034543111156 -1.0064281616878974 -1.0298460844498214 -1.0081623801720454
14 0.017669892435829476 0.017674754487525098 -1.0696386191413487 -1.0519687267055191 -1.0713939634517011 -1.0537192089641763 -1.0679407619419483 -1.0557869624733938 -1.0696956742317769 -1.0575385639369734
17 0.040249731552676506 0.040299829520599469 -0.70734238263943627 -0.66709265108675964 -0.70883606889635908 -0.66853623937575968 -0.70383197114812224 -0.67657853009451618 -0.70532145553937375 -0.67803430419511979
9 0.016810113720524177 0.016828819882634335 -0.74641043739496027 -0.72960032367443617 -0.74794872726170314 -0.73111990737906885 -0.74481562623970932 -0.73337317240628042 -0.74635217291607114 -0.73489701836640497
15 0.0091134124634955835 0.0091229903346981243 -0.76637479631374084 -0.75726138385024533 -0.76793434923547244 -0.75881135890077434 -0.76550281951226595 -0.7592379316697967 -0.76706146534639696 -0.76079000231373717
0 0.064955649402204996 0.065003577201832086 -1.4840235935852231 -1.4190200163833908 -1.485660940900869 -1.420705291498664 -1.4686554964582137 -1.4248200608644987 -1.4703051623856984 -1.4265015041316431
1 0.029423573183140136 0.029438809630202539 -1.3813887745732156 -1.3519499649430129 -1.3830967947534494 -1.3536732215703093 -1.3748596058343898 -1.3547817970636731 -1.3765711989926364 -1.3565036856212764
10 0.016667251247406853 0.016674043448432031 -1.3324603453997346 -1.3157863019513023 -1.3341924540823151 -1.3175252028349083 -1.3288679701742516 -1.3173939558363068 -1.3306016030891172 -1.3191322332140112
2 0.032830995566721144 0.032872175864313846 -1.6670926510867599 -1.6342204752224458 -1.6685362393757597 -1.6357052438090385 -1.6591579558176495 -1.6370814695005003 -1.6606117401960878 -1.6385627650832366
3 0.013862840337128209 0.013878732525022697 -1.6159867717967538 -1.6021080392717311 -1.6174931769176053 -1.6036303365804772 -1.6128799625590815 -1.6034287603541948 -1.6143899685102769 -1.6049495667983724
11 0.0075881282769716066 0.0075964385891187491 -1.5930994995155698 -1.5855030609264511 -1.5946318454981505 -1.5870437172211789 -1.5914543221856803 -1.5862310986121786 -1.5929884806199024 -1.5877709649225542
-1
-1
-1
0 0.02751832368107417 0.027534212600276504 -0.95804424817088907 -0.93052592448981486 -0.95975529368193935 -0.93222108108166268 -0.95161579380582839 -0.9330165049987803 -0.95332330343519578 -0.93471318049930363
1 0.012986962269466426 0.012995693600803186 -0.91419497583982356 -0.90120801357035707 -0.91587977405629672 -0.9028840804554934 -0.91133080776317266 -0.90246547065184157 -0.91301371797227771 -0.9041424020805231
10 0.0075119497748905653 0.0075173695932113944 -0.89250590311493128 -0.88499395334004083 -0.89417587456017755 -0.88665850496696619 -0.89089272591186108 -0.88572094385477862 -0.89256154580797664 -0.8873860264003014
2 0.012671476526202978 0.012676146108133883 -1.0311446136647584 -1.0184731371385554 -1.0328883265246964 -1.0202121804165625 -1.0281034543111156 -1.0195836113409549 -1.0298460844498214 -1.0213230804901796
3 0.005453617237136674 0.0054558557459357367 -1.0113612911379188 -1.0059076739007824 -1.0130975311598389 -1.0076416754139033 -1.0101435242772212 -1.0064281616878974 -1.0118792711405171 -1.0081623801720454
11 0.0030125251750197819 0.003013822590931089 -1.0023489298757298 -0.99933640470071006 -1.0040814290601432 -1.0010676064692119 -1.0016974048278047 -0.99962558545586389 -1.0034296254124162 -1.0013569127883579
16 0.0071902158324737139 0.0071920965908571256 -1.0696386191413487 -1.062448403308875 -1.0713939634517011 -1.0642018668608442 -1.0679407619419483 -1.0630740481254561 -1.0696956742317769 -1.0648276806538537
4 0.002983759526488731 0.0029846100007109022 -1.0584879177849131 -1.0555041582584246 -1.0602402881233306 -1.0572556781226197 -1.0578176946343978 -1.0557869624733938 -1.0595698759467145 -1.0575385639369734
12 0.0016127657619515253 0.001613243109547538 -1.0535814924674707 -1.0519687267055191 -1.0553324520737237 -1.0537192089641763 -1.0532315532084995 -1.0521229570805217 -1.0549824098124925 -1.0538734852800875
0 0.015114258671619783 0.015132577749765411 -0.70734238263943627 -0.69222812396781641 -0.70883606889635908 -0.69370349114659369 -0.70383197114812224 -0.69360547466689526 -0.70532145553937375 -0.69508253581688706
1 0.0072781961251760846 0.0072874008098515039 -0.68314972543393404 -0.67587152930875805 -0.68461380404722794 -0.67732640323737647 -0.6815490744415863 -0.67657853009451618 -0.6830111405235787 -0.67803430419511979
18 0.0038725948585295006 0.0038775979255644098 -0.67096524594528917 -0.66709265108675964 -0.67241383730132409 -0.66853623937575968 -0.67005311996683337 -0.6671233517420363 -0.67150053643945373 -0.66856697984687263
2 0.0066622310728400354 0.0066695569785292855 -0.74641043739496027 -0.73974820632212024 -0.74794872726170314 -0.74127917028317392 -0.74481562623970932 -0.7403338690526472 -0.74635217291607114 -0.74186548163890154
3 0.0028923637019566458 0.002895608304699062 -0.73598912470147626 -0.73309676099951959 -0.73751590425212243 -0.73462029594742329 -0.73534401036080144 -0.73337317240628042 -0.73687006811569 -0.73489701836640497
11 0.0016044422015292555 0.0016062592858219226 -0.73120476587596539 -0.72960032367443617 -0.73272616666489077 -0.73111990737906885 -0.73085799097981208 -0.7297544518673823 -0.73237899960083153 -0.73127421041754925
16 0.0036981003715475316 0.0037019609458661725 -0.76637479631374084 -0.76267669594219334 -0.76793434923547244 -0.76423238828960627 -0.76550281951226595 -0.76299904095467563 -0.76706146534639696 -0.76455507122172539
4 0.0015420119760499889 0.0015436404041031507 -0.76063368492885908 -0.7590916729528091 -0.76218722928062588 -0.76064358887652272 -0.76028752554300671 -0.7592379316697967 -0.76184070487360778 -0.76079000231373717
12 0.00083535441384228895 0.00083624131840012445 -0.75809673826408752 -0.75726138385024533 -0.75964760021917455 -0.75881135890077434 -0.7579155433034207 -0.75734130064191352 -0.75946621303578676 -0.75889136061931328
20 1 1 1.3445109942035214 2.3445109942035214 1.3459468963904855 2.345946896390485 1.3670872050764515 2.2334646773398301 1.3685331527693947 2.234945500576444
5 0.47889055249909918 0.47900413537678821 1.8655068588267332 2.3445109942035214 1.8670563438913861 2.345946896390485 1.9092541400133849 2.2334646773398301 1.9108019157116203 2.234945500576444
6 0.23216512779106413 0.23224627269360598 1.3445109942035214 1.5766761219945857 1.3459468963904855 1.5781931690840911 1.3670872050764515 1.5256639095192961 1.3685331527693947 1.5271673351592059
-1
0 0.185033881003864 0.18505301155864173 1.8655068588267332 2.0505598703853751 1.8670563438913861 2.0520902248952502 1.9092541400133849 2.0340469632981799 1.9108019157116203 2.035580291341867
1 0.083798114388338257 0.083825208099164009 2.157703215836388 2.2415284239355522 2.1592082485312689 2.2430063629196071 2.1762940721955544 2.2334646773398301 2.1777936477274222 2.234945500576444
10 0.047462972102456438 0.047483553257069974 2.2970274409464513 2.3445109942035214 2.2984839242880288 2.345946896390485 2.3072574639924075 2.3399327040308249 2.3087096866015298 2.341370679965816
2 0.093532658945042091 0.093571254676182825 1.3445109942035214 1.4380436531485636 1.3459468963904855 1.4395181510666679 1.3670872050764515 1.4299028228705233 1.3685331527693947 1.4313742781048069
3 0.039494029799586716 0.039506068020624681 1.4899282521939656 1.5294222819935523 1.4914207240505157 1.5309267920711402 1.4987690238059073 1.5256639095192961 1.500264313827125 1.5271673351592059
11 0.02161791934450609 0.021623402502724771 1.5550582026500797 1.5766761219945857 1.5565697665813665 1.5781931690840911 1.5597400066595581 1.5746042563673905 1.5612527941837377 1.5761207963885253
-1
-1
-1
5 0.07036381199091768 0.07037475981501369 1.9801851105703612 2.0505598703853751 1.9817264129043322 2.0520902248952502 1.9865210716312627 2.0340469632981799 1.9880615729442708 2.035580291341867
6 0.032705575771935044 0.032707897804219468 1.906094944139066 1.9388028419432854 1.9076429016351784 1.9403484774071131 1.9092541400133849 1.931574155239538 1.9108019157116203 1.9331203877083107
13 0.018769886724979826 0.018770406784925267 1.8655068588267332 1.8842772656116584 1.8670563438913861 1.8858262306163658 1.867320862147045 1.880241418175892 1.8688703109512965 1.8817905220635727
7 0.033518264188624476 0.033529868772269961 2.2079985551632819 2.2415284239355522 2.2094880987309828 2.2430063629196071 2.2109297218979624 2.2334646773398301 2.2124182917983264 2.234945500576444
8 0.014327140259634486 0.014331543977205204 2.1749277195549404 2.1892592635321453 2.1764277068729978 2.1907548471326317 2.1762940721955544 2.186056211362732 2.1777936477274222 2.1875527953953404
14 0.0078881304245585308 0.0078904081654074185 2.157703215836388 2.1655936240017954 2.1592082485312689 2.1670963789558275 2.1584602000467008 2.1638862927558113 2.1599650166779814 2.1653895453713834
17 0.019356922612936554 0.019365564046108716 2.3251454301574128 2.3445109942035214 2.3265899737775486 2.345946896390485 2.3268281106555446 2.3399327040308249 2.3282719169520565 2.341370679965816
9 0.0080015802413999724 0.0080049751301912789 2.3064991837315718 2.3145041588617632 2.3079517254259381 2.315953305667338 2.3072574639924075 2.312705156729836 2.3087096866015298 2.3141550715656414
15 0.0043171735900836335 0.0043189607945282723 2.2970274409464513 2.3013464017409797 2.2984839242880288 2.3028010978781124 2.2974403379824504 2.300409015704636 2.2988966511990618 2.301864101177939
5 0.034969653376624027 0.034983150746775681 1.4030739997719395 1.4380436531485636 1.4045350003198922 1.4395181510666679 1.40625202448678 1.4299028228705233 1.4077142976806671 1.4313742781048069
6 0.016703874663468173 0.016711033046215948 1.3654667178171795 1.3821705924806478 1.3669119599245152 1.3836229929707311 1.3670872050764515 1.3784928565944266 1.3685331527693947 1.3799437028227592
13 0.0097227702102263835 0.0097271533691203338 1.3445109942035214 1.3542337644137477 1.3459468963904855 1.3556740497596056 1.3454530034562207 1.3521478612618461 1.3468893340812031 1.3535872135089393
7 0.015684364307847566 0.015688975033077417 1.5137379176857049 1.5294222819935523 1.5152378170380629 1.5309267920711402 1.5151150101154112 1.5256639095192961 1.5166153232623021 1.5271673351592059
8 0.0067858991763382736 0.0067880180306172135 1.4981208642116384 1.5049067633879765 1.4996159500376072 1.5064039680682244 1.4987690238059073 1.5033925486161948 1.500264313827125 1.5048892841272408
14 0.0037579892431133287 0.0037591958716792937 1.4899282521939656 1.4936862414370791 1.4914207240505157 1.4951799199221949 1.4902891522608017 1.4928738059836002 1.4917817405547034 1.4943672246987514
17 0.0087818702026324844 0.0087840463070542382 1.5678942517919532 1.5766761219945857 1.569409122777037 1.5781931690840911 1.5686592010131863 1.5746042563673905 1.5701742643411358 1.5761207963885253
9 0.0036549112116353176 0.0036558537053712811 1.5593934387870858 1.5630483499987209 1.5609061364195909 1.5645619901249623 1.5597400066595581 1.562227676926385 1.5612527941837377 1.5637411064843143
15 0.001978228738912134 0.0019787481856030705 1.5550582026500797 1.5570364313889917 1.5565697665813665 1.5585485147669695 1.55524742719951 1.5566072812510106 1.5567590409718388 1.5581192522446992
-1
-1
-1
-1
-1
-1
-1
-1
-1
21 1 1 -2.3445109942035214 -1.3445109942035214 -2.345946896390485 -1.3459468963904855 -2.2334646773398301 -1.3670872050764515 -2.234945500576444 -1.3685331527693947
0 0.47889055249909918 0.47900413537678821 -2.3445109942035214 -1.8655068588267332 -2.345946896390485 -1.8670563438913861 -2.2334646773398301 -1.9092541400133849 -2.234945500576444 -1.9108019157116203
1 0.23216512779106413 0.23224627269360598 -1.5766761219945857 -1.3445109942035214 -1.5781931690840911 -1.3459468963904855 -1.5256639095192961 -1.3670872050764515 -1.5271673351592059 -1.3685331527693947
-1
5 0.185033881003864 0.18505301155864173 -2.0505598703853751 -1.8655068588267332 -2.0520902248952502 -1.8670563438913861 -2.0340469632981799 -1.9092541400133849 -2.035580291341867 -1.9108019157116203
6 0.083798114388338257 0.083825208099164009 -2.2415284239355522 -2.157703215836388 -2.2430063629196071 -2.1592082485312689 -2.2334646773398301 -2.1762940721955544 -2.234945500576444 -2.1777936477274222
13 0.047462972102456438 0.047483553257069974 -2.3445109942035214 -2.2970274409464513 -2.345946896390485 -2.2984839242880288 -2.3399327040308249 -2.3072574639924075 -2.341370679965816 -2.3087096866015298
7 0.093532658945042091 0.093571254676182825 -1.4380436531485636 -1.3445109942035214 -1.4395181510666679 -1.3459468963904855 -1.4299028228705233 -1.3670872050764515 -1.4313742781048069 -1.3685331527693947
8 0.039494029799586716 0.039506068020624681 -1.5294222819935523 -1.4899282521939656 -1.5309267920711402 -1.4914207240505157 -1.5256639095192961 -1.4987690238059073 -1.5271673351592059 -1.500264313827125
14 0.02161791934450609 0.021623402502724771 -1.5766761219945857 -1.5550582026500797 -1.5781931690840911 -1.5565697665813665 -1.5746042563673905 -1.5597400066595581 -1.5761207963885253 -1.5612527941837377
-1
-1
-1
0 0.07036381199091768 0.07037475981501369 -2.0505598703853751 -1.9801851105703612 -2.0520902248952502 -1.9817264129043322 -2.0340469632981799 -1.9865210716312627 -2.035580291341867 -1.9880615729442708
1 0.032705575771935044 0.032707897804219468 -1.9388028419432854 -1.906094944139066 -1.9403484774071131 -1.9076429016351784 -1.931574155239538 -1.9092541400133849 -1.9331203877083107 -1.9108019157116203
10 0.018769886724979826 0.018770406784925267 -1.8842772656116584 -1.8655068588267332 -1.8858262306163658 -1.8670563438913861 -1.880241418175892 -1.867320862147045 -1.8817905220635727 -1.8688703109512965
2 0.033518264188624476 0.033529868772269961 -2.2415284239355522 -2.2079985551632819 -2.2430063629196071 -2.2094880987309828 -2.2334646773398301 -2.2109297218979624 -2.234945500576444 -2.2124182917983264
3 0.014327140259634486 0.014331543977205204 -2.1892592635321453 -2.1749277195549404 -2.1907548471326317 -2.1764277068729978 -2.186056211362732 -2.1762940721955544 -2.1875527953953404 -2.1777936477274222
11 0.0078881304245585308 0.0078904081654074185 -2.1655936240017954 -2.157703215836388 -2.1670963789558275 -2.1592082485312689 -2.1638862927558113 -2.1584602000467008 -2.1653895453713834 -2.1599650166779814
16 0.019356922612936554 0.019365564046108716 -2.3445109942035214 -2.3251454301574128 -2.345946896390485 -2.3265899737775486 -2.3399327040308249 -2.3268281106555446 -2.341370679965816 -2.3282719169520565
4 0.0080015802413999724 0.0080049751301912789 -2.3145041588617632 -2.3064991837315718 -2.315953305667338 -2.3079517254259381 -2.312705156729836 -2.3072574639924075 -2.3141550715656414 -2.3087096866015298
12 0.0043171735900836335 0.0043189607945282723 -2.3013464017409797 -2.2970274409464513 -2.3028010978781124 -2.2984839242880288 -2.300409015704636 -2.2974403379824504 -2.301864101177939 -2.2988966511990618
0 0.034969653376624027 0.034983150746775681 -1.4380436531485636 -1.4030739997719395 -1.4395181510666679 -1.4045350003198922 -1.4299028228705233 -1.40625202448678 -1.4313742781048069 -1.4077142976806671
1 0.016703874663468173 0.016711033046215948 -1.3821705924806478 -1.3654667178171795 -1.3836229929707311 -1.3669119599245152 -1.3784928565944266 -1.3670872050764515 -1.3799437028227592 -1.3685331527693947
10 0.0097227702102263835 0.0097271533691203338 -1.3542337644137477 -1.3445109942035214 -1.3556740497596056 -1.3459468963904855 -1.3521478612618461 -1.3454530034562207 -1.3535872135089393 -1.3468893340812031
2 0.015684364307847566 0.015688975033077417 -1.5294222819935523 -1.5137379176857049 -1.5309267920711402 -1.5152378170380629 -1.5256639095192961 -1.5151150101154112 -1.5271673351592059 -1.5166153232623021
3 0.0067858991763382736 0.0067880180306172135 -1.5049067633879765 -1.4981208642116384 -1.5064039680682244 -1.4996159500376072 -1.5033925486161948 -1.4987690238059073 -1.5048892841272408 -1.500264313827125
11 0.0037579892431133287 0.0037591958716792937 -1.4936862414370791 -1.4899282521939656 -1.4951799199221949 -1.4914207240505157 -1.4928738059836002 -1.4902891522608017 -1.4943672246987514 -1.4917817405547034
16 0.0087818702026324844 0.0087840463070542382 -1.5766761219945857 -1.5678942517919532 -1.5781931690840911 -1.569409122777037 -1.5746042563673905 -1.5686592010131863 -1.5761207963885253 -1.5701742643411358
4 0.0036549112116353176 0.0036558537053712811 -1.5630483499987209 -1.5593934387870858 -1.5645619901249623 -1.5609061364195909 -1.562227676926385 -1.5597400066595581 -1.5637411064843143 -1.5612527941837377
12 0.001978228738912134 0.0019787481856030705 -1.5570364313889917 -1.5550582026500797 -1.5585485147669695 -1.5565697665813665 -1.5566072812510106 -1.55524742719951 -1.5581192522446992 -1.5567590409718388
-1
-1
-1
-1
-1
-1
-1
-1
-1
