22 91 -117 116 1.02 3 67734 36 1824
0 1 1 1 2 2 2 2 2 2 2 2 2 3 3 3 3 3 3 3 3 3 3 3 3 3 3 3 3 3 3 3 3 3 3 3 3 3 3 3 6 6 6 6 6 6 4 4 4 5 5 5 6 6 4 4 4 5 5 5 6 6 4 4 4 5 5 5 6 6 5 5 5 6 6 4 4 4 5 5 5 6 6 4 4 4 5 5 5 6 6
0 0 0
1 0 0
2 0 0
3 0 0
4 0 0
5 0 0.9375
5 0.03125 0.90625
5 0.0625 0.875
5 0.09375 0.84375
5 0.125 0.8125
5 0.15625 0.78125
5 0.1875 0.75
5 0.21875 0.71875
5 0.25 0.6875
5 0.28125 0.65625
5 0.3125 0.625
5 0.34375 0.59375
5 0.375 0.5625
5 0.40625 0.53125
5 0.4375 0.5
5 0.46875 0.46875
5 0.5 0.4375
5 0.53125 0.40625
5 0.5625 0.375
5 0.59375 0.34375
5 0.625 0.3125
5 0.65625 0.28125
5 0.6875 0.25
5 0.71875 0.21875
5 0.75 0.1875
5 0.78125 0.15625
5 0.8125 0.125
5 0.84375 0.09375
5 0.875 0.0625
5 0.90625 0.03125
5 0.9375 0
0 1 0
0 2 0
0 3 0
0 4 0
0 5 0
0 6 0
0 7 0
0 8 0
0 9 0
0 10 0
0 11 0
0 12 0
0 13 0
0 14 0
0 15 0
0 16 0
0 17 0
0 18 0
0 19 0
0 20 0
0 21 0
0 22 0
0 23 0
0 24 0
0 25 0
0 26 0
0 27 0
0 28 0
0 29 0
0 30 0
0 31 0
0 32 0
0 33 0
0 34 0
0 35 0
0 36 0
0 37 0
0 38 0
0 39 0
1 0 0
1 1 0
1 2 0
1 3 0
1 4 0
1 5 0
1 6 0
1 7 0
1 8 0
1 9 0
1 10 0
1 11 0
1 12 0
2 0 0
2 1 0
2 2 0
2 3 0
2 4 0
2 5 0
2 6 0
2 7 0
2 8 0
2 9 0
2 10 0
2 11 0
2 12 0
3 0 0
3 1 0
3 2 0
3 3 0
3 4 0
3 5 0
3 6 0
3 7 0
3 8 0
3 9 0
3 10 0
3 11 0
3 12 0
4 0 0
4 1 0
4 2 0
4 3 0
5 0 0
5 1 0
5 2 0
5 3 0
6 0 0
6 1 0
6 2 0
6 3 0
7 0 0
7 1 0
7 2 0
7 3 0
8 0 0
8 1 0
8 2 0
8 3 0
9 0 0
9 1 0
9 2 0
9 3 0
10 0 0
10 1 0
10 2 0
10 3 0
11 0 0
11 1 0
11 2 0
11 3 0
12 0 0
12 1 0
12 2 0
12 3 0
13 0 0
14 0 0
15 0 0
16 0 0
17 0 0
18 0 0
19 0 0
20 0 0
21 0 0
22 0 0
23 0 0
24 0 0
25 0 0
26 0 0
27 0 0
28 0 0
29 0 0
30 0 0
31 0 0
32 0 0
33 0 0
34 0 0
35 0 0
36 0 0
37 0 0
38 0 0
39 0 0
40 40 0
40 41 0
40 42 0
40 43 0
40 44 0
40 45 0
41 40 0
41 41 0
41 42 0
41 43 0
41 44 0
41 45 0
42 40 0
42 41 0
42 42 0
42 43 0
42 44 0
42 45 0
43 40 0
43 41 0
43 42 0
43 43 0
43 44 0
43 45 0
44 40 0
44 41 0
44 42 0
44 43 0
44 44 0
44 45 0
45 40 0
45 41 0
45 42 0
45 43 0
45 44 0
45 45 0
4 4 1
4 5 1
4 6 1
4 7 1
4 8 1
4 9 1
4 10 1
4 11 1
4 12 1
5 4 1
5 5 1
5 6 1
5 7 1
5 8 1
5 9 1
5 10 1
5 11 1
5 12 1
6 4 1
6 5 1
6 6 1
6 7 1
6 8 1
6 9 1
6 10 1
6 11 1
6 12 1
7 4 1
7 5 1
7 6 1
7 7 1
7 8 1
7 9 1
7 10 1
7 11 1
7 12 1
8 4 1
8 5 1
8 6 1
8 7 1
8 8 1
8 9 1
8 10 1
8 11 1
8 12 1
9 4 1
9 5 1
9 6 1
9 7 1
9 8 1
9 9 1
9 10 1
9 11 1
9 12 1
10 4 1
10 5 1
10 6 1
10 7 1
10 8 1
10 9 1
10 10 1
10 11 1
10 12 1
11 4 1
11 5 1
11 6 1
11 7 1
11 8 1
11 9 1
11 10 1
11 11 1
11 12 1
12 4 1
12 5 1
12 6 1
12 7 1
12 8 1
12 9 1
12 10 1
12 11 1
12 12 1
13 13 1
13 14 1
13 15 1
13 16 1
13 17 1
13 18 1
13 19 1
13 20 1
13 21 1
13 22 1
13 23 1
13 24 1
13 25 1
13 26 1
13 27 1
13 28 1
13 29 1
13 30 1
13 31 1
13 32 1
13 33 1
13 34 1
13 35 1
13 36 1
13 37 1
13 38 1
13 39 1
14 13 1
14 14 1
14 15 1
14 16 1
14 17 1
14 18 1
14 19 1
14 20 1
14 21 1
14 22 1
14 23 1
14 24 1
14 25 1
14 26 1
14 27 1
14 28 1
14 29 1
14 30 1
14 31 1
14 32 1
14 33 1
14 34 1
14 35 1
14 36 1
14 37 1
14 38 1
14 39 1
15 13 1
15 14 1
15 15 1
15 16 1
15 17 1
15 18 1
15 19 1
15 20 1
15 21 1
15 22 1
15 23 1
15 24 1
15 25 1
15 26 1
15 27 1
15 28 1
15 29 1
15 30 1
15 31 1
15 32 1
15 33 1
15 34 1
15 35 1
15 36 1
15 37 1
15 38 1
15 39 1
16 13 1
16 14 1
16 15 1
16 16 1
16 17 1
16 18 1
16 19 1
16 20 1
16 21 1
16 22 1
16 23 1
16 24 1
16 25 1
16 26 1
16 27 1
16 28 1
16 29 1
16 30 1
16 31 1
16 32 1
16 33 1
16 34 1
16 35 1
16 36 1
16 37 1
16 38 1
16 39 1
17 13 1
17 14 1
17 15 1
17 16 1
17 17 1
17 18 1
17 19 1
17 20 1
17 21 1
17 22 1
17 23 1
17 24 1
17 25 1
17 26 1
17 27 1
17 28 1
17 29 1
17 30 1
17 31 1
17 32 1
17 33 1
17 34 1
17 35 1
17 36 1
17 37 1
17 38 1
17 39 1
18 13 1
18 14 1
18 15 1
18 16 1
18 17 1
18 18 1
18 19 1
18 20 1
18 21 1
18 22 1
18 23 1
18 24 1
18 25 1
18 26 1
18 27 1
18 28 1
18 29 1
18 30 1
18 31 1
18 32 1
18 33 1
18 34 1
18 35 1
18 36 1
18 37 1
18 38 1
18 39 1
19 13 1
19 14 1
19 15 1
19 16 1
19 17 1
19 18 1
19 19 1
19 20 1
19 21 1
19 22 1
19 23 1
19 24 1
19 25 1
19 26 1
19 27 1
19 28 1
19 29 1
19 30 1
19 31 1
19 32 1
19 33 1
19 34 1
19 35 1
19 36 1
19 37 1
19 38 1
19 39 1
20 13 1
20 14 1
20 15 1
20 16 1
20 17 1
20 18 1
20 19 1
20 20 1
20 21 1
20 22 1
20 23 1
20 24 1
20 25 1
20 26 1
20 27 1
20 28 1
20 29 1
20 30 1
20 31 1
20 32 1
20 33 1
20 34 1
20 35 1
20 36 1
20 37 1
20 38 1
20 39 1
21 13 1
21 14 1
21 15 1
21 16 1
21 17 1
21 18 1
21 19 1
21 20 1
21 21 1
21 22 1
21 23 1
21 24 1
21 25 1
21 26 1
21 27 1
21 28 1
21 29 1
21 30 1
21 31 1
21 32 1
21 33 1
21 34 1
21 35 1
21 36 1
21 37 1
21 38 1
21 39 1
22 13 1
22 14 1
22 15 1
22 16 1
22 17 1
22 18 1
22 19 1
22 20 1
22 21 1
22 22 1
22 23 1
22 24 1
22 25 1
22 26 1
22 27 1
22 28 1
22 29 1
22 30 1
22 31 1
22 32 1
22 33 1
22 34 1
22 35 1
22 36 1
22 37 1
22 38 1
22 39 1
23 13 1
23 14 1
23 15 1
23 16 1
23 17 1
23 18 1
23 19 1
23 20 1
23 21 1
23 22 1
23 23 1
23 24 1
23 25 1
23 26 1
23 27 1
23 28 1
23 29 1
23 30 1
23 31 1
23 32 1
23 33 1
23 34 1
23 35 1
23 36 1
23 37 1
23 38 1
23 39 1
24 13 1
24 14 1
24 15 1
24 16 1
24 17 1
24 18 1
24 19 1
24 20 1
24 21 1
24 22 1
24 23 1
24 24 1
24 25 1
24 26 1
24 27 1
24 28 1
24 29 1
24 30 1
24 31 1
24 32 1
24 33 1
24 34 1
24 35 1
24 36 1
24 37 1
24 38 1
24 39 1
25 13 1
25 14 1
25 15 1
25 16 1
25 17 1
25 18 1
25 19 1
25 20 1
25 21 1
25 22 1
25 23 1
25 24 1
25 25 1
25 26 1
25 27 1
25 28 1
25 29 1
25 30 1
25 31 1
25 32 1
25 33 1
25 34 1
25 35 1
25 36 1
25 37 1
25 38 1
25 39 1
26 13 1
26 14 1
26 15 1
26 16 1
26 17 1
26 18 1
26 19 1
26 20 1
26 21 1
26 22 1
26 23 1
26 24 1
26 25 1
26 26 1
26 27 1
26 28 1
26 29 1
26 30 1
26 31 1
26 32 1
26 33 1
26 34 1
26 35 1
26 36 1
26 37 1
26 38 1
26 39 1
27 13 1
27 14 1
27 15 1
27 16 1
27 17 1
27 18 1
27 19 1
27 20 1
27 21 1
27 22 1
27 23 1
27 24 1
27 25 1
27 26 1
27 27 1
27 28 1
27 29 1
27 30 1
27 31 1
27 32 1
27 33 1
27 34 1
27 35 1
27 36 1
27 37 1
27 38 1
27 39 1
28 13 1
28 14 1
28 15 1
28 16 1
28 17 1
28 18 1
28 19 1
28 20 1
28 21 1
28 22 1
28 23 1
28 24 1
28 25 1
28 26 1
28 27 1
28 28 1
28 29 1
28 30 1
28 31 1
28 32 1
28 33 1
28 34 1
28 35 1
28 36 1
28 37 1
28 38 1
28 39 1
29 13 1
29 14 1
29 15 1
29 16 1
29 17 1
29 18 1
29 19 1
29 20 1
29 21 1
29 22 1
29 23 1
29 24 1
29 25 1
29 26 1
29 27 1
29 28 1
29 29 1
29 30 1
29 31 1
29 32 1
29 33 1
29 34 1
29 35 1
29 36 1
29 37 1
29 38 1
29 39 1
30 13 1
30 14 1
30 15 1
30 16 1
30 17 1
30 18 1
30 19 1
30 20 1
30 21 1
30 22 1
30 23 1
30 24 1
30 25 1
30 26 1
30 27 1
30 28 1
30 29 1
30 30 1
30 31 1
30 32 1
30 33 1
30 34 1
30 35 1
30 36 1
30 37 1
30 38 1
30 39 1
31 13 1
31 14 1
31 15 1
31 16 1
31 17 1
31 18 1
31 19 1
31 20 1
31 21 1
31 22 1
31 23 1
31 24 1
31 25 1
31 26 1
31 27 1
31 28 1
31 29 1
31 30 1
31 31 1
31 32 1
31 33 1
31 34 1
31 35 1
31 36 1
31 37 1
31 38 1
31 39 1
32 13 1
32 14 1
32 15 1
32 16 1
32 17 1
32 18 1
32 19 1
32 20 1
32 21 1
32 22 1
32 23 1
32 24 1
32 25 1
32 26 1
32 27 1
32 28 1
32 29 1
32 30 1
32 31 1
32 32 1
32 33 1
32 34 1
32 35 1
32 36 1
32 37 1
32 38 1
32 39 1
33 13 1
33 14 1
33 15 1
33 16 1
33 17 1
33 18 1
33 19 1
33 20 1
33 21 1
33 22 1
33 23 1
33 24 1
33 25 1
33 26 1
33 27 1
33 28 1
33 29 1
33 30 1
33 31 1
33 32 1
33 33 1
33 34 1
33 35 1
33 36 1
33 37 1
33 38 1
33 39 1
34 13 1
34 14 1
34 15 1
34 16 1
34 17 1
34 18 1
34 19 1
34 20 1
34 21 1
34 22 1
34 23 1
34 24 1
34 25 1
34 26 1
34 27 1
34 28 1
34 29 1
34 30 1
34 31 1
34 32 1
34 33 1
34 34 1
34 35 1
34 36 1
34 37 1
34 38 1
34 39 1
35 13 1
35 14 1
35 15 1
35 16 1
35 17 1
35 18 1
35 19 1
35 20 1
35 21 1
35 22 1
35 23 1
35 24 1
35 25 1
35 26 1
35 27 1
35 28 1
35 29 1
35 30 1
35 31 1
35 32 1
35 33 1
35 34 1
35 35 1
35 36 1
35 37 1
35 38 1
35 39 1
36 13 1
36 14 1
36 15 1
36 16 1
36 17 1
36 18 1
36 19 1
36 20 1
36 21 1
36 22 1
36 23 1
36 24 1
36 25 1
36 26 1
36 27 1
36 28 1
36 29 1
36 30 1
36 31 1
36 32 1
36 33 1
36 34 1
36 35 1
36 36 1
36 37 1
36 38 1
36 39 1
37 13 1
37 14 1
37 15 1
37 16 1
37 17 1
37 18 1
37 19 1
37 20 1
37 21 1
37 22 1
37 23 1
37 24 1
37 25 1
37 26 1
37 27 1
37 28 1
37 29 1
37 30 1
37 31 1
37 32 1
37 33 1
37 34 1
37 35 1
37 36 1
37 37 1
37 38 1
37 39 1
38 13 1
38 14 1
38 15 1
38 16 1
38 17 1
38 18 1
38 19 1
38 20 1
38 21 1
38 22 1
38 23 1
38 24 1
38 25 1
38 26 1
38 27 1
38 28 1
38 29 1
38 30 1
38 31 1
38 32 1
38 33 1
38 34 1
38 35 1
38 36 1
38 37 1
38 38 1
38 39 1
39 13 1
39 14 1
39 15 1
39 16 1
39 17 1
39 18 1
39 19 1
39 20 1
39 21 1
39 22 1
39 23 1
39 24 1
39 25 1
39 26 1
39 27 1
39 28 1
39 29 1
39 30 1
39 31 1
39 32 1
39 33 1
39 34 1
39 35 1
39 36 1
39 37 1
39 38 1
39 39 1
40 52 1
40 53 1
40 60 1
40 61 1
40 68 1
40 69 1
40 73 1
40 74 1
40 81 1
40 82 1
40 89 1
40 90 1
41 52 1
41 53 1
41 60 1
41 61 1
41 68 1
41 69 1
41 73 1
41 74 1
41 81 1
41 82 1
41 89 1
41 90 1
42 52 1
42 53 1
42 60 1
42 61 1
42 68 1
42 69 1
42 73 1
42 74 1
42 81 1
42 82 1
42 89 1
42 90 1
43 52 1
43 53 1
43 60 1
43 61 1
43 68 1
43 69 1
43 73 1
43 74 1
43 81 1
43 82 1
43 89 1
43 90 1
44 52 1
44 53 1
44 60 1
44 61 1
44 68 1
44 69 1
44 73 1
44 74 1
44 81 1
44 82 1
44 89 1
44 90 1
45 52 1
45 53 1
45 60 1
45 61 1
45 68 1
45 69 1
45 73 1
45 74 1
45 81 1
45 82 1
45 89 1
45 90 1
46 46 1
46 47 1
46 48 1
46 54 1
46 55 1
46 56 1
46 62 1
46 63 1
46 64 1
46 75 1
46 76 1
46 77 1
46 83 1
46 84 1
46 85 1
47 46 1
47 47 1
47 48 1
47 54 1
47 55 1
47 56 1
47 62 1
47 63 1
47 64 1
47 75 1
47 76 1
47 77 1
47 83 1
47 84 1
47 85 1
48 46 1
48 47 1
48 48 1
48 54 1
48 55 1
48 56 1
48 62 1
48 63 1
48 64 1
48 75 1
48 76 1
48 77 1
48 83 1
48 84 1
48 85 1
49 49 1
49 50 1
49 51 1
49 57 1
49 58 1
49 59 1
49 65 1
49 66 1
49 67 1
49 70 1
49 71 1
49 72 1
49 78 1
49 79 1
49 80 1
49 86 1
49 87 1
49 88 1
50 49 1
50 50 1
50 51 1
50 57 1
50 58 1
50 59 1
50 65 1
50 66 1
50 67 1
50 70 1
50 71 1
50 72 1
50 78 1
50 79 1
50 80 1
50 86 1
50 87 1
50 88 1
51 49 1
51 50 1
51 51 1
51 57 1
51 58 1
51 59 1
51 65 1
51 66 1
51 67 1
51 70 1
51 71 1
51 72 1
51 78 1
51 79 1
51 80 1
51 86 1
51 87 1
51 88 1
52 40 1
52 41 1
52 42 1
52 43 1
52 44 1
52 45 1
52 52 1
52 53 1
52 60 1
52 61 1
52 68 1
52 69 1
52 73 1
52 74 1
52 81 1
52 82 1
52 89 1
52 90 1
53 40 1
53 41 1
53 42 1
53 43 1
53 44 1
53 45 1
53 52 1
53 53 1
53 60 1
53 61 1
53 68 1
53 69 1
53 73 1
53 74 1
53 81 1
53 82 1
53 89 1
53 90 1
54 46 1
54 47 1
54 48 1
54 54 1
54 55 1
54 56 1
54 62 1
54 63 1
54 64 1
54 75 1
54 76 1
54 77 1
54 83 1
54 84 1
54 85 1
55 46 1
55 47 1
55 48 1
55 54 1
55 55 1
55 56 1
55 62 1
55 63 1
55 64 1
55 75 1
55 76 1
55 77 1
55 83 1
55 84 1
55 85 1
56 46 1
56 47 1
56 48 1
56 54 1
56 55 1
56 56 1
56 62 1
56 63 1
56 64 1
56 75 1
56 76 1
56 77 1
56 83 1
56 84 1
56 85 1
57 49 1
57 50 1
57 51 1
57 57 1
57 58 1
57 59 1
57 65 1
57 66 1
57 67 1
57 70 1
57 71 1
57 72 1
57 78 1
57 79 1
57 80 1
57 86 1
57 87 1
57 88 1
58 49 1
58 50 1
58 51 1
58 57 1
58 58 1
58 59 1
58 65 1
58 66 1
58 67 1
58 70 1
58 71 1
58 72 1
58 78 1
58 79 1
58 80 1
58 86 1
58 87 1
58 88 1
59 49 1
59 50 1
59 51 1
59 57 1
59 58 1
59 59 1
59 65 1
59 66 1
59 67 1
59 70 1
59 71 1
59 72 1
59 78 1
59 79 1
59 80 1
59 86 1
59 87 1
59 88 1
60 40 1
60 41 1
60 42 1
60 43 1
60 44 1
60 45 1
60 52 1
60 53 1
60 60 1
60 61 1
60 68 1
60 69 1
60 73 1
60 74 1
60 81 1
60 82 1
60 89 1
60 90 1
61 40 1
61 41 1
61 42 1
61 43 1
61 44 1
61 45 1
61 52 1
61 53 1
61 60 1
61 61 1
61 68 1
61 69 1
61 73 1
61 74 1
61 81 1
61 82 1
61 89 1
61 90 1
62 46 1
62 47 1
62 48 1
62 54 1
62 55 1
62 56 1
62 62 1
62 63 1
62 64 1
62 75 1
62 76 1
62 77 1
62 83 1
62 84 1
62 85 1
63 46 1
63 47 1
63 48 1
63 54 1
63 55 1
63 56 1
63 62 1
63 63 1
63 64 1
63 75 1
63 76 1
63 77 1
63 83 1
63 84 1
63 85 1
64 46 1
64 47 1
64 48 1
64 54 1
64 55 1
64 56 1
64 62 1
64 63 1
64 64 1
64 75 1
64 76 1
64 77 1
64 83 1
64 84 1
64 85 1
65 49 1
65 50 1
65 51 1
65 57 1
65 58 1
65 59 1
65 65 1
65 66 1
65 67 1
65 70 1
65 71 1
65 72 1
65 78 1
65 79 1
65 80 1
65 86 1
65 87 1
65 88 1
66 49 1
66 50 1
66 51 1
66 57 1
66 58 1
66 59 1
66 65 1
66 66 1
66 67 1
66 70 1
66 71 1
66 72 1
66 78 1
66 79 1
66 80 1
66 86 1
66 87 1
66 88 1
67 49 1
67 50 1
67 51 1
67 57 1
67 58 1
67 59 1
67 65 1
67 66 1
67 67 1
67 70 1
67 71 1
67 72 1
67 78 1
67 79 1
67 80 1
67 86 1
67 87 1
67 88 1
68 40 1
68 41 1
68 42 1
68 43 1
68 44 1
68 45 1
68 52 1
68 53 1
68 60 1
68 61 1
68 68 1
68 69 1
68 73 1
68 74 1
68 81 1
68 82 1
68 89 1
68 90 1
69 40 1
69 41 1
69 42 1
69 43 1
69 44 1
69 45 1
69 52 1
69 53 1
69 60 1
69 61 1
69 68 1
69 69 1
69 73 1
69 74 1
69 81 1
69 82 1
69 89 1
69 90 1
70 49 1
70 50 1
70 51 1
70 57 1
70 58 1
70 59 1
70 65 1
70 66 1
70 67 1
70 70 1
70 71 1
70 72 1
70 78 1
70 79 1
70 80 1
70 86 1
70 87 1
70 88 1
71 49 1
71 50 1
71 51 1
71 57 1
71 58 1
71 59 1
71 65 1
71 66 1
71 67 1
71 70 1
71 71 1
71 72 1
71 78 1
71 79 1
71 80 1
71 86 1
71 87 1
71 88 1
72 49 1
72 50 1
72 51 1
72 57 1
72 58 1
72 59 1
72 65 1
72 66 1
72 67 1
72 70 1
72 71 1
72 72 1
72 78 1
72 79 1
72 80 1
72 86 1
72 87 1
72 88 1
73 40 1
73 41 1
73 42 1
73 43 1
73 44 1
73 45 1
73 52 1
73 53 1
73 60 1
73 61 1
73 68 1
73 69 1
73 73 1
73 74 1
73 81 1
73 82 1
73 89 1
73 90 1
74 40 1
74 41 1
74 42 1
74 43 1
74 44 1
74 45 1
74 52 1
74 53 1
74 60 1
74 61 1
74 68 1
74 69 1
74 73 1
74 74 1
74 81 1
74 82 1
74 89 1
74 90 1
75 46 1
75 47 1
75 48 1
75 54 1
75 55 1
75 56 1
75 62 1
75 63 1
75 64 1
75 75 1
75 76 1
75 77 1
75 83 1
75 84 1
75 85 1
76 46 1
76 47 1
76 48 1
76 54 1
76 55 1
76 56 1
76 62 1
76 63 1
76 64 1
76 75 1
76 76 1
76 77 1
76 83 1
76 84 1
76 85 1
77 46 1
77 47 1
77 48 1
77 54 1
77 55 1
77 56 1
77 62 1
77 63 1
77 64 1
77 75 1
77 76 1
77 77 1
77 83 1
77 84 1
77 85 1
78 49 1
78 50 1
78 51 1
78 57 1
78 58 1
78 59 1
78 65 1
78 66 1
78 67 1
78 70 1
78 71 1
78 72 1
78 78 1
78 79 1
78 80 1
78 86 1
78 87 1
78 88 1
79 49 1
79 50 1
79 51 1
79 57 1
79 58 1
79 59 1
79 65 1
79 66 1
79 67 1
79 70 1
79 71 1
79 72 1
79 78 1
79 79 1
79 80 1
79 86 1
79 87 1
79 88 1
80 49 1
80 50 1
80 51 1
80 57 1
80 58 1
80 59 1
80 65 1
80 66 1
80 67 1
80 70 1
80 71 1
80 72 1
80 78 1
80 79 1
80 80 1
80 86 1
80 87 1
80 88 1
81 40 1
81 41 1
81 42 1
81 43 1
81 44 1
81 45 1
81 52 1
81 53 1
81 60 1
81 61 1
81 68 1
81 69 1
81 73 1
81 74 1
81 81 1
81 82 1
81 89 1
81 90 1
82 40 1
82 41 1
82 42 1
82 43 1
82 44 1
82 45 1
82 52 1
82 53 1
82 60 1
82 61 1
82 68 1
82 69 1
82 73 1
82 74 1
82 81 1
82 82 1
82 89 1
82 90 1
83 46 1
83 47 1
83 48 1
83 54 1
83 55 1
83 56 1
83 62 1
83 63 1
83 64 1
83 75 1
83 76 1
83 77 1
83 83 1
83 84 1
83 85 1
84 46 1
84 47 1
84 48 1
84 54 1
84 55 1
84 56 1
84 62 1
84 63 1
84 64 1
84 75 1
84 76 1
84 77 1
84 83 1
84 84 1
84 85 1
85 46 1
85 47 1
85 48 1
85 54 1
85 55 1
85 56 1
85 62 1
85 63 1
85 64 1
85 75 1
85 76 1
85 77 1
85 83 1
85 84 1
85 85 1
86 49 1
86 50 1
86 51 1
86 57 1
86 58 1
86 59 1
86 65 1
86 66 1
86 67 1
86 70 1
86 71 1
86 72 1
86 78 1
86 79 1
86 80 1
86 86 1
86 87 1
86 88 1
87 49 1
87 50 1
87 51 1
87 57 1
87 58 1
87 59 1
87 65 1
87 66 1
87 67 1
87 70 1
87 71 1
87 72 1
87 78 1
87 79 1
87 80 1
87 86 1
87 87 1
87 88 1
88 49 1
88 50 1
88 51 1
88 57 1
88 58 1
88 59 1
88 65 1
88 66 1
88 67 1
88 70 1
88 71 1
88 72 1
88 78 1
88 79 1
88 80 1
88 86 1
88 87 1
88 88 1
89 40 1
89 41 1
89 42 1
89 43 1
89 44 1
89 45 1
89 52 1
89 53 1
89 60 1
89 61 1
89 68 1
89 69 1
89 73 1
89 74 1
89 81 1
89 82 1
89 89 1
89 90 1
90 40 1
90 41 1
90 42 1
90 43 1
90 44 1
90 45 1
90 52 1
90 53 1
90 60 1
90 61 1
90 68 1
90 69 1
90 73 1
90 74 1
90 81 1
90 82 1
90 89 1
90 90 1
0 0 1 1 0 0.42765365165901581 0 0.40591881576645539 0.097688538231241795 0.38791006691842633 0.096508129247726337 0.36994246037348288
5 1 0.2289130793277962 0.24408852512479851 0.26048981812533767 0.42765365165901581 0.25226231369168906 0.40591881576645539 0.27530545428328163 0.38791006691842633 0.26613191811592996 0.36994246037348288
6 1 0.11565620344045235 0.11829401014051244 0.09056568662455397 0.16483415367957707 0.089550243847697442 0.16150105956759783 0.097688538231241795 0.14831989835525941 0.096508129247726337 0.14561573622019247
13 1 0.069659846855200214 0.069659846855200214 0 0.041666238963586316 0 0.041450000058531396 0.0040105558679840031 0.032676234814347338 0.0040085429961881081 0.03254309258398784
0 0 0.1432925195785455 0.15279188007976988 0.26048981812533767 0.32376801301682995 0.25226231369168906 0.31115452890767897 0.27530545428328163 0.31805628900922511 0.26613191811592996 0.30587554701596897
1 0 0.06069573369175349 0.066308852068185931 0.36114494304915595 0.3907754349466635 0.34552133260331908 0.37254764259261702 0.36768677221433105 0.38791006691842633 0.35150469980832566 0.36994246037348288
10 0 0.033344528617608372 0.036860970348568584 0.4105838814472752 0.42765365165901581 0.39050878228710773 0.40591881576645539 0.41425188780850558 0.42600286980781699 0.39382542156639427 0.4044312749489708
2 0 0.072397212271736233 0.074048397819206357 0.09056568662455397 0.12021329826479848 0.089550243847697442 0.11843074719938737 0.097688538231241795 0.11761835450908073 0.096508129247726337 0.11591138333943823
3 0 0.027924616523195687 0.028889528268284198 0.13681742477588288 0.14953279441458564 0.13451316623978213 0.14678463423710894 0.13965800507563284 0.14831989835525941 0.13725791126140471 0.14561573622019247
11 0 0.014685735199455367 0.015271857652548392 0.15782210909539859 0.16483415367957707 0.15476393224519505 0.16150105956759783 0.1593390047194487 0.16416124552140637 0.15622233893215032 0.16085503654984984
16 1 0.043349506178763875 0.043349506178763875 0 0.016974080117033302 0 0.016938082356326878 0.0040105558679840031 0.015498161319879168 0.0040085429961881081 0.015468145968166293
4 1 0.015985048360649005 0.016090546188416713 0.026312358292408855 0.033342350402642079 0.026225957817343541 0.033203736062435145 0.027891857740916036 0.032676234814347338 0.027794792023663872 0.03254309258398784
12 1 0.0082234061017827584 0.0083015741608784555 0.037869903986550907 0.041666238963586316 0.03769118979171953 0.041450000058531396 0.038693748755726176 0.041303249152476983 0.038507193421419186 0.041090751907746068
5 0 0.033310728563559711 0.03585595212903471 0.29951526079541191 0.32376801301682995 0.28868910320625002 0.31115452890767897 0.30168922961848027 0.31805628900922511 0.29070822380438549 0.30587554701596897
6 0 0.016663316056856108 0.017827249370153619 0.2742325987518574 0.28536246366228302 0.26512923906957175 0.27551844294451899 0.27530545428328163 0.282898417748225 0.26613191811592996 0.27322078255074828
13 0 0.0099817349693372553 0.010643458967074915 0.26048981812533767 0.2668359153527502 0.25226231369168906 0.25820928600375803 0.26110241112652444 0.26547007047234711 0.25283677795612192 0.25693011561006662
7 0 0.015556066292098852 0.0170669796361263 0.37888198367726389 0.3907754349466635 0.36172249018719416 0.37254764259261702 0.37991949784151879 0.38791006691842633 0.36266803755864541 0.36994246037348288
8 0 0.0073018200499312177 0.0079886761884825266 0.36720540139354579 0.37225898736650853 0.35106474198460902 0.35568103459444234 0.36768677221433105 0.37112865765015735 0.35150469980832566 0.35464899844613851
14 0 0.0042280555137315656 0.004619064480213958 0.36114494304915595 0.36391939938494039 0.34552133260331908 0.34806008435678143 0.36141098561728346 0.36331880428273439 0.34576484661039159 0.34751065602511677
17 0 0.0089737565388217574 0.0099439733753416103 0.42067827956633164 0.42765365165901581 0.39962923725680988 0.40591881576645539 0.42128362278313125 0.42600286980781699 0.40017547881974613 0.4044312749489708
9 0 0.004078458048934145 0.004512210686548195 0.41397982430179736 0.41685338452047055 0.39357951911586042 0.39617595979266007 0.41425188780850558 0.41620731360697499 0.39382542156639427 0.3955923492180688
15 0 0.0023227747569614411 0.0025677295494153651 0.4105838814472752 0.41213181938294241 0.39050878228710773 0.39190879285569252 0.41073182555763077 0.41179577609147677 0.39064261055222449 0.39160490711044665
5 0 0.01621697060693858 0.016662986171318617 0.10908612750706384 0.12021329826479848 0.10761627927175965 0.11843074719938737 0.1100952476429522 0.11761835450908073 0.10859826604545697 0.11591138333943823
6 0 0.0083087195813213721 0.0085121353891383089 0.097176568561510746 0.10245913789395358 0.096008425842654704 0.10116138955596603 0.097688538231241795 0.10129506744473897 0.096508129247726337 0.10002645729093237
13 0 0.0050431787195925892 0.0051582000519569959 0.09056568662455397 0.093630664245878292 0.089550243847697442 0.092545739704349109 0.090862472277681558 0.092972781574669858 0.089840400895253761 0.09190296250880893
7 0 0.0070445590828443153 0.0073017243591727704 0.14447515413256815 0.14953279441458564 0.14190815618417235 0.14678463423710894 0.14491879633189567 0.14831989835525941 0.14233615004245975 0.14561573622019247
8 0 0.003341193918583377 0.0034588864707899743 0.13944963569171248 0.14163204168303661 0.13705663704407811 0.13916421817108943 0.13965800507563284 0.14114488693654095 0.13725791126140471 0.13869386388712165
14 0 0.0019452245104960054 0.0020124401148876557 0.13681742477588288 0.13802447844539856 0.13451316623978213 0.1356797309200142 0.13693331867053599 0.13776347609914755 0.13462518767421014 0.13542751291824506
17 0 0.0039178871539652643 0.004078418103385926 0.1619832160381186 0.16483415367957707 0.1587632957472076 0.16150105956759783 0.16223141622047535 0.16416124552140637 0.15900171923983311 0.16085503654984984
9 0 0.0017909689144189997 0.0018630907110204311 0.15922668508707236 0.16041147009006071 0.15611436877521437 0.15725312413824344 0.1593390047194487 0.16014538865244823 0.15622233893215032 0.15699740897050196
15 0 0.0010230060649500845 0.0010638352652709384 0.15782210909539859 0.15846293650108251 0.15476393224519505 0.15538011669343965 0.15788339922076511 0.15832390332207405 0.15482286965796116 0.15524643825816983
5 1 0.009562544005292932 0.0095879753387434069 0.010613343758919369 0.016974080117033302 0.01059925889261551 0.016938082356326878 0.011193650449334739 0.015498161319879168 0.01117798437305749 0.015468145968166293
6 1 0.0049631184506626624 0.0049677327095043466 0.0037118585051346062 0.0067851181439659847 0.003710134232113204 0.0067793588263028379 0.0040105558679840031 0.0061095514550749876 0.0040085429961881081 0.0061048815122450228
19 1 0.0031053956591513554 0.0031053956591513554 0 0.0016380635542686817 0 0.0016377276639931992 1.29901578148333e-05 0.0012523391752616107 1.2990136687077505e-05 0.0012521428388550648
7 0 0.0040001233075799923 0.0040307916906614158 0.030558530871123396 0.033342350402642079 0.030442056210777453 0.033203736062435145 0.030803372953089971 0.032676234814347338 0.030685027985338752 0.03254309258398784
8 0 0.0019073067478933086 0.0019205960585246436 0.027776171686219708 0.028986447705245194 0.027679908101614463 0.028881628305571387 0.027891857740916036 0.028716557032128106 0.027794792023663872 0.028613677012741093
14 0 0.0011135160207757795 0.0011208649833016338 0.026312358292408855 0.026984176393294479 0.026225957817343541 0.026893315185243148 0.026376903139966011 0.026838988536351083 0.026290078959472132 0.026749100823459385
17 0 0.0021843902997712153 0.0022063944837508805 0.0401264223825612 0.041666238963586316 0.03992583231869299 0.041450000058531396 0.040260677745439399 0.041303249152476983 0.040058746541227 0.041090751907746068
9 0 0.0010014046402532035 0.0010111157713554063 0.038632795836080425 0.039275351422887517 0.038446826374717455 0.039083159671496046 0.038693748755726176 0.039131121157201278 0.038507193421419186 0.038940334951116706
15 0 0.00057284120967830612 0.00057828638470388042 0.037869903986550907 0.038218120652607185 0.03769118979171953 0.0380361126640704 0.037903219290404848 0.038142593771039547 0.037724191259910909 0.037961302736070665
10 0 0.00010279208860297377 0.00011405189317479123 0.42607283569704058 0.42612575928971652 0.40449433396093659 0.40454203235728764 0.42608418988369945 0.42612063172106018 0.40450456718857891 0.40453741106458579
16 0 0.00013467646431308822 0.00013480167399393395 0.0037118585051346062 0.0037644863998950451 0.003710134232113204 0.003762712897365128 0.0037243212183771641 0.0037599226472307327 0.0037225853499941765 0.0037581534411799851
18 0 0.00010490856589645547 0.00011542416971433307 0.39072661065901554 0.3907754349466635 0.3725032666516031 0.37254764259261702 0.39073810517403318 0.3907750476547226 0.37251371395596439 0.37254729058860869
20 0 0.00012186130879854318 0.00012464063729566988 0.09056568662455397 0.09060827895247317 0.089550243847697442 0.089591886201032644 0.090566648522937401 0.090603550684819609 0.089551184296852382 0.08958726341380932
1 0 0.0001102201382685555 0.00012233797200696315 0.42759864274083809 0.42765365165901581 0.40586925592145195 0.40591881576645539 0.42761072879716649 0.42764830211382998 0.40588014481281076 0.40591399616493673
2 1 0.000135244795728795 0.000135244795728795 0 5.3816918011317938e-05 0 5.3816555384680886e-05 1.29901578148333e-05 4.9132940324964273e-05 1.2990136687077505e-05 4.9132638073882268e-05
20 1 0.0016832320592357064 0.0016832320592357064 0 0.00057524850830120711 0 0.00057520707927541381 1.29901578148333e-05 0.00051138370940658926 1.2990136687077505e-05 0.00051135096847973699
4 1 0.00069324895155232222 0.00069341881736940687 0.00097844220206419474 0.0012809675854577873 0.00097832235092958075 0.0012807621707058153 0.0010464886436366363 0.0012523391752616107 0.0010463515437369574 0.0012521428388550648
12 1 0.00035595429571789777 0.00035608581340998901 0.0014753492392620693 0.0016380635542686817 0.0014750767593720016 0.0016377276639931992 0.0015106811663496257 0.0016225162708829344 0.0015103954806576206 0.0016221867257500931
5 1 0.00041580052317028663 0.00041583173295790305 0.00029973857557577532 0.00057524850830120711 0.00029972732709221406 0.00057520707927541381 0.0003249035851061703 0.00051138370940658926 0.00032489036860988371 0.00051135096847973699
6 1 0.00021605665602919544 0.00021605665602919544 0 0.0001335787048133974 0 0.00013357647076697732 1.29901578148333e-05 0.00010422963064773836 1.2990136687077505e-05 0.0001042282704510358
-1
3 1 5.1760906384632766e-05 5.1761990873024475e-05 8.3669228948535235e-05 0.00010639197711001525 8.3668352448426631e-05 0.00010639055989097868 8.8755774760841582e-05 0.00010422963064773836 8.875478845088318e-05 0.0001042282704510358
11 1 2.7126296328965066e-05 2.7127119217295046e-05 0.00012114126782206136 0.0001335787048133974 0.00012113943042658948 0.00013357647076697732 0.00012383486159846854 0.00013238670433563551 0.0001238329415857425 0.00013238450998237058
2 0 0.0031067589053890288 0.003109647288951578 0.0037118585051346062 0.0049495680431467515 0.003710134232113204 0.004946502619239096 0.0040105558679840031 0.0048418187180130998 0.0040085429961881081 0.0048388852669490803
3 0 0.0011894023867337141 0.0011910817262329343 0.005636395867957944 0.0061593187275678918 0.0056324210101665398 0.006154572423444013 0.0057534438384508092 0.0061095514550749876 0.0057493022397476752 0.0061048815122450228
11 0 0.00062341911707402479 0.00062443406875307538 0.0064988064479771235 0.0067851181439659847 0.0064935227380612595 0.0067793588263028379 0.0065608105595474017 0.0067576766668749743 0.0065554255883130651 0.0067519638209319333
5 0 0.00069382588542479351 0.00069460564279361287 0.0044867515992882412 0.0049495680431467515 0.0044842325008065814 0.004946502619239096 0.0045288088679087245 0.0048418187180130998 0.0045262423352646457 0.0048388852669490803
6 0 0.00035616652570458728 0.00035652239708413441 0.0039891147148062578 0.0042101368188934285 0.003987123302485282 0.0042079186809764468 0.0040105558679840031 0.004161472257485443 0.0040085429961881081 0.0041593050884894114
13 0 0.00021641634957347833 0.00021661755391733095 0.0037118585051346062 0.0038404927941573241 0.003710134232113204 0.0038386469708499155 0.0037243212183771641 0.0038128953442815436 0.0037225853499941765 0.0038110759472310836
4 0 4.9533616196799411e-05 4.9580678828442469e-05 0.0037933075848084197 0.0038149431270250167 0.0037915068286871745 0.0038131217756379732 0.0037981732509703957 0.0038128953442815436 0.0037963678733349171 0.0038110759472310836
12 0 2.5453528650112897e-05 2.5477939075689125e-05 0.0038288492999404011 0.0038404927941573241 0.0038270146492202367 0.0038386469708499155 0.0038313773598373439 0.0038393801521587187 0.0038295402861827197 0.0038375353979588139
0 0 0.0056172945133069032 0.0062246202958733789 0.42067827956633164 0.42328870802919172 0.39962923725680988 0.40198423938582339 0.42128362278313125 0.42305037965879672 0.40017547881974613 0.40176929171835313
1 0 0.0025348597178137229 0.0028117175811124104 0.42486180371729054 0.42612575928971652 0.40340270430779601 0.40454203235728764 0.42513956421783916 0.42600286980781699 0.40365310664556175 0.4044312749489708
18 0 0.0014368123056292821 0.0015945436791040164 0.42697920932236205 0.42765365165901581 0.40531113760125925 0.40591881576645539 0.42713799929468887 0.42764830211382998 0.40545421745760263 0.40591399616493673
21 0 0.00038916060531361417 0.0004319270684352023 0.42741677222225993 0.42765365165901581 0.40570539651903631 0.40591881576645539 0.42744306918574265 0.42764830211382998 0.40572908966306787 0.40591399616493673
9 0 0.00017611897944239853 0.00019545992025737718 0.42712621339800338 0.42725076293284464 0.40544359780122619 0.40555582138259638 0.42713799929468887 0.42722274742772348 0.40545421745760263 0.40553057870102649
15 0 0.00010008812516980294 0.00011107566849031332 0.42697920932236205 0.42704619155547896 0.40531113760125925 0.40537149350865542 0.42698560932825613 0.42703164674352079 0.40531690451774482 0.40535838764741872
0 0 0.00024360252293075706 0.00027037300835758602 0.42741677222225993 0.42753021917186462 0.40570539651903631 0.40580760934977655 0.42744306918574265 0.42751985663058772 0.40572908966306787 0.40579827307669747
-1
7 0 0.00065699418596896521 0.00072888200721031636 0.42561660309585653 0.42612575928971652 0.40408312074887576 0.40454203235728764 0.42566092163558616 0.42600286980781699 0.40412306805070425 0.4044312749489708
8 0 0.00030611793358798845 0.00033957296560517428 0.42511910070916409 0.42533413097762723 0.40363465926492409 0.40382849960415157 0.42513956421783916 0.42528599742568035 0.40365310664556175 0.40378511018278079
14 0 0.00017657793974232001 0.00019586381610036448 0.42486180371729054 0.42497951557103281 0.40340270430779601 0.40350882409127087 0.42487308541683139 0.42495402299135226 0.40341287513275798 0.40348584223097544
0 0 0.00041125807460367823 0.00045625763104201785 0.42561660309585653 0.42580697329335365 0.40408312074887576 0.40425471132380741 0.42566092163558616 0.4257896729744195 0.40412306805070425 0.4042391179660228
1 0 0.00018275478127999188 0.00020276633684357821 0.4259207637252998 0.42601169077884227 0.4043572728589786 0.40443922519110154 0.42594078357697046 0.42600286980781699 0.40437531685466171 0.4044312749489708
0 0 0.0097376171788496751 0.010683402280191627 0.37888198367726389 0.38333555381541029 0.36172249018719416 0.36577963278276365 0.37991949784151879 0.3829311560215789 0.36266803755864541 0.36541141004959798
1 0 0.0043077857497825466 0.0047342268492261081 0.38599378020950292 0.38811585273957416 0.36819918444583305 0.37012961951180756 0.38646116339267916 0.38791006691842633 0.36862444379578396 0.36994246037348288
10 0 0.0024175214293768663 0.0026590915840765056 0.38954184204265713 0.3907754349466635 0.37142628288921276 0.37254764259261702 0.38980654792950215 0.39065594365305412 0.37166693346913715 0.37243903715091914
17 0 0.00065344245721388476 0.00071886261601687034 0.39027080702794725 0.3907754349466635 0.37208896601444813 0.37254764259261702 0.39031457084659887 0.39065594365305412 0.37212874689491515 0.37243903715091914
9 0 0.00029612612682538642 0.00032573550651469207 0.38978690716398495 0.38999441136580204 0.37164907809240655 0.37183771547528099 0.38980654792950215 0.38994774669377263 0.37166693346913715 0.37179529449050142
15 0 0.00016840417253955728 0.00018523191252072121 0.38954184204265713 0.38965352593423913 0.37142628288921276 0.37152781929470674 0.3895525146601963 0.3896292772940414 0.37143598592046173 0.37150577409168928
0 0 0.00040903480206866389 0.00044998580152066459 0.39027080702794725 0.3904595699547761 0.37208896601444813 0.37226054668741904 0.39031457084659887 0.39044233188049038 0.37212874689491515 0.37224487803957046
1 0 0.00018491368325598899 0.00020344122877570387 0.39057337216869054 0.3906648375404535 0.37236398625339495 0.37244712089737553 0.3905934700566977 0.39065594365305412 0.37238225376782003 0.37243903715091914
16 0 0.0031383834007030487 0.0032099614787739483 0.09056568662455397 0.091819201088640695 0.089550243847697442 0.090775616363019146 0.090862472277681558 0.091710474732842301 0.089840400895253761 0.090669346022928518
4 0 0.0011546527877729787 0.001181554743022154 0.092505943084684711 0.093021591767300765 0.091446779481794832 0.091950655578003124 0.09262189922496801 0.092972781574669858 0.091560093875272669 0.09190296250880893
12 0 0.00059341592271090575 0.00060736911388796651 0.093353079353108798 0.093630664245878292 0.092274541131949661 0.092545739704349109 0.093413346550709889 0.09360413714871027 0.092333423362064682 0.092519823714143384
5 0 0.0006916674106198686 0.0007075799198803447 0.09135026143353886 0.091819201088640695 0.090317249130710306 0.090775616363019146 0.09139308334972096 0.091710474732842301 0.090359107818395526 0.090669346022928518
6 0 0.0003592006851835805 0.00036741807486606604 0.090840381396687819 0.091067571359327831 0.089818804140953445 0.090040906701087581 0.090862472277681558 0.091017649311879514 0.089840400895253761 0.089992103615355271
19 0 0.00022482198872353365 0.00022994957313926534 0.09056568662455397 0.090686950967737351 0.089550243847697442 0.08966880236962016 0.090566648522937401 0.090658401840236449 0.089551184296852382 0.089640890590946765
4 0 5.0185045669133631e-05 5.1330552168281325e-05 0.09063812741257557 0.090660520873034056 0.08962106866265547 0.089642962323891129 0.090643164517830624 0.090658401840236449 0.089625993355434877 0.089640890590946765
12 0 2.5766811805031001e-05 2.6355196156586607e-05 0.090674908206085536 0.090686950967737351 0.089657028482276593 0.08966880236962016 0.09067752323480871 0.090685800313964254 0.089659585129199651 0.089667677407587382
1 0 1 1 0 0.45392433223994377 0 0.44278452727255413 0.09899730622070424 0.40940206301740112 0.098457084506926251 0.40031847665159059
7 1 0.25457607993268283 0.2622525889884566 0.27000820584859542 0.45392433223994377 0.26602709271879965 0.44278452727255413 0.28595951183576485 0.40940206301740112 0.28149800506876221 0.40031847665159059
8 1 0.12002490303399715 0.12124789772205069 0.091689460095336447 0.16859501755464135 0.091225864723412362 0.1670342011254225 0.09899730622070424 0.15135798697662886 0.098457084506926251 0.15009881717205945
14 1 0.069659846855200214 0.069659846855200214 0 0.041902515213116054 0 0.041805425230054649 0.0040127337813213593 0.03282137391946461 0.0040118415328638333 0.032761776714740322
0 0 0.15935676556841372 0.16416202321205503 0.27000820584859542 0.33860418779557355 0.26602709271879965 0.33236667449843021 0.28595951183576485 0.33236205438454419 0.28149800506876221 0.32635035559421066
1 0 0.070308158578755234 0.073298541509334528 0.37970249408943835 0.41259504257056712 0.37187642310960345 0.40337081174317091 0.3869406419773147 0.40940206301740112 0.37881654728350872 0.40031847665159059
10 0 0.039404106073056742 0.041325886267507606 0.43474000120948286 0.45392433223994377 0.4245112987952035 0.44278452727255413 0.43885447042111314 0.45206494745400427 0.42843355919888199 0.44101510748603856
2 0 0.075131883326264415 0.07589744023894518 0.091689460095336447 0.12220133376294562 0.091225864723412362 0.12137923869474554 0.09899730622070424 0.11952080910034549 0.098457084506926251 0.11873426823424266
3 0 0.029531711532093687 0.029989803592547631 0.13939846685447049 0.15262129188935969 0.13832971918622866 0.15134110401081813 0.14234838778235018 0.15135798697662886 0.14123410906647044 0.15009881717205945
11 0 0.015664453244935438 0.015945725919501181 0.16126646146912221 0.16859501755464135 0.15983781334952923 0.1670342011254225 0.16285062216634669 0.16789111845344004 0.16139389502300944 0.16634324808178788
16 1 0.043349506178763875 0.043349506178763875 0 0.017013161231630491 0 0.016997133856573199 0.0040127337813213593 0.01553073507780809 0.0040118415328638333 0.015517377982086477
4 1 0.016158421423207159 0.016205753690003346 0.026406387861984293 0.033493480921215069 0.026367796995315107 0.033431420202713946 0.027997537777916477 0.03282137391946461 0.027954159932925791 0.032761776714740322
12 1 0.0083520448068019754 0.0083873231390201777 0.038064985243720484 0.041902515213116054 0.037984847384024578 0.041805425230054649 0.03889743299464582 0.041535415060914162 0.038813755571894655 0.04144001686412227
5 0 0.03763587878358407 0.038949480728052488 0.31216856044219088 0.33860418779557355 0.30685934675376636 0.33236667449843021 0.31453081618680623 0.33236205438454419 0.30914163982975673 0.32635035559421066
6 0 0.01863499229418869 0.019227942791643748 0.28480218714934802 0.29682533693539337 0.28037644073654255 0.29202118192937021 0.28595951183576485 0.29416028036548875 0.28149800506876221 0.28944132086813018
13 0 0.011100767884835716 0.011435501396391379 0.27000820584859542 0.27683262863934233 0.26602709271879965 0.27264928702772184 0.27066644206415691 0.27536280885233827 0.26666603845057868 0.27122343940660049
7 0 0.018149281588718289 0.018961615150463539 0.39935882258202204 0.41259504257056712 0.39071073041150944 0.40337081174317091 0.40051168364220852 0.40940206301740112 0.39181413283433064 0.40031847665159059
8 0 0.0084789537840550752 0.0088460208157565487 0.38640757390394609 0.392007540773743 0.3783056137331165 0.38367157855018452 0.3869406419773147 0.39075430249094117 0.37881654728350872 0.38247099166843462
14 0 0.0048976555592672236 0.0051059651762497826 0.37970249408943835 0.38277062011638252 0.37187642310960345 0.37481888781316131 0.37999659163163341 0.38210624793747389 0.3721585177613369 0.3741818094706843
17 0 0.010647786701668738 0.01118079401437988 0.44607351251574962 0.45392433223994377 0.43531114278760552 0.44278452727255413 0.44675420679598171 0.45206494745400427 0.43595936335769753 0.44101510748603856
9 0 0.0048262277441359219 0.0050636951491397873 0.43854914327878725 0.44177524037024701 0.42814255550744806 0.43121682467206823 0.43885447042111314 0.44104967586463606 0.42843355919888199 0.43052550052340016
15 0 0.0027448839945151959 0.0028787549085499999 0.43474000120948286 0.43647582364306037 0.4245112987952035 0.42616624470154452 0.43490586909180268 0.43609892688040047 0.4246694518936206 0.42580693497484629
5 0 0.016957319355829229 0.017166079729947614 0.11072066117757612 0.12220133376294562 0.11004535291155376 0.12137923869474554 0.11176039307031589 0.11952080910034549 0.11107238157874025 0.11873426823424266
6 0 0.0086458845289947295 0.0087405159727464987 0.098471563493703618 0.103899796473858 0.097937048939824661 0.10330490556853456 0.09899730622070424 0.10270295152628076 0.098457084506926251 0.10212164870598787
13 0 0.005233675486449485 0.005287004063745826 0.091689460095336447 0.09483229221495576 0.091225864723412362 0.094336456853081119 0.091993669072262724 0.094157475899663515 0.091527000175163534 0.093668653865112403
7 0 0.0074732778770441981 0.0075958470428963438 0.14735624792716423 0.15262129188935969 0.14616251751847065 0.15134110401081813 0.14781778885760319 0.15135798697662886 0.14661659934619439 0.15009881717205945
8 0 0.0035372780864701622 0.0035932280417712813 0.14213191920516166 0.14439977153335926 0.14102101364620029 0.14325327498105223 0.14234838778235018 0.14389342513067283 0.14123410906647044 0.14275492330081305
14 0 0.0020571745026975972 0.0020890851254743992 0.13939846685447049 0.14065170047916981 0.13832971918622866 0.13956372470214368 0.1395187765613988 0.14038067724434108 0.13844819038724532 0.13929687413729203
17 0 0.0041860813194580949 0.0042632825446082528 0.16561367803885624 0.16859501755464135 0.1641073281330595 0.1670342011254225 0.16587313742193055 0.16789111845344004 0.16436208549167877 0.16634324808178788
9 0 0.0019114199295526728 0.0019460551821246872 0.16273329905531997 0.1639710460248503 0.16127866073289737 0.16249429603841931 0.16285062216634669 0.16369303495459889 0.16139389502300944 0.16222126587538224
15 0 0.0010911834141126469 0.0011107768255474489 0.16126646146912221 0.16193562457986488 0.15983781334952923 0.16049514867644543 0.16133045655381678 0.161790433643969 0.1599006793797807 0.16035252816617551
5 1 0.0096042585972067936 0.0096155773842290342 0.010628609727608207 0.017013161231630491 0.010622352256581868 0.016997133856573199 0.01121063278981891 0.01553073507780809 0.011203671460492649 0.015517377982086477
6 1 0.0049706808781291301 0.0049727273316406695 0.0037137240114095207 0.0067913541922758891 0.003712959768256141 0.0067887988386516884 0.0040127337813213593 0.0061146070649846576 0.0040118415328638333 0.0061125355330243561
19 1 0.0031053956591513554 0.0031053956591513554 0 0.0016384267606383562 0 0.0016382779903115763 1.2990180651142533e-05 0.001252551457285163 1.2990171298561323e-05 0.001252464508665431
7 0 0.0040505488830234714 0.0040643383326373662 0.030685430504626465 0.033493480921215069 0.030633331654137452 0.033431420202713946 0.030932318522295853 0.03282137391946461 0.030879378671314316 0.032761776714740322
8 0 0.0019291499866255207 0.0019351167808952519 0.027880975243667117 0.029100602102797746 0.027837957560476467 0.029053741730570348 0.027997537777916477 0.028828591451673703 0.027954159932925791 0.02878260232436906
14 0 0.0011255931617623963 0.0011288903202187305 0.026406387861984293 0.027083077889497431 0.026367796995315107 0.027042485341831179 0.026471395417267129 0.026936826691002162 0.026432614449345183 0.02689667104184798
17 0 0.0022206117370099283 0.0022305539907107978 0.04034551177194845 0.041902515213116054 0.040255495278609998 0.041805425230054649 0.040481239679340815 0.041535415060914162 0.040390617191465375 0.04144001686412227
9 0 0.0010173874108177984 0.0010217718884914101 0.038835837183346433 0.039485221408684379 0.038752424280437181 0.039398998742038893 0.03889743299464582 0.039339448480611272 0.038813755571894655 0.039253860588535243
15 0 0.00058180216216959652 0.00058425964538922227 0.038064985243720484 0.038416815389563486 0.037984847384024578 0.038335190862476332 0.038098644821987521 0.038340501927136665 0.038018365322686348 0.038259201022511062
10 0 0.00012223326436672271 0.00012843631715449172 0.45214373677171887 0.4522033356333206 0.44109009185761405 0.44114681210693207 0.45215652298908038 0.45219756128322619 0.44110226053420892 0.44114131667270712
16 0 0.00013488167451214395 0.0001349372055301501 0.0037137240114095207 0.0037664051943221977 0.003712959768256141 0.003765619117270691 0.0037261992758749274 0.0037618367909190912 0.0037254298900875533 0.0037610526194326935
18 0 0.00012298373807028849 0.00012867204413539581 0.41254061406795511 0.41259504257056712 0.40331878955752687 0.40337081174317091 0.41255342789348654 0.41259461082097437 0.40333103690371042 0.40337039908269567
20 0 0.00012646439472518978 0.00012775300501743914 0.091689460095336447 0.091733116239460122 0.091225864723412362 0.091269080415803561 0.091690446013152974 0.091728269850096689 0.091226840696489939 0.091264282932473101
1 0 0.00013114683898039789 0.00013782784660663412 0.45386235785438778 0.45392433223994377 0.44272555720423556 0.44278452727255413 0.45387597421554143 0.45391830526919441 0.44273851352223009 0.44277879248714852
2 1 0.000135244795728795 0.000135244795728795 0 5.3817309966619487e-05 0 5.3817149440915646e-05 1.2990180651142533e-05 4.9133267021110916e-05 1.2990171298561323e-05 4.9133133222509039e-05
20 1 0.0016832320592357064 0.0016832320592357064 0 0.00057529329411692975 0 0.00057527495128179007 1.2990180651142533e-05 0.00051141910258055293 1.2990171298561323e-05 0.00051140460674443922
4 1 0.00069352725778396463 0.0006936024892771652 0.00097857177775673154 0.0012811896847882975 0.00097851870599474644 0.0012810987148884623 0.0010466368702633905 0.001252551457285163 0.0010465761591000643 0.001252464508665431
12 1 0.00035616978565175604 0.00035622804801203921 0.001475643865940679 0.0016384267606383562 0.0014755231876129593 0.0016382779903115763 0.0015109900750230817 0.0016228726146511959 0.0015108635464698655 0.0016227266554461244
5 1 0.00041585165277313092 0.00041586547041648091 0.00029975073459570512 0.00057529329411692975 0.00029974575476032772 0.00057527495128179007 0.00032491787153817071 0.00051141910258055293 0.00032491202039047621 0.00051140460674443922
6 1 0.00021605665602919544 0.00021605665602919544 0 0.00013358111959571595 0 0.00013358013061315344 1.2990180651142533e-05 0.0001042311008740611 1.2990171298561323e-05 0.00010423049873912291
-1
3 1 5.1762683007575475e-05 5.1763163094804777e-05 8.3670176345806979e-05 0.00010639350897212463 8.3669788337514817e-05 0.0001063928815939752 8.8756840851507199e-05 0.0001042311008740611 8.8756404231888145e-05 0.00010423049873912291
11 1 2.7127644401349989e-05 2.7128008689009637e-05 0.00012114325385764735 0.00013358111959571595 0.00012114244047056744 0.00013358013061315344 0.00012383693693627983 0.00013238907621273402 0.00012383608697509219 0.00013238810480228094
2 0 0.0031114927514721558 0.0031127737681799772 0.0037137240114095207 0.0049528856221498496 0.003712959768256141 0.004951526372959425 0.0040127337813213593 0.0048449933792471117 0.0040118415328638333 0.004843692696266823
3 0 0.0011921553347787332 0.0011929008650732548 0.00564069845878995 0.0061644570716949953 0.0056389355424559251 0.0061623516310809756 0.0057579270549578277 0.0061146070649846576 0.0057560901130146308 0.0061125355330243561
11 0 0.00062508310360804794 0.00062553388237033809 0.0065045270930757515 0.0067913541922758891 0.0065021829905531625 0.0067887988386516884 0.0065666409339374095 0.0067638623525150439 0.0065642518566867607 0.0067613276416285065
5 0 0.00069510396859248755 0.0006954499328934913 0.0044894775845890078 0.0049528856221498496 0.0044883607592677843 0.004951526372959425 0.0045315862134466707 0.0048449933792471117 0.0045304483422155808 0.004843692696266823
6 0 0.00035674979185176814 0.00035690764545043274 0.0039912693971033697 0.0042125369535561119 0.0039903866674611543 0.0042115536496856176 0.0040127337813213593 0.004163817211528191 0.0040118415328638333 0.0041628565181749712
13 0 0.00021674610854915954 0.00021683534396288451 0.0037137240114095207 0.0038424898736961755 0.003712959768256141 0.0038416717204273199 0.0037261992758749274 0.0038148638179060007 0.0037254298900875533 0.0038140573855398501
4 0 4.9610749107310838e-05 4.9631622555796384e-05 0.0037952558801723768 0.0038169137161707667 0.0037944577155635262 0.0038161064169984771 0.0038001265489738508 0.0038148638179060007 0.0037993263346059276 0.0038140573855398501
12 0 2.5493536085541919e-05 2.5504362913360189e-05 0.0038308342853310418 0.0038424898736961755 0.003830021087487423 0.0038416717204273199 0.0038333649680113613 0.0038413760744032939 0.0038325506955157679 0.0038405583953215086
0 0 0.0066651857067206773 0.0069988318269705446 0.44607351251574962 0.44900972313819432 0.43531114278760552 0.43810693529197753 0.44675420679598171 0.44874156004264543 0.43595936335769753 0.43785163337629951
1 0 0.0030128089835860538 0.0031652352365684378 0.45078020446589295 0.4522033356333206 0.43979231801007534 0.44114681210693207 0.45109290030520238 0.45206494745400427 0.44008995051895022 0.44101510748603856
18 0 0.001709182583914331 0.0017961178674990327 0.45316455669726274 0.45392433223994377 0.44206155590932827 0.44278452727255413 0.45334342417831125 0.45391830526919441 0.44223176424169036 0.44277879248714852
21 0 0.00046301376541255497 0.0004865902747030586 0.45365746507508276 0.45392433223994377 0.44253059414950807 0.44278452727255413 0.4536870902038454 0.45391830526919441 0.44255878382193325 0.44277879248714852
9 0 0.00020951750760274553 0.00022017827751998704 0.45333014778476327 0.45347045067961356 0.44221913068437135 0.44235263926743862 0.45334342417831125 0.45343889126050102 0.44223176424169036 0.44232260832217185
15 0 0.0001190613970430478 0.00012511729558387129 0.45316455669726274 0.45324000721312829 0.44206155590932827 0.44213335419380234 0.45317176576632484 0.4532236234382126 0.44206841604401526 0.44211776353597804
0 0 0.00028983232081076794 0.00030459048766180046 0.45365746507508276 0.4537852715636379 0.44253059414950807 0.44265220725542032 0.4536870902038454 0.45377359721163185 0.44255878382193325 0.44264109870131729
-1
7 0 0.00078110849438852033 0.00082070233053687346 0.45162999697827122 0.4522033356333206 0.4406011504292352 0.44114681210693207 0.45167989882790577 0.45206494745400427 0.4406486446936122 0.44101510748603856
8 0 0.00036387439324434044 0.0003822957701432898 0.45106986214672529 0.45131195356359677 0.4400680225088881 0.44029844544621261 0.45109290030520238 0.45125776119739275 0.44008995051895022 0.44024686560297871
14 0 0.00020987181240057599 0.00022048980184004134 0.45078020446589295 0.45091271848764469 0.43979231801007534 0.4399184497331915 0.45079290463571103 0.45088401985719545 0.43980440657745956 0.43989113347381353
0 0 0.00048894979943395612 0.00051373431833579399 0.45162999697827122 0.45184435476795259 0.4406011504292352 0.44080516441027173 0.45167989882790577 0.45182487403858745 0.4406486446936122 0.44078662391645895
1 0 0.000217306061345349 0.00022832960821555929 0.45197248895720282 0.45207488075426794 0.44092711324170103 0.44102456111595456 0.45199503282765852 0.45206494745400427 0.44094856868833782 0.44101510748603856
0 0 0.011360889884600673 0.011869385612072875 0.39935882258202204 0.40430993672714638 0.39071073041150944 0.39544846219326169 0.40051168364220852 0.40386010059348104 0.39181413283433064 0.39501811806653708
1 0 0.0050403534229711035 0.0052704696451184706 0.40726813586287247 0.40963129022600947 0.39827795580909375 0.40053764204928577 0.40778849396251826 0.40940206301740112 0.39877558029693227 0.40031847665159059
10 0 0.0028326919617710005 0.0029632869506733234 0.41122008651075498 0.41259504257056712 0.4020565492809739 0.40337081174317091 0.41151508543790394 0.4124618370118166 0.40233854280552295 0.40324349473914889
17 0 0.00076588607743218796 0.00080126610674033133 0.41203252840765842 0.41259504257056712 0.40283315186883051 0.40337081174317091 0.4120813091942393 0.4124618370118166 0.40287977860896096 0.40324349473914889
9 0 0.00034701537016285739 0.00036302449025320716 0.4114931962095128 0.41172446157301967 0.40231761890124973 0.40253868285745198 0.41151508543790394 0.411672452166779 0.40233854280552295 0.40248896813472629
15 0 0.00019732488824492469 0.00020642211517191687 0.41122008651075498 0.41134454882752447 0.4020565492809739 0.40217552561781289 0.41123198007496808 0.41131752541712874 0.4020679186767126 0.40214969346648516
0 0 0.00047942103643730549 0.00050156784236562481 0.41203252840765842 0.41224293497406239 0.40283315186883051 0.40303426560767786 0.4120813091942393 0.41222371990375395 0.40287977860896096 0.40301589938145843
1 0 0.00021675989003946876 0.00022678137983048305 0.41236979128342488 0.41247175151255588 0.40315551695866003 0.40325297101758045 0.4123921950011466 0.4124618370118166 0.40317693062806326 0.40324349473914889
16 0 0.0032569300404645674 0.0032901165545808908 0.091689460095336447 0.092974496425335285 0.091225864723412362 0.092497849104348606 0.091993669072262724 0.092863018465624544 0.091527000175163534 0.092387510552525212
4 0 0.0011992179316223882 0.0012117031636275691 0.09367869497856951 0.094207538268266444 0.093194818749268882 0.093718197644951262 0.093797611732695935 0.094157475899663515 0.093312509428926466 0.093668653865112403
12 0 0.00061653282641781746 0.00062301132807285298 0.094547547553637146 0.09483229221495576 0.094054677587028956 0.094336456853081119 0.094609367386277871 0.0948050799659374 0.094115854365876106 0.094309528380937702
5 0 0.00071802400108648685 0.00072540465124632143 0.092493712761316293 0.092974496425335285 0.092021969803499359 0.092497849104348606 0.092537613667164773 0.092863018465624544 0.09206542393314586 0.092387510552525212
6 0 0.00037281066786221118 0.00037662112016079163 0.091971024792907086 0.092203912632785101 0.091504585026578655 0.091735113670589452 0.091993669072262724 0.092152737307756083 0.091527000175163534 0.091684457268432551
19 0 0.00023331422434580418 0.00023569158145164693 0.091689460095336447 0.09181375456255797 0.091225864723412362 0.09134890462269396 0.091690446013152974 0.091784491684650471 0.091226840696489939 0.091319937261855
4 0 5.208223463387567e-05 5.261335781743686e-05 0.091763710519532748 0.09178666368705185 0.091299365902751062 0.091322087333064406 0.091768873511023294 0.091784491684650471 0.091304476773237553 0.091319937261855
12 0 2.6741298882347908e-05 2.7014113092928301e-05 0.091801410694575813 0.09181375456255797 0.091336685423149988 0.09134890462269396 0.091804091103651911 0.091812575137117561 0.09133933876251335 0.091347737109727087
2 0 1 1 0 0.40591881576645539 0 0.39640042804319775 0.096508129247726337 0.36994246037348288 0.095960299531956395 0.36202005778840418
5 1 0.22223109208760133 0.2289130793277962 0.25226231369168906 0.40591881576645539 0.24855326999700317 0.39640042804319775 0.26613191811592996 0.36994246037348288 0.26200714380668555 0.36202005778840418
6 1 0.11444053395063844 0.11565620344045235 0.089550243847697442 0.16150105956759783 0.089078366520190869 0.15997274948259974 0.096508129247726337 0.14561573622019247 0.095960299531956395 0.14437213317291928
13 1 0.069659846855200214 0.069659846855200214 0 0.041450000058531396 0 0.041348614618032339 0.0040085429961881081 0.03254309258398784 0.0040075926973099918 0.032480564878933679
0 0 0.13910980188390412 0.1432925195785455 0.25226231369168906 0.31115452890767897 0.24855326999700317 0.30553084017577725 0.26613191811592996 0.30587554701596897 0.26200714380668555 0.30043939329351477
1 0 0.058288631035064792 0.06069573369175349 0.34552133260331908 0.37254764259261702 0.33860059042005541 0.36451447744633225 0.35150469980832566 0.36994246037348288 0.3443446738008763 0.36202005778840418
10 0 0.031855762894276211 0.033344528617608372 0.39050878228710773 0.40591881576645539 0.38169152693441977 0.39640042804319775 0.39382542156639427 0.4044312749489708 0.38485947747876192 0.3949817100508074
2 0 0.071636240706975829 0.072397212271736233 0.089550243847697442 0.11843074719938737 0.089078366520190869 0.11760682333407896 0.096508129247726337 0.11591138333943823 0.095960299531956395 0.1151220242754047
3 0 0.027485466975884068 0.027924616523195687 0.13451316623978213 0.14678463423710894 0.13345128087374744 0.1455210721844436 0.13725791126140471 0.14561573622019247 0.13615242623544163 0.14437213317291928
11 0 0.014420486531184017 0.014685735199455367 0.15476393224519505 0.16150105956759783 0.15335991734963494 0.15997274948259974 0.15622233893215032 0.16085503654984984 0.154791860384032 0.15933887145406564
16 1 0.043349506178763875 0.043349506178763875 0 0.016938082356326878 0 0.016921127908808654 0.0040085429961881081 0.015468145968166293 0.0040075926973099918 0.015454005316870092
4 1 0.015935565400188693 0.015985048360649005 0.026225957817343541 0.033203736062435145 0.026185334108420701 0.03313864643103042 0.027794792023663872 0.03254309258398784 0.027749166961148004 0.032480564878933679
12 1 0.0081868583138812005 0.0082234061017827584 0.03769118979171953 0.041450000058531396 0.037607339890372155 0.041348614618032339 0.038507193421419186 0.041090751907746068 0.0384196777803546 0.04099111415931634
5 0 0.032201504701646469 0.033310728563559711 0.28868910320625002 0.31115452890767897 0.28384183675032909 0.30553084017577725 0.29070822380438549 0.30587554701596897 0.28579349285771921 0.30043939329351477
6 0 0.016152676343293666 0.016663316056856108 0.26512923906957175 0.27551844294451899 0.26103524815815371 0.27109998963403337 0.26613191811592996 0.27322078255074828 0.26200714380668555 0.26887513533744256
13 0 0.009690367495290007 0.0099817349693372553 0.25226231369168906 0.25820928600375803 0.24855326999700317 0.2543246493385648 0.25283677795612192 0.25693011561006662 0.24911094694076402 0.2530835859509023
7 0 0.014911114203247477 0.015556066292098852 0.36172249018719416 0.37254764259261702 0.35414463549382758 0.36451447744633225 0.36266803755864541 0.36994246037348288 0.35505093098786361 0.36202005778840418
8 0 0.0070077360988454809 0.0073018200499312177 0.35106474198460902 0.35568103459444234 0.34392244623339491 0.34835163077106268 0.35150469980832566 0.35464899844613851 0.3443446738008763 0.34736163085900995
14 0 0.0040603771113018848 0.0042280555137315656 0.34552133260331908 0.34806008435678143 0.33860059042005541 0.34103830028840071 0.34576484661039159 0.34751065602511677 0.33883444372207022 0.34051079994212463
17 0 0.0085640617933536185 0.0089737565388217574 0.39962923725680988 0.40591881576645539 0.39040017965131629 0.39640042804319775 0.40017547881974613 0.4044312749489708 0.39092146622885587 0.3949817100508074
9 0 0.0038949799404528074 0.004078458048934145 0.39357951911586042 0.39617595979266007 0.38462464081118108 0.38710390295185582 0.39382542156639427 0.3955923492180688 0.38485947747876192 0.38654669582145662
15 0 0.0022190675646708512 0.0023227747569614411 0.39050878228710773 0.39190879285569252 0.38169152693441977 0.38302892160564805 0.39064261055222449 0.39160490711044665 0.38181937904902874 0.38273864563936433
5 0 0.016012450490842101 0.01621697060693858 0.10761627927175965 0.11843074719938737 0.10693552547169469 0.11760682333407896 0.10859826604545697 0.11591138333943823 0.10790507196787745 0.1151220242754047
6 0 0.0082151411037096837 0.0083087195813213721 0.096008425842654704 0.10116138955596603 0.095466238649994151 0.10055962235407662 0.096508129247726337 0.10002645729093237 0.095960299531956395 0.099438077563619137
13 0 0.0049901695569303239 0.0050431787195925892 0.089550243847697442 0.092545739704349109 0.089078366520190869 0.092041854178093907 0.089840400895253761 0.09190296250880893 0.089365468807208887 0.091406033365158276
7 0 0.006927760029942086 0.0070445590828443153 0.14190815618417235 0.14678463423710894 0.14072681779191798 0.1455210721844436 0.14233615004245975 0.14561573622019247 0.14114770492876788 0.14437213317291928
8 0 0.0032876678833792554 0.003341193918583377 0.13705663704407811 0.13916421817108943 0.13595437877667652 0.13802793994633458 0.13725791126140471 0.13869386388712165 0.13615242623544163 0.13756522243718677
14 0 0.0019146334202837477 0.0019452245104960054 0.13451316623978213 0.1356797309200142 0.13345128087374744 0.13459942125891974 0.13462518767421014 0.13542751291824506 0.13356153990602948 0.13435120001564813
17 0 0.0038453204623126423 0.0039178871539652643 0.1587632957472076 0.16150105956759783 0.15728612528985592 0.15997274948259974 0.15900171923983311 0.16085503654984984 0.1575201294580946 0.15933887145406564
9 0 0.0017583426613074242 0.0017909689144189997 0.15611436877521437 0.15725312413824344 0.15468585780067667 0.15580379372937153 0.15622233893215032 0.15699740897050196 0.154791860384032 0.15555276669817106
15 0 0.0010045288833397561 0.0010230060649500845 0.15476393224519505 0.15538011669343965 0.15335991734963494 0.15396495063399945 0.15482286965796116 0.15524643825816983 0.15341779005530376 0.15383369510579034
5 1 0.0095505638972840541 0.009562544005292932 0.01059925889261551 0.016938082356326878 0.010592617351309322 0.016921127908808654 0.01117798437305749 0.015468145968166293 0.011170598020795272 0.015454005316870092
6 1 0.0049609406335942019 0.0049631184506626624 0.003710134232113204 0.0067793588263028379 0.0037093201390880886 0.0067766411782962371 0.0040085429961881081 0.0061048815122450228 0.0040075926973099918 0.0061026776331645754
19 1 0.0031053956591513554 0.0031053956591513554 0 0.0016377276639931992 0 0.0016375690171657395 1.2990136687077505e-05 0.0012521428388550648 1.2990126705090263e-05 0.0012520500991575899
7 0 0.0039857553323590592 0.0040001233075799923 0.030442056210777453 0.033203736062435145 0.030387334875122386 0.03313864643103042 0.030685027985338752 0.03254309258398784 0.030629430450105265 0.032480564878933679
8 0 0.0019010760079421951 0.0019073067478933086 0.027679908101614463 0.028881628305571387 0.027634659115815547 0.028832368568515974 0.027794792023663872 0.028613677012741093 0.027749166961148004 0.028565326291853557
14 0 0.0011100690453281718 0.0011135160207757795 0.026225957817343541 0.026893315185243148 0.026185334108420701 0.026850599397419701 0.026290078959472132 0.026749100823459385 0.026249256516479861 0.026706841570878968
17 0 0.0021741085307100962 0.0021843902997712153 0.03992583231869299 0.041450000058531396 0.039831757467255244 0.041348614618032339 0.040058746541227 0.041090751907746068 0.039964045034378441 0.04099111415931634
9 0 0.00099686511366458988 0.0010014046402532035 0.038446826374717455 0.039083159671496046 0.03835958460118772 0.038993009508483306 0.038507193421419186 0.038940334951116706 0.0384196777803546 0.038850841715751296
15 0 0.00057029529637018725 0.00057284120967830612 0.03769118979171953 0.0380361126640704 0.037607339890372155 0.037950722810108417 0.037724191259910909 0.037961302736070665 0.037640194624118994 0.037876248068019092
10 0 9.8044002544582829e-05 0.00010279208860297377 0.40449433396093659 0.40454203235728764 0.39504185651282853 0.39508735153943886 0.40450456718857891 0.40453741106458579 0.39505161705002051 0.39508294373273467
16 0 0.00013461736830322479 0.00013467646431308822 0.003710134232113204 0.003762712897365128 0.0037093201390880886 0.0037618755693880693 0.0037225853499941765 0.0037581534411799851 0.0037217657842520515 0.0037573181410075988
18 0 0.00010043361750086579 0.00010490856589645547 0.3725032666516031 0.37254764259261702 0.3644719945012953 0.36451447744633225 0.37251371395596439 0.37254729058860869 0.36448199616251997 0.3645141404590258
20 0 0.00012058041693308041 0.00012186130879854318 0.089550243847697442 0.089591886201032644 0.089078366520190869 0.089119571067214839 0.089551184296852382 0.08958726341380932 0.089079297084175238 0.089114996891565781
1 0 0.0001051122426197107 0.0001102201382685555 0.40586925592145195 0.40591881576645539 0.39635316506911789 0.39640042804319775 0.40588014481281076 0.40591399616493673 0.39636354933363072 0.39639583181992655
2 1 0.000135244795728795 0.000135244795728795 0 5.3816555384680886e-05 0 5.3816384059768296e-05 1.2990136687077505e-05 4.9132638073882268e-05 1.2990126705090263e-05 4.9132495273624836e-05
20 1 0.0016832320592357064 0.0016832320592357064 0 0.00057520707927541381 0 0.00057518750779120276 1.2990136687077505e-05 0.00051135096847973699 1.2990126705090263e-05 0.0005113355011578829
4 1 0.00069316871844960913 0.00069324895155232222 0.00097832235092958075 0.0012807621707058153 0.0009782657362684688 0.0012806651433548213 0.0010463515437369574 0.0012521428388550648 0.0010462867820054114 0.0012520500991575899
12 1 0.00035589218420499041 0.00035595429571789777 0.0014750767593720016 0.0016377276639931992 0.0014749480585143949 0.0016375690171657395 0.0015103954806576206 0.0016221867257500931 0.0015102605431614069 0.0016220310753980274
5 1 0.00041578577901448248 0.00041580052317028663 0.00029972732709221406 0.00057520707927541381 0.00029972201292672099 0.00057518750779120276 0.00032489036860988371 0.00051135096847973699 0.00032488412471733401 0.0005113355011578829
6 1 0.00021605665602919544 0.00021605665602919544 0 0.00013357647076697732 0 0.00013357541529528984 1.2990136687077505e-05 0.0001042282704510358 1.2990126705090263e-05 0.00010422762782475223
-1
3 1 5.1760394019042971e-05 5.1760906384632766e-05 8.3668352448426631e-05 0.00010639055989097868 8.3667938343513076e-05 0.00010638989032473595 8.875478845088318e-05 0.0001042282704510358 8.8754322466458373e-05 0.00010422762782475223
11 1 2.7125907560123653e-05 2.7126296328965066e-05 0.00012113943042658948 0.00013357647076697732 0.00012113856235000837 0.00013357541529528984 0.0001238329415857425 0.00013238450998237058 0.00012383203447712993 0.00013238347326342245
2 0 0.0031053956591513554 0.0031067589053890288 0.003710134232113204 0.004946502619239096 0.0037093201390880886 0.004945055649260819 0.0040085429961881081 0.0048388852669490803 0.0040075926973099918 0.004837500564541429
3 0 0.001188610201037226 0.0011894023867337141 0.0056324210101665398 0.006154572423444013 0.0056305449980577019 0.0061523325278214549 0.0057493022397476752 0.0061048815122450228 0.005747347573130673 0.0061026776331645754
11 0 0.00062294045348477815 0.00062341911707402479 0.0064935227380612595 0.0067793588263028379 0.0064910293835353013 0.0067766411782962371 0.0065554255883130651 0.0067519638209319333 0.0065528844781240414 0.0067492680879050479
5 0 0.00069345793786013566 0.00069382588542479351 0.0044842325008065814 0.004946502619239096 0.0044830433110751022 0.004945055649260819 0.0045262423352646457 0.0048388852669490803 0.0045250307626949994 0.004837500564541429
6 0 0.000355998576005696 0.00035616652570458728 0.003987123302485282 0.0042079186809764468 0.0039861831311471339 0.0042068715122103809 0.0040085429961881081 0.0041593050884894114 0.0040075926973099918 0.0041582819726538253
13 0 0.00021632138604132933 0.00021641634957347833 0.003710134232113204 0.0038386469708499155 0.0037093201390880886 0.0038377755100947649 0.0037225853499941765 0.0038110759472310836 0.0037217657842520515 0.0038102169586255851
4 0 4.9511404288253497e-05 4.9533616196799411e-05 0.0037915068286871745 0.0038131217756379732 0.0037906566379214274 0.0038122618646595063 0.0037963678733349171 0.0038110759472310836 0.0037955155013783093 0.0038102169586255851
12 0 2.5442007900084407e-05 2.5453528650112897e-05 0.0038270146492202367 0.0038386469708499155 0.0038261484614734234 0.0038377755100947649 0.0038295402861827197 0.0038375353979588139 0.0038286729549076083 0.0038366644417783154
0 0 0.0053608382526659139 0.0056172945133069032 0.39962923725680988 0.40198423938582339 0.39040017965131629 0.39264735888746849 0.40017547881974613 0.40176929171835313 0.39092146622885587 0.39244227788122987
1 0 0.0024180765887022232 0.0025348597178137229 0.40340270430779601 0.40454203235728764 0.3940005848333189 0.39508735153943886 0.40365310664556175 0.4044312749489708 0.39423944746810829 0.3949817100508074
18 0 0.0013703149451404343 0.0014368123056292821 0.40531113760125925 0.40591881576645539 0.39582089428173495 0.39640042804319775 0.40545421745760263 0.40591399616493673 0.39595735110642555 0.39639583181992655
21 0 0.00037113288937304535 0.00038916060531361417 0.40570539651903631 0.40591881576645539 0.39619689786994827 0.39640042804319775 0.40572908966306787 0.40591399616493673 0.39621949340723334 0.39639583181992655
9 0 0.00016796541567370426 0.00017611897944239853 0.40544359780122619 0.40555582138259638 0.39594722310143182 0.39605425051182108 0.40545421745760263 0.40553057870102649 0.39595735110642555 0.39603017673667135
15 0 9.5455929221874766e-05 0.00010008812516980294 0.40531113760125925 0.40537149350865542 0.39582089428173495 0.39587845664616683 0.40531690451774482 0.40535838764741872 0.39582639429672223 0.39586595741727576
0 0 0.00023231772938835181 0.00024360252293075706 0.40570539651903631 0.40580760934977655 0.39619689786994827 0.39629437515489419 0.40572908966306787 0.40579827307669747 0.39621949340723334 0.39628547148143317
-1
7 0 0.00062667663612844848 0.00065699418596896521 0.40408312074887576 0.40454203235728764 0.39464962839894585 0.39508735153943886 0.40412306805070425 0.4044312749489708 0.39468773221095937 0.3949817100508074
8 0 0.00029200699503618272 0.00030611793358798845 0.40363465926492409 0.40382849960415157 0.3942218504642937 0.39440675338851539 0.40365310664556175 0.40378511018278079 0.39423944746810829 0.39436536488709678
14 0 0.00016844284485314186 0.00017657793974232001 0.40340270430779601 0.40350882409127087 0.3940005848333189 0.39410181496803887 0.40341287513275798 0.40348584223097544 0.39401028707407931 0.39407989214118383
0 0 0.0003922802245094295 0.00041125807460367823 0.40408312074887576 0.40425471132380741 0.39464962839894585 0.39481329915979291 0.40412306805070425 0.4042391179660228 0.39468773221095937 0.3947984256521288
1 0 0.00017431588607729143 0.00018275478127999188 0.4043572728589786 0.40443922519110154 0.39491112538731465 0.39498929311378106 0.40437531685466171 0.4044312749489708 0.39492833616448264 0.3949817100508074
0 0 0.0093338970852213793 0.0097376171788496751 0.36172249018719416 0.36577963278276365 0.35414463549382758 0.35803265601372791 0.36266803755864541 0.36541141004959798 0.35505093098786361 0.35767985802687891
1 0 0.0041260896383749236 0.0043077857497825466 0.36819918444583305 0.37012961951180756 0.36035047919545182 0.36219928470667717 0.36862444379578396 0.36994246037348288 0.36075779169912059 0.36202005778840418
10 0 0.0023146889228484752 0.0024175214293768663 0.37142628288921276 0.37254764259261702 0.36344088596166013 0.36451447744633225 0.37166693346913715 0.37243903715091914 0.36367129693785832 0.36441050452638035
17 0 0.00062559941402378586 0.00065344245721388476 0.37208896601444813 0.37254764259261702 0.36407535663697954 0.36451447744633225 0.37212874689491515 0.37243903715091914 0.3641134423749533 0.36441050452638035
9 0 0.00028352269336395954 0.00029612612682538642 0.37164907809240655 0.37183771547528099 0.36365420152205047 0.36383480833129589 0.37166693346913715 0.37179529449050142 0.36367129693785832 0.3637941936145952
15 0 0.0001612408758830532 0.00016840417253955728 0.37142628288921276 0.37152781929470674 0.36344088596166013 0.36353810280901333 0.37143598592046173 0.37150577409168928 0.36345017625628301 0.36351699554935485
0 0 0.00039160591673297539 0.00040903480206866389 0.37208896601444813 0.37226054668741904 0.36407535663697954 0.36423962466283 0.37212874689491515 0.37224487803957046 0.3641134423749533 0.36422462393705957
1 0 0.00017702891472846086 0.00018491368325598899 0.37236398625339495 0.37244712089737553 0.36433865413115774 0.36441824350888607 0.37238225376782003 0.37243903715091914 0.36435614269542865 0.36441050452638035
16 0 0.0031053956591513554 0.0031383834007030487 0.089550243847697442 0.090775616363019146 0.089078366520190869 0.090290771649270685 0.089840400895253761 0.090669346022928518 0.089365468807208887 0.090185632828328935
4 0 0.0011422611986330144 0.0011546527877729787 0.091446779481794832 0.091950655578003124 0.090954758149600051 0.091453211933313433 0.091560093875272669 0.09190296250880893 0.091066855719838136 0.091406033365158276
12 0 0.00058699028000045264 0.00059341592271090575 0.092274541131949661 0.092545739704349109 0.091773596485793016 0.092041854178093907 0.092333423362064682 0.092519823714143384 0.091831840923941241 0.092016219591081111
5 0 0.00068433547821392083 0.0006916674106198686 0.090317249130710306 0.090775616363019146 0.089837275511536002 0.090290771649270685 0.090359107818395526 0.090669346022928518 0.089878690379522716 0.090185632828328935
6 0 0.00035541387137705271 0.0003592006851835805 0.089818804140953445 0.090040906701087581 0.089344099760274159 0.089563857968887731 0.089840400895253761 0.089992103615355271 0.089365468807208887 0.089515570505091763
19 0 0.00022245887092253724 0.00022482198872353365 0.089550243847697442 0.08966880236962016 0.089078366520190869 0.089195678047768706 0.089551184296852382 0.089640890590946765 0.089079297084175238 0.089168059991510215
4 0 4.9657133659697624e-05 5.0185045669133631e-05 0.08962106866265547 0.089642962323891129 0.089148446599086953 0.089170109926223373 0.089625993355434877 0.089640890590946765 0.089153319486088525 0.089168059991510215
12 0 2.5495654849553637e-05 2.5766811805031001e-05 0.089657028482276593 0.08966880236962016 0.089184028070959348 0.089195678047768706 0.089659585129199651 0.089667677407587382 0.089186557812636721 0.089194564925738712
3 0 1 1 0 0.44278452727255413 0 0.43827897218952949 0.098457084506926251 0.40031847665159059 0.098232537347231363 0.39663210823642414
7 1 0.25146027974456986 0.25457607993268283 0.26602709271879965 0.44278452727255413 0.26439410518635104 0.43827897218952949 0.28149800506876221 0.40031847665159059 0.2796702130888879 0.39663210823642414
8 1 0.1195180914439824 0.12002490303399715 0.091225864723412362 0.1670342011254225 0.091033057920706983 0.16638894060577558 0.098457084506926251 0.15009881717205945 0.098232537347231363 0.14957756370371456
14 1 0.069659846855200214 0.069659846855200214 0 0.041805425230054649 0 0.041764888454182858 0.0040118415328638333 0.032761776714740322 0.0040114678937586603 0.032736876108911447
0 0 0.15740637085628506 0.15935676556841372 0.26602709271879965 0.33236667449843021 0.26439410518635104 0.32982159244463982 0.28149800506876221 0.32635035559421066 0.2796702130888879 0.32389623879846424
1 0 0.06910964403549498 0.070308158578755234 0.37187642310960345 0.40337081174317091 0.36869318600107814 0.39962827638913345 0.37881654728350872 0.40031847665159059 0.37551391509821724 0.39663210823642414
10 0 0.038638717279634749 0.039404106073056742 0.4245112987952035 0.44278452727255413 0.4203682089539873 0.43827897218952949 0.42843355919888199 0.44101510748603856 0.42421393624410525 0.43654530817170317
2 0 0.074814634919585288 0.075131883326264415 0.091225864723412362 0.12137923869474554 0.091033057920706983 0.1210381464021833 0.098457084506926251 0.11873426823424266 0.098232537347231363 0.11840785944635124
3 0 0.029342933660635503 0.029531711532093687 0.13832971918622866 0.15134110401081813 0.13788688241017708 0.15081120180030755 0.14123410906647044 0.15009881717205945 0.14077251237337904 0.14957756370371456
11 0 0.015548837294901134 0.015664453244935438 0.15983781334952923 0.1670342011254225 0.15924685669022473 0.16638894060577558 0.16139389502300944 0.16634324808178788 0.16079139766651354 0.16570330465905178
16 1 0.043349506178763875 0.043349506178763875 0 0.016997133856573199 0 0.016990429065126433 0.0040118415328638333 0.015517377982086477 0.0040114678937586603 0.015511789607907694
4 1 0.016138655852974443 0.016158421423207159 0.026367796995315107 0.033431420202713946 0.02635166503516817 0.033405491670823684 0.027954159932925791 0.032761776714740322 0.027936029158548262 0.032736876108911447
12 1 0.008337333060620563 0.0083520448068019754 0.037984847384024578 0.041805425230054649 0.037951378350460918 0.041764888454182858 0.038813755571894655 0.04144001686412227 0.038778810544673005 0.041400185292646496
5 0 0.037105294057396571 0.03763587878358407 0.30685934675376636 0.33236667449843021 0.30468864152051567 0.32982159244463982 0.30914163982975673 0.32635035559421066 0.30693864080672939 0.32389623879846424
6 0 0.018394732312034423 0.01863499229418869 0.28037644073654255 0.29202118192937021 0.2785631376680513 0.29005465711933098 0.28149800506876221 0.28944132086813018 0.2796702130888879 0.28750927415635791
13 0 0.010964903687881611 0.011100767884835716 0.26602709271879965 0.27264928702772184 0.26439410518635104 0.27093424996994642 0.26666603845057868 0.27122343940660049 0.26502522144728063 0.26952623754125871
7 0 0.017824439890476329 0.018149281588718289 0.39071073041150944 0.40337081174317091 0.38719840992721266 0.39962827638913345 0.39181413283433064 0.40031847665159059 0.38828203578703657 0.39663210823642414
8 0 0.0083319502640112168 0.0084789537840550752 0.3783056137331165 0.38367157855018452 0.37501184574154878 0.38028412725030425 0.37881654728350872 0.38247099166843462 0.37551391509821724 0.37910461424967434
14 0 0.0048141672197299784 0.0048976555592672236 0.37187642310960345 0.37481888781316131 0.36869318600107814 0.37158529582383149 0.3721585177613369 0.3741818094706843 0.36897047009968531 0.37095915313427646
17 0 0.010435780272006485 0.010647786701668738 0.43531114278760552 0.44278452727255413 0.43095564705485229 0.43827897218952949 0.43595936335769753 0.44101510748603856 0.43159095154022248 0.43654530817170317
9 0 0.004731692602059091 0.0048262277441359219 0.42814255550744806 0.43121682467206823 0.42392863458085112 0.42694247260654056 0.42843355919888199 0.43052550052340016 0.42421393624410525 0.42626477499278592
15 0 0.0026915671283807372 0.0027448839945151959 0.4245112987952035 0.42616624470154452 0.4203682089539873 0.42199094730505138 0.4246694518936206 0.42580693497484629 0.42052328950895324 0.42163864074092505
5 0 0.016871001184522744 0.016957319355829229 0.11004535291155376 0.12137923869474554 0.10976491257735391 0.1210381464021833 0.11107238157874025 0.11873426823424266 0.11078668903897809 0.11840785944635124
6 0 0.0086067002025174144 0.0086458845289947295 0.097937048939824661 0.10330490556853456 0.097714864888174296 0.1030577293140264 0.098457084506926251 0.10212164870598787 0.098232537347231363 0.10188009572877788
13 0 0.0052115760110247322 0.005233675486449485 0.091225864723412362 0.094336456853081119 0.091033057920706983 0.094130292203500998 0.091527000175163534 0.093668653865112403 0.091332919719825989 0.093465394597964074
7 0 0.0074228145238262374 0.0074732778770441981 0.14616251751847065 0.15134110401081813 0.14566820000100775 0.15081120180030755 0.14661659934619439 0.15009881717205945 0.14611921089983937 0.14957756370371456
8 0 0.0035142286953860589 0.0035372780864701622 0.14102101364620029 0.14325327498105223 0.14056080655619088 0.14277840761379634 0.14123410906647044 0.14275492330081305 0.14077251237337904 0.14228334870020418
14 0 0.0020440242650821699 0.0020571745026975972 0.13832971918622866 0.13956372470214368 0.13788688241017708 0.1391129646814121 0.13844819038724532 0.13929687413729203 0.13800459597572168 0.13884783343244092
17 0 0.0041543641571088474 0.0041860813194580949 0.1641073281330595 0.1670342011254225 0.1634844406082028 0.16638894060577558 0.16436208549167877 0.16634324808178788 0.16373726622782084 0.16570330465905178
9 0 0.0018971856889520014 0.0019114199295526728 0.16127866073289737 0.16249429603841931 0.16067702182477159 0.1618835704342608 0.16139389502300944 0.16222126587538224 0.16079139766651354 0.16161258703993348
15 0 0.0010831296247392399 0.0010911834141126469 0.15983781334952923 0.16049514867644543 0.15924685669022473 0.15989933044610538 0.1599006793797807 0.16035252816617551 0.15930925862912687 0.15975776642499689
5 1 0.0095995231702936772 0.0096042585972067936 0.010622352256581868 0.016997133856573199 0.010619733232212991 0.016990429065126433 0.011203671460492649 0.015517377982086477 0.011200757973988472 0.015511789607907694
6 1 0.0049698240076097022 0.0049706808781291301 0.003712959768256141 0.0067887988386516884 0.0037126397252924825 0.0067877289892038783 0.0040118415328638333 0.0061125355330243561 0.0040114678937586603 0.0061116681989713557
19 1 0.0031053956591513554 0.0031053956591513554 0 0.0016382779903115763 0 0.0016382156794282898 1.2990171298561323e-05 0.001252464508665431 1.2990167380757742e-05 0.0012524280900474789
7 0 0.004044793420671898 0.0040505488830234714 0.030633331654137452 0.033431420202713946 0.030611560325555176 0.033405491670823684 0.030879378671314316 0.032761776714740322 0.030857256329719251 0.032736876108911447
8 0 0.0019266587343140153 0.0019291499866255207 0.027837957560476467 0.029053741730570348 0.027819977159601939 0.029034157048495934 0.027954159932925791 0.02878260232436906 0.027936029158548262 0.028763381357536647
14 0 0.0011242162951669802 0.0011255931617623963 0.026367796995315107 0.027042485341831179 0.02635166503516817 0.027025517529391252 0.026432614449345183 0.02689667104184798 0.026416403104762828 0.026879885661713562
17 0 0.0022164667371393936 0.0022206117370099283 0.040255495278609998 0.041805425230054649 0.040217907221776872 0.041764888454182858 0.040390617191465375 0.04144001686412227 0.04035277649299851 0.041400185292646496
9 0 0.0010155591646966986 0.0010173874108177984 0.038752424280437181 0.039398998742038893 0.038717589552698994 0.039362992439643862 0.038813755571894655 0.039253860588535243 0.038778810544673005 0.039218118957449179
15 0 0.00058077734418362668 0.00058180216216959652 0.037984847384024578 0.038335190862476332 0.037951378350460918 0.038301101872734 0.038018365322686348 0.038259201022511062 0.037984837222787511 0.03822524698460842
10 0 0.0001197676778825315 0.00012223326436672271 0.44109009185761405 0.44114681210693207 0.43661878014828592 0.43667435621205064 0.44110226053420892 0.44114131667270712 0.43663070336524878 0.43666897164045526
16 0 0.00013485842282534577 0.00013488167451214395 0.003712959768256141 0.003765619117270691 0.0037126397252924825 0.0037652899322643263 0.0037254298900875533 0.0037610526194326935 0.0037251076938533733 0.0037607242323008682
18 0 0.00012071249048249046 0.00012298373807028849 0.40331878955752687 0.40337081174317091 0.39957721500350885 0.39962827638913345 0.40333103690371042 0.40337039908269567 0.39958923616391862 0.39962787135058347
20 0 0.00012593039218700142 0.00012646439472518978 0.091225864723412362 0.091269080415803561 0.091033057920706983 0.091076091089433875 0.091226840696489939 0.091264282932473101 0.091034029772663935 0.091071313872769136
1 0 0.00012849179630612786 0.00013114683898039789 0.44272555720423556 0.44278452727255413 0.43822119603726312 0.43827897218952949 0.44273851352223009 0.44277879248714852 0.4382338900532981 0.43827335351824553
2 1 0.000135244795728795 0.000135244795728795 0 5.3817149440915646e-05 0 5.3817082198093225e-05 1.2990171298561323e-05 4.9133133222509039e-05 1.2990167380757742e-05 4.9133077175323036e-05
20 1 0.0016832320592357064 0.0016832320592357064 0 0.00057527495128179007 0 0.0005752672679362747 1.2990171298561323e-05 0.00051140460674443922 1.2990167380757742e-05 0.00051139853477824722
4 1 0.00069349574744347097 0.00069352725778396463 0.00097851870599474644 0.0012810987148884623 0.00097849647629327796 0.0012810606120344792 0.0010465761591000643 0.001252464508665431 0.001046550729685969 0.0012524280900474789
12 1 0.00035614538417974096 0.00035616978565175604 0.0014755231876129593 0.0016382779903115763 0.0014754726421203901 0.0016382156794282898 0.0015108635464698655 0.0016227266554461244 0.001510810550787935 0.0016226655218967909
5 1 0.00041584586485782243 0.00041585165277313092 0.00029974575476032772 0.00057527495128179007 0.00029974366878920966 0.0005752672679362747 0.00032491202039047621 0.00051140460674443922 0.00032490956944573109 0.00051139853477824722
6 1 0.00021605665602919544 0.00021605665602919544 0 0.00013358013061315344 0 0.00013357971633914945 1.2990171298561323e-05 0.00010423049873912291 1.2990167380757742e-05 0.00010423024651086006
-1
3 1 5.1762481904175951e-05 5.1762683007575475e-05 8.3669788337514817e-05 0.0001063928815939752 8.3669625804416725e-05 0.00010639261879158424 8.8756404231888145e-05 0.00010423049873912291 8.875622133601324e-05 0.00010423024651086006
11 1 2.7127491805824726e-05 2.7127644401349989e-05 0.00012114244047056744 0.00013358013061315344 0.00012114209975139234 0.00013357971633914945 0.00012383608697509219 0.00013238810480228094 0.00012383573093537422 0.0001323876978890188
2 0 0.0031109563770144177 0.0031114927514721558 0.003712959768256141 0.004951526372959425 0.0037126397252924825 0.0049509572140973845 0.0040118415328638333 0.004843692696266823 0.0040114678937586603 0.0048431480562339596
3 0 0.0011918432447267132 0.0011921553347787332 0.0056389355424559251 0.0061623516310809756 0.0056381973958289922 0.0061614701031970087 0.0057560901130146308 0.0061125355330243561 0.005755320978383353 0.0061116681989713557
11 0 0.00062489442014342718 0.00062508310360804794 0.0065021829905531625 0.0067887988386516884 0.006501201563440806 0.0067877289892038783 0.0065642518566867607 0.0067613276416285065 0.0065632516044718927 0.006760266432378927
5 0 0.00069495912313724539 0.00069510396859248755 0.0044883607592677843 0.004951526372959425 0.0044878930935960959 0.0049509572140973845 0.0045304483422155808 0.004843692696266823 0.0045299718652392525 0.0048431480562339596
6 0 0.00035668369913743891 0.00035674979185176814 0.0039903866674611543 0.0042115536496856176 0.0039900170138433833 0.0042111418865670158 0.0040118415328638333 0.0041628565181749712 0.0040114678937586603 0.0041624542217760935
13 0 0.00021670874480150815 0.00021674610854915954 0.003712959768256141 0.0038416717204273199 0.0037126397252924825 0.0038413291049324005 0.0037254298900875533 0.0038140573855398501 0.0037251076938533733 0.0038137196776373717
4 0 4.9602009270083355e-05 4.9610749107310838e-05 0.0037944577155635262 0.0038161064169984771 0.0037941234694162662 0.0038157683461600977 0.0037993263346059276 0.0038140573855398501 0.0037989912302126435 0.0038137196776373717
12 0 2.5489002847257504e-05 2.5493536085541919e-05 0.003830021087487423 0.0038416717204273199 0.0038296805468484574 0.0038413291049324005 0.0038325506955157679 0.0038405583953215086 0.0038322097049155947 0.0038402159783705201
0 0 0.0065324762278112002 0.0066651857067206773 0.43531114278760552 0.43810693529197753 0.43095564705485229 0.43369559689818143 0.43595936335769753 0.43785163337629951 0.43159095154022248 0.43344540894650246
1 0 0.0029522132341085142 0.0030128089835860538 0.43979231801007534 0.44114681210693207 0.43534714597563584 0.43667435621205064 0.44008995051895022 0.44101510748603856 0.43563879029363006 0.43654530817170317
18 0 0.0016746316161983226 0.001709182583914331 0.44206155590932827 0.44278452727255413 0.43757062739440178 0.43827897218952949 0.44223176424169036 0.44277879248714852 0.43773739432876008 0.43827335351824553
21 0 0.00045364420528151565 0.00046301376541255497 0.44253059414950807 0.44278452727255413 0.43803017911646197 0.43827897218952949 0.44255878382193325 0.44277879248714852 0.43805779832395719 0.43827335351824553
9 0 0.00020528064383768018 0.00020951750760274553 0.44221913068437135 0.44235263926743862 0.43772501625087473 0.43785582462157102 0.44223176424169036 0.44232260832217185 0.43773739432876008 0.43782640112242954
15 0 0.00011665458192325166 0.0001190613970430478 0.44206155590932827 0.44213335419380234 0.43757062739440178 0.43764097416712905 0.44206841604401526 0.44211776353597804 0.43757734885104133 0.43762569871794554
0 0 0.00028396726546984195 0.00028983232081076794 0.44253059414950807 0.44265220725542032 0.43803017911646197 0.43814933092299557 0.44255878382193325 0.44264109870131729 0.43805779832395719 0.43813844721997564
-1
7 0 0.00076536983186203825 0.00078110849438852033 0.4406011504292352 0.44114681210693207 0.4361396958513884 0.43667435621205064 0.4406486446936122 0.44101510748603856 0.43618623309650195 0.43654530817170317
8 0 0.00035655137510496866 0.00036387439324434044 0.4400680225088881 0.44029844544621261 0.43561730359836942 0.43584308804929928 0.44008995051895022 0.44024686560297871 0.43563879029363006 0.43579254673231077
14 0 0.00020565072177189435 0.00020987181240057599 0.43979231801007534 0.4399184497331915 0.43534714597563584 0.43547074048987089 0.43980440657745956 0.43989113347381353 0.43535899140589457 0.43544397377283961
0 0 0.00047909788265035184 0.00048894979943395612 0.4406011504292352 0.44080516441027173 0.4361396958513884 0.43633959818938423 0.4406486446936122 0.44078662391645895 0.43618623309650195 0.43632143143314606
1 0 0.00021292434147260857 0.000217306061345349 0.44092711324170103 0.44102456111595456 0.4364590884016526 0.43655457114086921 0.44094856868833782 0.44101510748603856 0.43648011121420222 0.43654530817170317
0 0 0.011157549011541121 0.011360889884600673 0.39071073041150944 0.39544846219326169 0.38719840992721266 0.39185083711018015 0.39181413283433064 0.39501811806653708 0.38828203578703657 0.3914282833646982
1 0 0.0049484162777057583 0.0050403534229711035 0.39827795580909375 0.40053764204928577 0.39462890097074466 0.39684725472602561 0.39877558029693227 0.40031847665159059 0.39511744308686736 0.39663210823642414
10 0 0.0027805396324518672 0.0028326919617710005 0.4020565492809739 0.40337081174317091 0.39833824964376408 0.39962827638913345 0.40233854280552295 0.40324349473914889 0.39861504962615013 0.39950331059199273
17 0 0.00075175858837487675 0.00076588607743218796 0.40283315186883051 0.40337081174317091 0.39910054068346668 0.39962827638913345 0.40287977860896096 0.40324349473914889 0.39914630730043543 0.39950331059199273
9 0 0.00034062242356272217 0.00034701537016285739 0.40231761890124973 0.40253868285745198 0.39859451120576167 0.39881150147221106 0.40233854280552295 0.40248896813472629 0.39861504962615013 0.39876270306745071
15 0 0.00019369196497141165 0.00019732488824492469 0.4020565492809739 0.40217552561781289 0.39833824964376408 0.39845503520287678 0.4020679186767126 0.40214969346648516 0.39834940971609373 0.39842967876770274
0 0 0.00047057766449768118 0.00047942103643730549 0.40283315186883051 0.40303426560767786 0.39910054068346668 0.39929794377705857 0.40287977860896096 0.40301589938145843 0.39914630730043543 0.39927991649232875
1 0 0.00021275839477995106 0.00021675989003946876 0.40315551695866003 0.40325297101758045 0.39941695709978831 0.39951261189394416 0.40317693062806326 0.40324349473914889 0.39943797545186316 0.39950331059199273
16 0 0.0032431774787085033 0.0032569300404645674 0.091225864723412362 0.092497849104348606 0.091033057920706983 0.092299633954412097 0.091527000175163534 0.092387510552525212 0.091332919719825989 0.092189767507625309
4 0 0.001194045230780983 0.0011992179316223882 0.093194818749268882 0.093718197644951262 0.092993608499140457 0.09351472353628415 0.093312509428926466 0.093668653865112403 0.093110791212887137 0.093465394597964074
12 0 0.00061384902046263557 0.00061653282641781746 0.094054677587028956 0.094336456853081119 0.09384974137159835 0.094130292203500998 0.094115854365876106 0.094309528380937702 0.093910651757775937 0.094103481285989221
5 0 0.00071496573223437971 0.00071802400108648685 0.092021969803499359 0.092497849104348606 0.091825786783251206 0.092299633954412097 0.09206542393314586 0.092387510552525212 0.091869055785815501 0.092189767507625309
6 0 0.00037123166046271194 0.00037281066786221118 0.091504585026578655 0.091735113670589452 0.091310599520259383 0.091540150554102695 0.091527000175163534 0.091684457268432551 0.091332919719825989 0.091489709182365792
19 0 0.00023232904251813125 0.00023331422434580418 0.091225864723412362 0.09134890462269396 0.091033057920706983 0.091155577928162812 0.091226840696489939 0.091319937261855 0.091034029772663935 0.091126733028649598
4 0 5.1862137976177859e-05 5.208223463387567e-05 0.091299365902751062 0.091322087333064406 0.091106248612740026 0.091128874011629002 0.091304476773237553 0.091319937261855 0.091111337884366414 0.091126733028649598
12 0 2.6628245578464678e-05 2.6741298882347908e-05 0.091336685423149988 0.09134890462269396 0.091143410390768731 0.091155577928162812 0.09133933876251335 0.091347737109727087 0.091146052512534687 0.09115441535167855
4 0 1 1 0 0.43827897218952949 0 0.43584100534795867 0.098232537347231363 0.39663210823642414 0.098109534362798567 0.39463440082261858
7 1 0.2497717593890314 0.25146027974456986 0.26439410518635104 0.43827897218952949 0.26350492540717724 0.43584100534795867 0.2796702130888879 0.39663210823642414 0.27867550857657775 0.39463440082261858
8 1 0.11924085170128118 0.1195180914439824 0.091033057920706983 0.16638894060577558 0.090927414356416075 0.1660363451636982 0.098232537347231363 0.14957756370371456 0.098109534362798567 0.14929255791126445
14 1 0.069659846855200214 0.069659846855200214 0 0.041764888454182858 0 0.041742637927827841 0.0040114678937586603 0.032736876108911447 0.0040112625254250245 0.03272320379175251
0 0 0.15634940924965579 0.15740637085628506 0.26439410518635104 0.32982159244463982 0.26350492540717724 0.32843903582764811 0.2796702130888879 0.32389623879846424 0.27867550857657775 0.32256281171070356
1 0 0.068463802751116881 0.06910964403549498 0.36869318600107814 0.39962827638913345 0.36696639222029609 0.39760035068009314 0.37551391509821724 0.39663210823642414 0.37372279504794337 0.39463440082261858
10 0 0.038227427923590351 0.038638717279634749 0.4203682089539873 0.43827897218952949 0.41812492117728656 0.43584100534795867 0.42421393624410525 0.43654530817170317 0.42192952692664187 0.4341265372912082
2 0 0.07464109140090347 0.074814634919585288 0.091033057920706983 0.1210381464021833 0.090927414356416075 0.12085145547106152 0.098232537347231363 0.11840785944635124 0.098109534362798567 0.11822918834659618
3 0 0.029239928188408707 0.029342933660635503 0.13788688241017708 0.15081120180030755 0.13764465049541369 0.15052148001476462 0.14077251237337904 0.14957756370371456 0.14052004502764792 0.14929255791126445
11 0 0.015485824984984563 0.015548837294901134 0.15924685669022473 0.16638894060577558 0.15892385185493876 0.1660363451636982 0.16079139766651354 0.16570330465905178 0.16046210325292348 0.16535360604380184
16 1 0.043349506178763875 0.043349506178763875 0 0.016990429065126433 0 0.016986745540311765 0.0040114678937586603 0.015511789607907694 0.0040112625254250245 0.015508719264783158
4 1 0.016127805710577297 0.016138655852974443 0.02635166503516817 0.033405491670823684 0.026342805332314423 0.033391255287063104 0.027936029158548262 0.032736876108911447 0.027926072270931215 0.03272320379175251
12 1 0.0083292622283198982 0.008337333060620563 0.037951378350460918 0.041764888454182858 0.037933004766784573 0.041742637927827841 0.038778810544673005 0.041400185292646496 0.038759627252204651 0.041378321564054313
5 0 0.036818385386163811 0.037105294057396571 0.30468864152051567 0.32982159244463982 0.3035083860227924 0.32843903582764811 0.30693864080672939 0.32389623879846424 0.30574092381322326 0.32256281171070356
6 0 0.018264630026792961 0.018394732312034423 0.2785631376680513 0.29005465711933098 0.27757627875666058 0.28898485366402216 0.2796702130888879 0.28750927415635791 0.27867550857657775 0.28645813047542551
13 0 0.010891275904232001 0.010964903687881611 0.26439410518635104 0.27093424996994642 0.26350492540717724 0.27000061366071132 0.26502522144728063 0.26952623754125871 0.26413179877891846 0.26860226345918314
7 0 0.017649568607476386 0.017824439890476329 0.38719840992721266 0.39962827638913345 0.38529437327463001 0.39760035068009314 0.38828203578703657 0.39663210823642414 0.38636735317580967 0.39463440082261858
8 0 0.0082527618864155425 0.0083319502640112168 0.37501184574154878 0.38028412725030425 0.37322550062158338 0.37844732370320033 0.37551391509821724 0.37910461424967434 0.37372279504794337 0.37727915997350886
14 0 0.0047691780147674362 0.0048141672197299784 0.36869318600107814 0.37158529582383149 0.36696639222029609 0.3698313695329255 0.36897047009968531 0.37095915313427646 0.36724108408464867 0.369211118894194
17 0 0.01032192190895875 0.010435780272006485 0.43095564705485229 0.43827897218952949 0.4285982537514833 0.43584100534795867 0.43159095154022248 0.43654530817170317 0.42922662175425141 0.4341265372912082
9 0 0.0046809030054892793 0.004731692602059091 0.42392863458085112 0.42694247260654056 0.42164728868999213 0.42462866236562813 0.42421393624410525 0.42626477499278592 0.42192952692664187 0.4239582846305624
15 0 0.0026629167748255106 0.0026915671283807372 0.4203682089539873 0.42199094730505138 0.41812492117728656 0.41973035323731478 0.42052328950895324 0.42163864074092505 0.41827835067711278 0.41938180959760862
5 0 0.016823830564081765 0.016871001184522744 0.10976491257735391 0.1210381464021833 0.10961135609352043 0.12085145547106152 0.11078668903897809 0.11840785944635124 0.11063026244169656 0.11822918834659618
6 0 0.0085852730460446169 0.0086067002025174144 0.097714864888174296 0.1030577293140264 0.097593154103495783 0.10292235403881195 0.098232537347231363 0.10188009572877788 0.098109534362798567 0.10174779463901455
13 0 0.0051994869960907408 0.0052115760110247322 0.091033057920706983 0.094130292203500998 0.090927414356416075 0.094017342147961036 0.091332919719825989 0.093465394597964074 0.091226579438504471 0.093354033628307048
7 0 0.0073952910899632964 0.0074228145238262374 0.14566820000100775 0.15081120180030755 0.14539788390162001 0.15052148001476462 0.14611921089983937 0.14957756370371456 0.14584721989238822 0.14929255791126445
8 0 0.0035016537563362683 0.0035142286953860589 0.14056080655619088 0.14277840761379634 0.14030909732480523 0.14251870073021439 0.14077251237337904 0.14228334870020418 0.14052004502764792 0.14202543804323434
14 0 0.0020368489196616012 0.0020440242650821699 0.13788688241017708 0.1391129646814121 0.13764465049541369 0.1388664096409257 0.13800459597572168 0.13884783343244092 0.13776195066318767 0.13860221647051824
17 0 0.0041370818207727908 0.0041543641571088474 0.1634844406082028 0.16638894060577558 0.16314403500713365 0.1660363451636982 0.16373726622782084 0.16570330465905178 0.16339580805040579 0.16535360604380184
9 0 0.00188942842867545 0.0018971856889520014 0.16067702182477159 0.1618835704342608 0.16034819523992161 0.16154979201771133 0.16079139766651354 0.16161258703993348 0.16046210325292348 0.16127992399008642
15 0 0.001078740196880458 0.0010831296247392399 0.15924685669022473 0.15989933044610538 0.15892385185493876 0.1595736760333796 0.15930925862912687 0.15975776642499689 0.15898600085799089 0.15943268779552944
5 1 0.00959692148927665 0.0095995231702936772 0.010619733232212991 0.016990429065126433 0.010618294044549892 0.016986745540311765 0.011200757973988472 0.015511789607907694 0.011199157009057454 0.015508719264783158
6 1 0.0049693530606269576 0.0049698240076097022 0.0037126397252924825 0.0067877289892038783 0.0037124638138423052 0.0067871410120675102 0.0040114678937586603 0.0061116681989713557 0.0040112625254250245 0.0061111915104057985
19 1 0.0031053956591513554 0.0031053956591513554 0 0.0016382156794282898 0 0.0016381814277269258 1.2990167380757742e-05 0.0012524280900474789 1.2990165227121098e-05 0.0012524080708008621
7 0 0.0040416347348888916 0.004044793420671898 0.030611560325555176 0.033405491670823684 0.030599605303987532 0.033391255287063104 0.030857256329719251 0.032736876108911447 0.030845108668119892 0.03272320379175251
8 0 0.0019252912908569123 0.0019266587343140153 0.027819977159601939 0.029034157048495934 0.027810102811444026 0.029023402142633381 0.027936029158548262 0.028763381357536647 0.027926072270931215 0.028752826082620097
14 0 0.0011234604759092371 0.0011242162951669802 0.02635166503516817 0.027025517529391252 0.026342805332314423 0.027016199000880814 0.026416403104762828 0.026879885661713562 0.026407499824571662 0.026870667274622326
17 0 0.0022141930774020446 0.0022164667371393936 0.040217907221776872 0.041764888454182858 0.040197274090402357 0.041742637927827841 0.04035277649299851 0.041400185292646496 0.040332004780433292 0.041378321564054313
9 0 0.0010145562343020988 0.0010155591646966986 0.038717589552698994 0.039362992439643862 0.038698466767686457 0.039343226969114797 0.038778810544673005 0.039218118957449179 0.038759627252204651 0.039198498674531637
15 0 0.0005802151312415682 0.00058077734418362668 0.037951378350460918 0.038301101872734 0.037933004766784573 0.038282388185647886 0.037984837222787511 0.03822524698460842 0.037966431235476009 0.03820660733056485
10 0 0.00011844393788314406 0.0001197676778825315 0.43661878014828592 0.43667435621205064 0.4341991972817788 0.43425415904873832 0.43663070336524878 0.43666897164045526 0.43421098871483116 0.43424883399761688
16 0 0.00013484564351529116 0.00013485842282534577 0.0037126397252924825 0.0037652899322643263 0.0037124638138423052 0.0037651089962378315 0.0037251076938533733 0.0037607242323008682 0.0037249305989385199 0.0037605437347951521
18 0 0.00011949063555616942 0.00012071249048249046 0.39957721500350885 0.39962827638913345 0.3975498061718965 0.39760035068009314 0.39958923616391862 0.39962787135058347 0.39756170565199567 0.39759994974187163
20 0 0.00012563827795020188 0.00012593039218700142 0.091033057920706983 0.091076091089433875 0.090927414356416075 0.090970347679843688 0.091034029772663935 0.091071313872769136 0.09092838395400786 0.09096558154957271
1 0 0.00012706646378420549 0.00012849179630612786 0.43822119603726312 0.43827897218952949 0.43578387013631703 0.43584100534795867 0.4382338900532981 0.43827335351824553 0.43579642333827445 0.43583544901116833
2 1 0.000135244795728795 0.000135244795728795 0 5.3817082198093225e-05 0 5.381704523321762e-05 1.2990167380757742e-05 4.9133077175323036e-05 1.2990165227121098e-05 4.9133046364968578e-05
20 1 0.0016832320592357064 0.0016832320592357064 0 0.0005752672679362747 0 0.00057526304431271269 1.2990167380757742e-05 0.00051139853477824722 1.2990165227121098e-05 0.00051139519694068944
4 1 0.00069347842640202326 0.00069349574744347097 0.00097849647629327796 0.0012810606120344792 0.00097848425654717408 0.0012810396669879487 0.001046550729685969 0.0012524280900474789 0.0010465367510806745 0.0012524080708008621
12 1 0.00035613197119958607 0.00035614538417974096 0.0014754726421203901 0.0016382156794282898 0.0014754448575800549 0.0016381814277269258 0.001510810550787935 0.0016226655218967909 0.0015107814194309417 0.0016226319173459325
5 1 0.00041584268315962591 0.00041584586485782243 0.00029974366878920966 0.0005752672679362747 0.0002997425220954697 0.00057526304431271269 0.00032490956944573109 0.00051139853477824722 0.0003249082221209816 0.00051139519694068944
6 1 0.00021605665602919544 0.00021605665602919544 0 0.00013357971633914945 0 0.00013357948860442947 1.2990167380757742e-05 0.00010423024651086006 1.2990165227121098e-05 0.00010423010785568871
-1
3 1 5.176237135352841e-05 5.1762481904175951e-05 8.3669625804416725e-05 0.00010639261879158424 8.3669536456554283e-05 0.00010639247432370214 8.875622133601324e-05 0.00010423024651086006 8.8756120794388803e-05 0.00010423010785568871
11 1 2.71274079211164e-05 2.7127491805824726e-05 0.00012114209975139234 0.00013357971633914945 0.00012114191245099493 0.00013357948860442947 0.00012383573093537422 0.0001323876978890188 0.00012383553521310209 0.00013238747420052128
2 0 0.0031106615787308556 0.0031109563770144177 0.0037126397252924825 0.0049509572140973845 0.0037124638138423052 0.0049506443901605746 0.0040114678937586603 0.0048431480562339596 0.0040112625254250245 0.0048428487072972523
3 0 0.0011916717338731294 0.0011918432447267132 0.0056381973958289922 0.0061614701031970087 0.0056377917020248303 0.0061609856145411479 0.005755320978383353 0.0061116681989713557 0.005754898255000163 0.0061111915104057985
11 0 0.00062479073290788137 0.00062489442014342718 0.006501201563440806 0.0067877289892038783 0.0065006621766571793 0.0067871410120675102 0.0065632516044718927 0.006760266432378927 0.0065627018727460046 0.0067596832032212019
5 0 0.00069487951755572693 0.00069495912313724539 0.0044878930935960959 0.0049509572140973845 0.0044876360485706646 0.0049506443901605746 0.0045299718652392525 0.0048431480562339596 0.0045297099776164078 0.0048428487072972523
6 0 0.00035664737428116322 0.00035668369913743891 0.0039900170138433833 0.0042111418865670158 0.0039898138359505397 0.0042109155652405028 0.0040114678937586603 0.0041624542217760935 0.0040112625254250245 0.0041622331033463683
13 0 0.00021668820920694998 0.00021670874480150815 0.0037126397252924825 0.0038413291049324005 0.0037124638138423052 0.0038411407873740755 0.0037251076938533733 0.0038137196776373717 0.0037249305989385199 0.0038135340573378267
4 0 4.9597205765024736e-05 4.9602009270083355e-05 0.0037941234694162662 0.0038157683461600977 0.0037939397517322559 0.0038155825263873067 0.0037989912302126435 0.0038137196776373717 0.0037988070408277019 0.0038135340573378267
12 0 2.5486511337327148e-05 2.5489002847257504e-05 0.0038296805468484574 0.0038413291049324005 0.0038294933696498834 0.0038411407873740755 0.0038322097049155947 0.0038402159783705201 0.0038320222804141698 0.0038400277699336526
0 0 0.0064612044081139236 0.0065324762278112002 0.43095564705485229 0.43369559689818143 0.4285982537514833 0.43130821544362269 0.43159095154022248 0.43344540894650246 0.42922662175425141 0.43106077356414318
1 0 0.0029196779517761738 0.0029522132341085142 0.43534714597563584 0.43667435621205064 0.4329415976306033 0.43425415904873832 0.43563879029363006 0.43654530817170317 0.43323002677359118 0.4341265372912082
18 0 0.0016560826275279876 0.0016746316161983226 0.43757062739440178 0.43827897218952949 0.43514051280266275 0.43584100534795867 0.43773739432876008 0.43827335351824553 0.43530543220081719 0.43583544901116833
21 0 0.00044861420055652149 0.00045364420528151565 0.43803017911646197 0.43827897218952949 0.43559497166815825 0.43584100534795867 0.43805779832395719 0.43827335351824553 0.4356222846244418 0.43583544901116833
9 0 0.00020300606559051776 0.00020528064383768018 0.43772501625087473 0.43785582462157102 0.43529319127810118 0.435422550033501 0.43773739432876008 0.43782640112242954 0.43530543220081719 0.43539345264232893
15 0 0.00011536246221315722 0.00011665458192325166 0.43757062739440178 0.43764097416712905 0.43514051280266275 0.43521008032012354 0.43757734885104133 0.43762569871794554 0.43514715980879548 0.43519497409287494
0 0 0.00028081863782194642 0.00028396726546984195 0.43803017911646197 0.43814933092299557 0.43559497166815825 0.43571280214185371 0.43805779832395719 0.43813844721997564 0.4356222846244418 0.43570203914834588
-1
7 0 0.00075691973738516735 0.00076536983186203825 0.4361396958513884 0.43667435621205064 0.43372540521408398 0.43425415904873832 0.43618623309650195 0.43654530817170317 0.43377142863580453 0.4341265372912082
8 0 0.00035261953216020108 0.00035655137510496866 0.43561730359836942 0.43584308804929928 0.43320877702700983 0.4334320710173224 0.43563879029363006 0.43579254673231077 0.43323002677359118 0.43338208729524702
14 0 0.00020338431898723293 0.00020565072177189435 0.43534714597563584 0.43547074048987089 0.4329415976306033 0.43306382986231567 0.43535899140589457 0.43544397377283961 0.43295331251486591 0.43303735820572403
0 0 0.00047380838441886939 0.00047909788265035184 0.4361396958513884 0.43633959818938423 0.43372540521408398 0.43392310002118961 0.43618623309650195 0.43632143143314606 0.43377142863580453 0.43390513392273339
1 0 0.00021057183501632884 0.00021292434147260857 0.4364590884016526 0.43655457114086921 0.43404127021840261 0.43413569789681694 0.43648011121420222 0.43654530817170317 0.43406206075368842 0.4341265372912082
0 0 0.011048084987831438 0.011157549011541121 0.38719840992721266 0.39185083711018015 0.38529437327463001 0.38990088443371712 0.38828203578703657 0.3914282833646982 0.38636735317580967 0.38948252345628409
1 0 0.004898943905771027 0.0049484162777057583 0.39462890097074466 0.39684725472602561 0.3926512713044778 0.39484738494188054 0.39511744308686736 0.39663210823642414 0.39313492616293633 0.39463440082261858
10 0 0.0027524815453545963 0.0027805396324518672 0.39833824964376408 0.39962827638913345 0.39632336235623045 0.39760035068009314 0.39861504962615013 0.39950331059199273 0.39659736822057229 0.39747664975407671
17 0 0.00074415827721796448 0.00075175858837487675 0.39910054068346668 0.39962827638913345 0.39707795390549128 0.39760035068009314 0.39914630730043543 0.39950331059199273 0.39712325779369645 0.39747664975407671
9 0 0.00033718304967840463 0.00034062242356272217 0.39859451120576167 0.39881150147221106 0.39657703718850557 0.39679183584276545 0.39861504962615013 0.39876270306745071 0.39659736822057229 0.3967435304074225
15 0 0.0001917374429211662 0.00019369196497141165 0.39833824964376408 0.39845503520287678 0.39632336235623045 0.39643896927503347 0.39834940971609373 0.39842967876770274 0.39633440981206258 0.39641386877492674
0 0 0.00046582010438598757 0.00047057766449768118 0.39910054068346668 0.39929794377705857 0.39707795390549128 0.39727336075562958 0.39914630730043543 0.39927991649232875 0.39712325779369645 0.39725551581288931
1 0 0.00021060570600267792 0.00021275839477995106 0.39941695709978831 0.39951261189394416 0.39739117007996905 0.39748585692420457 0.39943797545186316 0.39950331059199273 0.39741197576287007 0.39747664975407671
16 0 0.0032356544528511222 0.0032431774787085033 0.091033057920706983 0.092299633954412097 0.090927414356416075 0.092191031978351906 0.091332919719825989 0.092189767507625309 0.091226579438504471 0.092081423768971674
4 0 0.0011912159222663013 0.001194045230780983 0.092993608499140457 0.09351472353628415 0.092883368264574662 0.093403245058065965 0.093110791212887137 0.093465394597964074 0.093000273137446701 0.093354033628307048
12 0 0.00061238112892414973 0.00061384902046263557 0.09384974137159835 0.094130292203500998 0.093737463195639054 0.094017342147961036 0.093910651757775937 0.094103481285989221 0.093798227880186782 0.093990595525320464
5 0 0.00071329284753396209 0.00071496573223437971 0.091825786783251206 0.092299633954412097 0.091718296375622288 0.092191031978351906 0.091869055785815501 0.092189767507625309 0.091761464113086569 0.092081423768971674
6 0 0.00037036791335509633 0.00037123166046271194 0.091310599520259383 0.091540150554102695 0.091204311177826708 0.091433327443620233 0.091332919719825989 0.091489709182365792 0.091226579438504471 0.091383003696316828
19 0 0.00023179012123364373 0.00023232904251813125 0.091033057920706983 0.091155577928162812 0.090927414356416075 0.091049649969825563 0.091034029772663935 0.091126733028649598 0.09092838395400786 0.091020872059601451
4 0 5.1741739586221724e-05 5.1862137976177859e-05 0.091106248612740026 0.091128874011629002 0.091000435203772739 0.091023008071096978 0.091111337884366414 0.091126733028649598 0.091005512660282797 0.091020872059601451
12 0 2.6566402710974359e-05 2.6628245578464678e-05 0.091143410390768731 0.091155577928162812 0.091037510692856705 0.091049649969825563 0.091146052512534687 0.09115441535167855 0.091040146678328396 0.091048490093714032
5 0 1 1 0 0.65004280709425066 0 0.68484920972098173 0.060411109056447199 0.5015541145122393 0.060697798679266057 0.5220247397043396
0 1 0.62596912329922016 0.62596912329922016 0 0.25409264523598585 0 0.25924280897325724 0.060411109056447199 0.23157255759114573 0.060697798679266057 0.23584259380671252
1 1 0.25495397989985158 0.27165903040416706 0.39949132566246931 0.51238100312868162 0.41237139219205388 0.53376379227459703 0.42459335120684627 0.5015541145122393 0.43917244382621146 0.5220247397043396
10 1 0.13747791159771322 0.15101476126221894 0.58670922200295528 0.65004280709425066 0.61491650721883317 0.68484920972098173 0.60037422289863296 0.64394667536634664 0.62994386812961334 0.67808616401715394
5 1 0.1432925195785455 0.14689732797026053 0.15790841934301947 0.25409264523598585 0.15988233224040804 0.25924280897325724 0.16659036346496864 0.23157255759114573 0.16878880919157496 0.23584259380671252
6 1 0.072397212271736233 0.073035999381940719 0.056055687632574597 0.1010946766694244 0.05630244444917365 0.10190010171198471 0.060411109056447199 0.091150954740324364 0.060697798679266057 0.091805215388270078
13 1 0.043604913265107292 0.043604913265107292 0 0.025946420197391573 0 0.025999162493066441 0.0025092241450310748 0.020370971134244242 0.0025097165090965934 0.020403467735581046
7 0 0.064905184766140239 0.069921269864694491 0.46731599171231414 0.51238100312868162 0.48503781769910803 0.53376379227459703 0.47126036238861885 0.5015541145122393 0.48928838279111514 0.5220247397043396
8 0 0.030600826715611346 0.032728601987324302 0.42274972294350888 0.44207736001878811 0.43720032809263021 0.45790423447405026 0.42459335120684627 0.43775961647874612 0.43917244382621146 0.4532734157341145
14 0 0.017760055194947458 0.01892372645478646 0.39949132566246931 0.41014978520627748 0.41237139219205388 0.42373799098798604 0.4005141606280006 0.40784407102448272 0.41346133514611699 0.42127742836260684
17 0 0.036859598553793324 0.040739208736901573 0.62424183791202859 0.65004280709425066 0.6562719872189493 0.68484920972098173 0.62648526642999725 0.64394667536634664 0.65875200227287345 0.67808616401715394
9 0 0.016794014328902197 0.018485959896071213 0.59936171278633865 0.6100474529582246 0.62882925814715251 0.64060187309168537 0.60037422289863296 0.60764657960819402 0.62994386812961334 0.63795500178478881
15 0 0.0095766902678694581 0.010519665142400783 0.58670922200295528 0.59247973333980197 0.61491650721883317 0.62125821433052864 0.58726097437276392 0.59122747145851773 0.6155226156390462 0.6198814872136198
0 0 0.089696692855918525 0.091953191604542073 0.15790841934301947 0.1947731276709217 0.15988233224040804 0.1977850567263828 0.16659036346496864 0.19146864800425556 0.16878880919157496 0.19437848109535799
1 0 0.037993655207029894 0.03931196388677706 0.21628568565087802 0.23320332122089182 0.22000604260189216 0.23753427186111775 0.22003108877457331 0.23157255759114573 0.22388255889963998 0.23584259380671252
10 0 0.02087264534559008 0.021693950421405588 0.24444644008890698 0.25409264523598585 0.24920932658722228 0.25924280897325724 0.24652255387086172 0.25316149061459331 0.2513674892522465 0.25827359694802282
2 0 0.045318419495046669 0.045718280502395459 0.056055687632574597 0.074133990996072152 0.05630244444917365 0.074566187793922767 0.060411109056447199 0.072556947009388001 0.060697798679266057 0.07297089990644362
3 0 0.017479947723491731 0.017712390044030697 0.084201088743318719 0.091882648807199874 0.084759078410358235 0.092547493785278823 0.085919214378183728 0.091150954740324364 0.086500286536507362 0.091805215388270078
11 0 0.0091928167878075791 0.009333674183190652 0.096877442985864648 0.1010946766694244 0.097616826178788529 0.10190010171198471 0.097790360541111787 0.10069028620737352 0.098543798627770463 0.10148925508743303
16 1 0.027135452378161062 0.027135452378161062 0 0.010602716562959857 0 0.0106115132004303 0.0025092241450310748 0.0096825817707574327 0.0025097165090965934 0.0096899173340568388
4 1 0.010006146708211101 0.010031882653693329 0.016416639822604884 0.020784513553261275 0.016437738175502759 0.02081834404181615 0.01739868159533706 0.020370971134244242 0.017422381471820021 0.020403467735581046
12 1 0.0051475983080664141 0.0051666420639997169 0.023593521030027209 0.025946420197391573 0.023637123350618738 0.025999162493066441 0.024104314106719246 0.025721541947397532 0.024149826641014855 0.025773373054282806
0 0 0.040628641605634716 0.043768555997171027 0.46731599171231414 0.48422953211192271 0.48503781769910803 0.50328353464081788 0.47126036238861885 0.48269564766294515 0.48928838279111514 0.50162676772141979
1 0 0.017925344849083539 0.019395532202120421 0.49430269976518393 0.50233231949182455 0.51417395397836518 0.52286781834165819 0.49607211204432022 0.5015541145122393 0.51608876411922433 0.5220247397043396
10 0 0.010046233667721727 0.010893963912137842 0.50772217080276172 0.51238100312868162 0.52870991723735172 0.53376379227459703 0.50872216670288306 0.51192988251199578 0.52979438397625145 0.53327425146743201
2 0 0.019155172671402654 0.020487094292814589 0.42274972294350888 0.43043744564490882 0.43720032809263021 0.44542771744010212 0.42459335120684627 0.42976309989928607 0.43917244382621146 0.44470562414403231
3 0 0.0075292273883616288 0.0080684210507723231 0.43475903810742728 0.43807634245246485 0.4500571746290597 0.45361299715611159 0.43549952386657581 0.43775961647874612 0.45085073665957559 0.4532734157341145
11 0 0.0039937146977514345 0.0042835195968888729 0.44024261231442141 0.44207736001878811 0.45593605544830895 0.45790423447405026 0.44063934153012452 0.44190119879038964 0.45636158708783836 0.457715236605856
16 0 0.011052129126968513 0.011776284817021754 0.39949132566246931 0.40382481258609326 0.41237139219205388 0.41699043254192458 0.4005141606280006 0.40344754293661272 0.41346133514611699 0.41658817441995216
4 0 0.0041196538507456892 0.0043943481023188975 0.40621390044761635 0.40801479929685563 0.41953833077371594 0.42145959108524733 0.40661834999212576 0.40784407102448272 0.41996976268507175 0.42127742836260684
12 0 0.00212938706379605 0.0022724592408375228 0.40917571367891492 0.41014978520627748 0.4226983904175472 0.42373799098798604 0.40938704712038393 0.41005662288909434 0.42292392706969378 0.42363855425584129
0 0 0.023072970591879224 0.025501486776942223 0.62424183791202859 0.6339102948546379 0.6562719872189493 0.66696658444151591 0.62648526642999725 0.6330282161244557 0.65875200227287345 0.66599018307126256
1 0 0.010395752105258765 0.011519253433461588 0.63972928065139345 0.64440070182318854 0.67341135970202648 0.67858962677451551 0.64075615664116325 0.64394667536634664 0.67454930955201076 0.67808616401715394
18 0 0.0058879102119559854 0.0065326449831623673 0.64755291503584134 0.65004280709425066 0.68208610426033345 0.68484920972098173 0.64813922444094452 0.65002306177320002 0.68273664681347357 0.68482729330691339
2 0 0.010512534426137449 0.01157164010948819 0.59936171278633865 0.603593178730081 0.62882925814715251 0.63348864862241017 0.60037422289863296 0.60322101346587975 0.62994386812961334 0.63307871682982109
3 0 0.0041701190483355924 0.0045952359370894039 0.60598277916999022 0.60782242491535954 0.63612133717046171 0.63814882912210136 0.60639301883491759 0.60764657960819402 0.63657341335912543 0.63795500178478881
11 0 0.002221247444421036 0.0024489126474461008 0.60902627490336114 0.6100474529582246 0.63947593571638894 0.64060187309168537 0.60924696358850938 0.60994934339286311 0.63971924814208048 0.64049369058866379
16 0 0.0059595995782483202 0.0065464153264207514 0.58670922200295528 0.58904977653547674 0.61491650721883317 0.61748801913591322 0.58726097437276392 0.58884570547794168 0.6155226156390462 0.61726377183145864
4 0 0.0022327297230439851 0.0024540382762810883 0.59034342281563013 0.59132012121570643 0.61890974110117036 0.61998333596420985 0.59056265594134039 0.59122747145851773 0.61915070898213875 0.6198814872136198
12 0 0.001156652710556856 0.0012716353129906027 0.59195043647023915 0.59247973333980197 0.62067627491957011 0.62125821433052864 0.59206523896500307 0.59242909335683347 0.6208024910940364 0.6212025356368277
13 0 0.00013546995251090266 0.00013551916299547884 0.0023224294725983363 0.0024028744789982293 0.002322851252768654 0.0024033259875608781 0.0023302234879423551 0.0023856158695150023 0.0023306481040893581 0.0023860609148626906
17 0 0.00011394596967359414 0.00012635594246893333 0.64432070628402072 0.64440070182318854 0.67850091825461567 0.67858962677451551 0.6443276432868531 0.6443817582293041 0.67850861077795732 0.67856861977038085
19 0 0.00014073162310523912 0.00014197334985510679 0.056055687632574597 0.056129901606602084 0.05630244444917365 0.056377313676599372 0.056056276324707548 0.056112429694976262 0.056303038335580299 0.056359687422635162
21 0 0.00011804720224034713 0.00012810417965746437 0.51231626186833246 0.51238100312868162 0.53369353504171024 0.53376379227459703 0.51232344893750925 0.51237954102231842 0.53370133441452483 0.53376220558820686
6 1 0.000135244795728795 0.000135244795728795 0 8.3614746299365272e-05 0 8.3615292926220164e-05 8.1314244736382935e-06 6.5243679077155739e-05 8.1314296431758346e-06 6.5244011891020992e-05
7 0 0.00011709348036415766 0.00012996693160091097 0.64996100421400516 0.65004280709425066 0.68475841268474269 0.68484920972098173 0.6499681239614733 0.65002306177320002 0.68476631519367803 0.68482729330691339
21 0 0.0015944819680236344 0.001769550896398612 0.64916841691036653 0.65004280709425066 0.68387874444968344 0.68484920972098173 0.64926549278704138 0.65002306177320002 0.68398647980295013 0.68482729330691339
9 0 0.00072167830125645035 0.00080077471957127732 0.64809570863778376 0.64855555376871055 0.68268836147650602 0.68319862526206321 0.64813922444094452 0.64845212170465383 0.68273664681347357 0.68308384925976318
15 0 0.00041015092366202335 0.00045506304908648262 0.64755291503584134 0.64780024431660621 0.68208610426033345 0.68236052204823516 0.64757654724310898 0.64774653902267276 0.68211232427985657 0.68230093378225354
0 0 0.00099809647964017 0.0011076842232519888 0.64916841691036653 0.64958719797152775 0.68387874444968344 0.68434352233937201 0.64926549278704138 0.6495489466123443 0.68398647980295013 0.6843010683105657
1 0 0.00045156724972486773 0.00050120329066847256 0.64983976457162052 0.65004280709425066 0.68462384509906959 0.68484920972098173 0.64988437579961356 0.65002306177320002 0.68467336015235714 0.68482729330691339
-1
8 0 5.4541410993887854e-05 6.0536987092917635e-05 0.64988108898618702 0.64991562805522674 0.68466971202825799 0.68470804798413321 0.64988437579961356 0.64990789639549362 0.68467336015235714 0.68469946636253465
14 0 3.1456105460658264e-05 3.4913744471288134e-05 0.64983976457162052 0.64985866974505591 0.68462384509906959 0.68464482835216711 0.64984157643814755 0.64985457542421288 0.68462585612533788 0.68464028397305232
7 0 0.002693655017409367 0.0029861379466226477 0.64251935653516035 0.64440070182318854 0.67650367786069499 0.67858962677451551 0.64268313784159992 0.64394667536634664 0.67668524534612662 0.67808616401715394
8 0 0.0012553051881205464 0.0013911877480989997 0.6406805093097605 0.64147536337504418 0.67446547312969396 0.67534642510542975 0.64075615664116325 0.64129744792638921 0.67454930955201076 0.67514922799457688
14 0 0.00072416649959695109 0.00080242943006117104 0.63972928065139345 0.64016448062651932 0.67341135970202648 0.67389361036777196 0.63977099229054313 0.64007023303485211 0.67345757940668116 0.67378917047381348
0 0 0.0016861448697182879 0.0018692301524979131 0.64251935653516035 0.64322284754749726 0.67650367786069499 0.67728360062601023 0.64268313784159992 0.64315891958886351 0.67668524534612662 0.67721272339437777
1 0 0.00074920424710724228 0.00083070818974348383 0.6436433080010302 0.64397926638327097 0.67774978571966848 0.67812230242644933 0.64371727918771593 0.64394667536634664 0.67783180453501601 0.67808616401715394
10 0 0.00042137299058546445 0.00046725626744017709 0.64420517491958207 0.64440070182318854 0.67837280546901146 0.67858962677451551 0.64424712364074055 0.6443817582293041 0.67841932214427547 0.67856861977038085
9 0 5.1622463910083188e-05 5.724399663103617e-05 0.64424401096664619 0.6442768974591172 0.67841587050834928 0.67845233834073937 0.64424712364074055 0.64426950154123352 0.67841932214427547 0.67844413698998607
15 0 2.9352777993101175e-05 3.2549000032015179e-05 0.64420517491958207 0.64422287328281547 0.67837280546901146 0.67839243103443481 0.64420686615950296 0.64421903057705221 0.67837468086819608 0.67838816988562711
5 1 0.0059858572875034323 0.0059920723431476502 0.0066348087966319191 0.010602716562959857 0.0066382523307640939 0.0106115132004303 0.0069970730782550981 0.0096825817707574327 0.0070009030246482966 0.0096899173340568388
6 1 0.0031067589053890288 0.0031078874548597923 0.0023224294725983363 0.004243669301031594 0.002322851252768654 0.0042450777768927583 0.0025092241450310748 0.003821467328065683 0.0025097165090965934 0.0038226094495565563
19 1 0.0019438817982688761 0.0019438817982688761 0 0.0010251669500327409 0 0.0010252491262654484 8.1314244736382935e-06 0.00078380275508345724 8.1314296431758346e-06 0.00078385079059394643
20 1 0.001053651296388125 0.001053651296388125 0 0.00036006187112957999 0 0.00036007200764553993 8.1314244736382935e-06 0.00032008991743749746 8.1314296431758346e-06 0.00032009792825950765
4 1 0.00043395243843131088 0.00043399399698564717 0.00061239958431547059 0.00080171757315150582 0.0006124289076121503 0.00080176782965324378 0.00065498375849590306 0.00078380275508345724 0.00065501730177569724 0.00078385079059394643
12 1 0.00022281639842512398 0.00022284857308261749 0.00092335250586306206 0.0010251669500327409 0.00092341916944449487 0.0010252491262654484 0.00094546093486226623 0.0010154388025454182 0.00094553082912157108 0.0010155194265217403
5 1 0.00026027828895626155 0.00026028592518573664 0.00018762005216865774 0.00036006187112957999 0.00018762280441375623 0.00036007200764553993 0.00020337133920710678 0.00032008991743749746 0.00020337457297317041 0.00032009792825950765
-1
2 0 0.001944735148356358 0.001945441585462504 0.0023224294725983363 0.003096357907962366 0.002322851252768654 0.0030971076807670972 0.0025092241450310748 0.0030289927682976689 0.0025097165090965934 0.0030297102677251109
3 0 0.00074452916927370341 0.00074493980956740879 0.0035257216417859949 0.003852572304184787 0.0035266938023499339 0.003853733096848444 0.0035988856825971268 0.003821467328065683 0.0035998986151889265 0.0038226094495565563
11 0 0.00039024111816280142 0.00039048927462623413 0.0040647447354676958 0.004243669301031594 0.0040660369267875307 0.0042450777768927583 0.0041034940083697225 0.0042265208735368324 0.0041048109580712 0.004227917987380779
5 0 0.00043431358122166349 0.00043450427637244592 0.0028069910871997283 0.003096357907962366 0.0028076072558713694 0.0030971076807670972 0.0028332879464454536 0.0030289927682976689 0.0028339157154472954 0.0030297102677251109
6 0 0.0002229492478438358 0.00022303628364722661 0.002495816078142532 0.0026340271676452698 0.0024963031938503022 0.0026345697331413565 0.0025092241450310748 0.0026035965597757003 0.0025097165090965934 0.0026041266600346745
5 0 0.010151322873394569 0.010259105158991607 0.067364467988467402 0.074133990996072152 0.067721146883329197 0.074566187793922767 0.06797916138829016 0.072556947009388001 0.068342396842717326 0.07297089990644362
6 0 0.0052010019120587447 0.0052502252304762465 0.060098310154064805 0.063323906332078961 0.060382031626852628 0.063638980745739704 0.060411109056447199 0.062613473777131792 0.060697798679266057 0.062921500997504029
13 0 0.0031568741617462592 0.0031847284182831004 0.056055687632574597 0.057930775547809343 0.05630244444917365 0.05819435553301755 0.056237316985252486 0.057528416870240302 0.05648567899763321 0.057788339962714555
16 0 0.0019645311059548476 0.0019818648830778329 0.056055687632574597 0.056822732991705482 0.05630244444917365 0.057076304343998685 0.056237316985252486 0.056756211040086241 0.05648567899763321 0.057009187710101231
4 0 0.0007227769932772525 0.00072929029269449088 0.057242860380756266 0.057558271258951188 0.057500203721182364 0.057818464805831637 0.057313791692298791 0.057528416870240302 0.057571774628401837 0.057788339962714555
12 0 0.00037146004489114364 0.00037483796083944923 0.057761013615204415 0.057930775547809343 0.058023047566105102 0.05819435553301755 0.057797872073167396 0.057914552938140774 0.058060241308494499 0.058177984985448308
5 0 0.00043296244264036117 0.00043681556707376805 0.056535809257148018 0.056822732991705482 0.056786820625276069 0.057076304343998685 0.056562011503180826 0.056756211040086241 0.056813256111091726 0.057009187710101231
6 0 0.00022484853799120685 0.00022683844815674092 0.056223798083897047 0.056362827428746709 0.056472040439485172 0.056612301725779579 0.056237316985252486 0.056332278203956539 0.05648567899763321 0.056581481541221355
17 0 0.0027146955967151582 0.0029450897605666948 0.510475634010922 0.51238100312868162 0.53169639513473488 0.53376379227459703 0.51064090042511989 0.51192988251199578 0.53187568999765089 0.53327425146743201
9 0 0.0012304659712705356 0.0013344974178861914 0.50864797415358631 0.5094317713123897 0.52971391822921521 0.53056403685609865 0.50872216670288306 0.50925551546928582 0.52979438397625145 0.53037285756159647
15 0 0.00069981909876505187 0.00075887185776560111 0.50772217080276172 0.50814410584810221 0.52870991723735172 0.52916747209997728 0.50776249256463646 0.50805249840326361 0.52875364160962057 0.5290681284696882
0 0 0.001699315622700042 0.0018435352554594456 0.510475634010922 0.51118843243688583 0.53169639513473488 0.53246973311419254 0.51064090042511989 0.51112334219740763 0.53187568999765089 0.53239911089105896
1 0 0.00076812764104329111 0.00083347313714025547 0.5116181274685192 0.51196346112926372 0.53293596647709351 0.53331068860594488 0.51169401006120452 0.51192988251199578 0.53301830499750069 0.53327425146743201
18 0 0.00043576290214447069 0.00047287831189654883 0.51219667870227337 0.51238100312868162 0.53356376530641869 0.53376379227459703 0.51224007399402127 0.51237954102231842 0.53361085688932608 0.53376220558820686
9 0 5.3417322422017389e-05 5.7967436954503094e-05 0.51223685301830235 0.51227089156290617 0.53360736154835009 0.53364429961579785 0.51224007399402127 0.51226323505389026 0.53361085688932608 0.533635990880585
15 0 3.0355177028561437e-05 3.2940630787859141e-05 0.51219667870227337 0.51221498396065002 0.53356376530641869 0.5335836297155796 0.51219842772091451 0.51221100906038841 0.53356566329520161 0.53357931624806643
6 0 1 1 0 0.6124218519345348 0 0.6278294815333868 0.060068184569548322 0.47885749041851455 0.060213121511623058 0.48822600283905837
2 1 0.62596912329922016 0.62596912329922016 0 0.24813442841763619 0 0.25062648231324947 0.060068184569548322 0.22661337819054034 0.060213121511623058 0.22869009049902844
3 1 0.23674145100731792 0.24421801436918505 0.3849582295985321 0.4887170294206773 0.39098968828928882 0.49847923593078947 0.4082139430262462 0.47885749041851455 0.41500257192030138 0.48822600283905837
11 1 0.12341329659375339 0.12910085332645427 0.55588816527160745 0.6124218519345348 0.56855306867148947 0.6278294815333868 0.56814018388733867 0.60700798517495758 0.58137616615756071 0.62214104340053922
5 1 0.13910980188390412 0.14086077690261684 0.15558667251317851 0.24813442841763619 0.15656279519572353 0.25062648231324947 0.16400838210680366 0.22661337819054034 0.16509340578783815 0.22869009049902844
6 1 0.071636240706975829 0.071957450584585247 0.055760306995570511 0.10013800174538881 0.055885179047563072 0.10054144969193513 0.060068184569548322 0.090372497631090579 0.060213121511623058 0.090700964549602747
13 1 0.043604913265107292 0.043604913265107292 0 0.025882956042087027 0 0.025909829396126238 0.0025086292872754518 0.020331830721529581 0.0025088814959862392 0.020348409418673843
7 0 0.059531071497435542 0.061725224721857069 0.4475512736981303 0.4887170294206773 0.45572440602849834 0.49847923593078947 0.45116776164872124 0.47885749041851455 0.45947474130583399 0.48822600283905837
8 0 0.028294886390073687 0.029239743133920519 0.40650952782031352 0.42434938882911383 0.41324111854093892 0.43169011683537351 0.4082139430262462 0.42036943906788904 0.41500257192030138 0.42757194765743256
14 0 0.016491373221447655 0.017012189480238523 0.3849582295985321 0.39484570989233414 0.39098968828928882 0.40119353266046115 0.3859079103283698 0.3927084051500026 0.39196939888085147 0.39898714582869332
17 0 0.032867417677155279 0.034476962092514093 0.58946817668799967 0.6124218519345348 0.60372904197544064 0.6278294815333868 0.59146822406594068 0.60700798517495758 0.60582720554316427 0.62214104340053922
9 0 0.015041810406029366 0.015749662293191413 0.56723339615758861 0.57679510137561207 0.58042667064005382 0.5904422665403114 0.56814018388733867 0.57464836697736532 0.58137616615756071 0.58819294354165363
15 0 0.0085969513406162646 0.0089931456715964739 0.55588816527160745 0.56106565201067293 0.56855306867148947 0.57397031173326996 0.55638344639907533 0.55994253708368791 0.56907118556763403 0.57279499289131564
0 0 0.087078440727595713 0.088174497024978135 0.15558667251317851 0.19125287216570552 0.15656279519572353 0.19272994053812834 0.16400838210680366 0.18806578362449111 0.16509340578783815 0.18949384986569107
1 0 0.036486883267331238 0.03711466893810509 0.21195351473384055 0.2281748078769541 0.21376915206159983 0.23028036999127072 0.21554913357189062 0.22661337819054034 0.21742716794233419 0.22869009049902844
10 0 0.019940723970957919 0.020328117171252394 0.23892711048587953 0.24813442841763619 0.24123679373222826 0.25062648231324947 0.24091014971077673 0.24724635475973084 0.24325852014220098 0.24972051351171576
2 0 0.044842074791796804 0.045043142257279456 0.055760306995570511 0.073618240096439691 0.055885179047563072 0.073836059914126992 0.060068184569548322 0.072062832608106683 0.060213121511623058 0.072271532410626144
3 0 0.017205053666363827 0.017320822082925003 0.083536381291697714 0.09109169797685876 0.083816957599854067 0.091425423346789547 0.085227214885661179 0.090372497631090579 0.085519284111008065 0.090700964549602747
11 0 0.0090267793114734759 0.0090966319311923463 0.095998573012591903 0.10013800174538881 0.09636929376624305 0.10054144969193513 0.096894925138447843 0.099741213671588669 0.097272614774132016 0.10014146430845292
16 1 0.027135452378161062 0.027135452378161062 0 0.010592103602310929 0 0.010596601320707222 0.0025086292872754518 0.00967373015966266 0.0025088814959862392 0.0096774816149059438
4 1 0.0099751719028335073 0.0099882888543441489 0.016391210635145287 0.020743769453754973 0.016401983987406193 0.02076102703619237 0.017370121714953512 0.020331830721529581 0.017382220773238068 0.020348409418673843
12 1 0.00512472052131515 0.0051344029437037347 0.023541033580792056 0.025882956042087027 0.023563261785139455 0.025909829396126238 0.024049532017607112 0.025659171793365507 0.024072731347710759 0.025685582224722767
0 0 0.037264612634312938 0.038638084804588246 0.4475512736981303 0.46304067196742038 0.45572440602849834 0.47179485835177898 0.45116776164872124 0.46163789514749332 0.45947474130583399 0.47033862211061805
1 0 0.016361117407562315 0.016998379130376311 0.47224318942893828 0.47956680761444903 0.48135221932538386 0.48896336749469216 0.47385793873232285 0.47885749041851455 0.48302997339486214 0.48822600283905837
10 0 0.0091473859938422594 0.0095131793510656627 0.48447680934364645 0.4887170294206773 0.49406869011505983 0.49847923593078947 0.48538725240248742 0.48830659928553782 0.49501557596557821 0.49805225236903578
2 0 0.01771172522744547 0.018303176375034633 0.40650952782031352 0.41361297600502112 0.41324111854093892 0.42058389831825715 0.4082139430262462 0.41299027805453181 0.41500257192030138 0.41994005025918074
3 0 0.0069466886916303202 0.0071851526176252541 0.41760177021519285 0.42066149234089434 0.42470894813689725 0.4278740982046737 0.41828491843975146 0.42036943906788904 0.42541556694978383 0.42757194765743256
11 0 0.0036810543026715948 0.0038089862655044889 0.42265856151973036 0.42434938882911383 0.42994040564280211 0.43169011683537351 0.42302421839159715 0.42418707038022369 0.43031877625301668 0.43152213510130294
16 0 0.010262624993210824 0.010586730322861976 0.3849582295985321 0.38898056842864703 0.39098968828928882 0.39513973654103851 0.3859079103283698 0.38863051317802844 0.39196939888085147 0.39477851303270156
4 0 0.0038206888039409139 0.0039433527355648441 0.39119676101541662 0.39286669416829578 0.39742687405668914 0.39915053790804533 0.39157184567690961 0.3927084051500026 0.39781400679314322 0.39898714582869332
12 0 0.001973792326302595 0.0020376168697632466 0.39394289397694798 0.39484570989233414 0.40026148903185138 0.40119353266046115 0.39413878147521592 0.39475936953668511 0.40046371236058947 0.40110439416363519
0 0 0.020573988628478194 0.021581513735071507 0.58946817668799967 0.59808203273878724 0.60372904197544064 0.61276792111483669 0.59146822406594068 0.59729678370869277 0.60582720554316427 0.61194366165698055
1 0 0.0092442416874251657 0.0097079261426193091 0.60325914921918788 0.60741140068725741 0.61820356239533714 0.62256483143231478 0.60417219727488891 0.60700798517495758 0.61916244423153721 0.62214104340053922
18 0 0.0052284287182863196 0.0054938193320218567 0.61021133295649765 0.6124218519345348 0.62550654756005997 0.6278294815333868 0.6107319449861045 0.61240432595073901 0.62605359711403286 0.62781106261400488
2 0 0.0094157088726952928 0.0098588022979278177 0.56723339615758861 0.57102193824337333 0.58042667064005382 0.58439411388735596 0.56814018388733867 0.57068884392288288 0.58137616615756071 0.5840452408764164
3 0 0.0037306100361566476 0.0039080679095324358 0.57316014383384462 0.57480562984701356 0.58663383334832542 0.58835770827653999 0.57352713289980917 0.57464836697736532 0.5870182851580289 0.58819294354165363
11 0 0.0019860587309156142 0.0020809963068614571 0.57588213035731428 0.57679510137561207 0.5894856178574881 0.5904422665403114 0.57607944833185021 0.57670739502332302 0.58969236969889161 0.59035036109635042
16 0 0.0053499054632323035 0.0055964582389585876 0.55588816527160745 0.55798883021327939 0.56855306867148947 0.57075073290294431 0.55638344639907533 0.55780570996503398 0.56907118556763403 0.57055914192524171
4 0 0.0020030075790904932 0.0020958773365170645 0.55914950960420717 0.56002564040763003 0.57196516959476562 0.57288195526363406 0.55934618230983624 0.55994253708368791 0.57217096271998213 0.57279499289131564
12 0 0.001037348037506321 0.001085573122089853 0.56059097274327108 0.56106565201067293 0.57347355552141721 0.57397031173326996 0.56069393270524603 0.56102023946106172 0.57358130242513361 0.57392278624681781
13 0 0.00013541050833509871 0.00013543571029117629 0.0023219198755011217 0.0024023289714732443 0.0023221359374625411 0.0024025602579355321 0.0023297104650932855 0.0023850781691706906 0.0023299279794327978 0.0023853061457274321
17 0 0.00010124160618680316 0.00010635545759806454 0.60734032472743327 0.60741140068725741 0.62249016511099287 0.62256483143231478 0.6073464882879076 0.60739456941379488 0.62249664000294025 0.62254714989729742
19 0 0.00013925238442880072 0.00013987677840532342 0.055760306995570511 0.055833740389641312 0.055885179047563072 0.055958941927314515 0.055760889499891962 0.055816452339177952 0.055885764163790437 0.055941576268555268
21 0 0.00010739638739940761 0.00011172922393777563 0.48865812978755868 0.4887170294206773 0.49841795988323834 0.49847923593078947 0.48866466839881673 0.48871569924828473 0.49842476229228044 0.49847785208688
6 1 0.000135244795728795 0.000135244795728795 0 8.3614085606725785e-05 0 8.3614365765205534e-05 8.1314182251218323e-06 6.5243276813015827e-05 8.1314208746898972e-06 6.524344738830396e-05
7 0 0.00010393372278441267 0.00010922849418596761 0.61234924314426964 0.6124218519345348 0.62775317355298099 0.6278294815333868 0.61235556272233904 0.61240432595073901 0.62775981507564671 0.62781106261400488
21 0 0.0014154830593840237 0.0014875070582360816 0.61164568251693596 0.6124218519345348 0.62701379229368559 0.6278294815333868 0.61173185976696021 0.61240432595073901 0.62710435481975946 0.62781106261400488
9 0 0.00064078402592303405 0.00067333634139873379 0.61069330710071723 0.61110159060942071 0.62601299633026575 0.62644202814688388 0.6107319449861045 0.61100975911451194 0.62605359711403286 0.62634552866945004
15 0 0.00036421154380915583 0.00038269861331878102 0.61021133295649765 0.61043095502729983 0.62550654756005997 0.62573731954304856 0.61023231816970203 0.61038326692316514 0.62552859798392157 0.62568721002518668
0 0 0.00088604868972751573 0.00093113348914544247 0.61164568251693596 0.61201743673367082 0.62701379229368559 0.6274044684396316 0.61173185976696021 0.61198348194535157 0.62710435481975946 0.6273687848903442
1 0 0.00040082572009340217 0.00042124155242721702 0.61224162807157823 0.6124218519345348 0.62764007666718113 0.6278294815333868 0.6122812262855164 0.61240432595073901 0.62768169186154243 0.62781106261400488
-1
8 0 4.8412367109716348e-05 5.0878377097603099e-05 0.6122783088257594 0.61230896650251465 0.62767862579300793 0.62771084513894115 0.6122812262855164 0.61230210371884009 0.62768169186154243 0.62770363276537555
14 0 2.7921458277331752e-05 2.9343622031126741e-05 0.61224162807157823 0.61225840888773719 0.62764007666718113 0.62765771221691846 0.61224323634274658 0.61225477464682432 0.6276417668548474 0.62765389286329565
7 0 0.002394095202293803 0.0025146935368340053 0.60573955894052633 0.60741140068725741 0.62080865301735233 0.62256483143231478 0.60588512409867024 0.60700798517495758 0.62096155167834843 0.62214104340053922
8 0 0.0011160690769314204 0.0011721317124133359 0.60410494105780577 0.60481158134320112 0.61909180938978337 0.61983396732735163 0.60417219727488891 0.60465341984167831 0.61916244423153721 0.61966785245936773
14 0 0.00064395246023849482 0.00067625264837645584 0.60325914921918788 0.60364612821722996 0.61820356239533714 0.61860995843726607 0.60329624043070407 0.60356232598247528 0.61824251413443787 0.61852195024898526
0 0 0.0014986296748747217 0.0015741205086181982 0.60573955894052633 0.60636477593905991 0.62080865301735233 0.62146538108528926 0.60588512409867024 0.60630796416970567 0.62096155167834843 0.6214057045976219
1 0 0.00066575234005026565 0.00069934581931449871 0.60673841639427872 0.60703694431417921 0.62185786919946129 0.62217146451101746 0.60680414769026658 0.60700798517495758 0.62192691744515494 0.62214104340053922
10 0 0.00037439987183060834 0.00039330800282020705 0.60723767343307311 0.60741140068725741 0.62238232921459613 0.62256483143231478 0.60727494572505425 0.60739456941379488 0.62242148391058805 0.62254714989729742
9 0 4.5867463220209132e-05 4.818402153754992e-05 0.60727218006037753 0.60730140019926204 0.62241857856435501 0.62244927451726362 0.60727494572505425 0.6072948288308736 0.62242148391058805 0.622442371244044
15 0 2.6080637734326777e-05 2.739777524338029e-05 0.60723767343307311 0.60725339882275797 0.62238232921459613 0.62239884878650442 0.60723917613953127 0.60724998449736578 0.62238390781159059 0.62239526202500062
5 1 0.0059783581097960867 0.0059815363351015359 0.0066306513968431985 0.010592103602310929 0.00663241366196754 0.010596601320707222 0.0069924494498052273 0.00967373015966266 0.0069944093042766872 0.0096774816149059438
6 1 0.0031053956591513554 0.0031059736197427412 0.0023219198755011217 0.0042419681372915102 0.0023221359374625411 0.0042426893312494385 0.0025086292872754518 0.0038200877678097943 0.0025088814959862392 0.003820672634131838
19 1 0.0019438817982688761 0.0019438817982688761 0 0.0010250676420171939 0 0.0010251097501839668 8.1314182251218323e-06 0.00078374470289638049 8.1314208746898972e-06 0.00078376931826379696
20 1 0.001053651296388125 0.001053651296388125 0 0.00036004961998473139 0 0.00036005481485162916 8.1314182251218323e-06 0.00032008023537156993 8.1314208746898972e-06 0.00032008434087795964
4 1 0.00043390221498634601 0.00043392351064360456 0.00061236414528564875 0.00080165683702568269 0.00061237917233147865 0.00080168259041532575 0.00065494321965148879 0.00078374470289638049 0.00065496040910795303 0.00078376931826379696
12 1 0.00022277751853584253 0.00022279400389995467 0.00092327194310014293 0.0010250676420171939 0.00092330610317314932 0.0010251097501839668 0.00094537646815614899 0.0010153413702309925 0.00094541228352878126 0.0010153826830927787
5 1 0.00026026905956997898 0.00026027297313392205 0.00018761672566522392 0.00036004961998473139 0.0001876181362195084 0.00036005481485162916 0.00020336743072314669 0.00032008023537156993 0.00020336908805620502 0.00032008434087795964
-1
2 0 0.0019438817982688761 0.0019442435837362382 0.0023219198755011217 0.0030954521494336584 0.0023221359374625411 0.0030958361620645747 0.0025086292872754518 0.0030281259873454775 0.0025088814959862392 0.0030284934760784659
3 0 0.00074403328548778268 0.0007442434992603142 0.0035245473161309854 0.00385117019868568 0.0035250451809959726 0.0038517646220860846 0.0035976621216485122 0.0038200877678097943 0.0035981808581493115 0.003820672634131838
11 0 0.00038994148953548548 0.00039006850173959728 0.0040631839725210894 0.0042419681372915102 0.0040638456511942755 0.0042426893312494385 0.0041019033518523672 0.0042248334278973329 0.0041025777023530451 0.0042255488068502576
5 0 0.00043408325740719445 0.00043418090141213823 0.0028062466911461248 0.0030954521494336584 0.0028065622962212822 0.0030958361620645747 0.0028325295394261993 0.0030281259873454775 0.0028328510843357883 0.0030284934760784659
6 0 0.00022284411651805652 0.00022288868726509778 0.002495227559914312 0.0026333716723307976 0.0024954770809645643 0.0026336495883599043 0.0025086292872754518 0.0026029561208530537 0.0025088814959862392 0.0026032276537429353
5 0 0.010023299595624605 0.010077289084778293 0.066938337129058181 0.073618240096439691 0.067118373308174814 0.073836059914126992 0.067545243299271543 0.072062832608106683 0.067728563396854416 0.072271532410626144
6 0 0.0051424246744685397 0.0051671422731221078 0.059758917712411 0.062947218644282057 0.05990236427073381 0.063106400440079452 0.060068184569548322 0.062245166235058554 0.060213121511623058 0.062400812722002666
13 0 0.0031236920626653841 0.0031376983915194501 0.055760306995570511 0.057615358766696143 0.055885179047563072 0.057748687524976444 0.055940024162472395 0.057217354569847431 0.056065703351602852 0.057348845530939434
16 0 0.0019438817982688761 0.001952597973598813 0.055760306995570511 0.056519235171304069 0.055885179047563072 0.056647533419400792 0.055940024162472395 0.056453421515734466 0.056065703351602852 0.056581420806428688
4 0 0.00071502024108702482 0.00071829408796078597 0.05693487021879777 0.057246886896794025 0.057065064555550049 0.05737851378527617 0.057005039836563673 0.057217354569847431 0.057135555656008627 0.057348845530939434
12 0 0.00036743779095704733 0.00036913536838563648 0.057447437734228293 0.057615358766696143 0.057579989552776489 0.057748687524976444 0.057483896954112976 0.057599312306737593 0.057616617269365657 0.057732566722662228
5 0 0.00042837287934012079 0.00043031008100713854 0.056235360591546713 0.056519235171304069 0.056362371841674697 0.056647533419400792 0.056261285020151902 0.056453421515734466 0.05638841353368252 0.056581420806428688
6 0 0.00022247810947428892 0.0002234786654187193 0.055926647798896889 0.05606420965208056 0.056052266822979813 0.056190448099688373 0.055940024162472395 0.05603398319070186 0.056065703351602852 0.056160085401510927
17 0 0.0024705817639883582 0.0025699039019373392 0.4869832948020954 0.4887170294206773 0.49667567405088175 0.49847923593078947 0.48713369770779341 0.48830659928553782 0.49683212440431002 0.49805225236903578
9 0 0.0011201877723320609 0.0011650630434669701 0.48531970967275384 0.48603321006005662 0.49494532724708529 0.49568743244833474 0.48538725240248742 0.48587277094363213 0.49501557596557821 0.49552055742484225
15 0 0.00063720550745645539 0.00066268661670128726 0.48447680934364645 0.48486097877548262 0.49406869011505983 0.4944682283094094 0.48451352333925213 0.48477757320829196 0.494106872318057 0.49438148502237073
0 0 0.0015465079008428343 0.0016086804924589622 0.4869832948020954 0.48763195450369246 0.49667567405088175 0.49735042900802756 0.48713369770779341 0.48757272464498741 0.49683212440431002 0.49728881487743798
1 0 0.00069891124472585631 0.00072707060632176202 0.48802294462869877 0.48833715030585939 0.49775716575266687 0.49808403507653287 0.48809198892771871 0.48830659928553782 0.4978289920716632 0.49805225236903578
18 0 0.00039645471872152074 0.00041244575523959265 0.48854933484606522 0.4887170294206773 0.49830477618475966 0.49847923593078947 0.48858881549208522 0.48871569924828473 0.49834584935244453 0.49847785208688
9 0 4.8598437485848849e-05 5.0558810865059443e-05 0.48858588508796597 0.48861685285144862 0.49834280074073944 0.49837501772876563 0.48858881549208522 0.48860988708956815 0.49834584935244453 0.49836777096432366
15 0 2.7616974991162622e-05 2.8730908146067425e-05 0.48854933484606522 0.48856598884311436 0.49830477618475966 0.49832210193406196 0.4885509260934629 0.48856237251110984 0.49830643161537114 0.49831833973241713
7 0 1 1 0 0.68484920972098173 0 0.7012938446126995 0.060697798679266057 0.5220247397043396 0.060824207870342817 0.53152518991887376
0 1 0.62596912329922016 0.62596912329922016 0 0.25924280897325724 0 0.26156455580309834 0.060697798679266057 0.23584259380671252 0.060824207870342817 0.23776256614455554
1 1 0.27165903040416706 0.27949596910389651 0.41237139219205388 0.53376379227459703 0.41827723670507355 0.54370039690341443 0.43917244382621146 0.5220247397043396 0.44587714683673235 0.53152518991887376
10 1 0.15101476126221894 0.15758047013723331 0.61491650721883317 0.68484920972098173 0.62814173158892384 0.7012938446126995 0.62994386812961334 0.67808616401715394 0.64383068713937386 0.6942037914959247
5 1 0.14689732797026053 0.14851895601216314 0.15988233224040804 0.25924280897325724 0.16076239611671195 0.26156455580309834 0.16878880919157496 0.23584259380671252 0.16976995540803069 0.23776256614455554
6 1 0.073035999381940719 0.073318409804107532 0.05630244444917365 0.10190010171198471 0.056411192575123892 0.10225687834097363 0.060697798679266057 0.091805215388270078 0.060824207870342817 0.092094703850403331
13 1 0.043604913265107292 0.043604913265107292 0 0.025999162493066441 0 0.026022327623417274 0.0025097165090965934 0.020403467735581046 0.0025099321920919043 0.020417731715809972
7 0 0.069921269864694491 0.072302871150294559 0.48503781769910803 0.53376379227459703 0.49322913162592386 0.54370039690341443 0.48928838279111514 0.5220247397043396 0.49762512658876928 0.53152518991887376
8 0 0.032728601987324302 0.033730918920102326 0.43720032809263021 0.45790423447405026 0.44384449550839022 0.46519782853513636 0.43917244382621146 0.4532734157341145 0.44587714683673235 0.46041908340382709
14 0 0.01892372645478646 0.01946964640442328 0.41237139219205388 0.42373799098798604 0.41827723670507355 0.42997636249360527 0.41346133514611699 0.42127742836260684 0.41939866526114405 0.42744303315080956
17 0 0.040739208736901573 0.042633684027699029 0.6562719872189493 0.68484920972098173 0.67135774463185194 0.7012938446126995 0.65875200227287345 0.67808616401715394 0.67395331206879372 0.6942037914959247
9 0 0.018485959896071213 0.019308465814088405 0.62882925814715251 0.64060187309168537 0.64266643879580698 0.65496792685319205 0.62994386812961334 0.63795500178478881 0.64383068713937386 0.65220126396376343
15 0 0.010519665142400783 0.010977031417130134 0.61491650721883317 0.62125821433052864 0.62814173158892384 0.63476062690764246 0.6155226156390462 0.6198814872136198 0.62877420535385242 0.63332347517498011
0 0 0.091953191604542073 0.09296828068824925 0.15988233224040804 0.1977850567263828 0.16076239611671195 0.19913360745252073 0.16878880919157496 0.19437848109535799 0.16976995540803069 0.19568082506863185
1 0 0.03931196388677706 0.03991099246073173 0.22000604260189216 0.23753427186111775 0.22167591144488785 0.23948200030179323 0.22388255889963998 0.23584259380671252 0.22561202380243855 0.23776256614455554
10 0 0.021693950421405588 0.022068965443978086 0.24920932658722228 0.25924280897325724 0.2513540905239815 0.26156455580309834 0.2513674892522465 0.25827359694802282 0.253549724163527 0.26057793878587532
2 0 0.045718280502395459 0.045895060706765634 0.05630244444917365 0.074566187793922767 0.056411192575123892 0.074757051500648375 0.060697798679266057 0.07297089990644362 0.060824207870342817 0.073153674192240337
3 0 0.017712390044030697 0.017815646308212307 0.084759078410358235 0.092547493785278823 0.085005775433521169 0.092841689910842851 0.086500286536507362 0.091805215388270078 0.08675723884115899 0.092094703850403331
11 0 0.009333674183190652 0.0093963814940503931 0.097616826178788529 0.10190010171198471 0.097944191460030527 0.10225687834097363 0.098543798627770463 0.10148925508743303 0.098877421395478712 0.10184315557570106
16 1 0.027135452378161062 0.027135452378161062 0 0.0106115132004303 0 0.010615370130012014 0.0025097165090965934 0.0096899173340568388 0.0025099321920919043 0.0096931333153030298
4 1 0.010031882653693329 0.010043184529058899 0.016437738175502759 0.02081834404181615 0.016446994911254453 0.020833194207303229 0.017422381471820021 0.020403467735581046 0.01743278075576573 0.020417731715809972
12 1 0.0051666420639997169 0.0051750152303705714 0.023637123350618738 0.025999162493066441 0.023656269000877028 0.026022327623417274 0.024149826641014855 0.025773373054282806 0.024169812211207706 0.025796137400973078
0 0 0.043768555997171027 0.045259364865966378 0.48503781769910803 0.50328353464081788 0.49322913162592386 0.51210831281617009 0.48928838279111514 0.50162676772141979 0.49762512658876928 0.51039303467382469
1 0 0.019395532202120421 0.020096921313331469 0.51417395397836518 0.52286781834165819 0.52338827442545766 0.53239926025500495 0.51608876411922433 0.5220247397043396 0.52537246112749525 0.53152518991887376
10 0 0.010893963912137842 0.011299362046731811 0.52870991723735172 0.53376379227459703 0.53845752755705023 0.54370039690341443 0.52979438397625145 0.53327425146743201 0.53958239320008083 0.54319246842398761
2 0 0.020487094292814589 0.021114513744493912 0.43720032809263021 0.44542771744010212 0.44384449550839022 0.45232627518653734 0.43917244382621146 0.44470562414403231 0.44587714683673235 0.45158166055580518
3 0 0.0080684210507723231 0.0083229547658317474 0.4500571746290597 0.45361299715611159 0.45710100873012238 0.46076946007839026 0.45085073665957559 0.4532734157341145 0.45791962777794143 0.46041908340382709
11 0 0.0042835195968888729 0.0044204586469711411 0.45593605544830895 0.45790423447405026 0.46316659010068939 0.46519782853513636 0.45636158708783836 0.457715236605856 0.4636057319827197 0.46500276320426859
16 0 0.011776284817021754 0.012116012239608231 0.41237139219205388 0.41699043254192458 0.41827723670507355 0.42303029163606731 0.41346133514611699 0.41658817441995216 0.41939866526114405 0.42261630196504302
4 0 0.0043943481023188975 0.0045233697055818032 0.41953833077371594 0.42145959108524733 0.42565276609749647 0.42763056816328948 0.41996976268507175 0.42127742836260684 0.42609687185359091 0.42744303315080956
12 0 0.0022724592408375228 0.0023396941337819198 0.4226983904175472 0.42373799098798604 0.42890596476420551 0.42997636249360527 0.42292392706969378 0.42363855425584129 0.42913817615322647 0.42987397670038885
0 0 0.025501486776942223 0.026687369813834738 0.6562719872189493 0.66696658444151591 0.67135774463185194 0.68255386145102226 0.65875200227287345 0.66599018307126256 0.67395331206879372 0.68153132399359184
1 0 0.011519253433461588 0.012069414638677826 0.67341135970202648 0.67858962677451551 0.68930491521383797 0.69473148191778122 0.67454930955201076 0.67808616401715394 0.69049726126660926 0.6942037914959247
18 0 0.0065326449831623673 0.0068488089075760886 0.68208610426033345 0.68484920972098173 0.69839673101083943 0.7012938446126995 0.68273664681347357 0.68482729330691339 0.69907877377632155 0.70127086306360209
2 0 0.01157164010948819 0.012086503417897854 0.62882925814715251 0.63348864862241017 0.64266643879580698 0.64753393570617801 0.62994386812961334 0.63307871682982109 0.64383068713937386 0.64710563108152963
3 0 0.0045952359370894039 0.0048021447171431413 0.63612133717046171 0.63814882912210136 0.65028491230019014 0.6524038461039694 0.63657341335912543 0.63795500178478881 0.65075735150970149 0.65220126396376343
11 0 0.0024489126474461008 0.002559780444771963 0.63947593571638894 0.64060187309168537 0.6537909693647439 0.65496792685319205 0.63971924814208048 0.64049369058866379 0.65404529925879973 0.65485483819805124
16 0 0.0065464153264207514 0.0068310355638661058 0.61491650721883317 0.61748801913591322 0.62814173158892384 0.63082528717499597 0.6155226156390462 0.61726377183145864 0.62877420535385242 0.63059124994905191
4 0 0.0024540382762810883 0.0025614486025493017 0.61890974110117036 0.61998333596420985 0.63230916241592805 0.6334297893302423 0.61915070898213875 0.6198814872136198 0.63256067929353954 0.63332347517498011
12 0 0.0012716353129906027 0.0013274573282369244 0.62067627491957011 0.62125821433052864 0.63415312925900236 0.63476062690764246 0.6208024910940364 0.6212025356368277 0.63428488662986138 0.63470250178740284
13 0 0.00013551916299547884 0.00013554072211263701 0.002322851252768654 0.0024033259875608781 0.0023230360121894167 0.0024035237711956814 0.0023306481040893581 0.0023860609148626906 0.0023308341059632828 0.0023862558669033433
17 0 0.00012635594246893333 0.00013243796422035087 0.67850091825461567 0.67858962677451551 0.69463850320947684 0.69473148191778122 0.67850861077795732 0.67856861977038085 0.69464656600720442 0.69470946364098674
19 0 0.00014197334985510679 0.00014252232244871266 0.05630244444917365 0.056377313676599372 0.056411192575123892 0.056486351494609455 0.056303038335580299 0.056359687422635162 0.056411788757940763 0.056468657004501793
21 0 0.00012810417965746437 0.00013291752657888247 0.53369353504171024 0.53376379227459703 0.54362749966831103 0.54370039690341443 0.53370133441452483 0.53376220558820686 0.5436355920945547 0.54369875059138195
6 1 0.000135244795728795 0.000135244795728795 0 8.3615292926220164e-05 0 8.3615532313841001e-05 8.1314296431758346e-06 6.5244011891020992e-05 8.1314319071586726e-06 6.5244157642103351e-05
7 0 0.00012996693160091097 0.00013628254550454889 0.68475841268474269 0.68484920972098173 0.70119863508160241 0.7012938446126995 0.68476631519367803 0.68482729330691339 0.70120692160740361 0.70127086306360209
21 0 0.001769550896398612 0.0018554260096340805 0.68387874444968344 0.68484920972098173 0.70027624869156591 0.7012938446126995 0.68398647980295013 0.68482729330691339 0.70038921279566435 0.70127086306360209
9 0 0.00080077471957127732 0.00083956569645029719 0.68268836147650602 0.68319862526206321 0.69902814932453206 0.69956314078216253 0.68273664681347357 0.68308384925976318 0.69907877377632155 0.69944280100121203
15 0 0.00045506304908648262 0.00047708697964228206 0.68208610426033345 0.68236052204823516 0.69839673101083943 0.69868443271154179 0.68211232427985657 0.68230093378225354 0.69842422003998472 0.69862195944872718
0 0 0.0011076842232519888 0.0011614393925972171 0.68387874444968344 0.68434352233937201 0.70027624869156591 0.70076358988063903 0.68398647980295013 0.6843010683105657 0.70038921279566435 0.70071907420187618
1 0 0.00050120329066847256 0.00052555380725984285 0.68462384509906959 0.68484920972098173 0.70105752898357432 0.7012938446126995 0.68467336015235714 0.68482729330691339 0.70110944977187339 0.70127086306360209
-1
8 0 6.0536987092917635e-05 6.3478326994801412e-05 0.68466971202825799 0.68470804798413321 0.70110562439411295 0.70114582305166917 0.68467336015235714 0.68469946636253465 0.70110944977187339 0.70113682444918435
14 0 3.4913744471288134e-05 3.6609997727887885e-05 0.68462384509906959 0.68464482835216711 0.70105752898357432 0.70107953170556936 0.68462585612533788 0.68464028397305232 0.70105963771391622 0.70107476653558021
7 0 0.0029861379466226477 0.0031294346176044719 0.67650367786069499 0.67858962677451551 0.69254527411994449 0.69473148191778122 0.67668524534612662 0.67808616401715394 0.69273555574815282 0.6942037914959247
8 0 0.0013911877480989997 0.0014577387838871532 0.67446547312969396 0.67534642510542975 0.69040941405577327 0.69133253713267151 0.67454930955201076 0.67514922799457688 0.69049726126660926 0.69112589525960932
14 0 0.00080242943006117104 0.00084075357536221237 0.67341135970202648 0.67389361036777196 0.68930491521383797 0.68981020678126503 0.67345757940668116 0.67378917047381348 0.68935334245669966 0.68970077552432296
0 0 0.0018692301524979131 0.0019589294440041025 0.67650367786069499 0.67728360062601023 0.69254527411994449 0.69336264561094962 0.67668524534612662 0.67721272339437777 0.69273555574815282 0.69328836329617671
1 0 0.00083070818974348383 0.00087064768014781958 0.67774978571966848 0.67812230242644933 0.69385123636135715 0.69424166833939793 0.67783180453501601 0.67808616401715394 0.69393719879376881 0.6942037914959247
10 0 0.00046725626744017709 0.00048974279967983465 0.67837280546901146 0.67858962677451551 0.69450422444119497 0.69473148191778122 0.67841932214427547 0.67856861977038085 0.69455297979347141 0.69470946364098674
9 0 5.724399663103617e-05 5.9999023600562781e-05 0.67841587050834928 0.67845233834073937 0.69454936203750295 0.69458758503488394 0.67841932214427547 0.67844413698998607 0.69455297979347141 0.69457898895174919
15 0 3.2549000032015179e-05 3.4115408424134283e-05 0.67837280546901146 0.67839243103443481 0.69450422444119497 0.6945247944937285 0.67837468086819608 0.67838816988562711 0.69450619009338965 0.69452032827325827
5 1 0.0059920723431476502 0.0059947971651450223 0.0066382523307640939 0.0106115132004303 0.0066397614914579517 0.010615370130012014 0.0070009030246482966 0.0096899173340568388 0.0070025816025058923 0.0096931333153030298
6 1 0.0031078874548597923 0.0031083818768422589 0.002322851252768654 0.0042450777768927583 0.0023230360121894167 0.0042456948884530554 0.0025097165090965934 0.0038226094495565563 0.0025099321920919043 0.0038231098364825797
19 1 0.0019438817982688761 0.0019438817982688761 0 0.0010252491262654484 0 0.001025285118044339 8.1314296431758346e-06 0.00078385079059394643 8.1314319071586726e-06 0.0007838718287515741
20 1 0.001053651296388125 0.001053651296388125 0 0.00036007200764553993 0 0.00036007644693381025 8.1314296431758346e-06 0.00032009792825950765 8.1314319071586726e-06 0.00032010143658375406
4 1 0.00043399399698564717 0.00043401219870065056 0.0006124289076121503 0.00080176782965324378 0.00061244175011632151 0.00080178984058476566 0.00065501730177569724 0.00078385079059394643 0.0006550319925448879 0.0007838718287515741
12 1 0.00022284857308261749 0.0002228626656002273 0.00092341916944449487 0.0010252491262654484 0.00092344836661406582 0.001025285118044339 0.00094553082912157108 0.0010155194265217403 0.00094556144133244654 0.001015554738400619
5 1 0.00026028592518573664 0.00026028926944345353 0.00018762280441375623 0.00036007200764553993 0.00018762400973648674 0.00036007644693381025 0.00020337457297317041 0.00032009792825950765 0.00020337598917667042 0.00032010143658375406
-1
2 0 0.001945441585462504 0.001945751078324065 0.002322851252768654 0.0030971076807670972 0.0023230360121894167 0.0030974361448723453 0.0025097165090965934 0.0030297102677251109 0.0025099321920919043 0.0030300245909714763
3 0 0.00074493980956740879 0.00074511974920953722 0.0035266938023499339 0.003853733096848444 0.0035271197117292541 0.0038542416657787459 0.0035998986151889265 0.0038226094495565563 0.0036003423906902131 0.0038231098364825797
11 0 0.00039048927462623413 0.00039059802490389235 0.0040660369267875307 0.0042450777768927583 0.0040666030778844231 0.0042456948884530554 0.0041048109580712 0.004227917987380779 0.0041053879591365725 0.0042285301195907664
5 0 0.00043450427637244592 0.00043458782749400643 0.0028076072558713694 0.0030971076807670972 0.0028078771812463099 0.0030974361448723453 0.0028339157154472954 0.0030297102677251109 0.0028341907233989851 0.0030300245909714763
6 0 0.00022303628364722661 0.00022307441548885532 0.0024963031938503022 0.0026345697331413565 0.0024965165774495368 0.0026348074105062569 0.0025097165090965934 0.0026041266600346745 0.0025099321920919043 0.0026043588760574
5 0 0.010259105158991607 0.010306847708481082 0.067721146883329197 0.074566187793922767 0.067878540113075259 0.074757051500648375 0.068342396842717326 0.07297089990644362 0.068502694475850251 0.073153674192240337
6 0 0.0052502252304762465 0.0052720019951104646 0.060382031626852628 0.063638980745739704 0.060507127651246329 0.063777951376913666 0.060697798679266057 0.062921500997504029 0.060824207870342817 0.06305735237789957
13 0 0.0031847284182831004 0.0031970429002399214 0.05630244444917365 0.05819435553301755 0.056411192575123892 0.058310542440979996 0.05648567899763321 0.057788339962714555 0.056595136798213194 0.057902909684030994
16 0 0.0019818648830778329 0.0019895282176776163 0.05630244444917365 0.057076304343998685 0.056411192575123892 0.057188065400818333 0.05648567899763321 0.057009187710101231 0.056595136798213194 0.057120685822697199
4 0 0.00072929029269449088 0.00073217042929564588 0.057500203721182364 0.057818464805831637 0.057613632666072556 0.057933154126339925 0.057571774628401837 0.057788339962714555 0.057685486399842306 0.057902909684030994
12 0 0.00037483796083944923 0.00037633178356253147 0.058023047566105102 0.05819435553301755 0.058138550758281893 0.058310542440979996 0.058060241308494499 0.058177984985448308 0.058175892774657061 0.058294106468733883
5 0 0.00043681556707376805 0.00043851918806591653 0.056786820625276069 0.057076304343998685 0.056897449782756793 0.057188065400818333 0.056813256111091726 0.057009187710101231 0.056923988393472812 0.057120685822697199
6 0 0.00022683844815674092 0.00022771822075640102 0.056472040439485172 0.056612301725779579 0.056581445337733127 0.056722251292391057 0.05648567899763321 0.056581481541221355 0.056595136798213194 0.056691311309468022
17 0 0.0029450897605666948 0.0030553220078052309 0.53169639513473488 0.53376379227459703 0.54155546416860911 0.54370039690341443 0.53187568999765089 0.53327425146743201 0.54174147105139736 0.54319246842398761
9 0 0.0013344974178861914 0.0013842551246240932 0.52971391822921521 0.53056403685609865 0.5394989269949404 0.54038076905567611 0.52979438397625145 0.53037285756159647 0.53958239320008083 0.54018245106598051
15 0 0.00075887185776560111 0.00078711182973680016 0.52870991723735172 0.52916747209997728 0.53845752755705023 0.53893211702535448 0.52875364160962057 0.5290681284696882 0.53850287911776895 0.53882907357972087
0 0 0.0018435352554594456 0.0019125372386226535 0.53169639513473488 0.53246973311419254 0.54155546416860911 0.5423577691800312 0.53187568999765089 0.53239911089105896 0.54174147105139736 0.54228449985452154
1 0 0.00083347313714025547 0.00086474410302376516 0.53293596647709351 0.53331068860594488 0.54284148722396708 0.54323027358266152 0.53301830499750069 0.53327425146743201 0.54292691523750169 0.54319246842398761
18 0 0.00047287831189654883 0.00049064165441302658 0.53356376530641869 0.53376379227459703 0.54349285461442465 0.54370039690341443 0.53361085688932608 0.53376220558820686 0.54354171523990336 0.54369875059138195
9 0 5.7967436954503094e-05 6.014512601615411e-05 0.53360736154835009 0.53364429961579785 0.54353808858742148 0.54357641437341941 0.53361085688932608 0.533635990880585 0.54354171523990336 0.54356779348045869
15 0 3.2940630787859141e-05 3.4178022507193534e-05 0.53356376530641869 0.5335836297155796 0.54349285461442465 0.54351346523047916 0.53356566329520161 0.53357931624806643 0.54349482389995696 0.54350898972505279
8 0 1 1 0 0.6278294815333868 0 0.63428363628706808 0.060213121511623058 0.48822600283905837 0.06027194089682375 0.49212009447022975
2 1 0.62596912329922016 0.62596912329922016 0 0.25062648231324947 0 0.25164868208729485 0.060213121511623058 0.22869009049902844 0.06027194089682375 0.22954087887618263
3 1 0.24421801436918505 0.24734287485376782 0.39098968828928882 0.49847923593078947 0.39348316676386785 0.50253928471158826 0.41500257192030138 0.48822600283905837 0.417812833366765 0.49212009447022975
11 1 0.12910085332645427 0.13151342183313763 0.56855306867148947 0.6278294815333868 0.57384088863366889 0.63428363628706808 0.58137616615756071 0.62214104340053922 0.58690635803138169 0.62847818221796026
5 1 0.14086077690261684 0.14157837003738588 0.15656279519572353 0.25062648231324947 0.15696108089120747 0.25164868208729485 0.16509340578783815 0.22869009049902844 0.16553633796595904 0.22954087887618263
6 1 0.071957450584585247 0.072087979560548909 0.055885179047563072 0.10054144969193513 0.055935843225211918 0.10070555125427894 0.060213121511623058 0.090700964549602747 0.06027194089682375 0.090834493940601765
13 1 0.043604913265107292 0.043604913265107292 0 0.025909829396126238 0 0.025920714327137995 0.0025088814959862392 0.020348409418673843 0.0025089835175834962 0.02035512244496665
7 0 0.061725224721857069 0.062647247379984269 0.45572440602849834 0.49847923593078947 0.45911548882635939 0.50253928471158826 0.45947474130583399 0.48822600283905837 0.46292207796406998 0.49212009447022975
8 0 0.029239743133920519 0.029635384276999348 0.41324111854093892 0.43169011683537351 0.41602749455879023 0.43473175558768212 0.41500257192030138 0.42757194765743256 0.417812833366765 0.43055563037479577
14 0 0.017012189480238523 0.017229866783038422 0.39098968828928882 0.40119353266046115 0.39348316676386785 0.40381929339570621 0.39196939888085147 0.39898714582869332 0.39447542897367571 0.40158401146570483
17 0 0.034476962092514093 0.035161702798191377 0.60372904197544064 0.6278294815333868 0.60969484281685438 0.63428363628706808 0.60582720554316427 0.62214104340053922 0.61183475111999941 0.62847818221796026
9 0 0.015749662293191413 0.0160502179310839 0.58042667064005382 0.5904422665403114 0.58593872796743141 0.59614712739360176 0.58137616615756071 0.58819294354165363 0.58690635803138169 0.59385421283199313
15 0 0.0089931456715964739 0.0091612048242997145 0.56855306867148947 0.57397031173326996 0.57384088863366889 0.57935985534001633 0.56907118556763403 0.57279499289131564 0.57436869229787169 0.57816238356010441
0 0 0.088174497024978135 0.088623688170435075 0.15656279519572353 0.19272994053812834 0.15696108089120747 0.19333384918337232 0.16509340578783815 0.18949384986569107 0.16553633796595904 0.19007761783425386
1 0 0.03711466893810509 0.037373190262729603 0.21376915206159983 0.23028036999127072 0.21451236202185203 0.23114305435830587 0.21742716794233419 0.22869009049902844 0.21819607687915421 0.22954087887618263
10 0 0.020328117171252394 0.020488013212381154 0.24123679373222826 0.25062648231324947 0.24218369043036253 0.25164868208729485 0.24325852014220098 0.24972051351171576 0.24422138628134954 0.25073532155141859
2 0 0.045043142257279456 0.045124849365929975 0.055885179047563072 0.073836059914126992 0.055935843225211918 0.073924524860205787 0.060213121511623058 0.072271532410626144 0.06027194089682375 0.072356285920267313
3 0 0.017320822082925003 0.017367977349971638 0.083816957599854067 0.091425423346789547 0.083930974260953362 0.091561095939381387 0.085519284111008065 0.090700964549602747 0.085637982451078953 0.090834493940601765
11 0 0.0090966319311923463 0.0091251146780668563 0.09636929376624305 0.10054144969193513 0.096520048295391264 0.10070555125427894 0.097272614774132016 0.10014146430845292 0.097426211007194355 0.1003042617160871
16 1 0.027135452378161062 0.027135452378161062 0 0.010596601320707222 0 0.010598421532591495 0.0025088814959862392 0.0096774816149059438 0.0025089835175834962 0.0096789997380275494
4 1 0.0099882888543441489 0.0099936014264369634 0.016401983987406193 0.02076102703619237 0.016406345352009133 0.020768015118104832 0.017382220773238068 0.020348409418673843 0.017387119092095137 0.02035512244496665
12 1 0.0051344029437037347 0.0051383268475388095 0.023563261785139455 0.025909829396126238 0.023572264030940926 0.025920714327137995 0.024072731347710759 0.025685582224722767 0.024082127160959577 0.025696279516063718
0 0 0.038638084804588246 0.039215242519558144 0.45572440602849834 0.47179485835177898 0.45911548882635939 0.47543027506263608 0.45947474130583399 0.47033862211061805 0.46292207796406998 0.47395154546191204
1 0 0.016998379130376311 0.017266740572332323 0.48135221932538386 0.48896336749469216 0.48513700721146341 0.49286927750334669 0.48302997339486214 0.48822600283905837 0.48684129548460048 0.49212009447022975
10 0 0.0095131793510656627 0.0096673842446237373 0.49406869011505983 0.49847923593078947 0.4980569226819675 0.50253928471158826 0.49501557596557821 0.49805225236903578 0.49901917206594248 0.50210532040027622
2 0 0.018303176375034633 0.018550835514508784 0.41324111854093892 0.42058389831825715 0.41602749455879023 0.4234705207810936 0.41500257192030138 0.41994005025918074 0.417812833366765 0.42281781131733143
3 0 0.0071851526176252541 0.0072851005514894211 0.42470894813689725 0.4278740982046737 0.42765266991391226 0.43086201408031183 0.42541556694978383 0.42757194765743256 0.42836912629857721 0.43055563037479577
11 0 0.0038089862655044889 0.0038626300939852112 0.42994040564280211 0.43169011683537351 0.43295735167890925 0.43473175558768212 0.43031877625301668 0.43152213510130294 0.43334105343820345 0.43456139882148603
16 0 0.010586730322861976 0.010722191481746191 0.39098968828928882 0.39513973654103851 0.39348316676386785 0.39768660096207431 0.39196939888085147 0.39477851303270156 0.39447542897367571 0.39732070808668324
4 0 0.0039433527355648441 0.0039946481998823849 0.39742687405668914 0.39915053790804533 0.40000340331761219 0.40174953782997702 0.39781400679314322 0.39898714582869332 0.40039557438589024 0.40158401146570483
12 0 0.0020376168697632466 0.00206431326342295 0.40026148903185138 0.40119353266046115 0.40287502398575864 0.40381929339570621 0.40046371236058947 0.40110439416363519 0.40307989747450379 0.40372898441163507
0 0 0.021581513735071507 0.022010140274291604 0.60372904197544064 0.61276792111483669 0.60969484281685438 0.61891460551364141 0.60582720554316427 0.61194366165698055 0.61183475111999941 0.61807373814520494
1 0 0.0097079261426193091 0.009905426398724557 0.61820356239533714 0.62256483143231478 0.62446033720453398 0.62891065064411555 0.61916244423153721 0.62214104340053922 0.62543874211006156 0.62847818221796026
18 0 0.0054938193320218567 0.0056069274959041696 0.62550654756005997 0.6278294815333868 0.63191278697851194 0.63428363628706808 0.62605359711403286 0.62781106261400488 0.63247110433013942 0.63426483672987943
2 0 0.0098588022979278177 0.01004694084708202 0.58042667064005382 0.58439411388735596 0.58593872796743141 0.58998214562071316 0.58137616615756071 0.5840452408764164 0.58690635803138169 0.58962657082741687
3 0 0.0039080679095324358 0.0039834558273279209 0.58663383334832542 0.58835770827653999 0.59226498634534541 0.59402216495509463 0.5870182851580289 0.58819294354165363 0.59265685682231994 0.59385421283199313
11 0 0.0020809963068614571 0.0021213373859477556 0.5894856178574881 0.5904422665403114 0.59517191836584105 0.59614712739360176 0.58969236969889161 0.59035036109635042 0.59538267890068586 0.59605343752757067
16 0 0.0055964582389585876 0.0057010418923457429 0.56855306867148947 0.57075073290294431 0.57384088863366889 0.57607970213744342 0.56907118556763403 0.57055914192524171 0.57436869229787169 0.57588451738708568
4 0 0.0020958773365170645 0.0021352823423206623 0.57196516959476562 0.57288195526363406 0.57731694711412551 0.57825098346078496 0.57217096271998213 0.57279499289131564 0.57752661010258455 0.57816238356010441
12 0 0.001085573122089853 0.0011060377819032551 0.57347355552141721 0.57397031173326996 0.57885373042534338 0.57935985534001633 0.57358130242513361 0.57392278624681781 0.57896350871114621 0.57931143317844347
13 0 0.00013543571029117629 0.00013544590530045753 0.0023221359374625411 0.0024025602579355321 0.0023222233363262845 0.0024026538156601829 0.0023299279794327978 0.0023853061457274321 0.0023300159658341505 0.0023853983644720991
17 0 0.00010635545759806454 0.00010853441011546988 0.62249016511099287 0.62256483143231478 0.62883445450684139 0.62891065064411555 0.62249664000294025 0.62254714989729742 0.62884106205353829 0.62889260682057457
19 0 0.00013987677840532342 0.00014013051134043053 0.055885179047563072 0.055958941927314515 0.055935843225211918 0.056009739997365915 0.055885764163790437 0.055941576268555268 0.055936429402830723 0.055992342801011855
21 0 0.00011172922393777563 0.00011355644864483646 0.49841795988323834 0.49847923593078947 0.50247700649047111 0.50253928471158826 0.49842476229228044 0.49847785208688 0.50248392014718224 0.5025378782334492
6 1 0.000135244795728795 0.000135244795728795 0 8.3614365765205534e-05 0 8.3614479077398496e-05 8.1314208746898972e-06 6.524344738830396e-05 8.1314219463430801e-06 6.5243516378696623e-05
7 0 0.00010922849418596761 0.00011148552031605861 0.62775317355298099 0.6278294815333868 0.63420575143117275 0.63428363628706808 0.62775981507564671 0.62781106261400488 0.63421253019065416 0.63426483672987943
21 0 0.0014875070582360816 0.0015182071697184512 0.62701379229368559 0.6278294815333868 0.63345110121763348 0.63428363628706808 0.62710435481975946 0.62781106261400488 0.63354353296746202 0.63426483672987943
9 0 0.00067333634139873379 0.00068721056005330229 0.62601299633026575 0.62644202814688388 0.63242966693223912 0.63286754210400287 0.62605359711403286 0.62634552866945004 0.63247110433013942 0.63276905300905262
15 0 0.00038269861331878102 0.00039057771069289573 0.62550654756005997 0.62573731954304856 0.63191278697851194 0.63214831104431024 0.62552859798392157 0.62568721002518668 0.63193529139029014 0.6320971695143015
0 0 0.00093113348914544247 0.00095035081101524973 0.62701379229368559 0.6274044684396316 0.63345110121763348 0.63384984293566948 0.62710435481975946 0.6273687848903442 0.63354353296746202 0.63381342248205041
1 0 0.00042124155242721702 0.00042994421983992662 0.62764007666718113 0.6278294815333868 0.63409031779909564 0.63428363628706808 0.62768169186154243 0.62781106261400488 0.63413279277423029 0.63426483672987943
-1
8 0 5.0878377097603099e-05 5.1929567814234505e-05 0.62767862579300793 0.62771084513894115 0.63412966335794463 0.63416254840042618 0.62768169186154243 0.62770363276537555 0.63413279277423029 0.63415518700616624
14 0 2.9343622031126741e-05 2.9949848510327831e-05 0.62764007666718113 0.62765771221691846 0.63409031779909564 0.63410831769682441 0.6276417668548474 0.62765389286329565 0.63409204290535226 0.63410441943500795
7 0 0.0025146935368340053 0.0025660719106401944 0.62080865301735233 0.62256483143231478 0.62711853975238563 0.62891065064411555 0.62096155167834843 0.62214104340053922 0.62727456271724091 0.62847818221796026
8 0 0.0011721317124133359 0.0011960126107495284 0.61909180938978337 0.61983396732735163 0.6253666680775144 0.62612395587058634 0.61916244423153721 0.61966785245936773 0.62543874211006156 0.62595445293626473
14 0 0.00067625264837645584 0.00069001048597061034 0.61820356239533714 0.61860995843726607 0.62446033720453398 0.62487500381881644 0.61824251413443787 0.61852195024898526 0.62450008141201374 0.62478520410640859
0 0 0.0015741205086181982 0.0016062817842261981 0.62080865301735233 0.62146538108528926 0.62711853975238563 0.62778869281201877 0.62096155167834843 0.6214057045976219 0.62727456271724091 0.62772779580809679
1 0 0.00069934581931449871 0.00071365885828566199 0.62185786919946129 0.62217146451101746 0.62818921114184922 0.62850922624009598 0.62192691744515494 0.62214104340053922 0.62825967263105031 0.62847818221796026
10 0 0.00039330800282020705 0.00040136446506942327 0.62238232921459613 0.62256483143231478 0.62872440952179631 0.62891065064411555 0.62242148391058805 0.62254714989729742 0.6287643662823339 0.62889260682057457
9 0 4.818402153754992e-05 4.9171074186897681e-05 0.62241857856435501 0.62244927451726362 0.62876140141976333 0.62879272619690119 0.62242148391058805 0.622442371244044 0.6287643662823339 0.62878568150341962
15 0 2.739777524338029e-05 2.7958987169855394e-05 0.62238232921459613 0.62239884878650442 0.62872440952179631 0.62874126748270198 0.62238390781159059 0.62239526202500062 0.62872602045457682 0.62873760724874739
5 1 0.0059815363351015359 0.0059828225055847378 0.00663241366196754 0.010596601320707222 0.0066331266858209448 0.010598421532591495 0.0069944093042766872 0.0096774816149059438 0.0069952022902090797 0.0096789997380275494
6 1 0.0031059736197427412 0.0031062074248957572 0.0023221359374625411 0.0042426893312494385 0.0023222233363262845 0.0042429810917464228 0.0025088814959862392 0.003820672634131838 0.0025089835175834962 0.0038209092373845646
19 1 0.0019438817982688761 0.0019438817982688761 0 0.0010251097501839668 0 0.0010251267820450827 8.1314208746898972e-06 0.00078376931826379696 8.1314219463430801e-06 0.00078377927452301377
20 1 0.001053651296388125 0.001053651296388125 0 0.00036005481485162916 0 0.00036005691598650635 8.1314208746898972e-06 0.00032008434087795964 8.1314219463430801e-06 0.00032008600140240231
4 1 0.00043392351064360456 0.00043393212423400513 0.00061237917233147865 0.00080168259041532575 0.00061238525031187541 0.00080169300698473833 0.00065496040910795303 0.00078376931826379696 0.00065496736173397904 0.00078377927452301377
12 1 0.00022279400389995467 0.00022280067201540751 0.00092330610317314932 0.0010251097501839668 0.00092331992011951414 0.0010251267820450827 0.00094541228352878126 0.0010153826830927787 0.00094542677002302285 0.0010153993932606675
5 1 0.00026027297313392205 0.00026027455602134676 0.0001876181362195084 0.00036005481485162916 0.00018761870673200676 0.00036005691598650635 0.00020336908805620502 0.00032008434087795964 0.00020336975838128432 0.00032008600140240231
-1
2 0 0.0019442435837362382 0.0019443899385294117 0.0023221359374625411 0.0030958361620645747 0.0023222233363262845 0.0030959915051371745 0.0025088814959862392 0.0030284934760784659 0.0025089835175834962 0.0030286421342422447
3 0 0.0007442434992603142 0.00074432854667464982 0.0035250451809959726 0.0038517646220860846 0.0035252465851158821 0.0038520050920034521 0.0035981808581493115 0.003820672634131838 0.0035983907064549856 0.0038209092373845646
11 0 0.00039006850173959728 0.00039011989014632446 0.0040638456511942755 0.0042426893312494385 0.0040641133319665457 0.0042429810917464228 0.0041025777023530451 0.0042255488068502576 0.0041028505100821127 0.0042258382145958498
5 0 0.00043418090141213823 0.00043422040342198573 0.0028065622962212822 0.0030958361620645747 0.0028066899645844412 0.0030959915051371745 0.0028328510843357883 0.0030284934760784659 0.0028329811556693655 0.0030286421342422447
6 0 0.00022288868726509778 0.00022290671794559201 0.0024954770809645643 0.0026336495883599043 0.0024955780152930984 0.002633762009680185 0.0025088814959862392 0.0026032276537429353 0.0025089835175834962 0.0026033374927969415
5 0 0.010077289084778293 0.0100992493912124 0.067118373308174814 0.073836059914126992 0.067191465283034685 0.073924524860205787 0.067728563396854416 0.072271532410626144 0.06780299114491227 0.072356285920267313
6 0 0.0051671422731221078 0.0051771900818745331 0.05990236427073381 0.063106400440079452 0.059960577800673848 0.063171011281982159 0.060213121511623058 0.062400812722002666 0.06027194089682375 0.06246398610040526
13 0 0.0031376983915194501 0.0031433900961914674 0.055885179047563072 0.057748687524976444 0.055935843225211918 0.057802788497244212 0.056065703351602852 0.057348845530939434 0.056116695525348349 0.057402199579014913
16 0 0.001952597973598813 0.0019561399363681176 0.055885179047563072 0.056647533419400792 0.055935843225211918 0.056699589933653399 0.056065703351602852 0.056581420806428688 0.056116695525348349 0.056633355826900503
4 0 0.00071829408796078597 0.00071962460239887002 0.057065064555550049 0.05737851378527617 0.057117891640050183 0.057431923076591285 0.057135555656008627 0.057348845530939434 0.057188513393728602 0.057402199579014913
12 0 0.00036913536838563648 0.00036982530575730202 0.057579989552776489 0.057748687524976444 0.057633774755312395 0.057802788497244212 0.057616617269365657 0.057732566722662228 0.057670470953227332 0.057786637479952489
5 0 0.00043031008100713854 0.0004310973267867272 0.056362371841674697 0.056647533419400792 0.056413905335571224 0.056699589933653399 0.05638841353368252 0.056581420806428688 0.056439994681481906 0.056633355826900503
6 0 0.0002234786654187193 0.0002238852636944344 0.056052266822979813 0.056190448099688373 0.05610323454729943 0.056241667542070717 0.056065703351602852 0.056160085401510927 0.056116695525348349 0.056211249480450698
17 0 0.0025699039019373392 0.002611783518545881 0.49667567405088175 0.49847923593078947 0.50070627764698039 0.50253928471158826 0.49683212440431002 0.49805225236903578 0.50086527794997393 0.50210532040027622
9 0 0.0011650630434669701 0.0011839821723748512 0.49494532724708529 0.49568743244833474 0.49894778251646094 0.4997019476981307 0.49501557596557821 0.49552055742484225 0.49901917206594248 0.49953235918829664
15 0 0.00066268661670128726 0.00067342850597086514 0.49406869011505983 0.4944682283094094 0.4980569226819675 0.49846293988359963 0.494106872318057 0.49438148502237073 0.49809572382765471 0.49837478949609781
0 0 0.0016086804924589622 0.0016348958393515188 0.49667567405088175 0.49735042900802756 0.50070627764698039 0.50139203609271821 0.49683212440431002 0.49728881487743798 0.50086527794997393 0.50132941656947727
1 0 0.00072707060632176202 0.00073894519455726978 0.49775716575266687 0.49808403507653287 0.5018054129544337 0.50213762251432259 0.4978289920716632 0.49805225236903578 0.50187841243356635 0.50210532040027622
18 0 0.00041244575523959265 0.00041918936103756881 0.49830477618475966 0.49847923593078947 0.50236197199348365 0.50253928471158826 0.49834584935244453 0.49847785208688 0.50240371674719664 0.5025378782334492
9 0 5.0558810865059443e-05 5.1385525702129387e-05 0.49834280074073944 0.49837501772876563 0.50240061828581561 0.5024333620887137 0.49834584935244453 0.49836777096432366 0.50240371674719664 0.50242599682157096
15 0 2.8730908146067425e-05 2.9200666693206282e-05 0.49830477618475966 0.49832210193406196 0.50236197199348365 0.50237958102871627 0.49830643161537114 0.49831833973241713 0.50236365449090359 0.50237575731207096
9 0 1 1 0 0.63428363628706808 0 0.63783163304378498 0.06027194089682375 0.49212009447022975 0.060303816148742584 0.49425320937107475
2 1 0.62596912329922016 0.62596912329922016 0 0.25164868208729485 0 0.25220528117411967 0.06027194089682375 0.22954087887618263 0.060303816148742584 0.2300038872748924
3 1 0.24734287485376782 0.24905881344725411 0.39348316676386785 0.50253928471158826 0.39484570037360389 0.5047638847691599 0.417812833366765 0.49212009447022975 0.41934940019879874 0.49425320937107475
11 1 0.13151342183313763 0.13284716825143822 0.57384088863366889 0.63428363628706808 0.57674335867224968 0.63783163304378498 0.58690635803138169 0.62847818221796026 0.58994285191302676 0.63196134985389418
5 1 0.14157837003738588 0.1419689500247 0.15696108089120747 0.25164868208729485 0.15717744032956993 0.25220528117411967 0.16553633796595904 0.22954087887618263 0.16577700204737975 0.2300038872748924
6 1 0.072087979560548909 0.072158757244630056 0.055935843225211918 0.10070555125427894 0.055963296055622891 0.10079457055997665 0.06027194089682375 0.090834493940601765 0.060303816148742584 0.090906911078236466
13 1 0.043604913265107292 0.043604913265107292 0 0.025920714327137995 0 0.025926608003989049 0.0025089835175834962 0.02035512244496665 0.0025090387251781587 0.020358756726980981
7 0 0.062647247379984269 0.063154794913694523 0.45911548882635939 0.50253928471158826 0.46097153898887749 0.5047638847691599 0.46292207796406998 0.49212009447022975 0.46480909649666519 0.49425320937107475
8 0 0.029635384276999348 0.029852823610901788 0.41602749455879023 0.43473175558768212 0.41755093382564651 0.43639553334697179 0.417812833366765 0.43055563037479577 0.41934940019879874 0.43218753646821106
14 0 0.017229866783038422 0.017349398802673603 0.39348316676386785 0.40381929339570621 0.39484570037360389 0.40525448056287766 0.39447542897367571 0.40158401146570483 0.39584485511683115 0.40300332615296819
17 0 0.035161702798191377 0.035540756027954409 0.60969484281685438 0.63428363628706808 0.61297237584877584 0.63783163304378498 0.61183475111999941 0.62847818221796026 0.61513539378750648 0.63196134985389418
9 0 0.0160502179310839 0.016216449829114389 0.58593872796743141 0.59614712739360176 0.58896519177783335 0.59928024770396293 0.58690635803138169 0.59385421283199313 0.58994285191302676 0.59696321528936502
15 0 0.0091612048242997145 0.0092541133955422045 0.57384088863366889 0.57935985534001633 0.57674335867224968 0.58231856731620479 0.57436869229787169 0.57816238356010441 0.57727651754991149 0.58110884642414407
0 0 0.088623688170435075 0.088868179182672299 0.15696108089120747 0.19333384918337232 0.15717744032956993 0.19366220629411854 0.16553633796595904 0.19007761783425386 0.16577700204737975 0.19039499828195447
1 0 0.037373190262729603 0.037514204517022684 0.21451236202185203 0.23114305435830587 0.21491667351562971 0.23161255544178136 0.21819607687915421 0.22954087887618263 0.21861440722553055 0.2300038872748924
10 0 0.020488013212381154 0.020575321147064899 0.24218369043036253 0.25164868208729485 0.24269916450391968 0.25220528117411967 0.24422138628134954 0.25073532155141859 0.24474558047135667 0.25128788317461259
2 0 0.045124849365929975 0.045169154010782364 0.055935843225211918 0.073924524860205787 0.055963296055622891 0.07397248190186978 0.06027194089682375 0.072356285920267313 0.060303816148742584 0.072402229185409117
3 0 0.017367977349971638 0.017393573512905127 0.083930974260953362 0.091561095939381387 0.083992798384459832 0.091634676736301435 0.085637982451078953 0.090834493940601765 0.085702347899601933 0.090906911078236466
11 0 0.0091251146780668563 0.0091405825728010492 0.096520048295391264 0.10070555125427894 0.09660181876396573 0.10079457055997665 0.097426211007194355 0.1003042617160871 0.097509524723121022 0.10039257267938712
16 1 0.027135452378161062 0.027135452378161062 0 0.010598421532591495 0 0.010599406714433046 0.0025089835175834962 0.0096789997380275494 0.0025090387251781587 0.0096798213967596233
4 1 0.0099936014264369634 0.009996477839553675 0.016406345352009133 0.020768015118104832 0.016408706264242845 0.020771798348078463 0.017387119092095137 0.02035512244496665 0.017389770735613076 0.020358756726980981
12 1 0.0051383268475388095 0.0051404519572585058 0.023572264030940926 0.025920714327137995 0.02357713803667566 0.025926608003989049 0.024082127160959577 0.025696279516063718 0.024087214317183771 0.025702071562418584
0 0 0.039215242519558144 0.039532951604267438 0.45911548882635939 0.47543027506263608 0.46097153898887749 0.4774208653569364 0.46292207796406998 0.47395154546191204 0.46480909649666519 0.4759297465957335
1 0 0.017266740572332323 0.017414609504412256 0.48513700721146341 0.49286927750334669 0.48720988715992575 0.49500890619634191 0.48684129548460048 0.49212009447022975 0.48892879642015369 0.49425320937107475
10 0 0.0096673842446237373 0.00975239312858164 0.4980569226819675 0.50253928471158826 0.50024192913606136 0.5047638847691599 0.49901917206594248 0.50210532040027622 0.50121264816229205 0.50432607155168663
2 0 0.018550835514508784 0.018686945823722462 0.41602749455879023 0.4234705207810936 0.41755093382564651 0.42504906189483727 0.417812833366765 0.42281781131733143 0.41934940019879874 0.42439148102185759
3 0 0.0072851005514894211 0.0073400545065120748 0.42765266991391226 0.43086201408031183 0.42926260325858223 0.43249624793899971 0.42836912629857721 0.43055563037479577 0.42998446866659928 0.43218753646821106
11 0 0.0038626300939852112 0.0038921306970383235 0.43295735167890925 0.43473175558768212 0.43460754960655712 0.43639553334697179 0.43334105343820345 0.43456139882148603 0.43499418317075222 0.43622387038582416
16 0 0.010722191481746191 0.010796576572406846 0.39348316676386785 0.39768660096207431 0.39484570037360389 0.39907845242720619 0.39447542897367571 0.39732070808668324 0.39584485511683115 0.39870999510130944
4 0 0.0039946481998823849 0.0040228226732228001 0.40000340331761219 0.40174953782997702 0.40141154774622057 0.40317002486432907 0.40039557438589024 0.40158401146570483 0.40180648618169168 0.40300332615296819
12 0 0.00206431326342295 0.0020789780586476492 0.40287502398575864 0.40381929339570621 0.40430349519931519 0.40525448056287766 0.40307989747450379 0.40372898441163507 0.40450982447279915 0.40516352858813831
0 0 0.022010140274291604 0.022247415892210107 0.60969484281685438 0.61891460551364141 0.61297237584877584 0.6222922878526016 0.61183475111999941 0.61807373814520494 0.61513539378750648 0.62144222379557079
1 0 0.009905426398724557 0.010014817175868036 0.62446033720453398 0.62891065064411555 0.6278989897580316 0.63239862690635529 0.62543874211006156 0.62847818221796026 0.62888820823268099 0.63196134985389418
18 0 0.0056069274959041696 0.0056695928659379457 0.63191278697851194 0.63428363628706808 0.63543423600576465 0.63783163304378498 0.63247110433013942 0.63426483672987943 0.63599879612565624 0.63781262258309268
2 0 0.01004694084708202 0.010150996882556537 0.58593872796743141 0.58998214562071316 0.58896519177783335 0.59305063267426805 0.58690635803138169 0.58962657082741687 0.58994285191302676 0.59269135071194479
3 0 0.0039834558273279209 0.0040251613580138783 0.59226498634534541 0.59402216495509463 0.59535732760218707 0.59713293082512298 0.59265685682231994 0.59385421283199313 0.59575330220784184 0.59696321528936502
11 0 0.0021213373859477556 0.0021436569894008753 0.59517191836584105 0.59614712739360176 0.59829476956392391 0.59928024770396293 0.59538267890068586 0.59605343752757067 0.59850774800670492 0.59918557053238197
16 0 0.0057010418923457429 0.0057588591409467871 0.57384088863366889 0.57607970213744342 0.57674335867224968 0.57900492178351548 0.57436869229787169 0.57588451738708568 0.57727651754991149 0.57880775012002106
4 0 0.0021352823423206623 0.0021570695357742832 0.57731694711412551 0.57825098346078496 0.5802547772660952 0.58119835175117684 0.57752661010258455 0.57816238356010441 0.58046657992658135 0.58110884642414407
12 0 0.0011060377819032551 0.0011173534266805869 0.57885373042534338 0.57935985534001633 0.58180726206066991 0.58231856731620479 0.57896350871114621 0.57931143317844347 0.58191816357282233 0.58226964934187297
13 0 0.00013544590530045753 0.00013545142240900532 0.0023222233363262845 0.0024026538156601829 0.0023222706308076713 0.002402704443011161 0.0023300159658341505 0.0023853983644720991 0.0023300635782612976 0.002385448267232818
17 0 0.00010853441011546988 0.00010974147774455449 0.62883445450684139 0.62891065064411555 0.63232158330043664 0.63239862690635529 0.62884106205353829 0.62889260682057457 0.63232826433348666 0.632380382386452
19 0 0.00014013051134043053 0.0001402680947535373 0.055935843225211918 0.056009739997365915 0.055963296055622891 0.056037265429336847 0.055936429402830723 0.055992342801011855 0.055963882808767768 0.056019851132079718
21 0 0.00011355644864483646 0.00011456391309460703 0.50247700649047111 0.50253928471158826 0.5047010539857828 0.5047638847691599 0.50248392014718224 0.5025378782334492 0.50470802898037204 0.50476246581131112
6 1 0.000135244795728795 0.000135244795728795 0 8.3614479077398496e-05 0 8.3614540390963832e-05 8.1314219463430801e-06 6.5243516378696623e-05 8.1314225262316478e-06 6.5243553709603083e-05
7 0 0.00011148552031605861 0.00011273608843020977 0.63420575143117275 0.63428363628706808 0.63775287447489071 0.63783163304378498 0.63421253019065416 0.63426483672987943 0.63775972927425717 0.63781262258309268
21 0 0.0015182071697184512 0.0015352169421739528 0.63345110121763348 0.63428363628706808 0.63698976419142517 0.63783163304378498 0.63354353296746202 0.63426483672987943 0.637083231609333 0.63781262258309268
9 0 0.00068721056005330229 0.00069489744809435902 0.63242966693223912 0.63286754210400287 0.63595689520874255 0.63639967000312792 0.63247110433013942 0.63276905300905262 0.63599879612565624 0.63630007856223914
15 0 0.00039057771069289573 0.00039494297077257307 0.63191278697851194 0.63214831104431024 0.63543423600576465 0.63567239288182498 0.63193529139029014 0.6320971695143015 0.63545699194079053 0.63562067958116053
0 0 0.00095035081101524973 0.00096099840336673922 0.63345110121763348 0.63384984293566948 0.63698976419142517 0.63739297477158285 0.63354353296746202 0.63381342248205041 0.637083231609333 0.63735614602131141
1 0 0.00042994421983992662 0.00043476615407250357 0.63409031779909564 0.63428363628706808 0.63763614610631869 0.63783163304378498 0.63413279277423029 0.63426483672987943 0.63767909746523643 0.63781262258309268
-1
8 0 5.1929567814234505e-05 5.2512007621792034e-05 0.63412966335794463 0.63416254840042618 0.63767593294946456 0.6377091868388175 0.63413279277423029 0.63415518700616624 0.63767909746523643 0.63770174287564063
14 0 2.9949848510327831e-05 3.0285743710514985e-05 0.63409031779909564 0.63410831769682441 0.63763614610631869 0.637654347880387 0.63409204290535226 0.63410441943500795 0.63763789056010922 0.63765040589745281
7 0 0.0025660719106401944 0.0025945320105475204 0.62711853975238563 0.62891065064411555 0.63058661121874082 0.63239862690635529 0.62727456271724091 0.62847818221796026 0.63074436483896501 0.63196134985389418
8 0 0.0011960126107495284 0.00120924012910715 0.6253666680775144 0.62612395587058634 0.62881533703798642 0.62958100530582739 0.62543874211006156 0.62595445293626473 0.62888820823268099 0.62940962569030745
14 0 0.00069001048597061034 0.00069763063075379628 0.62446033720453398 0.62487500381881644 0.6278989897580316 0.62831823728449221 0.62450008141201374 0.62478520410640859 0.62793917289555501 0.62822744527505681
0 0 0.0016062817842261981 0.0016240969280141952 0.62711853975238563 0.62778869281201877 0.63058661121874082 0.63126420089709945 0.62727456271724091 0.62772779580809679 0.63074436483896501 0.63120262779465486
1 0 0.00071365885828566199 0.0007215876178429749 0.62818921114184922 0.62850922624009598 0.63166916756066105 0.63199273894410457 0.62825967263105031 0.62847818221796026 0.63174041192222763 0.63196134985389418
10 0 0.00040136446506942327 0.00040582746039809561 0.62872440952179631 0.62891065064411555 0.63221031455585175 0.63239862690635529 0.6287643662823339 0.62889260682057457 0.63225071563212953 0.632380382386452
9 0 4.9171074186897681e-05 4.9717867220807032e-05 0.62876140141976333 0.62879272619690119 0.63224771779956435 0.6322793909237826 0.6287643662823339 0.62878568150341962 0.63225071563212953 0.63227226788828539
15 0 2.7958987169855394e-05 2.8269878740966182e-05 0.62872440952179631 0.62874126748270198 0.63221031455585175 0.63222735997236057 0.62872602045457682 0.62873760724874739 0.63221194340151543 0.63222365903724242
5 1 0.0059828225055847378 0.0059835186285409044 0.0066331266858209448 0.010598421532591495 0.006633512568691935 0.010599406714433046 0.0069952022902090797 0.0096789997380275494 0.0069956314518058449 0.0096798213967596233
6 1 0.0031062074248957572 0.0031063339484447283 0.0023222233363262845 0.0042429810917464228 0.0023222706308076713 0.0042431389807944253 0.0025089835175834962 0.0038209092373845646 0.0025090387251781587 0.0038210372762003657
19 1 0.0019438817982688761 0.0019438817982688761 0 0.0010251267820450827 0 0.0010251359982625941 8.1314219463430801e-06 0.00078377927452301377 8.1314225262316478e-06 0.00078378466198462016
20 1 0.001053651296388125 0.001053651296388125 0 0.00036005691598650635 0 0.00036005805292599335 8.1314219463430801e-06 0.00032008600140240231 8.1314225262316478e-06 0.00032008689992336318
4 1 0.00043393212423400513 0.00043393678517571112 0.00061238525031187541 0.00080169300698473833 0.00061238853917222613 0.00080169864352863662 0.00065496736173397904 0.00078377927452301377 0.00065497112387843243 0.00078378466198462016
12 1 0.00022280067201540751 0.00022280428027375636 0.00092331992011951414 0.0010251267820450827 0.00092332739667538855 0.0010251359982625941 0.00094542677002302285 0.0010153993932606675 0.00094543460888546634 0.001015408435402571
5 1 0.00026027455602134676 0.00026027541253161257 0.00018761870673200676 0.00036005691598650635 0.00018761901543906667 0.00036005805292599335 0.00020336975838128432 0.00032008600140240231 0.00020337012109764051 0.00032008689992336318
-1
2 0 0.0019443899385294117 0.0019444691383796453 0.0023222233363262845 0.0030959915051371745 0.0023222706308076713 0.0030960755681527785 0.0025089835175834962 0.0030286421342422447 0.0025090387251781587 0.0030287225796223364
3 0 0.00074432854667464982 0.00074437457211631972 0.0035252465851158821 0.0038520050920034521 0.0035253555749722998 0.0038521352233816808 0.0035983907064549856 0.0038209092373845646 0.0035985042660907551 0.0038210372762003657
11 0 0.00039011989014632446 0.00039014770077272151 0.0040641133319665457 0.0042429810917464228 0.0040642581893887697 0.0042431389807944253 0.0041028505100821127 0.0042258382145958498 0.0041029981421376446 0.0042259948303623703
5 0 0.00043422040342198573 0.00043424178030358203 0.0028066899645844412 0.0030959915051371745 0.0028067590510899576 0.0030960755681527785 0.0028329811556693655 0.0030286421342422447 0.0028330515425654223 0.0030287225796223364
6 0 0.00022290671794559201 0.00022291647530302619 0.0024955780152930984 0.002633762009680185 0.0024956326345088597 0.0026338228451326384 0.0025089835175834962 0.0026033374927969415 0.0025090387251781587 0.0026033969308416204
5 0 0.0100992493912124 0.010111162109140509 0.067191465283034685 0.073924524860205787 0.067231081943669002 0.07397248190186978 0.06780299114491227 0.072356285920267313 0.067843332425297831 0.072402229185409117
6 0 0.0051771900818745331 0.005182639200117467 0.059960577800673848 0.063171011281982159 0.059992124483815079 0.063206027559722433 0.06027194089682375 0.06246398610040526 0.060303816148742584 0.062498222730863168
13 0 0.0031433900961914674 0.0031464763509667648 0.055935843225211918 0.057802788497244212 0.055963296055622891 0.057832104951511309 0.056116695525348349 0.057402199579014913 0.056144326208091261 0.057431110997816635
16 0 0.0019561399363681176 0.0019580605208489033 0.055935843225211918 0.056699589933653399 0.055963296055622891 0.056727797751774833 0.056116695525348349 0.056633355826900503 0.056144326208091261 0.056661497764755521
4 0 0.00071962460239887002 0.00072034608893792643 0.057117891640050183 0.057431923076591285 0.057146517305356193 0.057460864452001603 0.057188513393728602 0.057402199579014913 0.057217209907318045 0.057431110997816635
12 0 0.00036982530575730202 0.0003701994393470192 0.057633774755312395 0.057802788497244212 0.05766291997601225 0.057832104951511309 0.057670470953227332 0.057786637479952489 0.057699653309445362 0.057815937549390101
5 0 0.0004310973267867272 0.00043152420848244363 0.056413905335571224 0.056699589933653399 0.056441829545933075 0.056727797751774833 0.056439994681481906 0.056633355826900503 0.056467944732044258 0.056661497764755521
6 0 0.0002238852636944344 0.00022410573784181764 0.05610323454729943 0.056241667542070717 0.0561308519725644 0.056269421459476776 0.056116695525348349 0.056211249480450698 0.056144326208091261 0.05623897337740439
17 0 0.002611783518545881 0.00263487287242937 0.50070627764698039 0.50253928471158826 0.50291464323049639 0.5047638847691599 0.50086527794997393 0.50210532040027622 0.50307504939312486 0.50432607155168663
9 0 0.0011839821723748512 0.0011944121104181537 0.49894778251646094 0.4997019476981307 0.50114062968256567 0.50190144351170363 0.49901917206594248 0.49953235918829664 0.50121264816229205 0.50173035904498342
15 0 0.00067342850597086514 0.00067935021180870426 0.4980569226819675 0.49846293988359963 0.50024192913606136 0.50065151806189367 0.49809572382765471 0.49837478949609781 0.50028107148794632 0.50056259196843089
0 0 0.0016348958393515188 0.0016493490619595116 0.50070627764698039 0.50139203609271821 0.50291464323049639 0.50360646827170907 0.50086527794997393 0.50132941656947727 0.50307504939312486 0.50354329443504886
1 0 0.00073894519455726978 0.00074549224141797952 0.5018054129544337 0.50213762251432259 0.50402350612963276 0.5043586600435882 0.50187841243356635 0.50210532040027622 0.50409715243075981 0.50432607155168663
18 0 0.00041918936103756881 0.00042290752111022315 0.50236197199348365 0.50253928471158826 0.5045849990288086 0.5047638847691599 0.50240371674719664 0.5025378782334492 0.50462711406903793 0.50476246581131112
9 0 5.1385525702129387e-05 5.1841344535900278e-05 0.50240061828581561 0.5024333620887137 0.50462398812245723 0.50465702239103516 0.50240371674719664 0.50242599682157096 0.50462711406903793 0.50464959178598001
15 0 2.9200666693206282e-05 2.945967315445051e-05 0.50236197199348365 0.50237958102871627 0.5045849990288086 0.50460276425685746 0.50236365449090359 0.50237575731207096 0.5045866964498068 0.50459890662323081
10 0 1 1 0 0.46738998278026678 0 0.46068189686079641 0.099706550447282438 0.42181047275056649 0.099397792247994221 0.41633927005582505
17 1 0.26811287810111334 0.27273253870065139 0.27535029648483478 0.46738998278026678 0.27300833619658782 0.46068189686079641 0.29195844931836989 0.42181047275056649 0.28932680140962719 0.41633927005582505
9 1 0.12215790983241503 0.12286144161210877 0.092297536660536333 0.17066245060210128 0.092032899222436224 0.1697598594860924 0.099706550447282438 0.15302219848527807 0.099397792247994221 0.15229615697469523
15 1 0.069659846855200214 0.069659846855200214 0 0.042029058319887347 0 0.041974098018976502 0.0040138911045631831 0.03289896069013263 0.0040133892302862129 0.03286527561448252
0 0 0.16783038325018473 0.17072214814561748 0.27535029648483478 0.34704784149767709 0.27300833619658782 0.34333568427924621 0.29195844931836989 0.34049352377343201 0.28932680140962719 0.33691953553265114
1 0 0.075617617291705241 0.077467996611668116 0.39035248252528093 0.4252007363863477 0.38566238046723395 0.41964181118090771 0.39800645176252397 0.42181047275056649 0.39313176938823213 0.41633927005582505
18 0 0.042828045200345645 0.044033952674628812 0.44875815088543664 0.46738998278026678 0.44257068154283796 0.46068189686079641 0.45314357769218566 0.46724214487187665 0.44683543504606893 0.46053827145347626
2 0 0.076467079721862063 0.076907468893209874 0.092297536660536333 0.12328384108777601 0.092032899222436224 0.12281214146263292 0.099706550447282438 0.12055614582751854 0.099397792247994221 0.12010505012064075
3 0 0.030333011317033687 0.030599724866330894 0.14080884862278004 0.15431355521700363 0.14019384600075191 0.15357523741112289 0.14381940850813391 0.15302219848527807 0.14317788656523053 0.15229615697469523
11 0 0.016157122395929552 0.016321794605458066 0.1631570571472184 0.17066245060210128 0.16233191674972258 0.1697598594860924 0.16477876591532953 0.16994121914671997 0.16393718324368892 0.16904622073335487
16 1 0.043349506178763875 0.043349506178763875 0 0.017033984553279868 0 0.017024949719707305 0.0040138911045631831 0.015548085804984776 0.0040133892302862129 0.015540558116987211
4 1 0.016240643293865133 0.016267426591407154 0.026456586455324782 0.033574281739049971 0.026434797928187481 0.033539200291633153 0.02805397465579447 0.03289896069013263 0.028029476834511225 0.03286527561448252
12 1 0.0084133712617154386 0.0084333925212984086 0.038169382609819336 0.042029058319887347 0.038124047756999235 0.041974098018976502 0.039006452985682963 0.041659747349323553 0.038959109138349109 0.041605748060936337
5 0 0.039958377157286368 0.040757387397921375 0.31933130389975561 0.34704784149767709 0.31618571610707219 0.34333568427924621 0.32180363705364745 0.34049352377343201 0.31860939665290788 0.33691953553265114
6 0 0.019681566664810579 0.020039739957813496 0.29075216037140239 0.30329398475777797 0.2881421167689206 0.30045501138580466 0.29195844931836989 0.30051204886222016 0.28932680140962719 0.29772467775956307
13 0 0.011691038794857223 0.011892478694614628 0.27535029648483478 0.28245098273891078 0.27300833619658782 0.27998721726867665 0.27603486968217605 0.28092106203515127 0.27368129956930354 0.27848379953072372
7 0 0.019593365844045689 0.020098535878449435 0.41115713396656328 0.4252007363863477 0.40595710164347082 0.41964181118090771 0.41237922372411406 0.42181047275056649 0.4071484297960169 0.41633927005582505
8 0 0.0091309591012250085 0.0093584788951023984 0.39744248034932139 0.4033693113548289 0.39258151858413021 0.39836320420945193 0.39800645176252397 0.40204249664459768 0.39313176938823213 0.39706906577959533
14 0 0.0052675116400953403 0.0053964087801479654 0.39035248252528093 0.39359586843703109 0.38566238046723395 0.38882797972654909 0.39066331602756804 0.39289342074436157 0.38596578658291447 0.38814243256794151
21 0 0.011598095646734835 0.011933520834143606 0.46084450193958881 0.46738998278026678 0.45432167379861543 0.46068189686079641 0.4615710594491782 0.46724214487187665 0.45502779360758416 0.46053827145347626
9 0 0.0052494127447049004 0.005398566815712047 0.45281805131868458 0.45625831969217168 0.44651890562941576 0.44986377118332632 0.45314357769218566 0.45548444348333061 0.44683543504606893 0.44911141712982972
15 0 0.0029833950697636738 0.0030673983997437718 0.44875815088543664 0.45060795912546392 0.44257068154283796 0.44436972895264032 0.44893489018848387 0.45020627229285254 0.44274257975537984 0.44397908224213029
5 0 0.017321841311940485 0.017442509864192067 0.11160858356832842 0.12328384108777601 0.11122185540357649 0.12281214146263292 0.11266513811821084 0.12055614582751854 0.11227106621582611 0.12010505012064075
6 0 0.0088109985984052841 0.0088655289400136894 0.09917326789129538 0.10468130290620847 0.098867798599380191 0.10434101833338727 0.099706550447282438 0.10346649080811227 0.099397792247994221 0.10313404577835422
13 0 0.0053266850628901352 0.0053573625051228646 0.092297536660536333 0.095482917096018471 0.092032899222436224 0.095199726095770654 0.092605800775372282 0.094798842861443397 0.092339395213720019 0.094519689159891729
7 0 0.00768778241380331 0.0077592891478135834 0.14893316448286226 0.15431355521700363 0.1482453196516294 0.15357523741112289 0.1494046523305384 0.15302219848527807 0.14871245561197349 0.15229615697469523
8 0 0.003635162862981843 0.0036677609450273888 0.14359844633683749 0.14591372100063038 0.14295888974768256 0.14525342209787945 0.14381940850813391 0.1453967204378066 0.14317788656523053 0.14474108186676671
14 0 0.0021129929230016276 0.0021315721479998745 0.14080884862278004 0.14208768636225771 0.14019384600075191 0.1414614868413453 0.14093160621492654 0.14181110628616481 0.14031553314891043 0.14118733689253618
17 0 0.0043213410525334509 0.0043665885215787232 0.16760820642571622 0.17066245060210128 0.16673755009003616 0.1697598594860924 0.16787395792790161 0.16994121914671997 0.16700054565556344 0.16904622073335487
9 0 0.001972091535909366 0.0019923764038354292 0.16465864918171308 0.16592597182310681 0.16381828989034869 0.16507266033922835 0.16477876591532953 0.16564129788038742 0.16393718324368892 0.16479090438062827
15 0 0.0011255026717211791 0.0011369737126182451 0.1631570571472184 0.16384203531850305 0.16233191674972258 0.16300996971160775 0.16322256181553624 0.16369340726575621 0.16239676040326453 0.16286284675178708
5 1 0.0096239017460042278 0.0096302811404816776 0.01063673304572349 0.017033984553279868 0.010633209412495959 0.017024949719707305 0.011219670511668892 0.015548085804984776 0.011215750146706921 0.015540558116987211
6 1 0.0049742308889726417 0.0049753822848401796 0.0037147152629985886 0.0067946698789429494 0.0037142854110768578 0.0067932318657538682 0.0040138911045631831 0.0061172947396672516 0.0040133892302862129 0.0061161291273668745
19 1 0.0031053956591513554 0.0031053956591513554 0 0.0016386196702813383 0 0.0016385360229235202 1.29901927760738e-05 0.0012526641975322047 1.2990187518919713e-05 0.0012526153131138941
7 0 0.0040745090944990263 0.004082320374242744 0.03075323707797617 0.033574281739049971 0.030723800735576512 0.033539200291633153 0.031001221822735698 0.03289896069013263 0.030971309065756115 0.03286527561448252
8 0 0.0019395159645501855 0.0019428935726362659 0.027936942701218159 0.029161578497669483 0.027912648758808722 0.029135108997196235 0.02805397465579447 0.028888432078672432 0.028029476834511225 0.028862455896380562
14 0 0.0011313207246805845 0.0011331864450856363 0.026456586455324782 0.027135884798380028 0.026434797928187481 0.02711296350888398 0.026521841709892496 0.026989064265101316 0.026499945611736589 0.026966390235339293
17 0 0.0022378973695408181 0.0022435430714466548 0.040462812318051045 0.042029058319887347 0.040411869487015251 0.041974098018976502 0.04059933193870334 0.041659747349323553 0.040548044988195447 0.041605748060936337
9 0 0.0010250095726808874 0.0010274983476615323 0.038944511689447181 0.039597565906849208 0.038897317993517366 0.039548777164856996 0.039006452985682963 0.039450963823888463 0.038959109138349109 0.039402535453389162
15 0 0.00058607415362704057 0.000587468831503438 0.038169382609819336 0.038523154235023171 0.038124047756999235 0.03847697562700586 0.038203227153465844 0.038446418134123389 0.038157811916592385 0.038400423203775395
10 0 0.00013329702821995832 0.0001372066866141395 0.46732631388425555 0.46738998278026678 0.46062004230949716 0.46068189686079641 0.46733997323095194 0.46738381407241936 0.46063331243213684 0.46067590395050256
16 0 0.00013497800546247163 0.00013500924887921428 0.0037147152629985886 0.0037674247721203313 0.0037142854110768578 0.0037669826357137337 0.0037271971992346746 0.0037628538965207032 0.0037267644539089062 0.0037624128322556582
18 0 0.00013310419339420857 0.00013665348275222359 0.42514293148808896 0.4252007363863477 0.41958550774445463 0.41964181118090771 0.42515654015933918 0.42520027785194431 0.41959876295329035 0.41964136455755968
20 0 0.0001287118402615306 0.00012945311755174771 0.092297536660536333 0.092341773911982949 0.092032899222436224 0.092076883101156026 0.092298535698830272 0.09233686299850212 0.092033892539985188 0.092072000321326897
-1
2 1 0.000135244795728795 0.000135244795728795 0 5.3817518077203808e-05 0 5.3817427844438104e-05 1.29901927760738e-05 4.9133440482053683e-05 1.2990187518919713e-05 4.9133365272730268e-05
20 1 0.0016832320592357064 0.0016832320592357064 0 0.00057531707594948855 0 0.00057530676437900219 1.29901927760738e-05 0.00051143789655333483 1.2990187518919713e-05 0.00051142974769130794
4 1 0.00069365774108895504 0.00069370003941182092 0.00097864058983132551 0.0012813076395804535 0.00097861075309768619 0.0012812564940643534 0.0010467155881566 0.0012526641975322047 0.0010466814561916316 0.0012526153131138941
12 1 0.00035627084035267298 0.00035630360201541553 0.0014758003456047941 0.0016386196702813383 0.0014757324950632755 0.0016385360229235202 0.0015111541412225885 0.001623061878753858 0.0015110830010105077 0.0016229798121870408
5 1 0.00041587561743175482 0.00041588338496574247 0.00029975719081998253 0.00057531707594948855 0.00029975439149554362 0.00057530676437900219 0.00032492545742008683 0.00051143789655333483 0.00032492216828925629 0.00051142974769130794
6 1 0.00021605665602919544 0.00021605665602919544 0 0.00013358240175820324 0 0.00013358184583500687 1.29901927760738e-05 0.00010423188150656865 1.2990187518919713e-05 0.00010423154303852513
-1
3 1 5.1763515636881201e-05 5.1763785501340031e-05 8.3670679374536761e-05 0.00010639432233128243 8.3670461270446417e-05 0.00010639396967337955 8.8757406901965373e-05 0.00010423188150656865 8.875716147284103e-05 0.00010423154303852513
11 1 2.7128276197524773e-05 2.7128480971187474e-05 0.00012114430836829282 0.00013358240175820324 0.0001211438511511953 0.00013358184583500687 0.00012383803886372244 0.00013239033559396323 0.00012383756108755826 0.00013238978954844231
2 0 0.0031137149486824001 0.0031144356869106105 0.0037147152629985886 0.0049546488966375479 0.0037142854110768578 0.0049538842217873302 0.0040138911045631831 0.0048466806560429005 0.0040133892302862129 0.00484594894213599
3 0 0.0011934487685534515 0.0011938684298913541 0.0056429855872889845 0.0061671887579299867 0.0056419937062041625 0.0061660040559425866 0.0057603102565205178 0.0061172947396672516 0.0057592767055708012 0.0061161291273668745
11 0 0.00062586520896481819 0.00062611900898379533 0.0065075685608552147 0.0067946698789429494 0.0065062494917905167 0.0067932318657538682 0.0065697407808347512 0.0067671512427887222 0.0065683963896449411 0.0067657248527909497
5 0 0.00069570414601818008 0.00069589883391997401 0.0044909262913113146 0.0049546488966375479 0.0044902980461308806 0.0049538842217873302 0.0045330622280980509 0.0048466806560429005 0.0045324221394824346 0.00484594894213599
6 0 0.00035702362728484704 0.0003571124466453246 0.0039924143704921367 0.0042138124159633028 0.0039919178521740095 0.0042132593060311696 0.0040138911045631831 0.0041650633376695582 0.0040133892302862129 0.0041645229506109315
13 0 0.00021690090648007754 0.0002169511130034607 0.0037147152629985886 0.0038435510660884686 0.0037142854110768578 0.0038430908822308929 0.0037271971992346746 0.0038159098039276117 0.0037267644539089062 0.0038154562147909455
4 0 4.9646958743567987e-05 4.9658703010351536e-05 0.0037962911398853327 0.0038179608267595588 0.0037958422025429206 0.0038175067499192084 0.0038011644679712769 0.0038159098039276117 0.003800714377348721 0.0038154562147909455
12 0 2.5512317665840744e-05 2.5518409342276948e-05 0.003831889048683812 0.0038435510660884686 0.0038314316529828307 0.0038430908822308929 0.0038344211255883693 0.0038424366515972005 0.0038339631252379846 0.0038419767345399631
0 0 0.0072600497639271136 0.0074700155744218538 0.46084450193958881 0.46397907087575374 0.45432167379861543 0.45736784358905125 0.4615710594491782 0.46369273507353986 0.45502779360758416 0.45708960718919012
1 0 0.0032846531088298768 0.0033806909556141724 0.46586981925203241 0.46738998278026678 0.45920498671377274 0.46068189686079641 0.46620380787036741 0.46724214487187665 0.45952948413648353 0.46053827145347626
-1
-1
-1
-1
-1
-1
7 0 0.00085172577182286312 0.00087667770157281197 0.46677751392554623 0.46738998278026678 0.4600868712359899 0.46068189686079641 0.46683081948998706 0.46724214487187665 0.46013865953700017 0.46053827145347626
8 0 0.00039672853886147568 0.00040833598670580746 0.46617920041717903 0.46643778662849855 0.4595055761981941 0.45975680978647304 0.46620380787036741 0.46637990108105304 0.45952948413648353 0.45970057049942531
14 0 0.00022880843253354679 0.00023549841423284312 0.46586981925203241 0.46601135481882427 0.45920498671377274 0.4593425009749057 0.46588338392780604 0.4659807021513766 0.45921816604204491 0.45931271931183337
0 0 0.00053315403467930943 0.00054877317226950835 0.46677751392554623 0.46700649546850581 0.4600868712359899 0.460309333960568 0.46683081948998706 0.46698568543854396 0.46013865953700017 0.46028911649539367
1 0 0.00023696744582961423 0.00024391506112112949 0.46714337461194982 0.46725275635858188 0.46044231483184123 0.46054858061936715 0.46716745733512077 0.46724214487187665 0.4604657115714762 0.46053827145347626
0 0 0.012264842039878175 0.01258106288343093 0.41115713396656328 0.41640703514847444 0.40595710164347082 0.41107422194418825 0.41237922372411406 0.4159298936755948 0.4071484297960169 0.4106092166361302
1 0 0.0054496336058665017 0.0055930251536113942 0.41954559038989858 0.42205380977819118 0.41413260745969804 0.41657633371605735 0.42009781594829454 0.42181047275056649 0.4146706661618268 0.41633927005582505
10 0 0.00306502321491821 0.0031464822305418971 0.42374062963415032 0.4252007363863477 0.41821956886333034 0.41964181118090771 0.42405387272273914 0.42505926843324099 0.41852469948883303 0.4195040174534343
17 0 0.00082883110711647946 0.0008509040651923142 0.42460334992357879 0.4252007363863477 0.41905993196672647 0.41964181118090771 0.42465515283797017 0.42505926843324099 0.41911039100230352 0.4195040174534343
9 0 0.00037549642200807097 0.00038548285201117118 0.42403062928850599 0.42427620599437721 0.41850205822189596 0.41874127114045728 0.42405387272273914 0.4242209773687437 0.41852469948883303 0.41868747400462858
15 0 0.00021350904775883613 0.00021918347031215724 0.42374062963415032 0.42387278763421765 0.41821956886333034 0.41834830491283609 0.42375325848921314 0.42384409312063798 0.4182318707662423 0.41832035347162938
0 0 0.00051882268148482468 0.00053263967170017607 0.42460334992357879 0.42482679453275812 0.41905993196672647 0.41927757879438954 0.42465515283797017 0.42480638849347657 0.41911039100230352 0.41925770236056364
1 0 0.00023458961856518581 0.00024084238026679891 0.42496151497820694 0.42506979780854615 0.41940880216458298 0.41951427339960878 0.42498530782071564 0.42505926843324099 0.41943197727919218 0.4195040174534343
16 0 0.0033148101448716716 0.003333900797969136 0.092297536660536333 0.09359979504970467 0.092032899222436224 0.09332764821354439 0.092605800775372282 0.093486813471890043 0.092339395213720019 0.093215322287361971
4 0 0.0012209958993671258 0.0012281816784110631 0.094313533967150809 0.094849589750457264 0.094037226957869813 0.094570137541174937 0.094434068962417753 0.094798842861443397 0.094157056284832341 0.094519689159891729
12 0 0.00062783386836095774 0.00063156333800656612 0.095194257828809969 0.095482917096018471 0.094912773974741349 0.095199726095770654 0.095256926535965417 0.09545533022511267 0.09497507249316349 0.095172302597469366
5 0 0.00073089711886006122 0.00073514372461544334 0.0931125395776779 0.09359979504970467 0.092843214737067192 0.09332764821354439 0.093157030025692214 0.093486813471890043 0.092887448121968696 0.093215322287361971
6 0 0.00037945653581061833 0.00038164866703738198 0.092582854178050844 0.092818854832677211 0.092316580434385787 0.092551223817327499 0.092605800775372282 0.092766994808743911 0.092339395213720019 0.092499662342351796
19 0 0.00023746053742002005 0.00023882812007514076 0.092297536660536333 0.092423486347131323 0.092032899222436224 0.09215812720330796 0.092298535698830272 0.092393833574021242 0.092033892539985188 0.092128644432084864
4 0 5.3008562882764262e-05 5.3314098995211806e-05 0.09237277559928575 0.092396034511618763 0.092107707151538598 0.092130832753384906 0.09237800735703032 0.092393833574021242 0.092112908925919904 0.092128644432084864
12 0 2.7217113350537178e-05 2.737405507178203e-05 0.092410977995571797 0.092423486347131323 0.092145690569822414 0.09215812720330796 0.092413694119533957 0.092422291204735038 0.092148391121396653 0.092156938913815753
11 0 1 1 0 0.46068189686079641 0 0.45808424394514358 0.099397792247994221 0.41633927005582505 0.099276325597734638 0.41421646868103856
17 1 0.26631990704653846 0.26811287810111334 0.27300833619658782 0.46068189686079641 0.27209395051596036 0.45808424394514358 0.28932680140962719 0.41633927005582505 0.28830004364484452 0.41421646868103856
9 1 0.12188160288387195 0.12215790983241503 0.092032899222436224 0.1697598594860924 0.091928756455853647 0.16940586372005983 0.099397792247994221 0.15229615697469523 0.099276325597734638 0.15201118699155997
15 1 0.069659846855200214 0.069659846855200214 0 0.041974098018976502 0 0.041952422323735472 0.0040133892302862129 0.03286527561448252 0.0040131909699997748 0.032851985353138061
0 0 0.16670803873105156 0.16783038325018473 0.27300833619658782 0.34333568427924621 0.27209395051596036 0.34189077378000721 0.28932680140962719 0.33691953553265114 0.28830004364484452 0.33552801505167212
1 0 0.074904746429835384 0.075617617291705241 0.38566238046723395 0.41964181118090771 0.38384019595161062 0.41748528592710787 0.39313176938823213 0.41633927005582505 0.39123849160452162 0.41421646868103856
18 0 0.042365197775220589 0.042828045200345645 0.44257068154283796 0.46068189686079641 0.44017273003985069 0.45808424394514358 0.44683543504606893 0.46053827145347626 0.44439117362717845 0.45794223344644286
2 0 0.076294120103521657 0.076467079721862063 0.092032899222436224 0.12281214146263292 0.091928756455853647 0.1226267621841643 0.099397792247994221 0.12010505012064075 0.099276325597734638 0.11992774733176192
3 0 0.03022859075255814 0.030333011317033687 0.14019384600075191 0.15357523741112289 0.13995233122320994 0.1532854651608393 0.14317788656523053 0.15229615697469523 0.14292599027043998 0.15201118699155997
11 0 0.016092745155760951 0.016157122395929552 0.16233191674972258 0.1697598594860924 0.16200819229002628 0.16940586372005983 0.16393718324368892 0.16904622073335487 0.16360703115084627 0.16869519189854737
16 1 0.043349506178763875 0.043349506178763875 0 0.017024949719707305 0 0.017021382619628433 0.0040133892302862129 0.015540558116987211 0.0040131909699997748 0.015537585870820863
4 1 0.016230079208433335 0.016240643293865133 0.026434797928187481 0.033539200291633153 0.026426198980287696 0.033525359505161056 0.028029476834511225 0.03286527561448252 0.028019809320966132 0.032851985353138061
12 1 0.0084054803342707811 0.0084133712617154386 0.038124047756999235 0.041974098018976502 0.038106165230673117 0.041952422323735472 0.038959109138349109 0.041605748060936337 0.038940434833842089 0.041584451036485864
5 0 0.039649144742762113 0.039958377157286368 0.31618571610707219 0.34333568427924621 0.31495988085653587 0.34189077378000721 0.31860939665290788 0.33691953553265114 0.31736473340221683 0.33552801505167212
6 0 0.019542691292717462 0.019681566664810579 0.2881421167689206 0.30045501138580466 0.28712373536675817 0.29934790260919303 0.28932680140962719 0.29772467775956307 0.28830004364484452 0.29663756248064849
13 0 0.011612856447535735 0.011691038794857223 0.27300833619658782 0.27998721726867665 0.27209395051596036 0.27902556773223752 0.27368129956930354 0.27848379953072372 0.27276240801222673 0.27753243205742423
7 0 0.019399005361428624 0.019593365844045689 0.40595710164347082 0.41964181118090771 0.40393859531212112 0.41748528592710787 0.4071484297960169 0.41633927005582505 0.40511808862573956 0.41421646868103856
8 0 0.0090433454719652112 0.0091309591012250085 0.39258151858413021 0.39836320420945193 0.39069352425546366 0.3964193277539434 0.39313176938823213 0.39706906577959533 0.39123849160452162 0.39513776810123047
14 0 0.0052178531650299426 0.0052675116400953403 0.38566238046723395 0.38882797972654909 0.38384019595161062 0.38697583051225148 0.38596578658291447 0.38814243256794151 0.38414074064606302 0.3862967931875253
21 0 0.011469453441823619 0.011598095646734835 0.45432167379861543 0.46068189686079641 0.45179505599683289 0.45808424394514358 0.45502779360758416 0.46053827145347626 0.45249333772499978 0.45794223344644286
9 0 0.0051921798024109136 0.0052494127447049004 0.44651890562941576 0.44986377118332632 0.4440780964592087 0.44738635837240848 0.44683543504606893 0.44911141712982972 0.44439117362717845 0.4466422611199789
15 0 0.0029511531890121373 0.0029833950697636738 0.44257068154283796 0.44436972895264032 0.44017273003985069 0.44195229575006068 0.44274257975537984 0.44397908224213029 0.44034277017153467 0.44156588597533686
5 0 0.017274509007087102 0.017321841311940485 0.11122185540357649 0.12281214146263292 0.11106979339539036 0.1226267621841643 0.11227106621582611 0.12010505012064075 0.11211612372150105 0.11992774733176192
6 0 0.0087895917677385249 0.0088109985984052841 0.098867798599380191 0.10434101833338727 0.098747623044335431 0.10420717790206163 0.099397792247994221 0.10313404577835422 0.099276325597734638 0.1030032819161861
13 0 0.0053146367223622093 0.0053266850628901352 0.092032899222436224 0.095199726095770654 0.091928756455853647 0.095088297311665126 0.092339395213720019 0.094519689159891729 0.092234558036531231 0.094409845702409817
7 0 0.007659801673322645 0.00768778241380331 0.1482453196516294 0.15357523741112289 0.14797529412320176 0.1532854651608393 0.14871245561197349 0.15229615697469523 0.14844072720660098 0.15201118699155997
8 0 0.0036224027514159332 0.003635162862981843 0.14295888974768256 0.14525342209787945 0.14270776276052866 0.14499417640228318 0.14317788656523053 0.14474108186676671 0.14292599027043998 0.14448366015654043
14 0 0.0021057190024717232 0.0021129929230016276 0.14019384600075191 0.1414614868413453 0.13995233122320994 0.14121558856709121 0.14031553314891043 0.14118733689253618 0.14007359928534541 0.14094238996290398
17 0 0.0043036570268132008 0.0043213410525334509 0.16673755009003616 0.1697598594860924 0.16639603412628134 0.16940586372005983 0.16700054565556344 0.16904622073335487 0.16665795260095032 0.16869519189854737
9 0 0.0019641621055521887 0.001972091535909366 0.16381828989034869 0.16507266033922835 0.16348861601954817 0.1647379236162157 0.16393718324368892 0.16479090438062827 0.16360703115084627 0.16445730822535992
15 0 0.0011210181630300735 0.0011255026717211791 0.16233191674972258 0.16300996971160775 0.16200819229002628 0.1626835379585943 0.16239676040326453 0.16286284675178708 0.16207277752584964 0.16253700337914889
5 1 0.0096213829389213378 0.0096239017460042278 0.010633209412495959 0.017024949719707305 0.010631817837822799 0.017021382619628433 0.011215750146706921 0.015540558116987211 0.011214201931531914 0.015537585870820863
6 1 0.0049737760726458191 0.0049742308889726417 0.0037142854110768578 0.0067932318657538682 0.0037141156002755832 0.0067926638620288138 0.0040133892302862129 0.0061161291273668745 0.0040131909699997748 0.006115668706266
19 1 0.0031053956591513554 0.0031053956591513554 0 0.0016385360229235202 0 0.001638502975481404 1.2990187518919713e-05 0.0012526153131138941 1.2990185441754884e-05 0.0012525959995083171
7 0 0.0040714289681304076 0.0040745090944990263 0.030723800735576512 0.033539200291633153 0.030712185706887885 0.033525359505161056 0.030971309065756115 0.03286527561448252 0.030959506179853886 0.032851985353138061
8 0 0.001938183869405339 0.0019395159645501855 0.027912648758808722 0.029135108997196235 0.027903061652763517 0.02912466390707491 0.028029476834511225 0.028862455896380562 0.028019809320966132 0.028852205352271624
14 0 0.0011305848321072412 0.0011313207246805845 0.026434797928187481 0.02711296350888398 0.026426198980287696 0.027103917777592412 0.026499945611736589 0.026966390235339293 0.026491304234893473 0.02695744202638873
17 0 0.0022356725757498364 0.0022378973695408181 0.040411869487015251 0.041974098018976502 0.04039177686926082 0.041952422323735472 0.040548044988195447 0.041605748060936337 0.040527816764368452 0.041584451036485864
9 0 0.0010240287277025559 0.0010250095726808874 0.038897317993517366 0.039548777164856996 0.038878702864691084 0.039529533429753017 0.038959109138349109 0.039402535453389162 0.038940434833842089 0.039383433738046682
15 0 0.00058552447282970033 0.00058607415362704057 0.038124047756999235 0.03847697562700586 0.038106165230673117 0.038458760557453175 0.038157811916592385 0.038400423203775395 0.038139897708741356 0.038382280525142969
10 0 0.00013179821865489299 0.00013329702821995832 0.46062004230949716 0.46068189686079641 0.45802308494097355 0.45808424394514358 0.46063331243213684 0.46067590395050256 0.45803620585045307 0.4580783184284708
16 0 0.00013496566361936857 0.00013497800546247163 0.0037142854110768578 0.0037669826357137337 0.0037141156002755832 0.0037668079723895964 0.0037267644539089062 0.0037624128322556582 0.0037265935001759543 0.0037622385924399766
18 0 0.00013173985419838904 0.00013310419339420857 0.41958550774445463 0.41964181118090771 0.41742955964827411 0.41748528592710787 0.41959876295329035 0.41964136455755968 0.41744267898697701 0.4174848438823266
20 0 0.00012842070873375633 0.0001287118402615306 0.092032899222436224 0.092076883101156026 0.091928756455853647 0.09197264082443557 0.092033892539985188 0.092072000321326897 0.091929747526621947 0.091967769093861895
-1
2 1 0.000135244795728795 0.000135244795728795 0 5.3817427844438104e-05 0 5.3817392192678781e-05 1.2990187518919713e-05 4.9133365272730268e-05 1.2990185441754884e-05 4.9133335556850025e-05
20 1 0.0016832320592357064 0.0016832320592357064 0 0.00057530676437900219 0 0.0005753026902900471 1.2990187518919713e-05 0.00051142974769130794 1.2990185441754884e-05 0.00051142652807696046
4 1 0.00069364102972140659 0.00069365774108895504 0.00097861075309768619 0.0012812564940643534 0.0009785989648470883 0.001281236287153209 0.0010466814561916316 0.0012526153131138941 0.0010466679709700436 0.0012525959995083171
12 1 0.00035625789718126495 0.00035627084035267298 0.0014757324950632755 0.0016385360229235202 0.0014757056884460162 0.001638502975481404 0.0015110830010105077 0.0016229798121870408 0.0015110548947424019 0.0016229473892628154
5 1 0.00041587254847176238 0.00041587561743175482 0.00029975439149554362 0.00057530676437900219 0.00029975328547260371 0.0005753026902900471 0.00032492216828925629 0.00051142974769130794 0.00032492086874356789 0.00051142652807696046
6 1 0.00021605665602919544 0.00021605665602919544 0 0.00013358184583500687 0 0.00013358162618631875 1.2990187518919713e-05 0.00010423154303852513 1.2990185441754884e-05 0.00010423140930734175
-1
3 1 5.1763409011677309e-05 5.1763515636881201e-05 8.3670461270446417e-05 0.00010639396967337955 8.3670375096045468e-05 0.00010639383033589356 8.875716147284103e-05 0.00010423154303852513 8.8757064502025809e-05 0.00010423140930734175
11 1 2.7128195290315696e-05 2.7128276197524773e-05 0.0001211438511511953 0.00013358184583500687 0.00012114367050175545 0.00013358162618631875 0.00012383756108755826 0.00013238978954844231 0.00012383737231499696 0.00013238957380236465
2 0 0.0031134302476800713 0.0031137149486824001 0.0037142854110768578 0.0049538842217873302 0.0037141156002755832 0.0049535821571784489 0.0040133892302862129 0.00484594894213599 0.0040131909699997748 0.0048456598965213159
3 0 0.0011932830177068402 0.0011934487685534515 0.0056419937062041625 0.0061660040559425866 0.0056416019014907115 0.0061655360953604132 0.0057592767055708012 0.0061161291273668745 0.0057588684428512759 0.006115668706266
11 0 0.00062576497290863225 0.00062586520896481819 0.0065062494917905167 0.0067932318657538682 0.0065057284635449131 0.0067926638620288138 0.0065683963896449411 0.0067657248527909497 0.006567865360671863 0.006765161439459935
5 0 0.00069562724565835812 0.00069570414601818008 0.0044902980461308806 0.0049538842217873302 0.0044900498694597224 0.0049535821571784489 0.0045324221394824346 0.00484594894213599 0.004532169284743516 0.0048456598965213159
6 0 0.00035698854311849715 0.00035702362728484704 0.0039919178521740095 0.0042132593060311696 0.0039917217075211009 0.0042130408075229386 0.0040133892302862129 0.0041645229506109315 0.0040131909699997748 0.0041643094776474422
13 0 0.00021688107423756264 0.00021690090648007754 0.0037142854110768578 0.0038430908822308929 0.0037141156002755832 0.0038429090899714802 0.0037267644539089062 0.0038154562147909455 0.0037265935001759543 0.003815277027512466
4 0 4.9642319630260231e-05 4.9646958743567987e-05 0.0037958422025429206 0.0038175067499192084 0.0037956648527726067 0.0038173273699927956 0.003800714377348721 0.0038154562147909455 0.0038005365720203519 0.003815277027512466
12 0 2.5509911392876542e-05 2.5512317665840744e-05 0.0038314316529828307 0.0038430908822308929 0.0038312509620725965 0.0038429090899714802 0.0038339631252379846 0.0038419767345399631 0.0038337821954852421 0.0038417950476692048
0 0 0.0071795237156995588 0.0072600497639271136 0.45432167379861543 0.45736784358905125 0.45179505599683289 0.45480732636797966 0.45502779360758416 0.45708960718919012 0.45249333772499978 0.45453219565470576
1 0 0.0032478325363337725 0.0032846531088298768 0.45920498671377274 0.46068189686079641 0.45662391618524473 0.45808424394514358 0.45952948413648353 0.46053827145347626 0.45694477475584544 0.45794223344644286
-1
-1
-1
-1
-1
-1
7 0 0.00084215984543818852 0.00085172577182286312 0.4600868712359899 0.46068189686079641 0.45749590547377089 0.45808424394514358 0.46013865953700017 0.46053827145347626 0.45754711209610255 0.45794223344644286
8 0 0.00039227837231411208 0.00039672853886147568 0.4595055761981941 0.45975680978647304 0.45692113500358572 0.4571695497012026 0.45952948413648353 0.45970057049942531 0.45694477475584544 0.45711394156282664
14 0 0.00022624351709234734 0.00022880843253354679 0.45920498671377274 0.4593425009749057 0.45662391618524473 0.45675988869892176 0.45921816604204491 0.45931271931183337 0.45663694777270492 0.45673044097316479
0 0 0.00052716606012674985 0.00053315403467930943 0.4600868712359899 0.460309333960568 0.45749590547377089 0.45771586906980599 0.46013865953700017 0.46028911649539367 0.45754711209610255 0.4576958787755121
1 0 0.00023430397165688044 0.00023696744582961423 0.46044231483184123 0.46054858061936715 0.45784735547250527 0.45795242671381542 0.4604657115714762 0.46053827145347626 0.45787048923010315 0.45794223344644286
0 0 0.012143178378970353 0.012264842039878175 0.40595710164347082 0.41107422194418825 0.40393859531212112 0.40900463775478896 0.4071484297960169 0.4106092166361302 0.40511808862573956 0.40854430024722554
1 0 0.0053944944217944419 0.0054496336058665017 0.41413260745969804 0.41657633371605735 0.41203219204214242 0.4144511203759606 0.4146706661618268 0.41633927005582505 0.41256480317726402 0.41421646868103856
10 0 0.0030337077297516966 0.00306502321491821 0.41821956886333034 0.41964181118090771 0.41607759924358712 0.41748528592710787 0.41852469948883303 0.4195040174534343 0.41637961120672129 0.41734890456523549
17 0 0.00082034601603801229 0.00082883110711647946 0.41905993196672647 0.41964181118090771 0.41690936775794801 0.41748528592710787 0.41911039100230352 0.4195040174534343 0.41695931019238958 0.41734890456523549
9 0 0.00037165738608533954 0.00037549642200807097 0.41850205822189596 0.41874127114045728 0.41635720142792948 0.41659396796517428 0.41852469948883303 0.41868747400462858 0.41637961120672129 0.41654072112249352
15 0 0.00021132761585794047 0.00021350904775883613 0.41821956886333034 0.41834830491283609 0.41607759924358712 0.41620501978998609 0.4182318707662423 0.41832035347162938 0.41608977545554876 0.41617735400772066
0 0 0.00051351127646132272 0.00051882268148482468 0.41905993196672647 0.41927757879438954 0.41690936775794801 0.41712478586974455 0.41911039100230352 0.41925770236056364 0.41695931019238958 0.41710511301937514
1 0 0.00023218604246486168 0.00023458961856518581 0.41940880216458298 0.41951427339960878 0.41725466495029495 0.41735905540531198 0.41943197727919218 0.4195040174534343 0.41727760260904789 0.41734890456523549
16 0 0.003307312430820275 0.0033148101448716716 0.092032899222436224 0.09332764821354439 0.091928756455853647 0.093220556310947056 0.092339395213720019 0.093215322287361971 0.092234558036531231 0.093108487866301035
4 0 0.001218174106843706 0.0012209958993671258 0.094037226957869813 0.094570137541174937 0.093928501353889249 0.094460176866208556 0.094157056284832341 0.094519689159891729 0.094048053572171234 0.094409845702409817
12 0 0.00062636942205016217 0.00062783386836095774 0.094912773974741349 0.095199726095770654 0.094802015527363337 0.095088297311665126 0.09497507249316349 0.095172302597469366 0.094864168684521702 0.095060937963540468
5 0 0.00072922938387023992 0.00073089711886006122 0.092843214737067192 0.09332764821354439 0.092737231076311544 0.093220556310947056 0.092887448121968696 0.093215322287361971 0.092781363507050116 0.093108487866301035
6 0 0.00037859560831066119 0.00037945653581061833 0.092316580434385787 0.092551223817327499 0.092211795026746979 0.092445905365151404 0.092339395213720019 0.092499662342351796 0.092234558036531231 0.09239446113931718
19 0 0.00023692342938375077 0.00023746053742002005 0.092032899222436224 0.09215812720330796 0.091928756455853647 0.092053700993253273 0.092033892539985188 0.092128644432084864 0.091929747526621947 0.092024284988543134
4 0 5.2888566401063413e-05 5.3008562882764262e-05 0.092107707151538598 0.092130832753384906 0.092003395109490682 0.092026468354916124 0.092112908925919904 0.092128644432084864 0.092008585108185492 0.092024284988543134
12 0 2.7155476094305344e-05 2.7217113350537178e-05 0.092145690569822414 0.09215812720330796 0.092041292526296725 0.092053700993253273 0.092148391121396653 0.092156938913815753 0.092043986961975244 0.092052515395167123
12 0 1 1 0 0.45808424394514358 0 0.45670502190903317 0.099276325597734638 0.41421646868103856 0.099211393371992473 0.41308843143256979
17 1 0.26536702700834197 0.26631990704653846 0.27209395051596036 0.45808424394514358 0.27160674467918772 0.45670502190903317 0.28830004364484452 0.41421646868103856 0.28775313119181789 0.41308843143256979
9 1 0.12173400575109061 0.12188160288387195 0.091928756455853647 0.16940586372005983 0.091873077293293304 0.16921687966341081 0.099276325597734638 0.15201118699155997 0.099211393371992473 0.15185900294059301
15 1 0.069659846855200214 0.069659846855200214 0 0.041952422323735472 0 0.041940822616391094 0.0040131909699997748 0.032851985353138061 0.0040130847952589699 0.032844871871111535
0 0 0.16611156524893245 0.16670803873105156 0.27209395051596036 0.34189077378000721 0.27160674467918772 0.34112190887057042 0.28830004364484452 0.33552801505167212 0.28775313119181789 0.33478747077467236
1 0 0.074527090073594746 0.074904746429835384 0.38384019595161062 0.41748528592710787 0.38287134635273434 0.41633939909014561 0.39123849160452162 0.41421646868103856 0.39023198302151224 0.41308843143256979
18 0 0.042120388304488679 0.042365197775220589 0.44017273003985069 0.45808424394514358 0.43889910708884994 0.45670502190903317 0.44439117362717845 0.45794223344644286 0.44309305788584913 0.45656386513527836
2 0 0.076201728855712858 0.076294120103521657 0.091928756455853647 0.1226267621841643 0.091873077293293304 0.12252770804747365 0.099276325597734638 0.11992774733176192 0.099211393371992473 0.11983300388763922
3 0 0.030172887525554248 0.03022859075255814 0.13995233122320994 0.1532854651608393 0.13982332436269013 0.1531307202598815 0.14292599027043998 0.15201118699155997 0.14279144561639456 0.15185900294059301
11 0 0.016058424560242056 0.016092745155760951 0.16200819229002628 0.16940586372005983 0.16183534467191618 0.16921687966341081 0.16360703115084627 0.16869519189854737 0.16343075693067724 0.16850778924696111
16 1 0.043349506178763875 0.043349506178763875 0 0.017021382619628433 0 0.017019472792829282 0.0040131909699997748 0.015537585870820863 0.0040130847952589699 0.015535994484406349
4 1 0.016224425610731247 0.016230079208433335 0.026426198980287696 0.033525359505161056 0.026421595918621366 0.033517951454268169 0.028019809320966132 0.032851985353138061 0.028014634406442307 0.032844871871111535
12 1 0.0084012587331610631 0.0084054803342707811 0.038106165230673117 0.041952422323735472 0.038096594734581823 0.041940822616391094 0.038940434833842089 0.041584451036485864 0.038930440745975722 0.041573053894809746
5 0 0.039485002223853836 0.039649144742762113 0.31495988085653587 0.34189077378000721 0.31430725737985127 0.34112190887057042 0.31736473340221683 0.33552801505167212 0.31670211624599032 0.33478747077467236
6 0 0.01946891704831788 0.019542691292717462 0.28712373536675817 0.29934790260919303 0.28658127258311483 0.29875831375464917 0.28830004364484452 0.29663756248064849 0.28775313119181789 0.29605859141749075
13 0 0.011571306196118236 0.011612856447535735 0.27209395051596036 0.27902556773223752 0.27160674467918772 0.27851324585551596 0.27276240801222673 0.27753243205742423 0.27227280753615746 0.27702557365505598
7 0 0.019296098160144191 0.019399005361428624 0.40393859531212112 0.41748528592710787 0.40286577060656753 0.41633939909014561 0.40511808862573956 0.41421646868103856 0.40403899788448866 0.41308843143256979
8 0 0.0089969395935680235 0.0090433454719652112 0.39069352425546366 0.3964193277539434 0.38968981411231723 0.3953860212152755 0.39123849160452162 0.39513776810123047 0.39023198302151224 0.39411112313823493
14 0 0.0051915456810903288 0.0052178531650299426 0.38384019595161062 0.38697583051225148 0.38287134635273434 0.38599110727550967 0.38414074064606302 0.3862967931875253 0.38317037516351721 0.38531551838004025
21 0 0.011401434433295405 0.011469453441823619 0.45179505599683289 0.45808424394514358 0.4504533901028589 0.45670502190903317 0.45249333772499978 0.45794223344644286 0.45114752752091958 0.45656386513527836
9 0 0.0051619114902445411 0.0051921798024109136 0.4440780964592087 0.44738635837240848 0.44278180647191945 0.44607071103253854 0.44439117362717845 0.4466422611199789 0.44309305788584913 0.44533098012148725
15 0 0.0029340997987722488 0.0029511531890121373 0.44017273003985069 0.44195229575006068 0.43889910708884994 0.440668368790544 0.44034277017153467 0.44156588597533686 0.43906816444593721 0.4402841999167304
5 0 0.017249238851562283 0.017274509007087102 0.11106979339539036 0.1226267621841643 0.11098852398932124 0.12252770804747365 0.11211612372150105 0.11992774733176192 0.11203331648094977 0.11983300388763922
6 0 0.0087781589186588516 0.0087895917677385249 0.098747623044335431 0.10420717790206163 0.098683380354852107 0.10413563771661316 0.099276325597734638 0.1030032819161861 0.099211393371992473 0.10293338462234083
13 0 0.0053082007621885197 0.0053146367223622093 0.091928756455853647 0.095088297311665126 0.091873077293293304 0.095028726293206411 0.092234558036531231 0.094409845702409817 0.092178507936612447 0.094351121463017315
7 0 0.0076448787249445652 0.007659801673322645 0.14797529412320176 0.1532854651608393 0.14783107992910455 0.1531307202598815 0.14844072720660098 0.15201118699155997 0.14829560482435797 0.15185900294059301
8 0 0.0036155963927711268 0.0036224027514159332 0.14270776276052866 0.14499417640228318 0.14257362846084709 0.14485571165113575 0.14292599027043998 0.14448366015654043 0.14279144561639456 0.14434616827956084
14 0 0.0021018387242092915 0.0021057190024717232 0.13995233122320994 0.14121558856709121 0.13982332436269013 0.14108424336900138 0.14007359928534541 0.14094238996290398 0.13994436886346279 0.14081155224407607
17 0 0.0042942305477077268 0.0043036570268132008 0.16639603412628134 0.16940586372005983 0.16621370214971731 0.16921687966341081 0.16665795260095032 0.16869519189854737 0.16647504648267894 0.16850778924696111
9 0 0.0019599349697492652 0.0019641621055521887 0.16348861601954817 0.1647379236162157 0.16331259673649662 0.16455920540235086 0.16360703115084627 0.16445730822535992 0.16343075693067724 0.16427919802275973
15 0 0.0011186273956022494 0.0011210181630300735 0.16200819229002628 0.1626835379585943 0.16183534467191618 0.16250924705047187 0.16207277752584964 0.16253700337914889 0.16189979214100936 0.16236302614119513
5 1 0.0096200343412336416 0.0096213829389213378 0.010631817837822799 0.017021382619628433 0.010631072698194466 0.017019472792829282 0.011214201931531914 0.015537585870820863 0.011213372925512697 0.015535994484406349
6 1 0.0049735325110908946 0.0049737760726458191 0.0037141156002755832 0.0067926638620288138 0.0037140246606323923 0.0067923596938019304 0.0040131909699997748 0.006115668706266 0.0040130847952589699 0.0061154221458019744
19 1 0.0031053956591513554 0.0031053956591513554 0 0.001638502975481404 0 0.0016384852767221125 1.2990185441754884e-05 0.0012525959995083171 1.2990184329323556e-05 0.0012525856559134801
7 0 0.0040697807725458279 0.0040714289681304076 0.030712185706887885 0.033525359505161056 0.030705968625210522 0.033517951454268169 0.030959506179853886 0.032851985353138061 0.030953188574916902 0.032844871871111535
8 0 0.0019374709998725044 0.001938183869405339 0.027903061652763517 0.02912466390707491 0.027897929768170515 0.029119072881075958 0.028019809320966132 0.028852205352271624 0.028014634406442307 0.028846718434193203
14 0 0.0011301910033571227 0.0011305848321072412 0.026426198980287696 0.027103917777592412 0.026421595918621366 0.027099075612484647 0.026491304234893473 0.02695744202638873 0.026486678466485773 0.026952652051566092
17 0 0.0022344824009299822 0.0022356725757498364 0.04039177686926082 0.041952422323735472 0.040381024025571977 0.041940822616391094 0.040527816764368452 0.041584451036485864 0.040516991377047978 0.041573053894809746
9 0 0.0010235039927384334 0.0010240287277025559 0.038878702864691084 0.039529533429753017 0.038868740434754523 0.039519234709528783 0.038940434833842089 0.039383433738046682 0.038930440745975722 0.039373210994674022
15 0 0.00058523039674291365 0.00058552447282970033 0.038106165230673117 0.038458760557453175 0.038096594734581823 0.038449012153525919 0.038139897708741356 0.038382280525142969 0.038130310263223291 0.038372570849599212
10 0 0.00013100586994642337 0.00013179821865489299 0.45802308494097355 0.45808424394514358 0.45664423060693871 0.45670502190903317 0.45803620585045307 0.4580783184284708 0.45665727263459399 0.45669913202007406
16 0 0.00013495905432137079 0.00013496566361936857 0.0037141156002755832 0.0037668079723895964 0.0037140246606323923 0.0037667144341433367 0.0037265935001759543 0.0037622385924399766 0.0037265019484743725 0.003762145280988984
18 0 0.00013101776046722336 0.00013173985419838904 0.41742955964827411 0.41748528592710787 0.41628397827902192 0.41633939909014561 0.41744267898697701 0.4174848438823266 0.41629702570675653 0.41633895946862581
20 0 0.00012826519287045812 0.00012842070873375633 0.091928756455853647 0.09197264082443557 0.091873077293293304 0.091916908505767669 0.091929747526621947 0.091967769093861895 0.091874067163880552 0.091912042677457756
-1
2 1 0.000135244795728795 0.000135244795728795 0 5.3817392192678781e-05 0 5.3817373098674626e-05 1.2990185441754884e-05 4.9133335556850025e-05 1.2990184329323556e-05 4.9133319641962752e-05
20 1 0.0016832320592357064 0.0016832320592357064 0 0.0005753026902900471 0 0.00057530050834297963 1.2990185441754884e-05 0.00051142652807696046 1.2990184329323556e-05 0.00051142480375605749
4 1 0.00069363207981764795 0.00069364102972140659 0.0009785989648470883 0.001281236287153209 0.00097859265149891073 0.0012812254651455857 0.0010466679709700436 0.0012525959995083171 0.0010466607487965274 0.0012525856559134801
12 1 0.00035625096546215793 0.00035625789718126495 0.0014757056884460162 0.001638502975481404 0.0014756913319542986 0.0016384852767221125 0.0015110548947424019 0.0016229473892628154 0.0015110398422228206 0.0016229300249627409
5 1 0.00041587090483456978 0.00041587254847176238 0.00029975328547260371 0.0005753026902900471 0.00029975269312026986 0.00057530050834297963 0.00032492086874356789 0.00051142652807696046 0.00032492017274659462 0.00051142480375605749
6 1 0.00021605665602919544 0.00021605665602919544 0 0.00013358162618631875 0 0.00013358150854864137 1.2990185441754884e-05 0.00010423140930734175 1.2990184329323556e-05 0.00010423133768482236
-1
3 1 5.1763351906265405e-05 5.1763409011677309e-05 8.3670375096045468e-05 0.00010639383033589356 8.3670328943408201e-05 0.00010639375571064313 8.8757064502025809e-05 0.00010423140930734175 8.8757012567191595e-05 0.00010423133768482236
11 1 2.7128151958772847e-05 2.7128195290315696e-05 0.00012114367050175545 0.00013358162618631875 0.0001211435737510369 0.00013358150854864137 0.00012383737231499696 0.00013238957380236465 0.00012383727121390026 0.00013238945825492582
2 0 0.0031132777856726079 0.0031134302476800713 0.0037141156002755832 0.0049535821571784489 0.0037140246606323923 0.0049534203947700362 0.0040131909699997748 0.0048456598965213159 0.0040130847952589699 0.0048455051057619833
3 0 0.0011931942602785171 0.0011932830177068402 0.0056416019014907115 0.0061655360953604132 0.0056413920839618603 0.0061652854976590454 0.0057588684428512759 0.006115668706266 0.0057586498122882837 0.0061154221458019744
11 0 0.0006257112991158568 0.00062576497290863225 0.0065057284635449131 0.0067926638620288138 0.0065054494493587134 0.0067923596938019304 0.006567865360671863 0.006765161439459935 0.0065675809913616871 0.0067648597292502537
5 0 0.00069558606516863047 0.00069562724565835812 0.0044900498694597224 0.0049535821571784489 0.0044899169640923997 0.0049534203947700362 0.004532169284743516 0.0048456598965213159 0.0045320338742514225 0.0048455051057619833
6 0 0.00035696975512364282 0.00035698854311849715 0.0039917217075211009 0.0042130408075229386 0.0039916166657275043 0.0042129237950075948 0.0040131909699997748 0.0041643094776474422 0.0040130847952589699 0.0041641951563570383
13 0 0.00021687045375529124 0.00021688107423756264 0.0037141156002755832 0.0038429090899714802 0.0037140246606323923 0.0038428117340739143 0.0037265935001759543 0.003815277027512466 0.0037265019484743725 0.0038151810666200688
4 0 4.9639835315236594e-05 4.9642319630260231e-05 0.0037956648527726067 0.0038173273699927956 0.003795569875893412 0.0038172313059345875 0.0038005365720203519 0.003815277027512466 0.0038004413511828652 0.0038151810666200688
12 0 2.5508622798775121e-05 2.5509911392876542e-05 0.0038312509620725965 0.0038429090899714802 0.003831154195963471 0.0038428117340739143 0.0038337821954852421 0.0038417950476692048 0.0038336853014725482 0.0038416977482088797
0 0 0.0071369459165634697 0.0071795237156995588 0.45179505599683289 0.45480732636797966 0.4504533901028589 0.45344773707150804 0.45249333772499978 0.45453219565470576 0.45114752752091958 0.45317424834231612
1 0 0.0032283664916119758 0.0032478325363337725 0.45662391618524473 0.45808424394514358 0.45525346062832833 0.45670502190903317 0.45694477475584544 0.45794223344644286 0.45557239544462858 0.45656386513527836
-1
-1
-1
-1
-1
-1
7 0 0.00083710272328289576 0.00084215984543818852 0.45749590547377089 0.45808424394514358 0.45612021863826979 0.45670502190903317 0.45754711209610255 0.45794223344644286 0.45617111775060493 0.45656386513527836
8 0 0.00038992570903624612 0.00039227837231411208 0.45692113500358572 0.4571695497012026 0.45554889747385163 0.45579582191777901 0.45694477475584544 0.45711394156282664 0.45557239544462858 0.4557405474457884
14 0 0.00022488751539814994 0.00022624351709234734 0.45662391618524473 0.45675988869892176 0.45525346062832833 0.45538861806323644 0.45663694777270492 0.45673044097316479 0.45526641410921581 0.45535934688053292
0 0 0.00052400045780478426 0.00052716606012674985 0.45749590547377089 0.45771586906980599 0.45612021863826979 0.45633886104926957 0.45754711209610255 0.4576958787755121 0.45617111775060493 0.45631899085040462
1 0 0.00023289591361043616 0.00023430397165688044 0.45784735547250527 0.45795242671381542 0.45646955739270845 0.45657399713253266 0.45787048923010315 0.45794223344644286 0.45649255212367146 0.45656386513527836
0 0 0.012078761648401153 0.012143178378970353 0.40393859531212112 0.40900463775478896 0.40286577060656753 0.40790477102892569 0.40511808862573956 0.40854430024722554 0.40403899788448866 0.40744690462166694
1 0 0.0053653068343027591 0.0053944944217944419 0.41203219204214242 0.4144511203759606 0.41091600429398806 0.41332180645205574 0.41256480317726402 0.41421646868103856 0.41144573181490351 0.41308843143256979
10 0 0.0030171329770567008 0.0030337077297516966 0.41607759924358712 0.41748528592710787 0.41493941630145165 0.41633939909014561 0.41637961120672129 0.41734890456523549 0.41523977761682296 0.41620376524085101
17 0 0.00081585510811990278 0.00082034601603801229 0.41690936775794801 0.41748528592710787 0.41576663590009189 0.41633939909014561 0.41695931019238958 0.41734890456523549 0.41581630491301541 0.41620376524085101
9 0 0.00036962546594035786 0.00037165738608533954 0.41635720142792948 0.41659396796517428 0.41521749035974892 0.41545296208370025 0.41637961120672129 0.41654072112249352 0.41523977761682296 0.41540000649775038
15 0 0.00021017302112354402 0.00021132761585794047 0.41607759924358712 0.41620501978998609 0.41493941630145165 0.41506614057573349 0.41608977545554876 0.41617735400772066 0.41495152598734669 0.41503862598738966
0 0 0.0005107001067690064 0.00051351127646132272 0.41690936775794801 0.41712478586974455 0.41576663590009189 0.41598087442206583 0.41695931019238958 0.41710511301937514 0.41581630491301541 0.41596130932177305
1 0 0.00023091391316564517 0.00023218604246486168 0.41725466495029495 0.41735905540531198 0.41611004201551233 0.41621386045207975 0.41727760260904789 0.41734890456523549 0.41613285399717376 0.41620376524085101
16 0 0.003303307315860593 0.003307312430820275 0.091928756455853647 0.093220556310947056 0.091873077293293304 0.093163301813320221 0.092234558036531231 0.093108487866301035 0.092178507936612447 0.093051370904861305
4 0 0.0012166668524669052 0.001218174106843706 0.093928501353889249 0.094460176866208556 0.093870374209447605 0.094401390016249698 0.094048053572171234 0.094409845702409817 0.093989778410977831 0.094351121463017315
12 0 0.00062558721060396421 0.00062636942205016217 0.094802015527363337 0.095088297311665126 0.094742802557490569 0.095028726293206411 0.094864168684521702 0.095060937963540468 0.094804878072236698 0.095001401209645869
5 0 0.00072833853672300331 0.00072922938387023992 0.092737231076311544 0.093220556310947056 0.09268056855961343 0.093163301813320221 0.092781363507050116 0.093108487866301035 0.092724647064115581 0.093051370904861305
6 0 0.00037813572334499668 0.00037859560831066119 0.092211795026746979 0.092445905365151404 0.092155772580759354 0.092389598181654764 0.092234558036531231 0.09239446113931718 0.092178507936612447 0.092338216586876132
19 0 0.00023663651802507957 0.00023692342938375077 0.091928756455853647 0.092053700993253273 0.091873077293293304 0.091997870421653805 0.091929747526621947 0.092024284988543134 0.091874067163880552 0.091968490082043983
4 0 5.2824467038985517e-05 5.2888566401063413e-05 0.092003395109490682 0.092026468354916124 0.091947625523772336 0.091970670801610477 0.092008585108185492 0.092024284988543134 0.091952809232166546 0.091968490082043983
12 0 2.7122550924326716e-05 2.7155476094305344e-05 0.092041292526296725 0.092053700993253273 0.09198547700059051 0.091997870421653805 0.092043986961975244 0.092052515395167123 0.091988168169301804 0.091996686261252708
13 0 1 1 0 0.58955391959246173 0 0.59813853811933648 0.057492842767551178 0.46378659510773057 0.057573423558060277 0.46908278282997762
16 1 0.62230263395311969 0.62230263395311969 0 0.24223401002157513 0 0.24367093646239002 0.057492842767551178 0.22128490550299473 0.057573423558060277 0.22248342509415414
4 1 0.22679720815827262 0.23098738964878338 0.37428461475794761 0.47313213797175946 0.37772632987700266 0.4786451866876737 0.39653558324513849 0.46378659510773057 0.40040079041365029 0.46908278282997762
12 1 0.11608016139512872 0.11917301768025244 0.53653952693929541 0.58955391959246173 0.54364035662136756 0.59813853811933648 0.5480560014941519 0.58449089873044868 0.55546703736167669 0.59292764795094643
5 1 0.13662453376041722 0.13763991411973148 0.15179653757931638 0.24223401002157513 0.15235956204412876 0.24367093646239002 0.16006398841683198 0.22128490550299473 0.16069013864762899 0.22248342509415414
6 1 0.071129492122956606 0.071314149165901952 0.053216449843940902 0.097173157115531678 0.053285481847962272 0.09740357537779297 0.057492842767551178 0.087518633632990117 0.057573423558060277 0.087705496507546651
19 1 0.044579421278450937 0.044579421278450937 0 0.023501722175225642 0 0.023515175933040422 0.00018647900375971804 0.017970055562207571 0.00018647985031933906 0.017977920305579272
7 0 0.056647537706212142 0.057863918349405755 0.43404679617624931 0.47313213797175946 0.43868214259276939 0.4786451866876737 0.43748744208520224 0.46378659510773057 0.44219696631145339 0.46908278282997762
8 0 0.027043492264265209 0.027571063463819066 0.39490669847903326 0.41194119429387771 0.39874006246320293 0.41611414629576204 0.39653558324513849 0.4081437500910296 0.40040079041365029 0.41223973822136506
14 0 0.015798658787492242 0.016090546188416713 0.37428461475794761 0.38375172850114059 0.37772632987700266 0.38737059599607893 0.37519435789990396 0.38170614601991132 0.37865290164640886 0.38528635574150022
17 0 0.030803847324073819 0.031673834832529051 0.56806768169766109 0.58955391959246173 0.57603374388649953 0.59813853811933648 0.56994195684999527 0.58449089873044868 0.57796104302566209 0.59292764795094643
9 0 0.014130903034862127 0.014515044419451301 0.54720416857936804 0.55618224964140428 0.55459202941380581 0.5638162183234191 0.5480560014941519 0.55416734450994276 0.55546703736167669 0.5617457247435802
15 0 0.0080861262657115924 0.0083015741608784555 0.53653952693929541 0.54140802439765057 0.54364035662136756 0.54863917131557915 0.53700536647002151 0.54035216496709648 0.54411861354207525 0.54755494726144516
0 0 0.085522739619173116 0.086158336372508304 0.15179653757931638 0.18675747807955084 0.15235956204412876 0.1876104420616645 0.16006398841683198 0.18363893948198612 0.16069013864762899 0.1844635922539489
1 0 0.035615523979131453 0.035977183071712007 0.20698654739692446 0.22280648791393001 0.20803481903345822 0.22402159176393932 0.2104956110733108 0.22128490550299473 0.21157981998727618 0.22248342509415414
10 0 0.019407494186215415 0.019629814729088965 0.23327738371994788 0.24223401002157513 0.23460972144479778 0.24367093646239002 0.2352071870550595 0.24137050668044729 0.23656172367038894 0.24279717664958439
2 0 0.044524865824939752 0.04464045543220152 0.053216449843940902 0.070930695242468186 0.053285481847962272 0.071053386801657181 0.057492842767551178 0.069389182088138268 0.057573423558060277 0.069506594352377091
3 0 0.017031378947615333 0.017098540694595536 0.080754057990910566 0.088230012929597854 0.080913124596356675 0.088419929207870382 0.082427668555554362 0.087518633632990117 0.082593403491258446 0.087705496507546651
11 0 0.0089234667789317955 0.008964045959662631 0.093082032043383431 0.097173157115531678 0.093293435764882124 0.09740357537779297 0.09396808182146929 0.096781079586347296 0.094183534069277444 0.09700964001431045
20 1 0.024163591153893549 0.024163591153893549 0 0.0082563042157743488 0 0.0082579640104146201 0.00018647900375971804 0.0073398429235580175 0.00018647985031933906 0.0073411546607273087
4 1 0.0099475505361176428 0.0099543546056136932 0.014041198671249422 0.018380666308049146 0.014045999901464851 0.018388894654341056 0.01501734657559177 0.017970055562207571 0.015022838706664529 0.017977920305579272
12 1 0.0051065128866938595 0.0051117800208515174 0.021168420781140687 0.023501722175225642 0.021179335095709378 0.023515175933040422 0.021675098406549027 0.023278787682197523 0.021686541595330483 0.023291987337491663
0 0 0.035459609515017143 0.036221026239835197 0.43404679617624931 0.44877367113385314 0.43868214259276939 0.45373069736991484 0.43748744208520224 0.4474409599096178 0.44219696631145339 0.45236842673220479
1 0 0.015527399323851972 0.015879145674726834 0.45751156800142445 0.46445926425494294 0.46266461436176032 0.46977091411613103 0.4590439012999275 0.46378659510773057 0.46423171913522138 0.46908278282997762
10 0 0.0086698739281418843 0.0088713421699151244 0.46911417954235402 0.47313213797175946 0.47453345316959783 0.4786451866876737 0.46997705350445074 0.47274330140301191 0.475416397130421 0.47824723950239206
2 0 0.016928391143611343 0.017258634424873992 0.39490669847903326 0.4016933874606482 0.39874006246320293 0.40566030230480232 0.39653558324513849 0.40109866459777421 0.40040079041365029 0.40505378396247727
3 0 0.0066315340798794725 0.0067644266838098651 0.40550203720822864 0.40842246619314748 0.40954491170924689 0.41252407853773843 0.40615416866049292 0.4081437500910296 0.41021012221338365 0.41223973822136506
11 0 0.0035121418726221229 0.0035833737691942152 0.41032810066840664 0.41194119429387771 0.41446827124744856 0.41611414629576204 0.41067697179091517 0.41178635096758476 0.41482422109206724 0.41595615056507812
16 0 0.0098315469763830127 0.010013189274796053 0.37428461475794761 0.37813716122218533 0.37772632987700266 0.38165042530211046 0.37519435789990396 0.37780194898931091 0.37865290164640886 0.38130895804635689
4 0 0.003657741308877977 0.0037264135971418295 0.38025908946237341 0.38185765823395373 0.38381207899083558 0.38544072407471153 0.38061816998382098 0.38170614601991132 0.38417790429964821 0.38528635574150022
12 0 0.0018890534194011053 0.0019247680976453294 0.3828877143361088 0.38375172850114059 0.38649022798041965 0.38737059599607893 0.38307519000800294 0.38366910256695042 0.38668124897063133 0.38728640452165769
0 0 0.019282257303693526 0.019826842621642523 0.56806768169766109 0.57613701317640564 0.57603374388649953 0.58433262914647122 0.56994195684999527 0.57540171057988632 0.57796104302566209 0.58357627196045991
1 0 0.0086511166440521731 0.0089011235496963444 0.5809832946174911 0.58486827158083043 0.58931836566416507 0.59331599731389473 0.58183771850997368 0.58449089873044868 0.59019749993198667 0.59292764795094643
18 0 0.0048893414724105379 0.0050322538045117476 0.58748700612634708 0.58955391959246173 0.59601110149096925 0.59813853811933648 0.58797384061174596 0.58953753409138232 0.5965121718624522 0.5981216719654342
2 0 0.0088455089841589403 0.0090859696298931751 0.54720416857936804 0.55076256306482141 0.55459202941380581 0.55824747796986318 0.5480560014941519 0.55044976137103574 0.55546703736167669 0.55792611897617395
3 0 0.0035024736537234025 0.0035986749636476166 0.55277024099812 0.55431496566161476 0.56031019795168224 0.56189741156888906 0.55311478099229028 0.55416734450994276 0.56066420432407693 0.5617457247435802
11 0 0.0018640645147043966 0.0019155057157790923 0.55532539986824769 0.55618224964140428 0.56293570408614435 0.5638162183234191 0.55551059558073657 0.55609993831141902 0.56312601137662566 0.56373163210358834
16 0 0.0050320176736298287 0.0051660914662718226 0.53653952693929541 0.53851515008794704 0.54364035662136756 0.54566871739847422 0.53700536647002151 0.53834294768647917 0.54411861354207525 0.54549191033104105
4 0 0.001883333943436943 0.0019338063432680849 0.53960655005784586 0.54043029615374105 0.54678933616677328 0.54763517543036222 0.53979147022262086 0.54035216496709648 0.54697921296485352 0.54755494726144516
12 0 0.00097521946966757072 0.0010014218161673999 0.54096178580469045 0.54140802439765057 0.5481809380711955 0.54863917131557915 0.54105857878427177 0.54136533374509332 0.54828033193675119 0.54859533272500838
13 1 0.000135244795728795 0.000135244795728795 0 8.0310337368952323e-05 0 8.0310494383326048e-05 7.7810522789771531e-06 6.3080782434926961e-05 7.7810537529040364e-06 6.3080879305208506e-05
17 0 9.4704592625598504e-05 9.7459820330872123e-05 0.58480178513728787 0.58486827158083043 0.59324757647703974 0.59331599731389473 0.58480755072432433 0.58485252718171366 0.5932535098023527 0.59329979481823003
19 0 0.00013826732538291253 0.00013862627656635595 0.053216449843940902 0.053289363482650801 0.053285481847962272 0.053358584905410178 0.053217028227658572 0.053272197848444697 0.053286061733211959 0.053341374654064397
21 0 0.00010174444822637445 0.00010412907759136633 0.47307633822006778 0.47313213797175946 0.47858807905419043 0.4786451866876737 0.47308253272229944 0.47313087781008784 0.47859441874066144 0.47864389698753429
-1
7 0 9.7171019222980313e-05 0.00010002114214669304 0.58948603553440715 0.58955391959246173 0.59806866283698756 0.59813853811933648 0.58949194391158188 0.58953753409138232 0.59807474451364606 0.5981216719654342
21 0 0.0013234803491529086 0.0013622550827066928 0.58882822916341815 0.58955391959246173 0.59739157334958826 0.59813853811933648 0.58890880474693708 0.58953753409138232 0.59747450976545646 0.5981216719654342
9 0 0.00059919551889495615 0.00061672335137230095 0.58793771049738253 0.58831948706959236 0.59647498482684158 0.59686793293768214 0.58797384061174596 0.58823361898604853 0.5965121718624522 0.59677955153803341
15 0 0.00034059077819089735 0.00035054602935878708 0.58748700612634708 0.58769238231022991 0.59601110149096925 0.59622248176186465 0.58750663033164274 0.58764778792535466 0.59603129930905585 0.59617658349650371
0 0 0.00082845783386299244 0.00085272961983181563 0.58882822916341815 0.589175813442812 0.59739157334958826 0.59774934406863522 0.58890880474693708 0.58914406682698772 0.59747450976545646 0.59771666681927582
1 0 0.00037474930338894359 0.00038573915713891068 0.58938542212472267 0.58955391959246173 0.59796509859299196 0.59813853811933648 0.58942244412967337 0.58953753409138232 0.59800320633572668 0.5981216719654342
-1
8 0 4.5262639237037463e-05 4.6590084967775748e-05 0.5894197164814331 0.58944837951073659 0.59800039869185129 0.59802990236062936 0.58942244412967337 0.58944196324110687 0.59800320633572668 0.59802329790874276
14 0 2.6104979083166785e-05 2.6870530612350538e-05 0.58938542212472267 0.58940111122158056 0.59796509859299196 0.59798124779270656 0.58938692576687468 0.58939771341796821 0.59796664633083341 0.5979777503430902
7 0 0.0022398941887257842 0.0023048886370691177 0.58330425061187874 0.58486827158083043 0.59170653137753981 0.59331599731389473 0.58344043902365306 0.58449089873044868 0.59184667200564378 0.59292764795094643
8 0 0.0010443662000835991 0.0010745891363761104 0.58177478345549094 0.58243600009534235 0.59013274349794764 0.59081310620958827 0.58183771850997368 0.5822880097207972 0.59019749993198667 0.59066082872209535
14 0 0.00060263546055114824 0.00062005090331106378 0.5809832946174911 0.58134543696892105 0.58931836566416507 0.58969097682774274 0.58101800593010855 0.58126701450089824 0.58935408012274004 0.58961028675746963
0 0 0.0014021046015996977 0.0014427891194484909 0.58330425061187874 0.58388917859417622 0.59170653137753981 0.59230844076292921 0.58344043902365306 0.58383602938772416 0.59184667200564378 0.59225374783101992
1 0 0.00062280568326025148 0.00064090705937028432 0.58423872303758295 0.58451798894037621 0.59266814134620549 0.59295552588320932 0.58430021389370634 0.58449089873044868 0.59273141948364261 0.59292764795094643
10 0 0.0003502292829273071 0.00036041674597573476 0.58470576135276842 0.58486827158083043 0.59314875932007982 0.59331599731389473 0.58474062734273369 0.58485252718171366 0.593184639522225 0.59329979481823003
9 0 4.2906183742106435e-05 4.4154308434149272e-05 0.5847380402343354 0.58476537383005567 0.59318197715564969 0.5932101058943412 0.58474062734273369 0.5847592267370918 0.593184639522225 0.59320377997718299
15 0 2.4396918212922805e-05 2.510657532871929e-05 0.58470576135276842 0.58472047152697981 0.59314875932007982 0.59316389738907194 0.5847071670470616 0.58471727762912407 0.59315020590323342 0.59316061058504443
5 1 0.0059682105015811046 0.0059694609122853742 0.0043024381282815022 0.0082563042157743488 0.004302888810519892 0.0082579640104146201 0.004663614877322397 0.0073398429235580175 0.0046641444070575858 0.0073411546607273087
6 1 0.0031015953346695824 0.0031015953346695824 0 0.0019174958803380854 0 0.001917585393075294 0.00018647900375971804 0.0014962110725906651 0.00018647985031933906 0.0014962655726823634
-1
-1
-1
-1
-1
-1
2 1 0.0019415029123592831 0.0019415029123592831 0 0.00077255274445825473 0 0.00077256727427486849 0.00018647900375971804 0.00070531445179051393 0.00018647985031933906 0.00070532656247549721
3 1 0.00074302437186257514 0.00074306782472003589 0.0012010761765943456 0.0015272502925416931 0.0012011112961885784 0.0015273070773633712 0.0012740915441495429 0.0014962110725906651 0.0012741310635568581 0.0014962655726823634
11 1 0.00038938963698976754 0.00038942260774249679 0.0017389664910954505 0.0019174958803380854 0.0017390401112115511 0.001917585393075294 0.0017776309916314882 0.0019003857409150384 0.00177770792198115 0.0019004736632683736
5 1 0.00043352891815325284 0.00043353912864254685 0.00048372120946660324 0.00077255274445825473 0.00048372690574306765 0.00077256727427486849 0.00050997045566954745 0.00070531445179051393 0.00050997678694358342 0.00070532656247549721
6 1 0.00022256715752997573 0.00022256903326451282 0.00017309394243998633 0.0003110653150294046 0.00017309467183240779 0.00031106767063270035 0.00018647900375971804 0.00028068797626966239 0.00018647985031933906 0.00028068989425935947
5 0 0.009940195215664506 0.0099713920450825565 0.064308602486312802 0.070930695242468186 0.064409438174831232 0.071053386801657181 0.064910456689226959 0.069389182088138268 0.065013190128348025 0.069506594352377091
6 0 0.0051038071700595898 0.0051180473856800406 0.057185903586773348 0.060349708174046349 0.057265625678136964 0.060438502364854832 0.057492842767551178 0.059653144802031398 0.057573423558060277 0.059739899602934451
13 0 0.0031015953346695824 0.003109647288951578 0.053216449843940902 0.055058191623817865 0.053285481847962272 0.05513208781725347 0.053394893946990936 0.054663074703330448 0.053464389982349418 0.054735913390784069
16 0 0.0019301309462207428 0.0019351416988229175 0.053216449843940902 0.053969978040122837 0.053285481847962272 0.054040980131928665 0.053394893946990936 0.05390463515227556 0.053464389982349418 0.053975465307099242
4 0 0.0007098707222006241 0.00071175406014750925 0.054382629129871032 0.05469239338422191 0.054454721852798038 0.054765310279177554 0.054452293123357261 0.054663074703330448 0.054524570788471054 0.054735913390784069
12 0 0.00036477101068517329 0.00036574784794817774 0.054891490860396047 0.055058191623817865 0.054964939958873596 0.05513208781725347 0.054927685395099346 0.055042261905003671 0.055001231452625775 0.05511611531589404
5 0 0.00042532042735529164 0.00042643439425404673 0.053688130653557362 0.053969978040122837 0.053758392610665451 0.054040980131928665 0.05371387031611969 0.05390463515227556 0.053784199704785492 0.053975465307099242
6 0 0.00022090028506172033 0.00022147554066531683 0.053381612458917357 0.053518197686249991 0.053451073903090299 0.053588015273614772 0.053394893946990936 0.053488185995636199 0.053464389982349418 0.053557925249961801
17 0 0.0023409830717795524 0.0023956624709479237 0.47148950213029489 0.47313213797175946 0.47696411505440528 0.4786451866876737 0.47163201423901874 0.47274330140301191 0.47710995639468262 0.47824723950239206
9 0 0.0010616157333046363 0.0010863280203209258 0.46991304266034306 0.47058920988645381 0.47535089613887588 0.47604281470441656 0.46997705350445074 0.47043717008772951 0.475416397130421 0.4758872311250712
15 0 0.00060394209008825695 0.00061797633695636733 0.46911417954235402 0.46947828705145628 0.47453345316959783 0.47490602505347762 0.4691489769245637 0.4693992383270495 0.47456905919470077 0.47482513812262583
0 0 0.0014653831211001622 0.0014996107366601161 0.47148950213029489 0.47210411387628803 0.47696411505440528 0.47759309208478273 0.47163201423901874 0.47204799474884063 0.47710995639468262 0.47753566049834251
1 0 0.0006621748081840999 0.00067767440320835382 0.47247456039615066 0.47277224566131998 0.47797220622637887 0.47827686167520056 0.47253997532053177 0.47274330140301191 0.47803915243259054 0.47824723950239206
18 0 0.00037559491640276404 0.00038439594809130907 0.47297326821815067 0.47313213797175946 0.47848259362308698 0.4786451866876737 0.47301067147722325 0.47313087781008784 0.4785208733597105 0.47864389698753429
9 0 4.6041208915124602e-05 4.7120138118731156e-05 0.47300789527012599 0.47303723347470145 0.47851803209481114 0.47854805783225762 0.47301067147722325 0.47303063426761893 0.4785208733597105 0.47854130397076378
15 0 2.6163884356208279e-05 2.6776962875800084e-05 0.47297326821815067 0.47298904593688929 0.47848259362308698 0.4784987410554537 0.47297477574058411 0.47298561988672344 0.4784841364702111 0.47849523472281569
14 0 1 1 0 0.59813853811933648 0 0.60153039526798724 0.057573423558060277 0.46908278282997762 0.057604688532584269 0.47116632322906793
16 1 0.62230263395311969 0.62230263395311969 0 0.24367093646239002 0 0.24423196431934813 0.057573423558060277 0.22248342509415414 0.057604688532584269 0.2229510367728969
4 1 0.23098738964878338 0.23264124774333403 0.37772632987700266 0.4786451866876737 0.37907616875578876 0.4808147366564981 0.40040079041365029 0.46908278282997762 0.40191787725451283 0.47116632322906793
12 1 0.11917301768025244 0.1204039847583163 0.54364035662136756 0.59813853811933648 0.54644084019944827 0.60153039526798724 0.55546703736167669 0.59292764795094643 0.55839102080572622 0.59626049921201418
5 1 0.13763991411973148 0.13803615451835027 0.15235956204412876 0.24367093646239002 0.15257871223434619 0.24423196431934813 0.16069013864762899 0.22248342509415414 0.16093392816556346 0.2229510367728969
6 1 0.071314149165901952 0.07138584932551062 0.053285481847962272 0.09740357537779297 0.053312262071565003 0.097493096796391704 0.057573423558060277 0.087705496507546651 0.057604688532584269 0.087778072175422786
19 1 0.044579421278450937 0.044579421278450937 0 0.023515175933040422 0 0.023520389932009361 0.00018647985031933906 0.017977920305579272 0.00018648017814486273 0.017980967714281253
7 0 0.057863918349405755 0.058345496238109459 0.43868214259276939 0.4786451866876737 0.44050384676284587 0.4808147366564981 0.44219696631145339 0.46908278282997762 0.44404804085478272 0.47116632322906793
8 0 0.027571063463819066 0.027779515291179412 0.39874006246320293 0.41611414629576204 0.40024456702614408 0.4177528865845519 0.40040079041365029 0.41223973822136506 0.40191787725451283 0.41384804522465846
14 0 0.016090546188416713 0.016205753690003346 0.37772632987700266 0.38737059599607893 0.37907616875578876 0.38879037368247815 0.37865290164640886 0.38528635574150022 0.38000938291312047 0.38669086865773433
17 0 0.031673834832529051 0.032020655964796786 0.57603374388649953 0.59813853811933648 0.57917887554093272 0.60153039526798724 0.57796104302566209 0.59292764795094643 0.58112731375203708 0.59626049921201418
9 0 0.014515044419451301 0.014668018013524148 0.55459202941380581 0.5638162183234191 0.5575067838445481 0.56682900108524703 0.55546703736167669 0.5617457247435802 0.55839102080572622 0.56473636185828813
15 0 0.0083015741608784555 0.0083873231390201777 0.54364035662136756 0.54863917131557915 0.54644084019944827 0.55149152810254287 0.54411861354207525 0.54755494726144516 0.54692403934194689 0.55039601230869617
0 0 0.086158336372508304 0.086406370627447437 0.15235956204412876 0.1876104420616645 0.15257871223434619 0.18794284204081776 0.16069013864762899 0.1844635922539489 0.16093392816556346 0.18478492530064289
1 0 0.035977183071712007 0.036118713695562618 0.20803481903345822 0.22402159176393932 0.20844361143022266 0.22449569846521006 0.21157981998727618 0.22248342509415414 0.21200267723609523 0.2229510367728969
10 0 0.019629814729088965 0.019716933760864058 0.23460972144479778 0.24367093646239002 0.23512975550281251 0.24423196431934813 0.23656172367038894 0.24279717664958439 0.23709045706487428 0.24335418363323236
2 0 0.04464045543220152 0.044685337518259871 0.053285481847962272 0.071053386801657181 0.053312262071565003 0.071101012215046666 0.057573423558060277 0.069506594352377091 0.057604688532584269 0.069552168113694524
3 0 0.017098540694595536 0.017124655291776637 0.080913124596356675 0.088419929207870382 0.080974890319743115 0.088493692564510562 0.082593403491258446 0.087705496507546651 0.082657762181514216 0.087778072175422786
11 0 0.008964045959662631 0.008979834303549589 0.093293435764882124 0.09740357537779297 0.093375558326973973 0.097493096796391704 0.094183534069277444 0.09700964001431045 0.094267231847168717 0.097098438452999078
20 1 0.024163591153893549 0.024163591153893549 0 0.0082579640104146201 0 0.0082586069319503241 0.00018647985031933906 0.0073411546607273087 0.00018648017814486273 0.0073416627464547579
4 1 0.0099543546056136932 0.0099569913025926576 0.014045999901464851 0.018388894654341056 0.014047860021726255 0.018392082995121822 0.015022838706664529 0.017977920305579272 0.015024966569895125 0.017980967714281253
12 1 0.0051117800208515174 0.0051138218657373665 0.021179335095709378 0.023515175933040422 0.021183564600823906 0.023520389932009361 0.021686541595330483 0.023291987337491663 0.021690976125226434 0.023297102820576763
0 0 0.036221026239835197 0.036522479128627348 0.43868214259276939 0.45373069736991484 0.44050384676284587 0.45567980641546257 0.44219696631145339 0.45236842673220479 0.44404804085478272 0.454305824439515
1 0 0.015879145674726834 0.016018573731864934 0.46266461436176032 0.46977091411613103 0.46469140606080761 0.47186058560575755 0.46423171913522138 0.46908278282997762 0.46627229437516765 0.47116632322906793
10 0 0.0088713421699151244 0.0089512494207017318 0.47453345316959783 0.4786451866876737 0.47666580578846929 0.4808147366564981 0.475416397130421 0.47824723950239206 0.47755671018013912 0.48041317526657917
2 0 0.017258634424873992 0.017389118832496858 0.39874006246320293 0.40566030230480232 0.40024456702614408 0.4072175841631257 0.40040079041365029 0.40505378396247727 0.40191787725451283 0.40660640368632789
3 0 0.0067644266838098651 0.0068169632272540408 0.40954491170924689 0.41252407853773843 0.41113221983267134 0.41413460928362883 0.41021012221338365 0.41223973822136506 0.41180260097577198 0.41384804522465846
11 0 0.0035833737691942152 0.0036115409083923213 0.41446827124744856 0.41611414629576204 0.41609404828257107 0.4177528865845519 0.41482422109206724 0.41595615056507812 0.4164527972824234 0.4175936442043261
16 0 0.010013189274796053 0.010084883206484568 0.37772632987700266 0.38165042530211046 0.37907616875578876 0.38302850723755422 0.37865290164640886 0.38130895804635689 0.38000938291312047 0.382684570667637
4 0 0.0037264135971418295 0.0037535267447512156 0.38381207899083558 0.38544072407471153 0.38520584444943445 0.38684636473007683 0.38417790429964821 0.38528635574150022 0.38557433275526665 0.38669086865773433
12 0 0.0019247680976453294 0.0019388708438623594 0.38649022798041965 0.38737059599607893 0.38790354783695796 0.38879037368247815 0.38668124897063133 0.38728640452165769 0.38809596878279773 0.3887055639931104
0 0 0.019826842621642523 0.020043941941749799 0.57603374388649953 0.58433262914647122 0.57917887554093272 0.58756929166982741 0.57796104302566209 0.58357627196045991 0.58112731375203708 0.58680453772179919
1 0 0.0089011235496963444 0.0090008554039115451 0.58931836566416507 0.59331599731389473 0.59261065215990938 0.59665322812103705 0.59019749993198667 0.59292764795094643 0.59349964401899036 0.59626049921201418
18 0 0.0050322538045117476 0.0050892830132015137 0.59601110149096925 0.59813853811933648 0.59937880556474665 0.60153039526798724 0.5965121718624522 0.5981216719654342 0.59988555684218536 0.60151333728905276
2 0 0.0090859696298931751 0.0091817263764628829 0.55459202941380581 0.55824747796986318 0.5575067838445481 0.56120088502615406 0.55546703736167669 0.55792611897617395 0.55839102080572622 0.56087611772881185
3 0 0.0035986749636476166 0.0036369954453767256 0.56031019795168224 0.56189741156888906 0.5632855291246146 0.56488966831213094 0.56066420432407693 0.5617457247435802 0.56364330633335147 0.56473636185828813
11 0 0.0019155057157790923 0.0019359993170092855 0.56293570408614435 0.5638162183234191 0.56593905898090335 0.56682900108524703 0.56312601137662566 0.56373163210358834 0.56613140267681372 0.56674350853654087
16 0 0.0051660914662718226 0.0052194532812282063 0.54364035662136756 0.54566871739847422 0.54644084019944827 0.54849019179691494 0.54411861354207525 0.54549191033104105 0.54692403934194689 0.54831155187869474
4 0 0.0019338063432680849 0.0019538977009036073 0.54678933616677328 0.54763517543036222 0.54962244125504389 0.55047707524918121 0.54697921296485352 0.54755494726144516 0.54981429113083047 0.55039601230869617
12 0 0.0010014218161673999 0.0010118528137256673 0.5481809380711955 0.54863917131557915 0.55102851980419809 0.55149152810254287 0.54828033193675119 0.54859533272500838 0.55112894906949972 0.55144723251470307
13 1 0.000135244795728795 0.000135244795728795 0 8.0310494383326048e-05 0 8.0310555186063892e-05 7.7810537529040364e-06 6.3080879305208506e-05 7.7810543236737049e-06 6.3080916817520908e-05
17 0 9.7459820330872123e-05 9.8559142422911968e-05 0.59324757647703974 0.59331599731389473 0.59658403546958849 0.59665322812103705 0.5932535098023527 0.59329979481823003 0.59659003572164604 0.59663684284658491
19 0 0.00013862627656635595 0.00013876565299142385 0.053285481847962272 0.053358584905410178 0.053312262071565003 0.053385438678218822 0.053286061733211959 0.053341374654064397 0.0533128425398419 0.053368211102505558
21 0 0.00010412907759136633 0.0001050750728370928 0.47858807905419043 0.4786451866876737 0.48075711017855627 0.4808147366564981 0.47859441874066144 0.47864389698753429 0.48076350746040208 0.48081343523825704
-1
7 0 0.00010002114214669304 0.00010115860189113349 0.59806866283698756 0.59813853811933648 0.60145972530361735 0.60153039526798724 0.59807474451364606 0.5981216719654342 0.60146587614263192 0.60151333728905276
21 0 0.0013622550827066928 0.0013777292227349237 0.59739157334958826 0.59813853811933648 0.60077494021956956 0.60153039526798724 0.59747450976545646 0.5981216719654342 0.60085881879346104 0.60151333728905276
9 0 0.00061672335137230095 0.0006237180008346829 0.59647498482684158 0.59686793293768214 0.59984794803163277 0.6002453542959082 0.5965121718624522 0.59677955153803341 0.59988555684218536 0.60015596991585185
15 0 0.00035054602935878708 0.00035451867530238943 0.59601110149096925 0.59622248176186465 0.59937880556474665 0.59959258178105046 0.59603129930905585 0.59617658349650371 0.59939923228330405 0.59954616319687737
0 0 0.00085272961983181563 0.00086241595369909664 0.59739157334958826 0.59774934406863522 0.60077494021956956 0.60113677615823502 0.59747450976545646 0.59771666681927582 0.60085881879346104 0.60110372750722152
1 0 0.00038573915713891068 0.00039012509124114236 0.59796509859299196 0.59813853811933648 0.60135498340987925 0.60153039526798724 0.59800320633572668 0.5981216719654342 0.60139352445946515 0.60151333728905276
-1
8 0 4.6590084967775748e-05 4.7119855421190453e-05 0.59800039869185129 0.59802990236062936 0.60139068489012126 0.60142052405004198 0.59800320633572668 0.59802329790874276 0.60139352445946515 0.60141384449638036
14 0 2.6870530612350538e-05 2.7176054110228995e-05 0.59796509859299196 0.59798124779270656 0.60135498340987925 0.60137131623183981 0.59796664633083341 0.5979777503430902 0.60135654874584354 0.6013677790145312
7 0 0.0023048886370691177 0.0023308190934569423 0.59170653137753981 0.59331599731389473 0.59502563053882351 0.59665322812103705 0.59184667200564378 0.59292764795094643 0.59516734796519077 0.59626049921201418
8 0 0.0010745891363761104 0.0010866460536282231 0.59013274349794764 0.59081310620958827 0.59343416097592694 0.59412216181179633 0.59019749993198667 0.59066082872209535 0.59349964401899036 0.59396817400298452
14 0 0.00062005090331106378 0.0006269982090022796 0.58931836566416507 0.58969097682774274 0.59261065215990938 0.59298743954333888 0.58935408012274004 0.58961028675746963 0.59264676679021455 0.592905844874272
0 0 0.0014427891194484909 0.0014590207845003259 0.59170653137753981 0.59230844076292921 0.59502563053882351 0.59563431499792985 0.59184667200564378 0.59225374783101992 0.59516734796519077 0.59557900615712389
1 0 0.00064090705937028432 0.00064812920817720714 0.59266814134620549 0.59295552588320932 0.59599806767600638 0.5962886914367318 0.59273141948364261 0.59292764795094643 0.59606205891017205 0.59626049921201418
10 0 0.00036041674597573476 0.00036448147270456987 0.59314875932007982 0.59331599731389473 0.59648410377373906 0.59665322812103705 0.593184639522225 0.59329979481823003 0.59652038863983692 0.59663684284658491
9 0 4.4154308434149272e-05 4.4652302313783157e-05 0.59318197715564969 0.5932101058943412 0.59651769624572171 0.59654614224166702 0.593184639522225 0.59320377997718299 0.59652038863983692 0.59653974497469398
15 0 2.510657532871929e-05 2.538972357015818e-05 0.59314875932007982 0.59316389738907194 0.59648410377373906 0.59649941256983019 0.59315020590323342 0.59316061058504443 0.5964855666712634 0.59649608869686266
5 1 0.0059694609122853742 0.0059699452294365157 0.004302888810519892 0.0082579640104146201 0.004303063358993664 0.0082586069319503241 0.0046641444070575858 0.0073411546607273087 0.0046643494955363012 0.0073416627464547579
6 1 0.0031015953346695824 0.0031015953346695824 0 0.001917585393075294 0 0.0019176200584155867 0.00018647985031933906 0.0014962655726823634 0.00018648017814486273 0.0014962866784758518
-1
-1
-1
-1
-1
-1
2 1 0.0019415029123592831 0.0019415029123592831 0 0.00077256727427486849 0 0.00077257290097756948 0.00018647985031933906 0.00070532656247549721 0.00018648017814486273 0.00070533125235363995
3 1 0.00074306782472003589 0.00074308465251729972 0.0012011112961885784 0.0015273070773633712 0.001201124896523742 0.0015273290679681528 0.0012741310635568581 0.0014962655726823634 0.001274146367791505 0.0014962866784758518
11 1 0.00038942260774249679 0.00038943537652903244 0.0017390401112115511 0.001917585393075294 0.0017390686216902373 0.0019176200584155867 0.00177770792198115 0.0019004736632683736 0.0017777377144356566 0.0019005077126856157
5 1 0.00043353912864254685 0.00043354308267019935 0.00048372690574306765 0.00077256727427486849 0.00048372911161684296 0.00077257290097756948 0.00050997678694358342 0.00070532656247549721 0.00050997923872127043 0.00070533125235363995
6 1 0.00022256903326451282 0.00022256975963416172 0.00017309467183240779 0.00031106767063270035 0.00017309495428549648 0.00031106858283092009 0.00018647985031933906 0.00028068989425935947 0.00018648017814486273 0.00028069063699265507
5 0 0.0099713920450825565 0.0099835122282008679 0.064409438174831232 0.071053386801657181 0.064448570981230191 0.071101012215046666 0.065013190128348025 0.069506594352377091 0.065053060235207766 0.069552168113694524
6 0 0.0051180473856800406 0.0051235778079205402 0.057265625678136964 0.060438502364854832 0.057296557160108674 0.060472957431454616 0.057573423558060277 0.059739899602934451 0.057604688532584269 0.059773562525673445
13 0 0.003109647288951578 0.0031127737681799772 0.053285481847962272 0.05513208781725347 0.053312262071565003 0.055160756837198066 0.053464389982349418 0.054735913390784069 0.053491350384683008 0.054764171759319719
16 0 0.0019351416988229175 0.0019370873149000545 0.053285481847962272 0.054040980131928665 0.053312262071565003 0.054068525332123668 0.053464389982349418 0.053975465307099242 0.053491350384683008 0.05400294374374269
4 0 0.00071175406014750925 0.00071248538141296947 0.054454721852798038 0.054765310279177554 0.05448269055287161 0.05479359901701894 0.054524570788471054 0.054735913390784069 0.054552611303798682 0.054764171759319719
12 0 0.00036574784794817774 0.00036612717461718394 0.054964939958873596 0.05513208781725347 0.054993435361609555 0.055160756837198066 0.055001231452625775 0.05511611531589404 0.055029764506655615 0.055144767722333191
5 0 0.00042643439425404673 0.00042686694486155421 0.053758392610665451 0.054040980131928665 0.053785650416320413 0.054068525332123668 0.053784199704785492 0.053975465307099242 0.053811483693965649 0.05400294374374269
6 0 0.00022147554066531683 0.00022169890752721244 0.053451073903090299 0.053588015273614772 0.053478020873955978 0.053615100532334647 0.053464389982349418 0.053557925249961801 0.053491350384683008 0.053584980092440587
17 0 0.0023956624709479237 0.0024173523117852463 0.47696411505440528 0.4786451866876737 0.4791184179384621 0.4808147366564981 0.47710995639468262 0.47824723950239206 0.47926557989981755 0.48041317526657917
9 0 0.0010863280203209258 0.0010961299226216149 0.47535089613887588 0.47604281470441656 0.47749061813428889 0.47818878443297091 0.475416397130421 0.4758872311250712 0.47755671018013912 0.4780317952021278
15 0 0.00061797633695636733 0.00062354266380878261 0.47453345316959783 0.47490602505347762 0.47666580578846929 0.4770417348826157 0.47456905919470077 0.47482513812262583 0.47670173254148301 0.47696011886179251
0 0 0.0014996107366601161 0.0015131879073135546 0.47696411505440528 0.47759309208478273 0.4791184179384621 0.47975309337922711 0.47710995639468262 0.47753566049834251 0.47926557989981755 0.47969514116005063
1 0 0.00067767440320835382 0.00068382298534415875 0.47797220622637887 0.47827686167520056 0.4801356458736693 0.48044306636729694 0.47803915243259054 0.47824723950239206 0.48020319952981289 0.48041317526657917
18 0 0.00038439594809130907 0.00038788734601370815 0.47848259362308698 0.4786451866876737 0.48065066653629196 0.4808147366564981 0.4785208733597105 0.47864389698753429 0.48068929397474769 0.48081343523825704
9 0 4.7120138118731156e-05 4.7548153608305491e-05 0.47851803209481114 0.47854805783225762 0.48068642690115865 0.48071672538582461 0.4785208733597105 0.47854130397076378 0.48068929397474769 0.48070991017223103
15 0 2.6776962875800084e-05 2.7020173120384973e-05 0.47848259362308698 0.4784987410554537 0.48065066653629196 0.480666960635318 0.4784841364702111 0.47849523472281569 0.48065222339683644 0.48066342245433896
15 0 1 1 0 0.60153039526798724 0 0.60334698132845255 0.057604688532584269 0.47116632322906793 0.057621302454289314 0.47228011796406399
16 1 0.62230263395311969 0.62230263395311969 0 0.24423196431934813 0 0.24453089293589697 0.057604688532584269 0.2229510367728969 0.057621302454289314 0.22320011465577932
4 1 0.23264124774333403 0.23352659136936876 0.37907616875578876 0.4808147366564981 0.37979679327058047 0.48197467055647908 0.40191787725451283 0.47116632322906793 0.40272805529000599 0.47228011796406399
12 1 0.1204039847583163 0.12106533249819856 0.54644084019944827 0.60153039526798724 0.54793951369374838 0.60334698132845255 0.55839102080572622 0.59626049921201418 0.55995605426415129 0.59804534793078679
5 1 0.13803615451835027 0.138247233883529 0.15257871223434619 0.24423196431934813 0.15269532630230626 0.24453089293589697 0.16093392816556346 0.2229510367728969 0.16106366893098295 0.22320011465577932
6 1 0.07138584932551062 0.071423962432474397 0.053312262071565003 0.097493096796391704 0.05332649195626641 0.097540695044404768 0.057604688532584269 0.087778072175422786 0.057621302454289314 0.087816655014805053
19 1 0.044579421278450937 0.044579421278450937 0 0.023520389932009361 0 0.023523159241040481 0.00018648017814486273 0.017980967714281253 0.00018648035220407422 0.017982586153772066
7 0 0.058345496238109459 0.058603636937769002 0.44050384676284587 0.4808147366564981 0.44147724214642542 0.48197467055647908 0.44404804085478272 0.47116632322906793 0.44503718027369477 0.47228011796406399
8 0 0.027779515291179412 0.027891154809382555 0.40024456702614408 0.4177528865845519 0.40104800631115189 0.41862823153037954 0.40191787725451283 0.41384804522465846 0.40272805529000599 0.4147070856862769
14 0 0.016205753690003346 0.016267426591407154 0.37907616875578876 0.38879037368247815 0.37979679327058047 0.38954844179871018 0.38000938291312047 0.38669086865773433 0.38073356326812857 0.38744076370427122
17 0 0.032020655964796786 0.032207120353138857 0.57917887554093272 0.60153039526798724 0.58086278027799731 0.60334698132845255 0.58112731375203708 0.59626049921201418 0.58282258390685138 0.59804534793078679
9 0 0.014668018013524148 0.014750224039357435 0.5575067838445481 0.56682900108524703 0.55906685770354891 0.56844175941356068 0.55839102080572622 0.56473636185828813 0.55995605426415129 0.56633721727660502
15 0 0.0083873231390201777 0.0084333925212984086 0.54644084019944827 0.55149152810254287 0.54793951369374838 0.55301807244997381 0.54692403934194689 0.55039601230869617 0.54842536810162335 0.55191648948124639
0 0 0.086406370627447437 0.086538499792614923 0.15257871223434619 0.18794284204081776 0.15269532630230626 0.18811980874980258 0.16093392816556346 0.18478492530064289 0.16106366893098295 0.18495599228561549
1 0 0.036118713695562618 0.036194198962597499 0.20844361143022266 0.22449569846521006 0.2086613131105329 0.22474824160903534 0.21200267723609523 0.2229510367728969 0.21222788068568443 0.22320011465577932
10 0 0.019716933760864058 0.019763425461069808 0.23512975550281251 0.24423196431934813 0.23540680531614447 0.24453089293589697 0.23709045706487428 0.24335418363323236 0.23737214944045876 0.24365096607972209
2 0 0.044685337518259871 0.044709195146410252 0.053312262071565003 0.071101012215046666 0.05332649195626641 0.071126324853061723 0.057604688532584269 0.069552168113694524 0.057621302454289314 0.069576389768952043
3 0 0.017124655291776637 0.0171385451416942 0.080974890319743115 0.088493692564510562 0.081007723129492892 0.088532907210512435 0.082657762181514216 0.087778072175422786 0.082691974165464824 0.087816655014805053
11 0 0.008979834303549589 0.0089882340724246716 0.093375558326973973 0.097493096796391704 0.093419220033346378 0.097540695044404768 0.094267231847168717 0.097098438452999078 0.09431173161335199 0.097145652026130319
20 1 0.024163591153893549 0.024163591153893549 0 0.0082586069319503241 0 0.0082589483313880718 0.00018648017814486273 0.0073416627464547579 0.00018648035220407422 0.007341932542808783
4 1 0.0099569913025926576 0.009958391680845835 0.014047860021726255 0.018392082995121822 0.014048847851555413 0.018393776291869779 0.015024966569895125 0.017980967714281253 0.01502609660242875 0.017982586153772066
12 1 0.0051138218657373665 0.0051149064791378707 0.021183564600823906 0.023520389932009361 0.021185810940303362 0.023523159241040481 0.021690976125226434 0.023297102820576763 0.021693331373003916 0.0232998197961541
0 0 0.036522479128627348 0.036684067236081072 0.44050384676284587 0.45567980641546257 0.44147724214642542 0.45672150602462369 0.44404804085478272 0.454305824439515 0.44503718027369477 0.45534124444286206
1 0 0.016018573731864934 0.016093350553477541 0.46469140606080761 0.47186058560575755 0.46577476370228771 0.47297766899746868 0.46627229437516765 0.47116632322906793 0.46736304440958076 0.47228011796406399
10 0 0.0089512494207017318 0.008994115654205416 0.47666580578846929 0.4808147366564981 0.47780578428001297 0.48197467055647908 0.47755671018013912 0.48041317526657917 0.47870095908479016 0.48157117016166945
2 0 0.017389118832496858 0.017459001723832052 0.40024456702614408 0.4072175841631257 0.40104800631115189 0.40804929125944334 0.40191787725451283 0.40660640368632789 0.40272805529000599 0.40743561354656954
3 0 0.0068169632272540408 0.0068451065838896919 0.41113221983267134 0.41413460928362883 0.41198001105172644 0.41499484105785517 0.41180260097577198 0.41384804522465846 0.41265316207995589 0.4147070856862769
11 0 0.0036115409083923213 0.0036266314104911358 0.41609404828257107 0.4177528865845519 0.4169624480603894 0.41862823153037954 0.4164527972824234 0.4175936442043261 0.41732269670922401 0.41846832123676742
16 0 0.010084883206484568 0.010123262415471679 0.37907616875578876 0.38302850723755422 0.37979679327058047 0.38376425147742582 0.38000938291312047 0.382684570667637 0.38073356326812857 0.38341899292581066
4 0 0.0037535267447512156 0.0037680428824017993 0.38520584444943445 0.38684636473007683 0.38594998531054348 0.38759686357848333 0.38557433275526665 0.38669086865773433 0.38631989936692895 0.38744076370427122
12 0 0.0019388708438623594 0.0019464217686298592 0.38790354783695796 0.38879037368247815 0.38865815825395711 0.38954844179871018 0.38809596878279773 0.3887055639931104 0.38885132876881257 0.38946330109723692
0 0 0.020043941941749799 0.020160662891446808 0.57917887554093272 0.58756929166982741 0.58086278027799731 0.5893024113915436 0.58112731375203708 0.58680453772179919 0.58282258390685138 0.58853314224072328
1 0 0.0090008554039115451 0.0090544906340576554 0.59261065215990938 0.59665322812103705 0.59437368451594508 0.5984404323305782 0.59349964401899036 0.59626049921201418 0.59526797778302243 0.59804534793078679
18 0 0.0050892830132015137 0.0051199574812582152 0.59937880556474665 0.60153039526798724 0.6011824000380408 0.60334698132845255 0.59988555684218536 0.60151333728905276 0.60169220693777103 0.60332982016725223
2 0 0.0091817263764628829 0.0092331848103836614 0.5575067838445481 0.56120088502615406 0.55906685770354891 0.56278173113403485 0.55839102080572622 0.56087611772881185 0.55995605426415129 0.56245513211886289
3 0 0.0036369954453767256 0.0036575909443469011 0.5632855291246146 0.56488966831213094 0.5648781581733181 0.56649139423510209 0.56364330633335147 0.56473636185828813 0.565237962041231 0.56633721727660502
11 0 0.0019359993170092855 0.0019470143173684286 0.56593905898090335 0.56682900108524703 0.5675467499247332 0.56844175941356068 0.56613140267681372 0.56674350853654087 0.56774018816000005 0.56835577971789841
16 0 0.0052194532812282063 0.0052481223791645409 0.54644084019944827 0.54849019179691494 0.54793951369374838 0.55000014304114908 0.54692403934194689 0.54831155187869474 0.54842536810162335 0.54982051836627832
4 0 0.0019538977009036073 0.0019646926984832778 0.54962244125504389 0.55047707524918121 0.55113864154112691 0.55199800094868479 0.54981429113083047 0.55039601230869617 0.55133155154503222 0.55191648948124639
12 0 0.0010118528137256673 0.0010174575126927598 0.55102851980419809 0.55149152810254287 0.55255249844555687 0.55301807244997381 0.55112894906949972 0.55144723251470307 0.55265348404405157 0.55297353130973259
13 1 0.000135244795728795 0.000135244795728795 0 8.0310555186063892e-05 0 8.031058746926778e-05 7.7810543236737049e-06 6.3080916817520908e-05 7.7810546267393288e-06 6.308093673468991e-05
17 0 9.8559142422911968e-05 9.9150402362146637e-05 0.59658403546958849 0.59665322812103705 0.59837082456567592 0.5984404323305782 0.59659003572164604 0.59663684284658491 0.59837686081364916 0.59842394875016303
19 0 0.00013876565299142385 0.00013883974042983027 0.053312262071565003 0.053385438678218822 0.05332649195626641 0.053399707658941586 0.0533128425398419 0.053368211102505558 0.053327072734458685 0.053382470874233534
21 0 0.0001050750728370928 0.00010558259669410903 0.48075711017855627 0.4808147366564981 0.48191676571973374 0.48197467055647908 0.48076350746040208 0.48081343523825704 0.48192319390134253 0.48197336285150083
-1
7 0 0.00010115860189113349 0.00010177043818374539 0.60145972530361735 0.60153039526798724 0.60327588390660603 0.60334698132845255 0.60146587614263192 0.60151333728905276 0.60328207194785344 0.60332982016725223
21 0 0.0013777292227349237 0.0013860525946960663 0.60077494021956956 0.60153039526798724 0.60258695941405682 0.60334698132845255 0.60085881879346104 0.60151333728905276 0.60267134476498119 0.60332982016725223
9 0 0.0006237180008346829 0.00062748027158805427 0.59984794803163277 0.6002453542959082 0.60165437126350196 0.60205417548242968 0.59988555684218536 0.60015596991585185 0.60169220693777103 0.60196425161678502
15 0 0.00035451867530238943 0.00035665545404958395 0.59937880556474665 0.59959258178105046 0.6011824000380408 0.60139746497151492 0.59939923228330405 0.59954616319687737 0.60120294987599432 0.60135076652078245
0 0 0.00086241595369909664 0.0008676261275485064 0.60077494021956956 0.60113677615823502 0.60258695941405682 0.60295098199876884 0.60085881879346104 0.60110372750722152 0.60267134476498119 0.6029177335733481
1 0 0.00039012509124114236 0.0003924842671220857 0.60135498340987925 0.60153039526798724 0.60317050855920817 0.60334698132845255 0.60139352445946515 0.60151333728905276 0.60320928268286056 0.60332982016725223
-1
8 0 4.7119855421190453e-05 4.7404816984680668e-05 0.60139068489012126 0.60142052405004198 0.603206425940925 0.60323644556034617 0.60139352445946515 0.60141384449638036 0.60320928268286056 0.60322972560969501
14 0 2.7176054110228995e-05 2.7340393940799993e-05 0.60135498340987925 0.60137131623183981 0.60317050855920817 0.60318694015083529 0.60135654874584354 0.6013677790145312 0.60317208336113015 0.60318338154264228
7 0 0.0023308190934569423 0.0023447650739061732 0.59502563053882351 0.59665322812103705 0.59680308297160345 0.5984404323305782 0.59516734796519077 0.59626049921201418 0.59694564843670384 0.59804534793078679
8 0 0.0010866460536282231 0.0010931303111480497 0.59343416097592694 0.59412216181179633 0.59520210396649176 0.59589421264611786 0.59349964401899036 0.59396817400298452 0.59526797778302243 0.59573930500764372
14 0 0.0006269982090022796 0.00063073443092030105 0.59261065215990938 0.59298743954333888 0.59437368451594508 0.59475271785605055 0.59264676679021455 0.592905844874272 0.59441001435643948 0.59467063669531328
0 0 0.0014590207845003259 0.0014677505376556794 0.59502563053882351 0.59563431499792985 0.59680308297160345 0.59741541124109721 0.59516734796519077 0.59557900615712389 0.59694564843670384 0.59735977114653227
1 0 0.00064812920817720714 0.00065201352314936672 0.59599806767600638 0.5962886914367318 0.59778134326373489 0.59807370919358505 0.59606205891017205 0.59626049921201418 0.59784571802561326 0.59804534793078679
10 0 0.00036448147270456987 0.00036666764262935299 0.59648410377373906 0.59665322812103705 0.59827029342632376 0.5984404323305782 0.59652038863983692 0.59663684284658491 0.59830679593669833 0.59842394875016303
9 0 4.4652302313783157e-05 4.4920143205516751e-05 0.59651769624572171 0.59654614224166702 0.59830408739257879 0.59833270402213112 0.59652038863983692 0.59653974497469398 0.59830679593669833 0.59832626838037217
15 0 2.538972357015818e-05 2.554201183231802e-05 0.59648410377373906 0.59649941256983019 0.59827029342632376 0.59828569404617959 0.5964855666712634 0.59649608869686266 0.59827176509835867 0.59828235023607224
5 1 0.0059699452294365157 0.0059702024012517063 0.004303063358993664 0.0082586069319503241 0.0043031560411418979 0.0082589483313880718 0.0046643494955363012 0.0073416627464547579 0.0046644583944541202 0.007341932542808783
6 1 0.0031015953346695824 0.0031015953346695824 0 0.0019176200584155867 0 0.001917638464463689 0.00018648017814486273 0.0014962866784758518 0.00018648035220407422 0.0014962978848243823
-1
-1
-1
-1
-1
-1
2 1 0.0019415029123592831 0.0019415029123592831 0 0.00077257290097756948 0 0.00077257588850482284 0.00018648017814486273 0.00070533125235363995 0.00018648035220407422 0.00070533374246660734
3 1 0.00074308465251729972 0.00074309358745705827 0.001201124896523742 0.0015273290679681528 0.0012011321177375356 0.0015273407441220299 0.001274146367791505 0.0014962866784758518 0.0012741544937137999 0.0014962978848243823
11 1 0.00038943537652903244 0.00038944215636274083 0.0017390686216902373 0.0019176200584155867 0.0017390837596893416 0.001917638464463689 0.0017777377144356566 0.0019005077126856157 0.0017777535331248162 0.0019005257916961905
5 1 0.00043354308267019935 0.00043354518208045783 0.00048372911161684296 0.00077257290097756948 0.00048373028283221764 0.00077257588850482284 0.00050997923872127043 0.00070533125235363995 0.0005099805405005595 0.00070533374246660734
6 1 0.00022256975963416172 0.00022257014530107505 0.00017309495428549648 0.00031106858283092009 0.00017309510425417285 0.00031106906716404925 0.00018648017814486273 0.00028069063699265507 0.00018648035220407422 0.00028069103134803562
5 0 0.0099835122282008679 0.0099899564144394024 0.064448570981230191 0.071101012215046666 0.064469367850412046 0.071126324853061723 0.065053060235207766 0.069552168113694524 0.065074249122609465 0.069576389768952043
6 0 0.0051235778079205402 0.0051265178257951516 0.057296557160108674 0.060472957431454616 0.057312993793842609 0.060491267296674117 0.057604688532584269 0.059773562525673445 0.057621302454289314 0.059791451254943465
13 0 0.0031127737681799772 0.0031144356869106105 0.053312262071565003 0.055160756837198066 0.05332649195626641 0.05517599075516208 0.053491350384683008 0.054764171759319719 0.053505676045803842 0.054779187382649197
16 0 0.0019370873149000545 0.0019381215308840183 0.053312262071565003 0.054068525332123668 0.05332649195626641 0.054083161852933131 0.053491350384683008 0.05400294374374269 0.053505676045803842 0.05401754477500461
4 0 0.00071248538141296947 0.00071287413412744847 0.05448269055287161 0.05479359901701894 0.054497552194976207 0.054808630784041024 0.054552611303798682 0.054764171759319719 0.054567511121186053 0.054779187382649197
12 0 0.00036612717461718394 0.00036632881773801876 0.054993435361609555 0.055160756837198066 0.055008576987673113 0.05517599075516208 0.055029764506655615 0.055144767722333191 0.055044926147466318 0.055159992808831187
5 0 0.00042686694486155421 0.00042709687484449271 0.053785650416320413 0.054068525332123668 0.053800134166973074 0.054083161852933131 0.053811483693965649 0.05400294374374269 0.053825981362941491 0.05401754477500461
6 0 0.00022169890752721244 0.00022181764137219062 0.053478020873955978 0.053615100532334647 0.053492339395387251 0.053629492562758563 0.053491350384683008 0.053584980092440587 0.053505676045803842 0.053599355954634574
17 0 0.0024173523117852463 0.0024289884401678757 0.4791184179384621 0.4808147366564981 0.48027017195880595 0.48197467055647908 0.47926557989981755 0.48041317526657917 0.48041804240580427 0.48157117016166945
9 0 0.0010961299226216149 0.001101388245402055 0.47749061813428889 0.47818878443297091 0.47863454996206634 0.47933606794129185 0.47755671018013912 0.4780317952021278 0.47870095908479016 0.4791783246253763
15 0 0.00062354266380878261 0.00062652871906990833 0.47666580578846929 0.4770417348826157 0.47780578428001297 0.47818351435644879 0.47670173254148301 0.47696011886179251 0.47784188308753622 0.47810150721258171
0 0 0.0015131879073135546 0.0015204717643958264 0.4791184179384621 0.47975309337922711 0.48027017195880595 0.48090790449389709 0.47926557989981755 0.47969514116005063 0.48041804240580427 0.48084967296291525
1 0 0.00068382298534415875 0.00068712163854029904 0.4801356458736693 0.48044306636729694 0.48129230162284375 0.48160120554044872 0.48020319952981289 0.48041317526657917 0.48136018117007517 0.48157117016166945
18 0 0.00038788734601370815 0.00038976046712585228 0.48065066653629196 0.4808147366564981 0.48180980800039841 0.48197467055647908 0.48068929397474769 0.48081343523825704 0.48184862197958322 0.48197336285150083
9 0 4.7548153608305491e-05 4.7777782395056342e-05 0.48068642690115865 0.48071672538582461 0.48184574105972372 0.48187618587234998 0.48068929397474769 0.48070991017223103 0.48184862197958322 0.48186933774355412
15 0 2.7020173120384973e-05 2.7150654450198176e-05 0.48065066653629196 0.480666960635318 0.48180980800039841 0.48182618078551825 0.48065222339683644 0.48066342245433896 0.48181137237908728 0.48182262551802535
16 0 1 1 0 0.39452137021936068 0 0.3892543544011795 0.092680944542905763 0.35998075926953932 0.092387272093535699 0.35559050119602242
5 1 0.21954677082518931 0.22326687106231735 0.24598512327774097 0.39452137021936068 0.24392719763219223 0.3892543544011795 0.25950170316284071 0.35998075926953932 0.25721245529693526 0.35559050119602242
6 1 0.11430048378730762 0.11497392060597933 0.085766936084575279 0.15699174495907472 0.085515385827452398 0.15615096548482893 0.092680944542905763 0.14131841699498809 0.092387272093535699 0.14063677197866925
19 1 0.071636240706975829 0.071636240706975829 0 0.037814724431063942 0 0.037765744338784352 0.0002996627527335205 0.028905342314122923 0.00029965967293937856 0.028876714610790638
0 0 0.13742949965661866 0.13975816754063888 0.24598512327774097 0.30322825561825933 0.24392719763219223 0.30010716312285446 0.25950170316284071 0.2981130784218361 0.25721245529693526 0.29509587371571433
1 0 0.057231838716296529 0.058560303814620324 0.3364521379944565 0.36248680496688235 0.33261396642669128 0.35803558551338999 0.34222299351026075 0.35998075926953932 0.33825280432473348 0.35559050119602242
10 0 0.031186585316104347 0.032004236850460638 0.37974391357964177 0.39452137021936068 0.37486163643254256 0.3892543544011795 0.38292662936918864 0.39309603983869579 0.37796270531739151 0.3878667604974827
2 0 0.071548573629018009 0.071970124283999404 0.085766936084575279 0.11442835888207682 0.085515385827452398 0.11398103008481186 0.092680944542905763 0.11193197862386296 0.092387272093535699 0.11150391835456318
3 0 0.027368322128776934 0.027613571772276149 0.13034666457607511 0.1424727110036921 0.12976653734844079 0.14177991240230645 0.13306039948834483 0.14131841699498809 0.13245592105554863 0.14063677197866925
11 0 0.014339432764804969 0.014487697813880176 0.15034809161013019 0.15699174495907472 0.14957679264843932 0.15615096548482893 0.15178670867233351 0.15635491253955813 0.15100061721504501 0.15552092230681155
20 1 0.038829324890352623 0.038829324890352623 0 0.013273385619054414 0 0.013267345766041393 0.0002996627527335205 0.011799425033746938 0.00029965967293937856 0.011794651867263289
4 1 0.015985068989547341 0.016009838191797979 0.022580770610206618 0.029566491065453126 0.022563296224626293 0.029536539466798767 0.024151892205357899 0.028905342314122923 0.024131902640674139 0.028876714610790638
12 1 0.0082058352449116464 0.0082250157815462327 0.034056012297750286 0.037814724431063942 0.034016280224736128 0.037765744338784352 0.034872136347891075 0.037455557727291464 0.03483047832990837 0.037407503057348787
5 0 0.031735965033079558 0.03235159009793763 0.28143816366591068 0.30322825561825933 0.27874752966480476 0.30010716312285446 0.28339891608985546 0.2981130784218361 0.28067084242382001 0.29509587371571433
6 0 0.015943965781595945 0.016227961049788207 0.2585252776842617 0.2686369291019895 0.25625314946588962 0.26618442935033915 0.25950170316284071 0.26640170516143674 0.25721245529693526 0.26398966499545162
13 0 0.0095733178994668478 0.0097355325476443221 0.24598512327774097 0.2517834019758281 0.24392719763219223 0.24962774053516373 0.24654539945299372 0.25053655421591076 0.24447812791837098 0.24840209936754984
7 0 0.014625278625640161 0.014980612212892437 0.35206863105432368 0.36248680496688235 0.3478681157940865 0.35803558551338999 0.35297915062793733 0.35998075926953932 0.34875701081298544 0.35559050119602242
8 0 0.0068781894638595843 0.0070403978908717812 0.34179879801636165 0.34624862618303814 0.33783838811339206 0.34218503803072231 0.34222299351026075 0.34525401206023643 0.33825280432473348 0.34121359983038141
14 0 0.0039867611202187361 0.0040793017955204503 0.3364521379944565 0.33890120958813175 0.33261396642669128 0.33500728106503641 0.336687081244467 0.33837125065803331 0.33284357806126685 0.33448942117798036
17 0 0.0083791960949648712 0.008603977338295583 0.38849315575365495 0.39452137021936068 0.3833848262532662 0.3892543544011795 0.38901687195376328 0.39309603983869579 0.38389485118484679 0.3878667604974827
9 0 0.0038123993608842788 0.0039131337383366402 0.38269069817032286 0.38518151570396253 0.37773284944535479 0.38015934216387903 0.38292662936918864 0.38462171153178676 0.37796270531739151 0.37961403045873293
15 0 0.0021724527570564653 0.0022294102377206438 0.37974391357964177 0.38108754160583558 0.37486163643254256 0.37617087758589862 0.37987236158986082 0.38079591271571067 0.3749868022794135 0.37588672234462683
5 0 0.015973249466293173 0.016087081629969826 0.10370732402809987 0.11442835888207682 0.10333975621764346 0.11398103008481186 0.10468138940535514 0.11193197862386296 0.10430689691427032 0.11150391835456318
6 0 0.0082014873336436461 0.0082534303923488921 0.092184580932422072 0.097301703977841936 0.091894040723410092 0.096978069642226092 0.092680944542905763 0.096174931869720454 0.092387272093535699 0.095858737449157738
13 0 0.0049840626817037048 0.0050134278357738538 0.085766936084575279 0.088744236023104994 0.085515385827452398 0.088474945500496782 0.086055376503488767 0.088105451764219744 0.085802133935710401 0.08784001821764495
7 0 0.0068947914474968243 0.0069600490679587092 0.13765611145751327 0.1424727110036921 0.13700925782485021 0.14177991240230645 0.13807896027327579 0.14131841699498809 0.13742813595166697 0.14063677197866925
8 0 0.0032730935107797444 0.0033029911094745092 0.13286142896615122 0.13494465462983732 0.13225875288905847 0.13432297505534893 0.13306039948834483 0.13447978047796813 0.13245592105554863 0.13386236700547396
14 0 0.001906473128174389 0.0019235571807818368 0.13034666457607511 0.13150015623617395 0.12976653734844079 0.13090973925891547 0.13045743750578859 0.131250778078528 0.12987632603430443 0.13066259331458671
17 0 0.0038226778522350894 0.003863242806339727 0.15429259889630062 0.15699174495907472 0.1534804070095086 0.15615096548482893 0.15452769371569516 0.15635491253955813 0.15371303141244111 0.15552092230681155
9 0 0.0017483005416531736 0.0017665379788114688 0.15168021203008625 0.15280335845619236 0.15089522040896536 0.15200672906791801 0.15178670867233351 0.15255116143334693 0.15100061721504501 0.15175715266520204
15 0 0.00099888269038675469 0.0010092108109993124 0.15034809161013019 0.15095594484533531 0.14957679264843932 0.1501784127215755 0.15040623405002551 0.15082407755882021 0.14963433995266517 0.1500478997728972
5 1 0.0095905274635728326 0.0095950773503232431 0.0069153790170765582 0.013273385619054414 0.0069137392219452464 0.013267345766041393 0.0074960535500521955 0.011799425033746938 0.007494126849017492 0.011794651867263289
6 1 0.0049840626817037048 0.0049840626817037048 0 0.0030816172684678435 0 0.0030812916027004086 0.0002996627527335205 0.0024045125010021843 0.00029965967293937856 0.0024043142210183484
-1
7 0 0.0039969803928864463 0.0040043322179462142 0.026802356143400721 0.029566491065453126 0.026777740708344128 0.029536539466798767 0.027045580082124609 0.028905342314122923 0.027020516072388551 0.028876714610790638
8 0 0.0019067913648709829 0.001909936579790474 0.024036850659643904 0.02524014241974008 0.02401705099403096 0.025218311681641844 0.024151892205357899 0.024971855507266674 0.024131902640674139 0.024950486200350938
14 0 0.0011135174577816781 0.0011152428766171834 0.022580770610206618 0.023249136580539093 0.022563296224626293 0.023230612864851646 0.022644990949062308 0.023104708724738347 0.02262741706554261 0.023086414349016891
17 0 0.002178814436203757 0.0021842416578243375 0.036290797483123617 0.037814724431063942 0.036245683267261269 0.037765744338784352 0.036423701618699754 0.037455557727291464 0.036378256570166162 0.037407503057348787
9 0 0.00099912408651065942 0.0010015113218781312 0.034811763085271785 0.035448140271633614 0.034770249099550517 0.035405095556625729 0.034872136347891075 0.035305309860501947 0.03483047832990837 0.035262611115989988
15 0 0.00057161722647954992 0.00057295333972411555 0.034056012297750286 0.034400995663244158 0.034016280224736128 0.03436045502988639 0.03408902016147599 0.034326173807835626 0.034049211077689975 0.034285809230259826
10 0 9.5897328883132242e-05 9.8500967929033428e-05 0.39315646663251108 0.39320217370322186 0.38792559017288042 0.38797008901694874 0.39316627266180371 0.39319774535252688 0.38793513699992005 0.38796577773187357
16 1 0.000135244795728795 0.000135244795728795 0 5.2800381666599783e-05 0 5.2800286049854359e-05 1.2503652067792745e-05 4.8221711935735081e-05 1.2503646705703392e-05 4.8221632183081205e-05
18 0 9.8439139840005593e-05 0.00010090172044894951 0.36244412401651305 0.36248680496688235 0.35799394628317238 0.35803558551338999 0.36245417229367388 0.36248646640893895 0.35800374932141088 0.35803525521915325
20 0 0.00012043285369145451 0.00012114242053939961 0.085766936084575279 0.085808332678549426 0.085515385827452398 0.085556539890871308 0.085767870985750269 0.085803737183493975 0.085516315252600436 0.085551971325228821
1 0 0.00010280164323757575 0.00010560215179429115 0.39447388696109664 0.39452137021936068 0.3892081304459904 0.3892543544011795 0.39448431962479041 0.3945167525739231 0.3892182864378354 0.3892498592267965
-1
-1
-1
-1
-1
-1
-1
-1
-1
2 1 0.0031198693473299954 0.0031198693473299954 0 0.0012414950501530436 0 0.0012414421895512347 0.0002996627527335205 0.0011334386706133392 0.00029965967293937856 0.0011333946110915101
3 1 0.0011939920085868539 0.0011941500984647294 0.0019301793409726847 0.0024543988281530288 0.0019300515714751401 0.002454192235761518 0.0020475263117479756 0.0024045125010021843 0.002047382534854445 0.0024043142210183484
11 1 0.00062572390946862325 0.00062584386640579851 0.0027946742887265952 0.0030816172684678435 0.0027944064450584729 0.0030812916027004086 0.0028568176787372411 0.0030541165970472159 0.0028565377914910504 0.0030537967175922288
5 1 0.00069665287353727016 0.00069669002003701808 0.00077732935592044264 0.0012414950501530436 0.0007773086326082132 0.0012414421895512347 0.00081951250346741023 0.0011334386706133392 0.00081948946998667551 0.0011333946110915101
6 1 0.00035765099709788862 0.00035765782105818492 0.00027815340045040521 0.00049987037019097805 0.00027815074691300151 0.00049986180044489167 0.0002996627527335205 0.00045105436356813029 0.00029965967293937856 0.0004510473858781576
13 1 0.00021732962096621122 0.00021732962096621122 0 0.00012905407828579102 0 0.00012905350706743368 1.2503652067792745e-05 0.00010136708138659348 1.2503646705703392e-05 0.00010136672897273358
4 1 4.9741889183053248e-05 4.9742167999526731e-05 8.1715593561161592e-05 0.00010342151835814051 8.171536454334126e-05 0.00010342115151458324 8.6597103302873225e-05 0.00010136708138659348 8.6596846105783996e-05 0.00010136672897273358
12 1 2.5560382711841289e-05 2.5560588502870085e-05 0.00011737283809121896 0.00012905407828579102 0.00011737236559964011 0.00012905350706743368 0.00011990909773326039 0.00012793783148062522 0.0001199086046013626 0.0001279372701009665
0 0 0.0052451180335174128 0.0053858241513392467 0.38849315575365495 0.39075080868627937 0.3833848262532662 0.3855833293952059 0.38901687195376328 0.39054477183451808 0.38389485118484679 0.38538270457494445
1 0 0.0023653002657266584 0.0024293468068625314 0.39211034177380638 0.39320217370322186 0.3869070810819869 0.38797008901694874 0.39235031770418666 0.39309603983869579 0.38714072846429803 0.3878667604974827
18 0 0.0013402408992269719 0.0013767017355556842 0.39393913535572711 0.39452137021936068 0.38868755072651318 0.3892543544011795 0.39407622818102694 0.3945167525739231 0.38882101213962406 0.3892498592267965
21 0 0.00036297842503913108 0.00037286267272616271 0.39431689142874093 0.39452137021936068 0.38905529753324763 0.3892543544011795 0.39433959227974347 0.3945167525739231 0.38907739658852153 0.3892498592267965
9 0 0.00016427769897919199 0.0001687482721336171 0.39406605297123154 0.39417357921704643 0.38881110650056111 0.38891578372033264 0.39407622818102694 0.39414939323837955 0.38882101213962406 0.38889223864215117
15 0 9.3360975789226724e-05 9.5900832064097337e-05 0.39393913535572711 0.3939969660079411 0.38868755072651318 0.38874384967031755 0.39394466100529063 0.39398440852240213 0.3886929300326939 0.38873162480231938
0 0 0.00022721328649827672 0.00023340052035740022 0.39431689142874093 0.39441482303770292 0.38905529753324763 0.38915063274908179 0.39433959227974347 0.39440587786582837 0.38907739658852153 0.38914192476059473
-1
7 0 0.00061297189791963233 0.00062959746272183868 0.39276241041424464 0.39320217370322186 0.38754194477843951 0.38797008901694874 0.39280069182124261 0.39309603983869579 0.38757921525313571 0.3878667604974827
8 0 0.00028562942721918204 0.00029336798688969551 0.3923326386839161 0.39251840340726529 0.38712351579748311 0.38730437921930283 0.39235031770418666 0.39247682200151834 0.38714072846429803 0.38726389511394688
14 0 0.00016476645427708345 0.00016922792652421365 0.39211034177380638 0.39221204372389734 0.3869070810819869 0.38700610145279152 0.39212008923495839 0.39219001871870662 0.38691657156098413 0.38698465723959524
0 0 0.00038370148154781157 0.00039410857177140307 0.39276241041424464 0.39292684401494132 0.38754194477843951 0.38770203534644576 0.39280069182124261 0.39291190118454483 0.38757921525313571 0.38768748726081376
1 0 0.00017050075499503261 0.00017512834093255842 0.39302512619283747 0.39310365824495608 0.38779772083732034 0.38787417755769715 0.39304241718632871 0.39309603983869579 0.38781455492427669 0.3878667604974827
0 0 0.0091549728392988014 0.0093774006933898726 0.35206863105432368 0.35597477293550583 0.3478681157940865 0.35168110096145377 0.35297915062793733 0.3556203306209722 0.34875701081298544 0.35133515330173548
1 0 0.0040452858052285176 0.0041453205968113686 0.35830339907237074 0.36016082153210166 0.35395371204047588 0.35576619715743957 0.35871260998603904 0.35998075926953932 0.35435304234826809 0.35559050119602242
10 0 0.0022688815291390871 0.0023254772697749687 0.36140820966624188 0.36248680496688235 0.35698327871635072 0.35803558551338999 0.36163969454637696 0.36238234744793302 0.3572091281180636 0.35793367729100062
17 0 0.00061319239937118243 0.00062851521987954389 0.36204563749476337 0.36248680496688235 0.35760517986966456 0.35803558551338999 0.36208390074348173 0.36238234744793302 0.35764251023515786 0.35793367729100062
9 0 0.00027790778063495 0.00028484414142004654 0.36162251945192425 0.36180396803688142 0.35719237127138753 0.35736940023652086 0.36163969454637696 0.36176316402232311 0.3572091281180636 0.35732959029226008
15 0 0.00015804993985242134 0.00016199239047777348 0.36140820966624188 0.36150587962375857 0.35698327871635072 0.35707857133959298 0.3614175432612497 0.36148467398697581 0.35699238515436793 0.35705788191191845
0 0 0.00038383950864812456 0.00039343112116821486 0.36204563749476337 0.36221067114420769 0.35760517986966456 0.35776618919848946 0.36208390074348173 0.36219560050276428 0.35764251023515786 0.35775148612705715
1 0 0.00017351493150698921 0.00017785401452016894 0.36231016217099787 0.36239012250043817 0.35786325328180302 0.35794126261738846 0.3623277322463076 0.36238234744793302 0.3578803946918947 0.35793367729100062
16 0 0.0031015953346695824 0.0031198693473299954 0.085766936084575279 0.086984992014943696 0.085515385827452398 0.086726256800945159 0.086055376503488767 0.086879363160950615 0.085802133935710401 0.086621255015186693
4 0 0.0011407162423389347 0.0011475850717331459 0.08765207323640356 0.088152850223158385 0.087389360357372131 0.087887131437631189 0.087764693273166383 0.088105451764219744 0.087501305879832333 0.08784001821764495
12 0 0.00058616337258288523 0.0005897261356571737 0.088474728030160377 0.088744236023104994 0.088207068177910408 0.088474945500496782 0.088533243935113096 0.088718481957912959 0.088265230449333529 0.088449347474801501
5 0 0.00068346236083476498 0.0006875250422543422 0.086529382213634001 0.086984992014943696 0.086273346317865485 0.086726256800945159 0.086570990108838911 0.086879363160950615 0.086314708287360639 0.086621255015186693
6 0 0.00035497244107499104 0.0003570703912268991 0.086033907859286538 0.086254690321211677 0.085780791445177793 0.086000275053121064 0.086055376503488767 0.086206177798269945 0.085802133935710401 0.085952048211426449
19 0 0.00022218662996920102 0.0002234957115092584 0.085766936084575279 0.085884794379991108 0.085515385827452398 0.085632553319170579 0.085767870985750269 0.085857047600961536 0.085516315252600436 0.08560496925754281
4 0 4.9596125374067198e-05 4.9888576589245507e-05 0.085837342794059288 0.085859107090050082 0.08558537997514834 0.085607016670822086 0.085842238392706924 0.085857047600961536 0.085590246874552162 0.08560496925754281
12 0 2.5464268871610948e-05 2.5614485491079598e-05 0.085873090104744379 0.085884794379991108 0.085620917688517595 0.085632553319170579 0.085875631637090721 0.085883676069900425 0.085623444315781339 0.085631441568277317
17 0 1 1 0 0.69473148191778122 0 0.70413192063676888 0.060824207870342817 0.53152518991887376 0.060895384586890478 0.53701027740765372
0 1 0.62596912329922016 0.62596912329922016 0 0.26156455580309834 0 0.26288592242943576 0.060824207870342817 0.23776256614455554 0.060895384586890478 0.23885388813139657
1 1 0.27949596910389651 0.28404383642941922 0.41827723670507355 0.54370039690341443 0.42166654037078954 0.54944100405265317 0.44587714683673235 0.53152518991887376 0.44973055236476756 0.53701027740765372
18 1 0.15758047013723331 0.16145470901424069 0.62814173158892384 0.69473148191778122 0.63581652276163747 0.70413192063676888 0.64383068713937386 0.6942037914959247 0.65189611057921859 0.70358985877244562
5 1 0.14851895601216314 0.14944086830305309 0.16076239611671195 0.26156455580309834 0.16126058014366196 0.26288592242943576 0.16976995540803069 0.23776256614455554 0.17032562667485532 0.23885388813139657
6 1 0.073318409804107532 0.073477627764132691 0.056411192575123892 0.10225687834097363 0.056472410515976346 0.10245821201266314 0.060824207870342817 0.092094703850403331 0.060895384586890478 0.092257977347553172
13 1 0.043604913265107292 0.043604913265107292 0 0.026022327623417274 0 0.026035346892985256 0.0025099321920919043 0.020417731715809972 0.0025100532580475954 0.020425745959233743
7 0 0.072302871150294559 0.073693208643906591 0.49322913162592386 0.54370039690341443 0.49794878942108478 0.54944100405265317 0.49762512658876928 0.53152518991887376 0.50242969867882481 0.53701027740765372
8 0 0.033730918920102326 0.034313760065769694 0.44384449550839022 0.46519782853513636 0.44766269711035034 0.46939399119701886 0.44587714683673235 0.46041908340382709 0.44973055236476756 0.4645290978603
14 0 0.01946964640442328 0.019786450145836909 0.41827723670507355 0.42997636249360527 0.42166654037078954 0.43355872575945753 0.41939866526114405 0.42744303315080956 0.42280624120651694 0.43098313395066151
21 0 0.042633684027699029 0.04375539820439879 0.67135774463185194 0.69473148191778122 0.68013228761952305 0.70413192063676888 0.67395331206879372 0.6942037914959247 0.68279628038346252 0.70358985877244562
9 0 0.019308465814088405 0.019794362790123338 0.64266643879580698 0.65496792685319205 0.65070253692258073 0.66331661073231829 0.64383068713937386 0.65220126396376343 0.65189611057921859 0.66047911942113158
15 0 0.010977031417130134 0.011246910303982949 0.62814173158892384 0.63476062690764246 0.63581652276163747 0.64259902201471575 0.62877420535385242 0.63332347517498011 0.63646455436024774 0.6411261987332505
0 0 0.09296828068824925 0.093545369316736293 0.16076239611671195 0.19913360745252073 0.16126058014366196 0.19989855441642557 0.16976995540803069 0.19568082506863185 0.17032562667485532 0.1964194259450846
1 0 0.03991099246073173 0.040253208299005132 0.22167591144488785 0.23948200030179323 0.22262426025261539 0.24058920040126597 0.22561202380243855 0.23776256614455554 0.22659442429337351 0.23885388813139657
10 0 0.022068965443978086 0.022283714129151401 0.2513540905239815 0.26156455580309834 0.25257406804024907 0.26288592242943576 0.253549724163527 0.26057793878587532 0.25479116095033644 0.26188933087905764
2 0 0.045895060706765634 0.045994726233622885 0.056411192575123892 0.074757051500648375 0.056472410515976346 0.074864600354116906 0.060824207870342817 0.073153674192240337 0.060895384586890478 0.073256655960368247
3 0 0.017815646308212307 0.017873993812219172 0.085005775433521169 0.092841689910842851 0.085144861616195389 0.093007625179454045 0.08675723884115899 0.092094703850403331 0.086902120431805382 0.092257977347553172
11 0 0.0093963814940503931 0.0094318525319061052 0.097944191460030527 0.10225687834097363 0.098128885406725708 0.10245821201266314 0.098877421395478712 0.10184315557570106 0.099065655086423968 0.10204286179390225
16 1 0.027135452378161062 0.027135452378161062 0 0.010615370130012014 0 0.010617536018010076 0.0025099321920919043 0.0096931333153030298 0.0025100532580475954 0.0096949391848960165
4 1 0.010043184529058899 0.010049535952042152 0.016446994911254453 0.020833194207303229 0.016452194721668034 0.020841537985236691 0.01743278075576573 0.020417731715809972 0.017438622680530334 0.020425745959233743
12 1 0.0051750152303705714 0.0051797234987254834 0.023656269000877028 0.026022327623417274 0.023667027881352221 0.026035346892985256 0.024169812211207706 0.025796137400973078 0.024181043392118851 0.025808931267421058
0 0 0.045259364865966378 0.046129673207932709 0.49322913162592386 0.51210831281617009 0.49794878942108478 0.51719805541231079 0.49762512658876928 0.51039303467382469 0.50242969867882481 0.51544857045847003
1 0 0.020096921313331469 0.020507362928741859 0.52338827442545766 0.53239926025500495 0.52870586909811745 0.5379024959481522 0.52537246112749525 0.53152518991887376 0.53073065704981104 0.53701027740765372
10 0 0.011299362046731811 0.011536878751366903 0.53845752755705023 0.54370039690341443 0.54408738266535694 0.54944100405265317 0.53958239320008083 0.54319246842398761 0.5452359184802662 0.54892229824005467
2 0 0.021114513744493912 0.021479354305469656 0.44384449550839022 0.45232627518653734 0.44766269711035034 0.45629245328992241 0.44587714683673235 0.45158166055580518 0.44973055236476756 0.45553473418771212
3 0 0.0083229547658317474 0.0084711207635471721 0.45710100873012238 0.46076946007839026 0.46115173726317971 0.46488576027958817 0.45791962777794143 0.46041908340382709 0.46198494266512891 0.4645290978603
11 0 0.0044204586469711411 0.0045002103774677681 0.46316659010068939 0.46519782853513636 0.46732602471752616 0.46939399119701886 0.4636057319827197 0.46500276320426859 0.46777309318699922 0.46919539170193991
16 0 0.012116012239608231 0.012313160042335625 0.41827723670507355 0.42303029163606731 0.42166654037078954 0.42649738027569684 0.41939866526114405 0.42261630196504302 0.42280624120651694 0.42607658018503158
4 0 0.0045233697055818032 0.0045982864272136629 0.42565276609749647 0.42763056816328948 0.42916315309924946 0.43117378886474222 0.42609687185359091 0.42744303315080956 0.42961461808558338 0.43098313395066151
12 0 0.0023396941337819198 0.0023787443560509052 0.42890596476420551 0.42997636249360527 0.43247044018782232 0.43355872575945753 0.42913817615322647 0.42987397670038885 0.43270652831935308 0.43345462700399395
0 0 0.026687369813834738 0.027389528253615819 0.67135774463185194 0.68255386145102226 0.68013228761952305 0.6916254851349295 0.67395331206879372 0.68153132399359184 0.68279628038346252 0.69057560746511426
1 0 0.012069414638677826 0.012395627495422489 0.68930491521383797 0.69473148191778122 0.69855809532250235 0.70413192063676888 0.69049726126660926 0.6942037914959247 0.69978269661109871 0.70358985877244562
-1
2 0 0.012086503417897854 0.01239065992200028 0.64266643879580698 0.64753393570617801 0.65070253692258073 0.65569299687884608 0.64383068713937386 0.64710563108152963 0.65189611057921859 0.65525383446117469
3 0 0.0048021447171431413 0.004924450362128345 0.65028491230019014 0.6524038461039694 0.65851388698130298 0.66068687743237753 0.65075735150970149 0.65220126396376343 0.6589983631815165 0.66047911942113158
11 0 0.002559780444771963 0.0026253336235429192 0.6537909693647439 0.65496792685319205 0.66210948500015387 0.66331661073231829 0.65404529925879973 0.65485483819805124 0.66237032929581718 0.66320062094220611
16 0 0.0068310355638661058 0.0069989819060030101 0.62814173158892384 0.63082528717499597 0.63581652276163747 0.63856619918702617 0.62877420535385242 0.63059124994905191 0.63646455436024774 0.63832638402929154
4 0 0.0025614486025493017 0.0026248493522331119 0.63230916241592805 0.6334297893302423 0.64008675928471326 0.64123514889185729 0.63256067929353954 0.63332347517498011 0.64034450294695189 0.6411261987332505
12 0 0.0013274573282369244 0.0013604120308901911 0.63415312925900236 0.63476062690764246 0.64197643561627182 0.64259902201471575 0.63428488662986138 0.63470250178740284 0.64211146426698373 0.64253945257258516
13 0 0.00013554072211263701 0.00013555282430388615 0.0023230360121894167 0.0024035237711956814 0.0023231397192637893 0.0024036347893527932 0.0023308341059632828 0.0023862558669033433 0.0023309385104810327 0.0023863652955540787
17 0 0.00013243796422035087 0.00013604576591804633 0.69463850320947684 0.69473148191778122 0.70403640888101204 0.70413192063676888 0.69464656600720442 0.69470946364098674 0.70404469132231218 0.70410930247805437
19 0 0.00014252232244871266 0.00014283182326835231 0.056411192575123892 0.056486351494609455 0.056472410515976346 0.056547732759171465 0.056411788757940763 0.056468657004501793 0.056473007993467932 0.056529999798538171
21 0 0.00013291752657888247 0.00013573875314710809 0.54362749966831103 0.54370039690341443 0.54936655943979273 0.54944100405265317 0.5436355920945547 0.54369875059138195 0.54937482363225199 0.54943932279229579
6 1 0.000135244795728795 0.000135244795728795 0 8.3615532313841001e-05 0 8.361566666814646e-05 8.1314319071586726e-06 6.5244157642103351e-05 8.1314331775036129e-06 6.5244239443481102e-05
-1
-1
-1
-1
-1
-1
-1
-1
-1
7 0 0.0031294346176044719 0.003214422839861601 0.69254527411994449 0.69473148191778122 0.70188624486358098 0.70413192063676888 0.69273555574815282 0.6942037914959247 0.70208169482600469 0.70358985877244562
8 0 0.0014577387838871532 0.0014972030424062963 0.69040941405577327 0.69133253713267151 0.69969247102486798 0.70064060215931767 0.69049726126660926 0.69112589525960932 0.69978269661109871 0.70042835925012392
14 0 0.00084075357536221237 0.0008634775130052369 0.68930491521383797 0.68981020678126503 0.69855809532250235 0.69907704904715184 0.68935334245669966 0.68970077552432296 0.69860783150667094 0.69896465810328545
0 0 0.0019589294440041025 0.0020121294469811566 0.69254527411994449 0.69336264561094962 0.70188624486358098 0.70272582764329083 0.69273555574815282 0.69328836329617671 0.70208169482600469 0.70264952567337924
1 0 0.00087064768014781958 0.00089433795572463131 0.69385123636135715 0.69424166833939793 0.70322770814532465 0.7036287668057728 0.69393719879376881 0.6942037914959247 0.70331600975863995 0.70358985877244562
10 0 0.00048974279967983465 0.00050308147046853181 0.69450422444119497 0.69473148191778122 0.70389847252561166 0.70413192063676888 0.69455297979347141 0.69470946364098674 0.70394855582979454 0.70410930247805437
9 0 5.9999023600562781e-05 6.1633269771747433e-05 0.69454936203750295 0.69458758503488394 0.70394483953356368 0.70398410367356901 0.69455297979347141 0.69457898895174919 0.70394855582979454 0.70397527343968935
15 0 3.4115408424134283e-05 3.5044578188526921e-05 0.69450422444119497 0.6945247944937285 0.70389847252561166 0.70391960283406907 0.69450619009338965 0.69452032827325827 0.70390049171453062 0.70391501496801379
5 1 0.0059947971651450223 0.0059963272559478125 0.0066397614914579517 0.010615370130012014 0.006640608792002789 0.010617536018010076 0.0070025816025058923 0.0096931333153030298 0.0070035240386040363 0.0096949391848960165
6 1 0.0031083818768422589 0.0031086594173928006 0.0023230360121894167 0.0042456948884530554 0.0023231397192637893 0.0042460413141558462 0.0025099321920919043 0.0038231098364825797 0.0025100532580475954 0.0038233907305511663
19 1 0.0019438817982688761 0.0019438817982688761 0 0.001025285118044339 0 0.0010253053191422445 8.1314319071586726e-06 0.0007838718287515741 8.1314331775036129e-06 0.0007838836366814764
20 1 0.001053651296388125 0.001053651296388125 0 0.00036007644693381025 0 0.00036007893848322148 8.1314319071586726e-06 0.00032010143658375406 8.1314331775036129e-06 0.00032010340562607545
4 1 0.00043401219870065056 0.00043402241471509077 0.00061244175011632151 0.00080178984058476566 0.00061244895806678024 0.0008018021945079834 0.0006550319925448879 0.0007838718287515741 0.00065504023786652765 0.0007838836366814764
12 1 0.0002228626656002273 0.00022287057545672493 0.00092344836661406582 0.001025285118044339 0.00092346475401394734 0.0010253053191422445 0.00094556144133244654 0.001015554738400619 0.00094557862296816098 0.0010155745578807919
5 1 0.00026028926944345353 0.00026029114639962832 0.00018762400973648674 0.00036007644693381025 0.00018762468621713602 0.00036007893848322148 0.00020337598917667042 0.00032010143658375406 0.00020337678401359933 0.00032010340562607545
-1
2 0 0.001945751078324065 0.0019459248101156845 0.0023230360121894167 0.0030974361448723453 0.0023231397192637893 0.0030976205222721376 0.0025099321920919043 0.0030300245909714763 0.0025100532580475954 0.003030201030019249
3 0 0.00074511974920953722 0.00074522076692357846 0.0035271197117292541 0.0038542416657787459 0.0035273587937663109 0.003854527153321019 0.0036003423906902131 0.0038231098364825797 0.0036005915027580168 0.0038233907305511663
11 0 0.00039059802490389235 0.00039065907970827212 0.0040666030778844231 0.0042456948884530554 0.0040669208930521616 0.0042460413141558462 0.0041053879591365725 0.0042285301195907664 0.0041057118657252143 0.0042288737497384044
5 0 0.00043458782749400643 0.00043463473020252912 0.0028078771812463099 0.0030974361448723453 0.002808028696640541 0.0030976205222721376 0.0028341907233989851 0.0030300245909714763 0.0028343450919786966 0.003030201030019249
6 0 0.00022307441548885532 0.00022309582085089374 0.0024965165774495368 0.0026348074105062569 0.0024966363526355284 0.0026349408231078897 0.0025099321920919043 0.0026043588760574 0.0025100532580475954 0.0026044892228965669
5 0 0.010306847708481082 0.010333788840729016 0.067878540113075259 0.074757051500648375 0.067967196281687237 0.074864600354116906 0.068502694475850251 0.073153674192240337 0.068592989641024088 0.073256655960368247
6 0 0.0052720019951104646 0.0052842833754804808 0.060507127651246329 0.063777951376913666 0.060577563775480181 0.06385621335795344 0.060824207870342817 0.06305735237789957 0.060895384586890478 0.063133854793649788
13 0 0.0031970429002399214 0.0032039855855785504 0.056411192575123892 0.058310542440979996 0.056472410515976346 0.058375954555293097 0.056595136798213194 0.057902909684030994 0.056656754843916121 0.057967409933493197
16 0 0.0019895282176776163 0.00199384866903074 0.056411192575123892 0.057188065400818333 0.056472410515976346 0.057250982031343378 0.056595136798213194 0.057120685822697199 0.056656754843916121 0.057183454201132369
4 0 0.00073217042929564588 0.00073379435536284165 0.057613632666072556 0.057933154126339925 0.057677489696717821 0.057997721811832825 0.057685486399842306 0.057902909684030994 0.057749502898871784 0.057967409933493197
12 0 0.00037633178356253147 0.00037717409071653929 0.058138550758281893 0.058310542440979996 0.058203577349829949 0.058375954555293097 0.058175892774657061 0.058294106468733883 0.058241002972126879 0.058359481692192718
5 0 0.00043851918806591653 0.0004394796966147057 0.056897449782756793 0.057188065400818333 0.056959728236327223 0.057250982031343378 0.056923988393472812 0.057120685822697199 0.0569863249893496 0.057183454201132369
6 0 0.00022771822075640102 0.00022821422763286137 0.056581445337733127 0.056722251292391057 0.056643033557621791 0.056784146592510965 0.056595136798213194 0.056691311309468022 0.056656754843916121 0.056753139067806685
17 0 0.0030553220078052309 0.0031199213311553496 0.54155546416860911 0.54370039690341443 0.54725062931549484 0.54944100405265317 0.54174147105139736 0.54319246842398761 0.54744056966745336 0.54892229824005467
9 0 0.0013842551246240932 0.001413409833119595 0.5394989269949404 0.54038076905567611 0.54515069420030327 0.54605112473580597 0.53958239320008083 0.54018245106598051 0.5452359184802662 0.54584862368515541
15 0 0.00078711182973680016 0.00080365720700723356 0.53845752755705023 0.53893211702535448 0.54408738266535694 0.54457195264258429 0.53850287911776895 0.53882907357972087 0.5441336875731726 0.54446674145760265
0 0 0.0019125372386226535 0.0019529744204258518 0.54155546416860911 0.5423577691800312 0.54725062931549484 0.54806991039667396 0.54174147105139736 0.54228449985452154 0.54744056966745336 0.54799508969732225
1 0 0.00086474410302376516 0.00088307167679447726 0.54284148722396708 0.54323027358266152 0.54856387582555377 0.5489609052040616 0.54292691523750169 0.54319246842398761 0.54865111456363014 0.54892229824005467
18 0 0.00049064165441302658 0.00050105309547319229 0.54349285461442465 0.54370039690341443 0.54922905685142775 0.54944100405265317 0.54354171523990336 0.54369875059138195 0.54927895434922902 0.54943932279229579
9 0 6.014512601615411e-05 6.1421516581206827e-05 0.54353808858742148 0.54357641437341941 0.54927525073222805 0.54931438989126069 0.54354171523990336 0.54356779348045869 0.54927895434922902 0.54930558603541157
15 0 3.4178022507193534e-05 3.490328189698663e-05 0.54349285461442465 0.54351346523047916 0.54922905685142775 0.54925010483423597 0.54349482389995696 0.54350898972505279 0.54923106792537679 0.54924553435509338
18 0 1 1 0 0.42312422036025055 0 0.42257616233068518 0.099591940772459975 0.41976685861067264 0.099561548057236493 0.41922745787894211
21 1 0.27055182657197496 0.27100725938281217 0.27447799527467909 0.42312422036025055 0.27424726557353296 0.42257616233068518 0.29097793374166137 0.41976685861067264 0.29071864324286889 0.41922745787894211
9 1 0.12253083010396593 0.12260009578523634 0.092199318631394411 0.17032694889224465 0.092173269912405431 0.17023807100528343 0.099591940772459975 0.15275241465591946 0.099561548057236493 0.15268092774368952
15 1 0.069659846855200214 0.069659846855200214 0 0.042008680294855716 0 0.04200327180744079 0.0040137051595880158 0.032886473265667925 0.0040136557809331841 0.03288315856364412
0 0 0.16935708968626184 0.16964217656358338 0.27447799527467909 0.34566326813279535 0.27424726557353296 0.34529742051608303 0.29097793374166137 0.33916065401750944 0.29071864324286889 0.33880843456154247
1 0 0.076592071518550769 0.076774642072094432 0.38860168863412203 0.42312422036025055 0.38813936505994945 0.42257616233068518 0.39618648622889763 0.41976685861067264 0.39570595025755029 0.41922745787894211
-1
2 0 0.07670051629730601 0.076743874475085683 0.092199318631394411 0.12310866767878076 0.092173269912405431 0.12306223036627528 0.099591940772459975 0.1203886329374432 0.099561548057236493 0.12034422461165806
3 0 0.030474237784422535 0.030500506254630185 0.14058037921745309 0.1540392028364207 0.14051982896092563 0.15396650672457113 0.14358107336364079 0.15275241465591946 0.14351791120487359 0.15268092774368952
11 0 0.0162442747032212 0.016260495835468996 0.1628503894314855 0.17032694889224465 0.16276914108380802 0.17023807100528343 0.16446597746391894 0.16960854438846537 0.16438310945079129 0.16952041446420016
16 1 0.043349506178763875 0.043349506178763875 0 0.017030636282934108 0 0.01702974730139567 0.0040137051595880158 0.015545296157528313 0.0040136557809331841 0.015544555476924536
4 1 0.016254860772522087 0.016257496410349941 0.026448510230191957 0.033561276492355296 0.026446366249415765 0.033557824371973632 0.028044893908390635 0.032886473265667925 0.028042483315141316 0.03288315856364412
12 1 0.0084239964957641758 0.0084259668807194679 0.038152574751418145 0.042008680294855716 0.038148113562824215 0.04200327180744079 0.03898890000657048 0.041639725790559433 0.038984241102894814 0.041634411883434967
5 0 0.040379808883810334 0.040458604745250218 0.31815868020864529 0.34566326813279535 0.31784871147000221 0.34529742051608303 0.3206128195077686 0.33916065401750944 0.32029805276049916 0.33880843456154247
6 0 0.019870600469021893 0.01990591516464657 0.28977971698341604 0.30223599035652815 0.28952255660659626 0.30195625724438357 0.29097793374166137 0.29947334092431233 0.29071864324286889 0.2991986960308578
13 0 0.011797388931387376 0.011817248039601935 0.27447799527467909 0.28153318690904916 0.27424726557353296 0.28129044864226344 0.27515823257138061 0.28001316594252529 0.27492635830388312 0.27977304061005653
7 0 0.019859279610468974 0.019909130303397228 0.40921520657608029 0.42312422036025055 0.40870256621859952 0.42257616233068518 0.41042576254943697 0.41976685861067264 0.40991008659242845 0.41922745787894211
8 0 0.0092507579309646648 0.0092732076478131142 0.39562765715056675 0.40150008502980494 0.39514847501484146 0.40100658088350799 0.39618648622889763 0.40018551879330694 0.39570595025755029 0.39969523898382692
14 0 0.0053353919723047732 0.0053481098091049256 0.38860168863412203 0.39181592578965724 0.38813936505994945 0.39134592718650502 0.38890973901228826 0.39111981141459323 0.38844668260266041 0.39065148036294595
-1
-1
-1
5 0 0.01738577691162577 0.017397658936597421 0.11146499842560631 0.12310866767878076 0.11142692847285329 0.12306223036627528 0.1125188233617065 0.1203886329374432 0.11248003028090656 0.12034422461165806
6 0 0.0088398990816926926 0.0088452680976423004 0.099059880225220553 0.10455497851033596 0.099029811333953999 0.10452148166260683 0.099591940772459975 0.10334307962592248 0.099561548057236493 0.10331035468159762
13 0 0.0053429462189846788 0.0053459665430093395 0.092199318631394411 0.095377806523279984 0.092173269912405431 0.0953499311059261 0.092506925926152173 0.094695232176928157 0.092480703127717556 0.094667754257080905
7 0 0.0077256389371386531 0.0077326820158131696 0.1486775942104584 0.1540392028364207 0.14860986954905303 0.15396650672457113 0.14914746274157875 0.15275241465591946 0.14907930943889497 0.15268092774368952
8 0 0.0036524226942637877 0.0036556333271232644 0.14336084237451063 0.14566839991611713 0.14329787378647063 0.1456033883698179 0.14358107336364079 0.1451531332626039 0.14351791120487359 0.1450885807261319
14 0 0.0021228307370918242 0.0021246605947036132 0.14058037921745309 0.1418550515834488 0.14051982896092563 0.14179339854534678 0.1407027385990206 0.14157937555550026 0.1406420829150084 0.14151796186129736
17 0 0.0043452858164502832 0.0043497430899647463 0.16728459442390758 0.17032694889224465 0.16719886242880749 0.17023807100528343 0.16754931989914593 0.16960854438846537 0.16746331641979101 0.16952041446420016
9 0 0.0019828268928253848 0.0019848250875504781 0.16434631615094547 0.16560881707433339 0.16426356864898406 0.16552479368913819 0.16446597746391894 0.16532522942630423 0.16438310945079129 0.16524149348436387
15 0 0.0011315736881001917 0.0011327036496883922 0.1628503894314855 0.16353278968713497 0.16276914108380802 0.16345085916594709 0.16291564803866443 0.16338472191100939 0.16283433457732446 0.16330293965054249
5 1 0.0096272893178407232 0.0096279170143423742 0.010635427366182393 0.017030636282934108 0.010635080669729069 0.01702974730139567 0.011218217806892708 0.015545296157528313 0.011217832074184239 0.015544555476924536
6 1 0.0049748423933699826 0.00497495567836026 0.0037145560033202754 0.0067941370644141186 0.0037145137108998694 0.0067939955784924178 0.0040137051595880158 0.0061168628612081992 0.0040136557809331841 0.0061167481771613229
19 1 0.0031053956591513554 0.0031053956591513554 0 0.0016385886802862681 0 0.001638580450446403 1.2990190828398272e-05 0.0012526460867818346 1.2990190311122814e-05 0.0012526412771839068
7 0 0.0040786551952658977 0.0040794238969373243 0.030742325163800266 0.033561276492355296 0.030739428579540928 0.033557824371973632 0.030990133250048475 0.032886473265667925 0.030987189782175208 0.03288315856364412
8 0 0.0019413088548218826 0.0019416412354838312 0.027927937547406301 0.029151766683794877 0.027925547017297214 0.02914916206230983 0.028044893908390635 0.028878803181353645 0.028042483315141316 0.028876247106281758
14 0 0.0011323111120664919 0.0011324947101939431 0.026448510230191957 0.027127388585827084 0.026446366249415765 0.027125133134126345 0.026513725601667853 0.026980659728251664 0.026511571035252725 0.026978428608508683
17 0 0.0022408933793767751 0.0022414490085784079 0.040443924458330838 0.042008680294855716 0.040438911357838503 0.04200327180744079 0.040580316440424438 0.041639725790559433 0.040575269472943119 0.041634411883434967
9 0 0.0010263303371196653 0.0010265752704180205 0.038927014400974236 0.039579477016126463 0.038922370274483142 0.039574675912467605 0.03898890000657048 0.039433008595867368 0.038984241102894814 0.039428242958395976
15 0 0.00058681430580367552 0.00058695156251790601 0.038152574751418145 0.038506033436499554 0.038148113562824215 0.038501489209936013 0.038186389481586404 0.038429365460034177 0.038181920382024212 0.038424839310083989
-1
16 0 0.00013499459919330548 0.00013499767283065012 0.0037145560033202754 0.003767260960884089 0.0037145137108998694 0.0037672174598020747 0.0037270368675139951 0.0037626904825268726 0.0037269942904137134 0.0037626470869321503
18 0 0.00013497191411345133 0.00013532219601173861 0.42306697863887427 0.42312422036025055 0.42251906878970924 0.42257616233068518 0.42308045473149525 0.42312376629347787 0.42253250999887071 0.42257570943945727
20 0 0.00012910476834804285 0.00012917774984089192 0.092199318631394411 0.092243461760656842 0.092173269912405431 0.092217388096046515 0.092200315544563483 0.092238561298191357 0.092174266262343013 0.092212490403458983
-1
2 1 0.000135244795728795 0.000135244795728795 0 5.3817484648444047e-05 0 5.3817475770823187e-05 1.2990190828398272e-05 4.9133412619014049e-05 1.2990190311122814e-05 4.9133405219509591e-05
20 1 0.0016832320592357064 0.0016832320592357064 0 0.00057531325575882475 0 0.00057531224123641422 1.2990190828398272e-05 0.00051143487759827732 1.2990190311122814e-05 0.00051143407585800538
4 1 0.00069368020700347915 0.00069368436861879615 0.00097862953594651803 0.0012812886911255372 0.0009786266003997679 0.0012812836590640475 0.001046702942961586 0.0012526460867818346 0.0010466995848188282 0.0012526412771839068
12 1 0.00035628824086994223 0.00035629146421160411 0.0014757752081552278 0.0016385886802862681 0.0014757685325273995 0.001638580450446403 0.0015111277849888761 0.0016230314744255421 0.001511120785698048 0.0016230234001161207
5 1 0.00041587974306460526 0.00041588050728695434 0.00029975615374272513 0.00057531325575882475 0.00029975587832647976 0.00057531224123641422 0.00032492423888161521 0.00051143487759827732 0.00032492391527498034 0.00051143407585800538
6 1 0.00021605665602919544 0.00021605665602919544 0 0.00013358219580372754 0 0.00013358214110836819 1.2990190828398272e-05 0.00010423175611344804 1.2990190311122814e-05 0.0001042317228127031
-1
3 1 5.1763658972842072e-05 5.1763685523883426e-05 8.3670598572893606e-05 0.00010639419168112507 8.3670577114502986e-05 0.00010639415698432408 8.8757315977214057e-05 0.00010423175611344804 8.8757291830248895e-05 0.0001042317228127031
11 1 2.7128384961034179e-05 2.7128405108020329e-05 0.00012114413898184351 0.00013358219580372754 0.000121144093997827 0.00013358214110836819 0.00012383786186068461 0.00013239013329882177 0.00012383781485391558 0.00013239007957524719
2 0 0.003114097731554466 0.0031141686444300376 0.0037145560033202754 0.0049543655785330709 0.0037145137108998694 0.0049542903429711238 0.0040137051595880158 0.0048464095508036339 0.0040136557809331841 0.0048463375582735385
3 0 0.0011936716405646594 0.001193712931331446 0.005642618082510098 0.0061667498059995718 0.0056425204920274585 0.0061666332436982607 0.0057599273116364647 0.0061168628612081992 0.0057598256212254145 0.0061167481771613229
11 0 0.00062599999347815621 0.00062602496519799822 0.0065070798204100999 0.0067941370644141186 0.0065069500375710132 0.0067939955784924178 0.0065692426574484328 0.0067666227351851471 0.0065691103831312823 0.0067664823928869269
5 0 0.00069580754267533338 0.00069582669798592001 0.0044906935235994316 0.0049543655785330709 0.0044906317113540539 0.0049542903429711238 0.0045328250721434257 0.0048464095508036339 0.0045327620946242235 0.0048463375582735385
6 0 0.00035707079881008852 0.00035707953769967271 0.0039922304099833661 0.0042136074873180829 0.0039921815582984466 0.0042135530676097321 0.0040137051595880158 0.0041648631230728891 0.0040136557809331841 0.0041648099551631849
13 0 0.00021692757104574412 0.00021693251082410825 0.0037145560033202754 0.0038433805680295752 0.0037145137108998694 0.0038433352912708996 0.0037270368675139951 0.0038157417493030065 0.0037269942904137134 0.0038156971213946542
4 0 4.9653196092659553e-05 4.9654351603111036e-05 0.0037961248088129729 0.0038177925914341659 0.003796080638591548 0.0038177479155409033 0.0038009977095931429 0.0038157417493030065 0.0038009534259012797 0.0038156971213946542
12 0 2.5515552936594639e-05 2.5516152292671866e-05 0.0038317195836752305 0.0038433805680295752 0.0038316745812415065 0.0038433352912708996 0.0038342514365489115 0.0038422662523914068 0.0038342063746241188 0.0038422210018831324
-1
-1
-1
-1
-1
-1
-1
-1
-1
-1
-1
-1
-1
0 0 0.012431295847119335 0.012462500841667508 0.40921520657608029 0.41441531987618657 0.40870256621859952 0.41388957632393403 0.41042576254943697 0.41394272932508308 0.40991008659242845 0.41341818342411474
1 0 0.0055250988868708918 0.0055392497449284588 0.41752381082760032 0.42000784280719994 0.41699015566591657 0.41946782296631857 0.4180707234190908 0.41976685861067264 0.417535670172484 0.41922745787894211
10 0 0.0031078902052603893 0.0031159293744982002 0.42167831573106407 0.42312422036025055 0.42113399455197392 0.42257616233068518 0.4219885160620972 0.42298413055510831 0.4214433942652378 0.42243643513749213
17 0 0.00084044656108091058 0.00084262494880868889 0.42253265040016469 0.42312422036025055 0.42198612278947073 0.42257616233068518 0.42258394925264597 0.42298413055510831 0.42203728901407117 0.42243643513749213
9 0 0.00038075164738568751 0.00038173720759244762 0.42196549848488468 0.4222086882948648 0.42142043611588603 0.4216629978835188 0.4219885160620972 0.42215399658637415 0.4214433942652378 0.42160844744889131
15 0 0.00021649515574121521 0.00021705516303916449 0.42167831573106407 0.42180919025672253 0.42113399455197392 0.42126453136605757 0.42169082195606877 0.42178077444845391 0.42114646851015392 0.42123618889147052
0 0 0.00052609359701966227 0.00052745720047582567 0.42253265040016469 0.42275392037274734 0.42198612278947073 0.42220682057657799 0.42258394925264597 0.42273371297889073 0.42203728901407117 0.42218666544974187
1 0 0.00023787998395760875 0.00023849707268417585 0.42288732912560467 0.42299455737136082 0.42233988420118657 0.4224468349688435 0.4229108902685072 0.42298413055510831 0.42236338438015453 0.42243643513749213
16 0 0.003324929505140517 0.0033268090607521117 0.092199318631394411 0.093498787399098782 0.092173269912405431 0.09347199934451822 0.092506925926152173 0.0933860493896259 0.092480703127717556 0.093359325887318559
4 0 0.0012248046887620972 0.0012255121696743273 0.094210980833094649 0.094745868169001601 0.094183783186833681 0.094718360859255391 0.094331253672926982 0.094695232176928157 0.094303986549567426 0.094667754257080905
12 0 0.00062981061860807206 0.00063017780854821731 0.095089781477970703 0.095377806523279984 0.095062074140164821 0.0953499311059261 0.095152312656760288 0.09535028034716457 0.095124568871517337 0.095322421014912173
5 0 0.00073314807205880823 0.00073356617088980031 0.093012580265824596 0.093498787399098782 0.092986070050826208 0.09347199934451822 0.09305697521848115 0.0933860493896259 0.09303043969437462 0.093359325887318559
6 0 0.00038061850899850924 0.00038083433404523248 0.092484028296597659 0.092719524750147497 0.09245781847623033 0.092693181300239569 0.092506925926152173 0.092667775631873811 0.092480703127717556 0.092641461575482004
19 0 0.00023818545037102012 0.00023832009466673298 0.092199318631394411 0.092325000220467135 0.092173269912405431 0.092298880446462228 0.092200315544563483 0.092295410599341945 0.092174266262343013 0.092269307562755989
4 0 5.3170517787423547e-05 5.3200599127564e-05 0.092274397459826185 0.092297606850262615 0.09224830630610148 0.09227150257154787 0.092279618079417577 0.092295410599341945 0.09225352397370222 0.092269307562755989
12 0 2.7300303059392031e-05 2.731575464904476e-05 0.092312518510611119 0.092325000220467135 0.092286405797560311 0.092298880446462228 0.092315228849770975 0.092323807623775928 0.092289114603551242 0.092297688524469054
19 0 1 1 0 0.52718769111940267 0 0.52787142454533642 0.0041830736786585554 0.40310203782062382 0.0041831166707817502 0.40350166380671271
20 1 0.54203465323062971 0.54203465323062971 0 0.18520438307630849 0 0.18528869588995439 0.0041830736786585554 0.16464643804395995 0.0041831166707817502 0.16471306865489832
4 1 0.22314220891257269 0.22348797248148966 0.31497041165127915 0.41231280669258441 0.31521434384827707 0.41273091348265001 0.33686723929839346 0.40310203782062382 0.33714628192383667 0.40350166380671271
12 1 0.11454865810836129 0.11481640717566707 0.47484736620780932 0.52718769111940267 0.47540200269657595 0.52787142454533642 0.48621309530158846 0.52218685246706564 0.48679461685508696 0.52285766753871676
5 1 0.1338781511833147 0.13394166493983667 0.096511753739640299 0.18520438307630849 0.096534644320094135 0.18528869588995439 0.10461362538092722 0.16464643804395995 0.1046405209998999 0.16471306865489832
6 1 0.069574598450698133 0.069574598450698133 0 0.043013027655991395 0 0.043017573759530893 0.0041830736786585554 0.03356281956297881 0.0041831166707817502 0.033565587435523264
-1
7 0 0.05579550732199752 0.05589813449767303 0.37380159042511785 0.41231280669258441 0.37414520749398772 0.41273091348265001 0.37719059243930059 0.40310203782062382 0.3775404713481979 0.40350166380671271
8 0 0.026617691632795336 0.026661596992546922 0.33526397752042036 0.35203287376282055 0.33554036926596065 0.35233761809170755 0.33686723929839346 0.34829418677076529 0.33714628192383667 0.34859248979036606
14 0 0.015544052099780912 0.015568137937039775 0.31497041165127915 0.32428576144685228 0.31521434384827707 0.32454434167809598 0.31586550106808142 0.32227283454823691 0.31611082219808856 0.32252821332776122
17 0 0.030414974525479081 0.030490735363387644 0.50596852807397141 0.52718769111940267 0.5065982961273634 0.52787142454533642 0.50781917380295627 0.52218685246706564 0.50845356008684128 0.52285766753871676
9 0 0.013947187577828415 0.01398051198659013 0.48537233049088024 0.49423441553065806 0.48595184143829417 0.49483529456315722 0.48621309530158846 0.49224541611877426 0.48679461685508696 0.49284146560560621
15 0 0.0079794419812971376 0.0079980933403212828 0.47484736620780932 0.47965184508265835 0.47540200269657595 0.48021776860066645 0.47530706164448855 0.47860983340128188 0.47586277315856496 0.47917329928359848
0 0 0.083803588925140005 0.083843346575627489 0.096511753739640299 0.13078083951917599 0.096534644320094135 0.13082287550230351 0.10461362538092722 0.1277231274607909 0.1046405209998999 0.12776322048276514
1 0 0.034934726468122547 0.034960596875113589 0.1506195670030383 0.16613934508128841 0.1506753262542086 0.16620718974560672 0.15406166439538879 0.16464643804395995 0.15412000178447599 0.16471306865489832
10 0 0.019045646643596408 0.019062167580549266 0.17641403260910499 0.18520438307630849 0.17649053023073069 0.18528869588995439 0.17830788860986191 0.18435684773655392 0.17838603785984009 0.18444039047444966
2 1 0.04355155039607439 0.04355155039607439 0 0.017329806495978574 0 0.017330544399046726 0.0041830736786585554 0.015821525528225279 0.0041831166707817502 0.015822140573367161
3 1 0.016667429736728006 0.016669636578911726 0.026942390505525153 0.034259087461055625 0.026944174092942471 0.034261971369946895 0.028580262094282046 0.03356281956297881 0.028582269135580027 0.033565587435523264
11 1 0.0087347396135443959 0.0087364141421906703 0.039008278735463552 0.043013027655991395 0.039012017676333138 0.043017573759530893 0.039875595973490073 0.042629215149404903 0.039879503035661797 0.0426336804794087
-1
-1
-1
0 0 0.034926264802386024 0.034990506245570305 0.37380159042511785 0.38830891195001971 0.37414520749398772 0.38867973152302981 0.37719059243930059 0.38699590856195126 0.3775404713481979 0.38736422345333116
1 0 0.015300413307927349 0.015330299007227585 0.39691838706259813 0.40376495371609294 0.39730584054144258 0.40416589583545326 0.3984283412179056 0.40310203782062382 0.39881874964934044 0.40350166380671271
10 0 0.0085449461639531335 0.0085621182090108057 0.40835259923495493 0.41231280669258441 0.40876270888664767 0.41273091348265001 0.40920304640000793 0.41192954624165401 0.40961486690475657 0.41234687570724804
2 0 0.016661853095629894 0.016689336495181731 0.33526397752042036 0.34194422397334301 0.33554036926596065 0.34223174456980604 0.33686723929839346 0.34135879564253241 0.33714628192383667 0.34164533216541837
3 0 0.0065283838995614501 0.00653948775675103 0.34569350164601542 0.3485685815255104 0.34598736460809315 0.34886735495281412 0.3463354933456283 0.34829418677076529 0.34663044925995923 0.34859248979036606
11 0 0.0034578171400999431 0.0034637793341561734 0.35044470757136276 0.35203287376282055 0.35074670726730584 0.35233761809170755 0.35078818355708496 0.35188042122819485 0.3510907757873552 0.35218490155289001
16 0 0.0096731045639981798 0.0096880932439653376 0.31497041165127915 0.31876100493465109 0.31521434384827707 0.31901084612116049 0.31586550106808142 0.31843117268833687 0.31611082219808856 0.31868049690274436
4 0 0.0035991869237494891 0.0036048681508948355 0.32084892415374033 0.32242192544936543 0.32110205033278028 0.32267754066556775 0.32120225754899523 0.32227283454823691 0.32145594176348319 0.32252821332776122
12 0 0.0018589020503719674 0.0018618599643648191 0.32343553118849261 0.32428576144685228 0.3236927567397212 0.32454434167809598 0.32362001485846159 0.32420445309155421 0.32387753404680841 0.32446290361944224
0 0 0.019038834938882265 0.019086258884168303 0.50596852807397141 0.51393657920604396 0.5065982961273634 0.51458635150117515 0.50781917380295627 0.51321045687113498 0.50845356008684128 0.51385839322655569
1 0 0.0085439224615579297 0.0085657420582757986 0.5187225991681832 0.5225595745789291 0.51938453757898861 0.52323134822571782 0.51956644266912699 0.52218685246706564 0.52023053785628426 0.52285766753871676
18 0 0.0048293333875569491 0.0048418196335262937 0.52514610677729368 0.52718769111940267 0.52582455140455475 0.52787142454533642 0.52562696836588574 0.52717150611183161 0.52630665683154865 0.52785519752905874
2 0 0.0087305087805830319 0.008751368831520067 0.48537233049088024 0.48888457670787477 0.48595184143829417 0.48947250998163672 0.48621309530158846 0.4885758225251936 0.48679461685508696 0.48916301297106163
3 0 0.0034572901139936266 0.0034656443869237243 0.49086631826819138 0.49239113681010349 0.49145903058239093 0.49298753946311769 0.49120641460795977 0.49224541611877426 0.49179994902375235 0.49284146560560621
11 0 0.0018401032289699546 0.0018445725846617401 0.49338857335089925 0.49423441553065806 0.49398739618576126 0.49483529456315722 0.49357138880774054 0.49415316104448226 0.49417065575842145 0.49475384239842285
16 0 0.004965627762437308 0.0049772345522848382 0.47484736620780932 0.47679695920421328 0.47540200269657595 0.47735616209468157 0.47530706164448855 0.47662702288133885 0.47586277315856496 0.47718582699562739
4 0 0.0018585904484283385 0.0018629625061782852 0.47787400946326442 0.47868693919659666 0.47843574309417375 0.47925058675327348 0.47805650043065129 0.47860983340128188 0.47861866342654613 0.47917329928359848
12 0 0.00096243076338971474 0.00096470108618829857 0.47921145651795838 0.47965184508265835 0.4797763407046588 0.48021776860066645 0.47930698027091478 0.47960971393377705 0.47987208981554796 0.48017553797953516
-1
17 0 9.3537663521483399e-05 9.3778281484029955e-05 0.52249390732673295 0.5225595745789291 0.52316551203926931 0.52323134822571782 0.52249960187177791 0.52254402416214629 0.52317122123314408 0.52321575780232343
19 1 0.000135244795728795 0.000135244795728795 0 7.131979086886283e-05 0 7.1319803366085704e-05 5.6574022840472776e-07 5.4529378473931793e-05 5.6574022918914803e-07 5.4529385779509011e-05
21 0 0.00010028563426376056 0.00010048909997752784 0.41225780697081271 0.41231280669258441 0.41267580216657729 0.41273091348265001 0.41226391265649137 0.41231156459788365 0.4126819202399416 0.41272966886757761
-1
7 0 9.5981926716786576e-05 9.6231022971069824e-05 0.52712063772442208 0.52718769111940267 0.52780419711953019 0.52787142454533642 0.52712647380044753 0.52717150611183161 0.52781004834166478 0.52785519752905874
21 0 0.0013072690367355714 0.0013106575251525996 0.52647088491361349 0.52718769111940267 0.52715275908473669 0.52787142454533642 0.52655047358539009 0.52717150611183161 0.52723255406884006 0.52785519752905874
9 0 0.00059184632707496004 0.00059337784601192585 0.52559128137912159 0.52596837674151709 0.52627087749453638 0.52664894901618742 0.52562696836588574 0.52588356131251512 0.52630665683154865 0.52656391397052804
15 0 0.00033641062418992239 0.00033728041417194335 0.52514610677729368 0.52534896271019871 0.52582455140455475 0.52602793192315966 0.52516549013339409 0.52530491549555292 0.52584398487726702 0.52598377078510772
0 0 0.00081831005284158207 0.00082043114196529883 0.52647088491361349 0.52681421272467532 0.52715275908473669 0.52749697710458321 0.52655047358539009 0.52678285478283249 0.52723255406884006 0.52746553783114258
1 0 0.0003701627731624497 0.00037112325338275391 0.52702125562365054 0.52718769111940267 0.52770455712259356 0.52787142454533642 0.52705782453128824 0.52717150611183161 0.52774122092073894 0.52785519752905874
-1
8 0 4.4708701054902633e-05 4.4824716471999835e-05 0.5270551302647839 0.52708344251449257 0.5277385196628156 0.5277669053824704 0.52705782453128824 0.52707710476620329 0.52774122092073894 0.52776055118745735
14 0 2.578548208999247e-05 2.5852388995046311e-05 0.52702125562365054 0.52703675270498596 0.52770455712259356 0.52772009441558854 0.52702274086285306 0.52703339648599246 0.52770604621562744 0.52771672948781356
7 0 0.0022122340815870635 0.0022179087318800446 0.52101484535773779 0.5225595745789291 0.52168265070032982 0.52323134822571782 0.52114935216747005 0.52218685246706564 0.52181750258105986 0.52285766753871676
8 0 0.001031440614953603 0.0010340787004647295 0.51950428649376279 0.52015732354494748 0.52016822269635865 0.52082293105312183 0.51956644266912699 0.52001116320083507 0.52023053785628426 0.52067639646083752
14 0 0.00059516833021483083 0.00059668827998063997 0.5187225991681832 0.51908025547430703 0.51938453757898861 0.51974310758861686 0.51875688039105106 0.51900280426505285 0.51941890635265364 0.51966545846146273
0 0 0.0013847902285837104 0.0013883423844526376 0.52101484535773779 0.5215925532466148 0.52168265070032982 0.52226184130356823 0.52114935216747005 0.52154005983514984 0.52181750258105986 0.52220921309730406
1 0 0.00061512527085198191 0.00061670594268294987 0.521937786019119 0.52221360873181433 0.52260796091802464 0.52288449259299996 0.52199851860686741 0.52218685246706564 0.52266884957786297 0.52285766753871676
10 0 0.00034591322710670128 0.00034680289866390035 0.52239906680943582 0.5225595745789291 0.5230704275747099 0.52323134822571782 0.52243350313883641 0.52254402416214629 0.52310495247555611 0.52321575780232343
9 0 4.2377453775157211e-05 4.2486453135865147e-05 0.52243094791113753 0.52245794468357953 0.52310239067552111 0.52312945688835777 0.52243350313883641 0.52245187333812637 0.52310495247555611 0.52312336992603459
15 0 2.4096262425440906e-05 2.4158236809866822e-05 0.52239906680943582 0.52241359570455015 0.5230704275747099 0.52308499383793805 0.52240045518065203 0.52241044116598556 0.52307181951675252 0.52308183118585616
-1
-1
-1
-1
-1
-1
-1
-1
-1
-1
-1
-1
-1
5 1 0.0097248664455591872 0.009725384988958188 0.010850773643856485 0.017329806495978574 0.010851062929168322 0.017330544399046726 0.011439593450174925 0.015821525528225279 0.011439914984087184 0.015822140573367161
6 1 0.0049925986284071033 0.0049926938868995775 0.00388282165797562 0.0069777782238678492 0.0038828586998050293 0.0069778978525083003 0.0041830736786585554 0.0062963575618539607 0.0041831166707817502 0.0062964549663227067
13 1 0.00303379433088935 0.00303379433088935 0 0.0018015114388165625 0 0.0018015194126905429 0.00017454359109725977 0.0014150202184306225 0.00017454366594891416 0.0014150251379219311
16 1 0.0018879382027989777 0.0018879382027989777 0 0.00073706109545629023 0 0.00073706243021007256 0.00017454359109725977 0.00067314576682394873 0.00017454366594891416 0.00067314688012432185
4 1 0.00069436766491585956 0.00069437155703067099 0.0011406986706295067 0.0014436987549028644 0.0011407018675842276 0.0014437038758241677 0.001208841296683948 0.0014150202184306225 0.0012088448870048144 0.0014150251379219311
12 1 0.0003568079851704482 0.00035681085789278496 0.001638449539524918 0.0018015114388165625 0.0016384561352308855 0.0018015194126905429 0.0016738539518264639 0.0017859294239669359 0.00167386083565917 0.001785937260498518
5 1 0.0004160264785900162 0.00041602742177347912 0.00046137182893184626 0.00073706109545629023 0.00046137235192504275 0.00073706243021007256 0.0004865490435609235 0.00067314576682394873 0.00048654962519141141 0.00067314688012432185
6 1 0.00021607204548772783 0.00021607221701597235 0.00016155239626277837 0.00029515243280716415 0.00016155246038674145 0.00029515264684297493 0.00017454359109725977 0.00026579664571385597 0.00017454366594891416 0.00026579681929105525
17 0 0.0023073510751997527 0.0023120145849009188 0.41069374565480066 0.41231280669258441 0.41110857361461961 0.41273091348265001 0.41083421053025676 0.41192954624165401 0.41124932243971279 0.41234687570724804
9 0 0.001046333757367324 0.0010484405449889063 0.40913995695614203 0.40980639486268794 0.4095516504208121 0.41021943129116456 0.40920304640000793 0.4096565420353514 0.40961486690475657 0.41006927629905265
15 0 0.00059523964116690604 0.00059643584319581415 0.40835259923495493 0.40871146136412329 0.40876270888664767 0.40912229250760623 0.40838689521834098 0.40863355122288625 0.40879707379462715 0.40904422567420118
0 0 0.0014443305296863028 0.0014472497427654393 0.41069374565480066 0.41129953091516314 0.41110857361461961 0.4117155841640901 0.41083421053025676 0.41124421743637324 0.41124932243971279 0.41166015873067879
1 0 0.0006526733522616724 0.00065399562833563687 0.41166466071214824 0.41195807533045603 0.41208145336303592 0.41237546263348207 0.41172913704526137 0.41192954624165401 0.41214606033147977 0.41234687570724804
18 0 0.00037020893132113893 0.00037095984878397 0.41215621488438414 0.41231280669258441 0.41257400398925898 0.41273091348265001 0.41219308179790859 0.41231156459788365 0.41261094568555295 0.41272966886757761
9 0 4.5381012347167117e-05 4.5473069069731979e-05 0.4121903453994793 0.41221926292385558 0.41260820373624024 0.41263717992272886 0.41219308179790859 0.41221275834138038 0.41261094568555295 0.41263066214469329
15 0 2.5788697460257881e-05 2.5841006255719587e-05 0.41215621488438414 0.41217176635481201 0.41257400398925898 0.41258958700428333 0.41215770078915115 0.41216838943291756 0.41257549290798312 0.41258620323254053
20 0 1 1 0 0.34183920674738849 0 0.34168365799576644 0.0077174340161656474 0.30387922187848504 0.0077173546999764753 0.30375629503138879
5 1 0.2469918673748539 0.24710904393569444 0.17809681308146852 0.34183920674738849 0.17805458223826059 0.34168365799576644 0.19305134897966836 0.30387922187848504 0.19300172923891479 0.30375629503138879
6 1 0.12835821111440049 0.12835821111440049 0 0.079363143118503468 0 0.079354756009833563 0.0077174340161656474 0.061925168871521274 0.0077173546999764753 0.061920062422094219
-1
0 0 0.15460928268267463 0.1546826315917352 0.17809681308146852 0.24135518775888989 0.17805458223826059 0.2412776355528142 0.19305134897966836 0.23571042869910977 0.19300172923891479 0.23563646106302735
1 0 0.064451094150355326 0.064498822477016465 0.27798098397612564 0.30663572661817862 0.27787811370604609 0.30651055996340121 0.28433606756669771 0.30387922187848504 0.28422844088869936 0.30375629503138879
10 0 0.03513732291852692 0.035167802403287513 0.3256074665684443 0.34183920674738849 0.3254663360684481 0.34168365799576644 0.32910448953148147 0.34027416766649454 0.32896031194152037 0.34012003962800513
2 1 0.080348276879537828 0.080348276879537828 0 0.031973129938747222 0 0.031971768581011591 0.0077174340161656474 0.029190274974236749 0.0077173546999764753 0.029189140277150111
3 1 0.030749749370057689 0.030753820774294609 0.049709320118833819 0.063209927936782262 0.049706029577524902 0.063204607411841515 0.052731442473694712 0.061925168871521274 0.052727739682210763 0.061920062422094219
11 1 0.016114725435880675 0.016117814774608916 0.071973290718248484 0.079363143118503468 0.071966392744387764 0.079354756009833563 0.073573714886995392 0.078654898216015928 0.073566506746061161 0.078646660126481999
-1
-1
-1
5 0 0.035717319325059116 0.035737994468771579 0.21729833568868762 0.24135518775888989 0.21723547088123107 0.2412776355528142 0.21946421559172846 0.23571042869910977 0.21940009153766582 0.23563646106302735
6 0 0.01793959669522989 0.017948770620367004 0.19197141196803164 0.20315225380780069 0.19192234575361594 0.20309730652022842 0.19305134897966836 0.20068120527916639 0.19300172923891479 0.20062758639162004
13 0 0.010770058954067477 0.01077516842783963 0.17809681308146852 0.18451327404715318 0.17805458223826059 0.18446794579461787 0.17871691053752106 0.18313366316115726 0.17867438513877457 0.18308901013369472
7 0 0.016472970842041509 0.016485924298940691 0.29517390287472184 0.30663572661817862 0.29505791684576349 0.30651055996340121 0.29617589058614935 0.30387922187848504 0.29605911593164735 0.30375629503138879
8 0 0.007746267313744561 0.0077521252274268563 0.28386899466389293 0.28876807828852602 0.28376172122095367 0.28865707091348392 0.28433606756669771 0.28767314947576333 0.28422844088869936 0.28756298216279452
14 0 0.0044896533481638447 0.0044929780960897142 0.27798098397612564 0.28067823484430166 0.27787811370604609 0.28057335896425695 0.27823975085809921 0.28009460208551928 0.27813668901466954 0.27999016182153413
17 0 0.0094415917406568406 0.0094500235660452403 0.33521929769565095 0.34183920674738849 0.3350697138698373 0.34168365799576644 0.33579450386234155 0.34027416766649454 0.33564440636624421 0.34012003962800513
9 0 0.0042954966742242504 0.0042992598155746006 0.3288452796086252 0.3315816939571623 0.32870132899442545 0.33143533820105364 0.32910448953148147 0.33096672449544745 0.32896031194152037 0.33082091099525318
15 0 0.0024476605334063026 0.0024497837296469506 0.3256074665684443 0.32708385670041895 0.3254663360684481 0.32694144373291062 0.32574861096369856 0.32676342140133913 0.32560735810916325 0.32662128727286538
5 1 0.017941410918281928 0.017942367579255377 0.020019131368250929 0.031973129938747222 0.020018597665635948 0.031971768581011591 0.021105504815795643 0.029190274974236749 0.021104911617721784 0.029189140277150111
6 1 0.0092108476804024647 0.0092110234228423727 0.0071634879369103996 0.01287352720147816 0.007163419598420988 0.012873306498540189 0.0077174340161656474 0.011616332883505935 0.0077173546999764753 0.011616153181953344
13 1 0.0055970486625085414 0.0055970486625085414 0 0.0033236240560509263 0 0.003323609345046873 0.00032201569569140567 0.0026105805772529715 0.00032201555759755335 0.0026105715012810183
7 0 0.0077472968715461702 0.0077484906086793806 0.057848397283450606 0.063209927936782262 0.057843941032335366 0.063204607411841515 0.058319141467239197 0.061925168871521274 0.05831461239794529 0.061920062422094219
8 0 0.0036775966042442735 0.0036781109684205808 0.052509876112144124 0.054829562503651355 0.052506204370896314 0.054825559202138829 0.052731442473694712 0.054311944527220275 0.052727739682210763 0.054308016452476106
14 0 0.0021420228319540087 0.0021423064453496383 0.049709320118833819 0.050993948180664897 0.049706029577524902 0.050990485374082864 0.049832689911396132 0.050716225889714257 0.049829383017272591 0.050712800697300997
17 0 0.0042961343918473055 0.004297008213653023 0.076361155574677042 0.079363143118503468 0.076353390935635077 0.079354756009833563 0.076622645209665441 0.078654898216015928 0.076614827304140987 0.078646660126481999
9 0 0.0019647781594601659 0.0019651625812684079 0.073455244400385256 0.074704636349702813 0.07344805945313479 0.074697204920283422 0.073573714886995392 0.074424098117656545 0.073566506746061161 0.074416722395157939
15 0 0.0011225493059770475 0.0011227645088397408 0.071973290718248484 0.072649526861123082 0.071966392744387764 0.072642498662697091 0.072037975088122888 0.072502826518380067 0.072031064710489312 0.072495826673847324
-1
-1
-1
-1
-1
-1
-1
-1
-1
10 0 0.00010806169125136941 0.00010815967053817246 0.34034051983392444 0.34039070873810995 0.34018633169443147 0.34023647513032601 0.34035128740951875 0.34038584616829498 0.34019708951577959 0.34023161696601567
-1
18 0 0.00011088824338050226 0.00011097881264956364 0.30658878315933208 0.30663572661817862 0.30646365481781418 0.30651055996340121 0.30659983495867088 0.30663535424917887 0.30647469759767088 0.30651018789833628
20 1 0.000135244795728795 0.000135244795728795 0 4.6215583193226625e-05 0 4.6215580348783086e-05 1.0437344288218996e-06 4.108513037019953e-05 1.043734427370966e-06 4.1085128122233408e-05
1 0 0.00011584348912197091 0.00011594897067957088 0.34178707118190232 0.34183920674738849 0.34163156986286869 0.34168365799576644 0.34179852602687771 0.34183413668084717 0.34164301428692245 0.34167859254225508
-1
-1
-1
-1
-1
-1
-1
-1
-1
-1
-1
-1
-1
-1
-1
-1
-1
0 0 0.005910144904448124 0.0059154229667943131 0.33521929769565095 0.33769879979784145 0.3350697138698373 0.33754699544881184 0.33579450386234155 0.33747252911974646 0.33564440636624421 0.33732092808595204
1 0 0.0026653025139225699 0.0026677109790097897 0.33919178291198643 0.34039070873810995 0.33903863363111647 0.34023647513032601 0.3394553032528535 0.34027416766649454 0.3393019159679711 0.34012003962800513
18 0 0.0015102605328665311 0.0015116333411586665 0.34119991658792687 0.34183920674738849 0.34104494895900672 0.34168365799576644 0.3413504454332919 0.34183413668084717 0.3411953410696264 0.34167859254225508
21 0 0.00040902667461208174 0.00040939892691794409 0.34161469261944577 0.34183920674738849 0.34145934807780381 0.34168365799576644 0.34163961787760422 0.34183413668084717 0.3414842506714596 0.34167859254225508
9 0 0.00018511781974306319 0.00018528615831178702 0.34133927302249301 0.34145733685347429 0.3411841788094962 0.34130213535706605 0.3413504454332919 0.3414307807053869 0.3411953410696264 0.34127560334351426
15 0 0.00010520451743093565 0.00010530014704632736 0.34119991658792687 0.34126341516864089 0.34104494895900672 0.34110838986734626 0.34120598380979256 0.34124962695237238 0.34105101067080174 0.34109461417509079
0 0 0.00025603806891292028 0.00025627108736246706 0.34161469261944577 0.34172222011715558 0.34145934807780381 0.34156677778909655 0.34163961787760422 0.34171239847059925 0.3414842506714596 0.3415569650757051
-1
7 0 0.00069072300831545756 0.00069134848886409227 0.33990781909356471 0.34039070873810995 0.33975402267843241 0.34023647513032601 0.33994985510425413 0.34027416766649454 0.33979602065572456 0.34012003962800513
8 0 0.000321857952638781 0.00032214900464588229 0.33943588983239203 0.33963987808219859 0.33928252008745663 0.33948632398462975 0.3394553032528535 0.33959421771575093 0.3393019159679711 0.33944070489296169
14 0 0.00018566456494262642 0.00018583233825175823 0.33919178291198643 0.33930346341272782 0.33903863363111647 0.33915021328778583 0.33920248677783726 0.33927927746208181 0.33904932783314179 0.33912604917912686
0 0 0.00043237127595782709 0.00043276280746849674 0.33990781909356471 0.34008837957247406 0.33975402267843241 0.33993441975632882 0.33994985510425413 0.34007197128505484 0.33979602065572456 0.33991802632142659
1 0 0.0001921281167465069 0.00019230224503274636 0.34019630004517654 0.34028253313572843 0.34004224252331661 0.34012839752054169 0.34021528666553502 0.34027416766649454 0.34006121195094885 0.34012003962800513
0 0 0.010311571116126345 0.010319679580185219 0.29517390287472184 0.29947209823363974 0.29505791684576349 0.29935271041691325 0.29617589058614935 0.29908211832224979 0.29605911593164735 0.29896304118073463
1 0 0.0045566638203492224 0.004560330226946744 0.30203401560862964 0.30407729229273756 0.30191257679617761 0.303954205176865 0.30248418980622832 0.30387922187848504 0.30236238879392363 0.30375629503138879
10 0 0.0025557862608078363 0.0025578659696913466 0.30544937993737431 0.30663572661817862 0.30532517973047402 0.30651055996340121 0.30570399589142172 0.3065208368291531 0.30557958857921008 0.30639576393216394
17 0 0.0006907367140108903 0.00069130007461926763 0.30615049494718138 0.30663572661817862 0.3060257240350307 0.30651055996340121 0.3061925804188711 0.3065208368291531 0.3060677752076853 0.30639576393216394
9 0 0.00031305053351106475 0.00031330546739434648 0.30568510468837884 0.30588468245117084 0.30556071274824648 0.30576012806340058 0.30570399589142172 0.30583980173105918 0.30557958857921008 0.30571528388348235
15 0 0.00017803567952249871 0.00017818055172482745 0.30544937993737431 0.30555680992950851 0.30532517973047402 0.30543252235979168 0.3054596462510325 0.30553348528834956 0.30533543769682137 0.30540921668900251
0 0 0.00043237985529998144 0.00043273250164610862 0.30615049494718138 0.3063320136511743 0.3060257240350307 0.30620709477030761 0.3061925804188711 0.30631543768447356 0.3060677752076853 0.30619053231948468
1 0 0.00019545820335953242 0.00019561776939485708 0.30644144196420797 0.30652938840564126 0.30631643383824658 0.3064043085312006 0.30646076689947294 0.3065208368291531 0.30633574300960376 0.30639576393216394
16 1 0.0034830581250275827 0.0034830581250275827 0 0.0013598068422692919 0 0.0013598043797813768 0.00032201569569140567 0.0012418890122840578 0.00032201555759755335 0.0012418869583556529
4 1 0.0012810392486482104 0.0012810464292127518 0.0021044814400434128 0.0026634899950020098 0.0021044755419800647 0.0026634805474117645 0.0022301985302966686 0.0026105805772529715 0.0022301919065119218 0.0026105715012810183
12 1 0.00065827522842645662 0.00065828052831331738 0.0030227885347650311 0.0033236240560509263 0.0030227763663438225 0.003323609345046873 0.0030881066841070759 0.0032948765357601949 0.0030880939841207086 0.0032948620781392038
5 1 0.00076752745624365326 0.00076752919632329083 0.00085118608040126462 0.0013598068422692919 0.00085118511553086446 0.0013598043797813768 0.00089763564431071452 0.0012418890122840578 0.00089763457126034048 0.0012418869583556529
6 1 0.00039863142365510632 0.00039863174010764659 0.00029804821412037353 0.00054452726423266607 0.0002980480958180361 0.00054452686935788867 0.00032201569569140567 0.0004903686834538246 0.00032201555759755335 0.00049036836322116639
19 1 0.00024951319028332364 0.00024951319028332364 0 0.00013157794052651205 0 0.00013157791747037524 1.0437344288218996e-06 0.00010060129081139474 1.043734427370966e-06 0.00010060127733333136
4 1 5.5695958319800456e-05 5.5695969980153057e-05 7.8602712716512426e-05 0.00010290051683657501 7.8602704488489833e-05 0.00010290050273539369 8.4068193951105036e-05 0.00010060129081139474 8.4068184539063306e-05 0.00010060127733333136
12 1 2.8596133633606549e-05 2.8596142660063398e-05 0.00011851123189654555 0.00013157794052651205 0.00011851121319233381 0.00013157791747037524 0.00012134861141662508 0.00013032945417288457 0.00012134859180606476 0.00013032943155221133
21 0 1 1 0 0.54824577840241773 0 0.54849536290657852 0.060880674427655324 0.53586846609900807 0.060883750880175835 0.53610690601747102
0 1 0.62596912329922016 0.62596912329922016 0 0.26261199505762178 0 0.26266924738559583 0.060880674427655324 0.23862773283045702 0.060883750880175835 0.23867500409449433
1 1 0.28309574726960851 0.28329367356040513 0.42096222719870546 0.54824577840241773 0.42110935928191207 0.54849536290657852 0.44892945733524964 0.53586846609900807 0.44909679257816026 0.53610690601747102
-1
5 1 0.14924981063865808 0.14928974536471834 0.16115746268994391 0.26261199505762178 0.16117902167434162 0.26266924738559583 0.17021059428964974 0.23862773283045702 0.17023464367027002 0.23867500409449433
6 1 0.073444710097847477 0.073451593916634472 0.056459759398444109 0.1024165758625144 0.056462405263921156 0.10242528242625193 0.060880674427655324 0.09222421734671582 0.060883750880175835 0.0922312771493915
13 1 0.043604913265107292 0.043604913265107292 0 0.0260326576167349 0 0.026033220107968491 0.0025100282594819195 0.020424090668829872 0.0025100334885886505 0.020424436896826888
7 0 0.073402866512105411 0.073463457579468455 0.49696689299304109 0.54824577840241773 0.49717196361547522 0.54849536290657852 0.50143006882566721 0.53586846609900807 0.50163884017115723 0.53610690601747102
8 0 0.034192184352167698 0.034217561806026031 0.44686894549257494 0.46852138060229764 0.44703474789491648 0.46870364301090683 0.44892945733524964 0.46367446488823072 0.44909679257816026 0.4638529750269873
14 0 0.019720406400159374 0.019734193915264875 0.42096222719870546 0.43281416021717467 0.42110935928191207 0.43296969528492224 0.42209811878223213 0.43024738093367054 0.42224604609564442 0.43040107636065716
-1
-1
-1
0 0 0.093425773118055666 0.093450771023516621 0.16115746268994391 0.19974012766460891 0.16117902167434162 0.19977324626780035 0.17021059428964974 0.19626646376084758 0.17023464367027002 0.19629844036262256
1 0 0.040182188182337916 0.040197028467555664 0.2224277817401179 0.24035974863169884 0.22246885201467892 0.24040770866677952 0.22639087870884081 0.23862773283045702 0.22643342569714589 0.23867500409449433
10 0 0.022239116949006613 0.022248434613715819 0.2523211987788907 0.26261199505762178 0.25237405155465975 0.26266924738559583 0.2545338350978259 0.26161747539525321 0.25458761898191012 0.26167429486476956
2 0 0.045974120790909012 0.045978429848922531 0.056459759398444109 0.074842368403227777 0.056462405263921156 0.074847017744064326 0.060880674427655324 0.073235368615145763 0.060883750880175835 0.073239820434204822
3 0 0.017861922804040722 0.017864446780702606 0.085116105930250541 0.092973314413741681 0.085122119377924577 0.092980489374048458 0.086872165760133693 0.09222421734671582 0.086878429907616433 0.0922312771493915
11 0 0.0094245120627565356 0.0094260468178138431 0.098090692895957954 0.1024165758625144 0.098098679466378291 0.10242528242625193 0.099026730043903527 0.10200156246489354 0.099034869772698958 0.1020101986069846
16 1 0.027135452378161062 0.027135452378161062 0 0.010617088734660607 0 0.010617182293339855 0.0025100282594819195 0.0096945662551597266 0.0025100334885886505 0.009694644261449805
4 1 0.010048224021441333 0.010048498427093509 0.016451120799335195 0.020839814620678965 0.016451345428568409 0.020840175086902502 0.017437416123501345 0.020424090668829872 0.017437668494769642 0.020424436896826888
12 1 0.0051787508127253395 0.0051789542544872216 0.023664805594049154 0.0260326576167349 0.023665270412944306 0.026033220107968491 0.024178723531208042 0.025806288559833655 0.024179208758048343 0.025806841311120085
0 0 0.04594792799823233 0.045985856135549341 0.49696689299304109 0.51613885782897095 0.49717196361547522 0.51636005957994868 0.50143006882566721 0.51439651919540108 0.50163884017115723 0.51461622972026211
1 0 0.020421591518625538 0.020439488438588182 0.52759906263064793 0.53675689139785776 0.52783019864003489 0.53699612277526532 0.52961536580434765 0.53586846609900807 0.52984827222498576 0.53610690601747102
10 0 0.011487226845365971 0.01149758638050645 0.54291531068027976 0.54824577840241773 0.54316006438948072 0.54849536290657852 0.54405889827746612 0.54772932580640477 0.54430468439611668 0.54797844020353859
2 0 0.021403251662611922 0.021419137165154645 0.44686894549257494 0.45546783201127794 0.44703474789491648 0.45564007794931882 0.44892945733524964 0.45471284690022151 0.44909679257816026 0.4548845221729485
3 0 0.0084402051735598619 0.008446658018277306 0.46030947507342779 0.46402981564951973 0.46048540314589381 0.46420859955901417 0.46113963692965171 0.46367446488823072 0.46131620026379233 0.4638529750269873
11 0 0.0044835674517274896 0.0044870411392080502 0.46646107886447874 0.46852138060229764 0.46664174150703253 0.46870364301090683 0.46690649317207294 0.46832351866422961 0.46708750106854785 0.46850562713242727
16 0 0.012272060845445409 0.012280640852409874 0.42096222719870546 0.42577685046377689 0.42110935928191207 0.4259273679488893 0.42209811878223213 0.42535747028254328 0.42224604609564442 0.42550769134901362
4 0 0.0045826659686679858 0.0045859268333330629 0.42843359566446892 0.43043738530668363 0.42858599773194572 0.43059121653680732 0.42888352621182563 0.43024738093367054 0.4290362486023272 0.43040107636065716
12 0 0.0023706016079725828 0.0023723014291714643 0.43172960466235177 0.43281416021717467 0.43188436108075878 0.43296969528492224 0.43196488441380104 0.43271041865677928 0.43211980958369361 0.43286587915943087
-1
-1
-1
-1
-1
-1
-1
-1
-1
13 0 0.00013555032546719303 0.0001355508479718992 0.0023231183051454773 0.0024036118655657024 0.0023231227844733304 0.0024036166606793419 0.0023309169523472429 0.0023863426999851806 0.002330921461799907 0.0023863474264438083
-1
19 0 0.00014276783531386172 0.00014278121648203523 0.056459759398444109 0.056535047875097 0.056462405263921156 0.056537700801910562 0.056460356608267009 0.056517322868100558 0.056463002529719704 0.056519974131631512
21 0 0.00013514891697065886 0.00013527197925473954 0.54817165730137507 0.54824577840241773 0.5484211743088161 0.54849536290657852 0.54817988558252606 0.54824410444874405 0.54842941008243273 0.54849368742860405
6 1 0.000135244795728795 0.000135244795728795 0 8.3615638926781699e-05 0 8.3615644729695404e-05 8.1314329154332995e-06 6.524422255312659e-05 8.1314329701269623e-06 6.5244226086285639e-05
-1
-1
-1
-1
-1
-1
-1
-1
-1
-1
-1
-1
-1
-1
-1
-1
-1
5 1 0.005996011275947179 0.0059960773699176025 0.0066404338242997962 0.010617088734660607 0.0066404704229157119 0.010617182293339855 0.0070033294243167588 0.0096945662551597266 0.0070033701324321513 0.009694644261449805
6 1 0.0031086021079858028 0.003108614095737039 0.0023231183051454773 0.0042459697798025164 0.0023231227844733304 0.0042459847430098563 0.0025100282594819195 0.0038233327283706529 0.0025100334885886505 0.0038233448609999608
19 1 0.0019438817982688761 0.0019438817982688761 0 0.001025301147969504 0 0.001025302020483787 8.1314329154332995e-06 0.00078388119855971191 8.1314329701269623e-06 0.00078388170855969133
20 1 0.001053651296388125 0.001053651296388125 0 0.00036007842402741019 0 0.0003600785316399957 8.1314329154332995e-06 0.0003201029990575884 8.1314329701269623e-06 0.00032010308410262278
4 1 0.00043402030529045863 0.00043402074653422335 0.00061244746976063524 0.0008017996436480157 0.00061244778108093811 0.00080180017723008312 0.00065503853536144239 0.00078388119855971191 0.00065503889148730437 0.00078388170855969133
12 1 0.00022286894220092577 0.00022286928384047602 0.00092346137030840936 0.001025301147969504 0.000923462078102677 0.001025302020483787 0.00094557507526583451 0.0010155704655057376 0.00094557581736452333 0.0010155713215373526
5 1 0.00026029075884544676 0.00026029083991314911 0.0001876245465375348 0.00036007842402741019 0.00018762457575527414 0.0003600785316399957 0.00020337661989579421 0.0003201029990575884 0.00020337665422568433 0.00032010308410262278
-1
2 0 0.0019458889361203546 0.0019458964401337653 0.0023231183051454773 0.0030975824503651772 0.0023231227844733304 0.0030975904140895238 0.0025100282594819195 0.0030301645973324683 0.0025100334885886505 0.0030301722181729986
3 0 0.00074519990717807115 0.0007452042705036058 0.0035273094256293991 0.0038544682026002697 0.0035273197522389665 0.0038544805336397925 0.003600540063458905 0.0038233327283706529 0.0036005508233024133 0.0038233448609999608
11 0 0.00039064647198486528 0.00039064910919162072 0.0040668552667426638 0.0042459697798025164 0.0040668689941416591 0.0042459847430098563 0.0041056449815461311 0.0042288027926649565 0.0041056589720585238 0.0042288176351203636
5 0 0.00043462504514405647 0.00043462707101757446 0.0028079974105146288 0.0030975824503651772 0.0028080039548235014 0.0030975904140895238 0.0028343132166913508 0.0030301645973324683 0.0028343198842382257 0.0030301722181729986
6 0 0.00022309140083520695 0.00022309232539399759 0.0024966116206024402 0.00263491327506582 0.0024966167939568518 0.0026349190374603815 0.0025100282594819195 0.0026044623079090842 0.0025100334885886505 0.0026044679378839281
5 0 0.010328217408906435 0.010329382456636846 0.067948871654573972 0.074842368403227777 0.067952703944466508 0.074847017744064326 0.068574326066651758 0.073235368615145763 0.068578229234043192 0.073239820434204822
6 0 0.0052817440119388159 0.0052822750392778062 0.060563006745608217 0.06384003815118966 0.060566051176002889 0.063843420969321274 0.060880674427655324 0.063118043428210022 0.060883750880175835 0.063121350161514045
13 0 0.0032025502136008299 0.003202850381917699 0.056459759398444109 0.058362436290487318 0.056462405263921156 0.058365263494998487 0.05664402100615773 0.057954080200357735 0.056646684170272889 0.057956867979003651
16 0 0.0019929554333657507 0.0019931422289118927 0.056459759398444109 0.057237979713494092 0.056462405263921156 0.057240699022661934 0.05664402100615773 0.05717048253432163 0.056646684170272889 0.057173195433695347
4 0 0.00073345860600674368 0.00073352881829328773 0.057664292950559748 0.057984378136091363 0.057667052918837003 0.057987168830426539 0.057736273182338829 0.057954080200357735 0.057739040045417016 0.057956867979003651
12 0 0.00037699994024992158 0.00037703635870305779 0.05819013879359769 0.058362436290487318 0.058192949329409327 0.058365263494998487 0.058227547130019305 0.058345971054751616 0.058230361280663459 0.058348796664224663
5 0 0.00043928111316496646 0.00043932264130171694 0.056946857860877831 0.057237979713494092 0.056949549578026781 0.057240699022661934 0.056973442593077281 0.05717048253432163 0.056976136824042824 0.057173195433695347
6 0 0.00022811167983149971 0.00022813312483549453 0.056630305886254062 0.056771355433203663 0.056632967760840369 0.056774030584520352 0.05664402100615773 0.056740361872582523 0.056646684170272889 0.056743034103701871
17 0 0.0031064161411504141 0.0031092338660140325 0.54606490404393804 0.54824577840241773 0.54631250639803186 0.54849536290657852 0.54625402205969442 0.54772932580640477 0.54650179598605997 0.54797844020353859
9 0 0.0014073150132083712 0.001408586649899379 0.54397404152509243 0.54487058608258465 0.54421975096199016 0.54511710629680321 0.54405889827746612 0.54466895952061078 0.54430468439611668 0.54491529728026522
15 0 0.00080019846283913704 0.00080092010647051307 0.54291531068027976 0.54339779426110657 0.54316006438948072 0.54364298328234173 0.54296141629463834 0.54329303623767633 0.54320621158506976 0.54353813071000368
0 0 0.0019445205884784725 0.0019462843972410486 0.54606490404393804 0.54688063606062265 0.54631250639803186 0.5471289788906375 0.54625402205969442 0.54680613969853409 0.54650179598605997 0.54705441485902251
1 0 0.00087923998507666887 0.00088003942487491107 0.54737245911092169 0.54776776513791159 0.54762124892488395 0.54801691450963741 0.54745931928579417 0.54772932580640477 0.54770818808273602 0.54797844020353859
18 0 0.00049887637360875373 0.00049933052096065361 0.54803475213918551 0.54824577840241773 0.54828414450073959 0.54849536290657852 0.54808443285778119 0.54824410444874405 0.54833387044775506 0.54849368742860405
9 0 6.115466109722959e-05 6.1210337335453643e-05 0.54808074533178375 0.54811971443851681 0.54833017956456009 0.54836918415068947 0.54808443285778119 0.54811094883482148 0.54833387044775506 0.54836041056613616
15 0 3.4751651785263423e-05 3.4783287620246558e-05 0.54803475213918551 0.54805570868162623 0.54828414450073959 0.54830512012113353 0.54803675447642286 0.548051158058664 0.5482861486607884 0.54830056535541372
