56 40 -24 24 1.1000000000000001 3 104928 14
0 1 1 1 2 2 2 2 2 2 2 2 2 3 3 3 3 3 3 3 3 3 3 3 3 3 3 3 3 3 3 3 3 3 3 3 3 3 3 3
0 0 0
1 0 0
2 0 0
3 0 0
4 0 0
5 0.10000000000000001 0
5 0 0.10000000000000001
5 0.10000000000000001 0.10000000000000001
5 0.25 0
5 0 0.25
5 0.25 0.25
5 0.40000000000000002 0
5 0 0.40000000000000002
5 0.40000000000000002 0.40000000000000002
0 1 1 0.73821114049355252 1.7382111404935525 0.76461451182160789 1.7646145118216079 0.97234607723360078 1.6479474403769623 1.0023668048891263 1.6759850765857918
15 0.3785399841212887 0.38327187213551239 1.3549392683580401 1.7382111404935525 1.3860745277003192 1.7646145118216079 1.3892950022217552 1.6479474403769623 1.4202429473091822 1.6759850765857918
16 0.17588783829106969 0.17725420188774194 0.95539149227326847 1.131279330564338 0.98522572857096913 1.1624799304587108 0.97234607723360078 1.0923394411082108 1.0023668048891263 1.1233456929452053
38 0.10028884733982468 0.10211401504082912 0.73821114049355252 0.8384999878333772 0.76461451182160789 0.86672852686243718 0.74789208986698541 0.81691522419172691 0.77448974509607249 0.84478594344775715
0 0.14508372839231345 0.14620549991758691 1.3549392683580401 1.5011447682756272 1.3860745277003192 1.5311582560926327 1.3892950022217552 1.4880042856349838 1.4202429473091822 1.5181532371413871
1 0.066580579513829313 0.067613174416088745 1.5868597239325144 1.6544728983486032 1.6158224853936294 1.6824030649074584 1.6018129498796516 1.6479474403769623 1.6305627905300364 1.6759850765857918
30 0.037963338679559568 0.038703030667555288 1.6995081098259974 1.7382111404935525 1.7266511731420486 1.7646145118216079 1.7078329797561285 1.7344725140333894 1.7348218692282205 1.7609498853995098
2 0.070450337338510693 0.071148471639970151 0.95539149227326847 1.0258418296117791 0.98522572857096913 1.0563742002109393 0.97234607723360078 1.0196881858760187 1.0023668048891263 1.0501676294334992
3 0.030042936989331678 0.030231335726962679 1.0651597596126336 1.0952026966019655 1.0959939921883768 1.1262253279153394 1.0718762742694727 1.0923394411082108 1.1027558000056368 1.1233456929452053
31 0.016522253983284382 0.01659722846225236 1.1147570765810535 1.131279330564338 1.1458827019964586 1.1624799304587108 1.1183327686230171 1.1296945358840973 1.1494755551244948 1.1608884225200407
46 0.04093271957072836 0.041727758602035758 0.73821114049355252 0.77914386006428105 0.76461451182160789 0.8063422704236437 0.74789208986698541 0.7755889075854695 0.77448974509607249 0.80272101333708801
4 0.016897694804585615 0.017190083272972133 0.80161786811159152 0.81851556291617711 0.82922338630263881 0.84641346957561081 0.80541601896567827 0.81691522419172691 0.83308828279273617 0.84478594344775715
32 0.0091113005286534467 0.009260005007933619 0.82938868730472382 0.8384999878333772 0.85746852185450351 0.86672852686243718 0.83136638262605866 0.83762903044914871 0.85947878498595964 0.86584350222984652
15 0.055344627617248433 0.055873400969975923 1.4452713673056512 1.5011447682756272 1.4758136284753842 1.5311582560926327 1.4502879922498559 1.4880042856349838 1.4807878265655194 1.5181532371413871
16 0.02559428996985616 0.025763010239779682 1.3868097293066084 1.4125727395463881 1.417772800552213 1.4433670905220692 1.3892950022217552 1.406872744786249 1.4202429473091822 1.4377066966094778
38 0.014650644614342137 0.014725175784886142 1.3549392683580401 1.3696644441429262 1.3860745277003192 1.4007251723146612 1.3563613088107225 1.3664963838652859 1.3874897473011849 1.3975738761834977
17 0.026668269577459283 0.027103726791996879 1.6273691715566063 1.6544728983486032 1.655734795329999 1.6824030649074584 1.6297354423634935 1.6479474403769623 1.6580641955320221 1.6759850765857918
18 0.01137245289089849 0.011542310872596426 1.6007131335794105 1.612255444452007 1.6294789338408953 1.6408513867317938 1.6018129498796516 1.6096745403443169 1.6305627905300364 1.6383089173802434
39 0.0062543337604803696 0.0063435882366889617 1.5868597239325144 1.5932033121692033 1.6158224853936294 1.6220768191541097 1.5874681237403285 1.5918303176251847 1.616422393546723 1.6207232767453219
49 0.015494671016344677 0.015803766742684577 1.7224073737508681 1.7382111404935525 1.7491198408052633 1.7646145118216079 1.7237795164523899 1.7344725140333894 1.7504655324601446 1.7609498853995098
19 0.0063964531230142211 0.0065189118977756807 1.707215662213571 1.7137345741113466 1.7342160770328783 1.7406125301558926 1.7078329797561285 1.7122691494878306 1.7348218692282205 1.7391747781918963
40 0.0034489915574407652 0.003513734918873984 1.6995081098259974 1.7030218447448715 1.7266511731420486 1.7301001646994891 1.6998439696765886 1.7022591131061391 1.7269808653364447 1.7293515279439542
20 0.026403976016552706 0.026641947866367945 0.9994378535952263 1.0258418296117791 1.0297322523445711 1.0563742002109393 1.0018342554929247 1.0196881858760187 1.0321514227194235 1.0501676294334992
21 0.012563315186201275 0.01269456727099853 0.97112804131714081 0.98369135650334227 1.0011357621641714 1.01383032943517 0.97234607723360078 0.98092375901017526 1.0023668048891263 1.0110343706844265
41 0.0072978343790399691 0.0073795442347149576 0.95539149227326847 0.96268932665230822 0.98522572857096913 0.992605272805684 0.9560982989507042 0.96112316722088176 0.98594054403723019 0.99102176110192997
22 0.011942916395740799 0.012013431906892144 1.0832597802062245 1.0952026966019655 1.1142118960084473 1.1262253279153394 1.0843077443638049 1.0923394411082108 1.1152662789088292 1.1233456929452053
23 0.0051584767676076462 0.005192124743051787 1.0713836854726808 1.0765421622402882 1.1022599515514415 1.1074520762944933 1.0718762742694727 1.0753908388775308 1.1027558000056368 1.1062933365029426
42 0.0028544143393156749 0.002873886686009765 1.0651597596126336 1.0680141739519491 1.0959939921883768 1.0988678788743864 1.0654338455522347 1.0673970053331867 1.0962699622347922 1.0982465280230027
50 0.0067154664276846097 0.0067446093012978013 1.1245638641366535 1.131279330564338 1.1557353211574131 1.1624799304587108 1.1251486215073858 1.1296945358840973 1.156322688589926 1.1608884225200407
24 0.0027923052854340854 0.0028053771315795081 1.11806803194369 1.1208603372291241 1.1492095655897843 1.152014942721364 1.1183327686230171 1.1202332790082909 1.1494755551244948 1.1513849764379369
43 0.0015106858283093312 0.0015179992262273113 1.1147570765810535 1.1162677624093629 1.1458827019964586 1.1474007012226859 1.1149015681658647 1.1159400181379102 1.1460278970711308 1.1470713781411297
25 0.015326407260446295 0.015615988265393446 0.76381745280383462 0.77914386006428105 0.79072628215825036 0.8063422704236437 0.76521633709814019 0.7755889075854695 0.79215199946418313 0.80272101333708801
26 0.0074147727828481613 0.0075611784302098139 0.74717127814199269 0.75458605092484088 0.77375460113997996 0.78131577957018983 0.74789208986698541 0.75295642683224084 0.77448974509607249 0.77965417314087393
53 0.0039547832795288063 0.0040346187473493389 0.73821114049355252 0.74216592377308144 0.76461451182160789 0.76864913056895734 0.73824250656953117 0.74123475682334949 0.76464651363128644 0.76769922430651893
27 0.0066891874649614201 0.0068035275636166423 0.81182637545121572 0.81851556291617711 0.83960994201199413 0.84641346957561081 0.81241481552682671 0.81691522419172691 0.84020851434991972 0.84478594344775715
28 0.0029097293847255871 0.0029604939640155408 0.80513786493472661 0.80804759431945228 0.83280526087409845 0.83576575483811399 0.80541601896567827 0.80739877321416342 0.83308828279273617 0.83510564428786915
44 0.0016156021896671811 0.0016440661087353198 0.80161786811159152 0.80323347030125869 0.82922338630263881 0.83086745241137394 0.80177309408232567 0.80288433350725308 0.82938135173719862 0.8305121735817601
51 0.0036949649241506009 0.0037548585594892052 0.83480502290922665 0.8384999878333772 0.86297366830294786 0.86672852686243718 0.8351272183421159 0.83762903044914871 0.86330110871066357 0.86584350222984652
29 0.0015423406345177555 0.0015676368575747556 0.83122006949095406 0.83276241012547181 0.85933006794117883 0.8608977047987536 0.83136638262605866 0.83241622409113691 0.85947878498595964 0.86054584941577594
45 0.00083594799029556904 0.00084973363873162432 0.82938868730472382 0.83022463529501933 0.85746852185450351 0.85831825549323515 0.82946866776208872 0.83004332508848189 0.85754982251589085 0.85813395773443701
1 1 1 0.64909976226136579 1.6490997622613659 0.65900102650938663 1.6590010265093864 0.86988007153882907 1.5523964055250588 0.88135993573640481 1.5630942185580246
17 0.39919514722553151 0.4013922992078332 1.2477074630535325 1.6490997622613659 1.2598058792838551 1.6590010265093864 1.2827225471042381 1.5523964055250588 1.2947459266365924 1.5630942185580246
18 0.17055356321600032 0.1712081875782136 0.85363427911491918 1.0241878423309196 0.86502869709069974 1.0362368846689134 0.86988007153882907 0.98604032455561441 0.88135993573640481 0.99798942363480525
39 0.093635176404809062 0.094414828556828728 0.64909976226136579 0.74273493866617479 0.65900102650938663 0.75341585506621522 0.65807843764237772 0.72246544384025468 0.66806150917253626 0.73299136423989619
5 0.14982362231188692 0.15030361809555715 1.2477074630535325 1.3980110811490896 1.2598058792838551 1.4096295015957419 1.2827225471042381 1.384363052785935 1.2947459266365924 1.3960420374147358
6 0.071128024340789658 0.071617863699717593 1.487723611176853 1.5593414748765704 1.4988596941106969 1.5699877184514865 1.5034973345693974 1.5523964055250588 1.5145335122918664 1.5630942185580246
33 0.041268895708505227 0.041632548938888181 1.6074672133224777 1.6490997622613659 1.6177321308008814 1.6590010265093864 1.6164007770230266 1.6450670484602341 1.6265903003214801 1.6550049072289432
7 0.067775160074910121 0.068099430115751064 0.85363427911491918 0.92140943918982932 0.86502869709069974 0.93312812720645089 0.86988007153882907 0.91546101659023615 0.88135993573640481 0.92715463378563223
8 0.029291969881425135 0.029385364716189209 0.95954574085129907 0.9888377107327242 0.97140968278811046 1.0007950475042997 0.96608290487455117 0.98604032455561441 0.97796905806287915 0.99798942363480525
34 0.016213362816808401 0.01625257282638411 1.007974479514111 1.0241878423309196 1.0199843118425294 1.0362368846689134 1.011479901923094 1.0226309255217467 1.0234986208972412 1.0346764122470549
47 0.038050490366198904 0.038386919166465534 0.64909976226136579 0.68715025262756457 0.65900102650938663 0.69738794567585205 0.65807843764237772 0.68383655159110068 0.66806150917253626 0.69404601346425998
9 0.015826858273047879 0.015952732700279981 0.7081391961698198 0.72396605444286777 0.71855097771868992 0.73450371041897 0.71169322353119036 0.72246544384025468 0.72213367503510784 0.73299136423989619
35 0.0085639675114087595 0.0086285260904754944 0.73417097115476615 0.74273493866617479 0.74478732897573974 0.75341585506621522 0.73602888525806454 0.74191580392563861 0.74665936410076084 0.75259060408424605
15 0.057606637480724143 0.057840057215923037 1.3401710239331668 1.3980110811490896 1.352022864115018 1.4096295015957419 1.3453438305562269 1.384363052785935 1.3571772742974348 1.3960420374147358
16 0.026298889133629849 0.026368937775240832 1.2801833735304127 1.3065523113056536 1.2922129466810186 1.3185118358146486 1.2827225471042381 1.300709247955375 1.2947459266365924 1.3126853877290947
38 0.014955794299573479 0.014985168838928645 1.2477074630535325 1.2626926318924614 1.2598058792838551 1.2747616735834284 1.2491531355833292 1.2594657763063 1.2612488965810373 1.2715414896490345
17 0.028591968670731077 0.028800120999809872 1.5305413538767607 1.5593414748765704 1.5413957497807553 1.5699877184514865 1.5330508563387661 1.5523964055250588 1.5438877122475061 1.5630942185580246
18 0.012118681856660884 0.012198780806605334 1.50233591456991 1.5145346953765153 1.5133796021642034 1.5254982840208644 1.5034973345693974 1.5118050909317868 1.5145335122918664 1.522786836786822
39 0.006645364782013983 0.0066871680766818799 1.487723611176853 1.4944107792535348 1.4988596941106969 1.5055050588927108 1.4883646758895885 1.4929628592133626 1.4994967864984343 1.5040662589725753
49 0.016878151842800559 0.017030696637158282 1.6320690656242074 1.6490997622613659 1.6421228746665859 1.6590010265093864 1.6335460515211337 1.6450670484602341 1.643586838581687 1.6550049072289432
19 0.0069430365680499852 0.0070030630114025823 1.615737920476968 1.6227409834883706 1.6259330874481521 1.6328761240162022 1.6164007770230266 1.6211660966390129 1.6265903003214801 1.6313148134778093
40 0.0037375874819633977 0.0037692216507345488 1.6074672133224777 1.611236434973212 1.6177321308008814 1.6214697182828446 1.6078274036823286 1.6104180671822999 1.618089309267327 1.6206582406801571
20 0.025484844740152481 0.025596842448415692 0.89592459444967676 0.92140943918982932 0.90753128475803524 0.93312812720645089 0.89823343213402385 0.91546101659023615 0.90985076207471738 0.92715463378563223
21 0.012062400550410031 0.012122954389970768 0.86871158833284956 0.88077398888325953 0.88018546929715324 0.89230842368712404 0.86988007153882907 0.8781147990522663 0.88135993573640481 0.8896361151721105
41 0.0069877202756344139 0.0070250696175615662 0.85363427911491918 0.86062199939055362 0.86502869709069974 0.8720537667082614 0.85431071895090394 0.85912175272132063 0.86570879188444994 0.87054557717850922
22 0.011660213211566786 0.011695500121122835 0.97717749752115735 0.9888377107327242 0.98909954738317685 1.0007950475042997 0.97819981792996213 0.98604032455561441 0.9901250616000371 0.99798942363480525
23 0.0050248340057650435 0.0050414167554636412 0.96560324575898127 0.9706280797647463 0.97748779594294311 0.98252921269840665 0.96608290487455117 0.96950624692443899 0.97796905806287915 0.98140371790456427
42 0.0027773882766056867 0.0027869210415190828 0.95954574085129907 0.96232312912790485 0.97140968278811046 0.97419660382962958 0.95981237900354421 0.96172251396664588 0.97167724227521879 0.97359393921870607
50 0.0065947859174819313 0.0066101519183422615 1.0175930564134377 1.0241878423309196 1.0296267327505713 1.0362368846689134 1.0181670401695879 1.0226309255217467 1.0302020856432941 1.0346764122470549
24 0.0027386344058187937 0.00274543311847415 1.011220303159468 1.0139589375652867 1.0232383717624713 1.0259838048809455 1.011479901923094 1.013343831747048 1.0234986208972412 1.025367184050225
43 0.0014807675403497875 0.0014845489994088717 1.007974479514111 1.0094552470544609 1.0199843118425294 1.0214688608419382 1.0081160949586907 1.0091339649665887 1.020126290675075 1.0211467617136141
25 0.014273970896771595 0.014397028819544574 0.67287628173079306 0.68715025262756457 0.68299091685630753 0.69738794567585205 0.67417777636061271 0.68383655159110068 0.6843037883956351 0.69404601346425998
26 0.006884780648118656 0.0069465820979382129 0.65740947618021117 0.66429425682832965 0.66738650418433387 0.67433308628227207 0.65807843764237772 0.66278047332916079 0.66806150917253626 0.67280578967641969
53 0.0036663581337438682 0.0036999440798054783 0.64909976226136579 0.65276612039510962 0.65900102650938663 0.66270097058919197 0.64912883243610964 0.65190267300727023 0.65903036396473658 0.66182963598311917
27 0.0062699890507328737 0.0063193006445191983 0.71769606539213493 0.72396605444286777 0.72818440977445076 0.73450371041897 0.71824738141217148 0.72246544384025468 0.72874009092865111 0.73299136423989619
28 0.0027239408532791212 0.0027457693194087003 0.71143288026327822 0.71415682111655743 0.72187123954946619 0.72461700886887492 0.71169322353119036 0.71354932672088334 0.72213367503510784 0.72400465818925319
44 0.0015115178128740367 0.0015237396633345889 0.7081391961698198 0.70965071398269397 0.71855097771868992 0.72007471738202455 0.70828440618677901 0.70932403972973923 0.71869736371467163 0.7197454052877621
51 0.0034743881569199667 0.0035004157913824958 0.73926055050925488 0.74273493866617479 0.74991543927483284 0.75341585506621522 0.73956343664624435 0.74191580392563861 0.75022060330955564 0.75259060408424605
29 0.0014492718185561112 0.0014602462863472041 0.73589141518097501 0.73734068699953115 0.7465208513757674 0.74798109766211462 0.73602888525806454 0.73701536204443374 0.74665936410076084 0.74765331260061374
45 0.00078525183435148107 0.00079122791532433383 0.73417097115476615 0.73495622298911756 0.74478732897573974 0.745578556891064 0.73424609700331289 0.73478590014307266 0.74486302705595098 0.74540693878951625
2 1 1 0.78347406277021892 1.7834740627702188 0.79761872598167716 1.7976187259816772 1.0237244982224709 1.6959478300602875 1.0396979285840899 1.7108873104165885
20 0.37297426437209324 0.37531423754317772 1.4081598252270413 1.7834740627702188 1.4246444616095839 1.7976187259816772 1.4421969729114288 1.6959478300602875 1.4585845707968934 1.7108873104165885
21 0.17817857966245459 0.17884537439168244 1.0064560019960749 1.1846345816585295 1.0223368650611928 1.2011822394528753 1.0237244982224709 1.1453710327649489 1.0396979285840899 1.1618265394938925
41 0.10338025398186945 0.10431021687374759 0.78347406277021892 0.88685431675208837 0.79761872598167716 0.9019289428554248 0.79348450329840892 0.86466424359572747 0.80772868655132934 0.87955749945695239
0 0.14373740830714976 0.14430695834130064 1.4081598252270413 1.5524667835683419 1.4246444616095839 1.5683818699167338 1.4421969729114288 1.5395547774524334 1.4585845707968934 1.5555376686443081
1 0.065373004651379518 0.065879781646673879 1.6364132657169257 1.7022930473635993 1.6518069822646813 1.7171799869160607 1.6510087539788658 1.6959478300602875 1.6662975906860094 1.7108873104165885
30 0.037106168581571466 0.037464870010366053 1.7460091927598529 1.7834740627702188 1.7605125574001057 1.7976187259816772 1.7540758838425847 1.779859246039075 1.7685043513544678 1.794039723811085
2 0.071624038692478381 0.071968784077042436 1.0064560019960749 1.0780800406885533 1.0223368650611928 1.0943056491382355 1.0237244982224709 1.0718375738547996 1.0396979285840899 1.088037242540038
3 0.030357788517439682 0.030448482031863185 1.1179038358182807 1.1482616243357202 1.1342764877619056 1.1647249697937689 1.1246961208770732 1.1453710327649489 1.1410906715281246 1.1618265394938925
31 0.016646907729716415 0.016682202301366213 1.1679876739288129 1.1846345816585295 1.1845000371515093 1.2011822394528753 1.1715919259597694 1.1830386394428849 1.1881124021569298 1.1995831543265973
46 0.042280453457679279 0.04268695670269218 0.78347406277021892 0.82575451622789819 0.79761872598167716 0.84030568268436945 0.79348450329840892 0.8220872273711185 0.80772868655132934 0.8366045701523247
4 0.017392587601089769 0.017541132225649323 0.84891800084100077 0.86631058844209052 0.86367651062556039 0.88121764285120974 0.85282914692893363 0.86466424359572747 0.86762159428868124 0.87955749945695239
32 0.0093628079097158694 0.0094381197975206971 0.87749150884237248 0.88685431675208837 0.89249082305790406 0.9019289428554248 0.87952429307917379 0.88595957023793848 0.89454010916486548 0.90102707587086883
15 0.054714883968502104 0.054980661077775231 1.4974861224905665 1.5524667835683419 1.5136669859482315 1.5683818699167338 1.5024310170230801 1.5395547774524334 1.5185904319622137 1.5555376686443081
16 0.025390339575473053 0.025476807585716649 1.4397373852937694 1.465214192879486 1.4561327680747582 1.4815231076502313 1.4421969729114288 1.4595813201910337 1.4585845707968934 1.4759104641231453
38 0.014559467985571265 0.014598263296498062 1.4081598252270413 1.4227580885235394 1.4246444616095839 1.4392039295951551 1.4095702408287134 1.4196185544520887 1.4260513141362419 1.4360730969828168
17 0.026160017040583589 0.026373182839533795 1.6759198645240656 1.7022930473635993 1.6910199698754771 1.7171799869160607 1.6782242556595566 1.6959478300602875 1.6933062829819232 1.7108873104165885
18 0.011173510986181679 0.011257039170295727 1.6499357459942279 1.6611927851645238 1.6652324365196385 1.6764059475058202 1.6510087539788658 1.6586764218113905 1.6662975906860094 1.6739084731288632
39 0.0061496146217067324 0.0061936060268374627 1.6364132657169257 1.642606871743763 1.6518069822646813 1.6579565968863879 1.6370073948558184 1.6412665616184523 1.6523969243673404 1.6566258709109392
49 0.015136836308429845 0.015286534100722379 1.7681875286694966 1.7834740627702188 1.7824818896732473 1.7976187259816772 1.7695154002027071 1.779859246039075 1.7837969401642695 1.794039723811085
19 0.0062544386062180178 0.0063138816008098744 1.7534778645366971 1.7597917461375072 1.7679119285139073 1.7741663671201251 1.7540758838425847 1.7583726500803374 1.7685043513544678 1.7727606997923937
40 0.0033738476969619965 0.0034053086803264303 1.7460091927598529 1.7494145014401794 1.7605125574001057 1.7638864050970677 1.746334723127172 1.7486753737137732 1.7608350901361074 1.7631541254481364
20 0.026803578552229684 0.026920500351279606 1.0512764621363235 1.0780800406885533 1.0673851487869559 1.0943056491382355 1.0537111214071542 1.0718375738547996 1.069831025298666 1.088037242540038
21 0.012784108605654102 0.012849087295958749 1.022484576415237 1.0352686850208914 1.0384515603992797 1.0513006476952382 1.0237244982224709 1.0324533890810357 1.0396979285840899 1.0484713248410884
41 0.0074354013199779967 0.0074759951005403391 1.0064560019960749 1.0138914033160529 1.0223368650611928 1.0298128601617331 1.0071762942109022 1.0122960332244866 1.0230611384643153 1.0282088739701079
22 0.012060657288492925 0.012094473298608958 1.1362009670472275 1.1482616243357202 1.1526304964951599 1.1647249697937689 1.1372596544377531 1.1453710327649489 1.1536922691550118 1.1618265394938925
23 0.0052147400257325522 0.0052309761114387957 1.1241980804662104 1.1294128204919429 1.1405910568840567 1.1458220329954956 1.1246961208770732 1.1282490982024518 1.1410906715281246 1.1446547347878926
42 0.0028869945580794177 0.0028964156038882782 1.1179038358182807 1.1207908303763601 1.1342764877619056 1.1371729033657938 1.1181810744863911 1.1201666648831963 1.1345546384007086 1.1365467152345223
50 0.0067638806226509047 0.0067775511898565547 1.1778707010358787 1.1846345816585295 1.1944046882630188 1.2011822394528753 1.178459796638629 1.1830386394428849 1.1949950109561447 1.1995831543265973
24 0.0028140505339064098 0.002820218772753293 1.1713251047427746 1.1741391552766811 1.187844989268708 1.1906652080414615 1.1715919259597694 1.1735072602330474 1.1881124021569298 1.1900319417444505
43 0.0015228587896973689 0.0015263184435779236 1.1679876739288129 1.1695105327185105 1.1845000371515093 1.186026355595087 1.1681333365667341 1.1691801607792141 1.1846460327195625 1.1856952370620999
25 0.015817114066122427 0.015964943803768256 0.80993740216177579 0.82575451622789819 0.82434073888060122 0.84030568268436945 0.81138176525927441 0.8220872273711185 0.82579881164893565 0.8366045701523247
26 0.0076630106126871489 0.0077379357392467207 0.79273938826986101 0.80040239888254816 0.80697623388700135 0.81471416962624799 0.79348450329840892 0.79871855169600015 0.80772868655132934 0.81301396070251242
53 0.0040901892757794212 0.0041310980042315038 0.78347406277021892 0.78756425204599845 0.79761872598167716 0.80174982398590866 0.78350650715039638 0.78660130339950007 0.79765149619529474 0.80077727478884742
27 0.0068826873675177248 0.0069407381053791734 0.8594279010745729 0.86631058844209052 0.87427690474583053 0.88121764285120974 0.86003348977814253 0.86466424359572747 0.87488763964381733 0.87955749945695239
28 0.0029956618628385941 0.0030214635705940896 0.85254275238006261 0.85553841424290122 0.86733272516233417 0.87035418873292825 0.85282914692893363 0.85487048342656047 0.86762159428868124 0.8696805207503262
44 0.0016637910128409024 0.0016782658189423076 0.84891800084100077 0.85058179185384164 0.86367651062556039 0.86535477644450276 0.84907786476973057 0.85022225692132058 0.86383776778760413 0.86499211834332357
51 0.0037962556589123662 0.0038265779839465625 0.88305806109317608 0.88685431675208837 0.89810236487147821 0.9019289428554248 0.8833891271833243 0.88595957023793848 0.89843608693070054 0.90102707587086883
29 0.0015851273696329178 0.0015979420365977968 0.87937391381448382 0.88095904118411683 0.89438851200473235 0.89598645404133004 0.87952429307917379 0.88060326603789296 0.89454010916486548 0.8956278071210082
45 0.00085926703183926922 0.00086625264617233143 0.87749150884237248 0.87835077587421184 0.89249082305790406 0.89335707570407641 0.87757372251060994 0.8781644121415676 0.89257370574778672 0.89316919815193307
3 1 1 0.66560186934140031 1.6656018693414005 0.67031675707855309 1.6703167570785531 0.88899925223020348 1.5702136821482817 0.89444920143582296 1.5752931155265788
22 0.39674471749008211 0.3977580224347681 1.2678438469066322 1.6656018693414005 1.2735720395884709 1.6703167570785531 1.3027340791164075 1.5702136821482817 1.3084267984791871 1.5752931155265788
23 0.17163527709657578 0.17193588437202426 0.8726120460505179 1.0442473231470937 0.87802249633847951 1.0499583807105037 0.88899925223020348 1.0059350475044808 0.89444920143582296 1.0116006725638509
42 0.094928712559143216 0.09529293236573988 0.66560186934140031 0.76053058190054357 0.67031675707855309 0.76560968944429297 0.67471634245119694 0.7400040574134692 0.67946952996591858 0.74501090894572197
5 0.14928274320675222 0.14950711651405224 1.2678438469066322 1.4173509634206845 1.2735720395884709 1.4228547827952231 1.3027340791164075 1.403803262522195 1.3084267984791871 1.4093351890611818
6 0.070583104257800705 0.070808263094500654 1.5062652921466799 1.5770735552411805 1.5115462236878714 1.5821293279456721 1.5218738243834502 1.5702136821482817 1.5271087524194336 1.5752931155265788
33 0.040866124938790993 0.041032322793279286 1.6245695465481211 1.6656018693414005 1.6294506321397619 1.6703167570785531 1.6333786435374995 1.6616295429978405 1.6382252426826902 1.6663611394746205
7 0.068311570179901276 0.068461163745955234 0.8726120460505179 0.9409236162304192 0.87802249633847951 0.94648366008443485 0.88899925223020348 0.93493374955776509 0.89444920143582296 0.94048226115194256
8 0.029446119527201671 0.029488796429278562 0.97929990405700806 1.0087460235842096 0.9849266087018913 1.01441540513117 0.98587374149879647 1.0059350475044808 0.99151061146338837 1.0116006725638509
34 0.016277965913551448 0.016295748527178414 1.0279693572335422 1.0442473231470937 1.0336626321833253 1.0499583807105037 1.0314894261008569 1.0426845504147082 1.0371867368616143 1.0483939982275876
47 0.038608854003097978 0.038766242834436263 0.66560186934140031 0.7042107233444983 0.67031675707855309 0.7090829999129894 0.67471634245119694 0.7008501779122881 0.67946952996591858 0.70570925955343733
9 0.016035641503534665 0.01609437614680987 0.72548849002818239 0.74152413153171703 0.7304420806904115 0.74653645683722147 0.72909007497247136 0.7400040574134692 0.73405704792341619 0.74501090894572197
35 0.0086710163830843699 0.0087011021420227673 0.75185956551745914 0.76053058190054357 0.75690858730227029 0.76560968944429297 0.75374089568560276 0.75970130594970209 0.75879649944662519 0.76477756382413298
15 0.05734464238283303 0.057453195284297681 1.3598977681363866 1.4173509634206845 1.3655101404123902 1.4228547827952231 1.3650400636848679 1.403803262522195 1.370643855304011 1.4093351890611818
16 0.026219645888715639 0.026252557633466456 1.3002052015812795 1.3264577592147457 1.3059008378671457 1.3321204837558613 1.3027340791164075 1.3206422890051435 1.3084267984791871 1.3263128061703797
38 0.014922333031225515 0.01493625953940347 1.2678438469066322 1.2827801064460358 1.2735720395884709 1.2884943726196965 1.2692850960691884 1.2795643547416184 1.2750120271328806 1.2852817785459865
17 0.028360627022155166 0.028456188886875206 1.5486173663543052 1.5770735552411805 1.5537687009235168 1.5821293279456721 1.5510978820089898 1.5702136821482817 1.5562411578027744 1.5752931155265788
18 0.01202951052480678 0.012066364113502389 1.5207248204471955 1.5327911845606979 1.5259632049747083 1.5379927154995152 1.5218738243834502 1.5300915948975762 1.5271087524194336 1.5353014775541096
39 0.0065987875446204963 0.0066180424170903251 1.5062652921466799 1.51288333456377 1.5115462236878714 1.5181450112324919 1.5068997879435593 1.511450494895991 1.5121788894469013 1.5167163716460956
49 0.016709277878634687 0.016778951251362306 1.6488229180900382 1.6656018693414005 1.6536074791999185 1.6703167570785531 1.6502784117344071 1.6616295429978405 1.6550570228141064 1.6663611394746205
19 0.0068765289163500911 0.0069039754797794745 1.6327251035418966 1.6396290790216761 1.6375742836329581 1.6444508125493082 1.6333786435374995 1.6380766022725033 1.6382252426826902 1.6429045425779949
40 0.003702523858165929 0.0037169957741575335 1.6245695465481211 1.6282865423222785 1.6294506321397619 1.633153155997928 1.6249247643700855 1.6274795495593357 1.6298044719650933 1.6323493150963981
20 0.025670027410145749 0.025721594099099149 0.91525358882027352 0.9409236162304192 0.92076206598533572 0.94648366008443485 0.91758002297356311 0.93493374955776509 0.9230934040746801 0.94048226115194256
21 0.012162593007257371 0.012190556163715678 0.88782086814205474 0.89998346114931216 0.89326805314465429 0.90545860930836997 0.88899925223020348 0.89730256710644429 0.89444920143582296 0.9027716595344274
41 0.0070495386916598901 0.007066810135382573 0.8726120460505179 0.87966158474217782 0.87802249633847951 0.88508930647386219 0.87329453569598448 0.87814819217338058 0.87870667654822354 0.88357224166416959
22 0.011718436505668152 0.011734539244734212 0.99702758707854167 1.0087460235842096 1.0026808658864357 1.01441540513117 0.99805517826239376 1.0059350475044808 1.0037099157096079 1.0116006725638509
23 0.005052209503853061 0.0050597934154288284 0.98539143588416489 0.99044364538801788 0.99102757250733142 0.99608736592276026 0.98587374149879647 0.98931576762614537 0.99151061146338837 0.99495781386800619
42 0.0027931289137976011 0.0027974928048905491 0.97929990405700806 0.98209303297080575 0.9849266087018913 0.98772410150678192 0.97956806358853443 0.98148903384217467 0.98519519006904333 0.98711916431883828
50 0.0066200966012666413 0.0066270576091356868 1.0376272265458271 1.0442473231470937 1.0433313231013681 1.0499583807105037 1.0382034658969355 1.0426845504147082 1.043908183128111 1.0483939982275876
24 0.0027498380714462462 0.0027529237906659776 1.0312287555181197 1.0339785935895658 1.0369257710179407 1.0396786948086065 1.0314894261008569 1.0333609913012329 1.0371867368616143 1.0390604050627543
43 0.0014870002272919767 0.0014887179109255981 1.0279693572335422 1.0294563574608342 1.0336626321833253 1.0351513500942511 1.0281115716415692 1.0291337287458153 1.0338050116787192 1.0348283502925464
25 0.014478176826196766 0.014535709530135648 0.68973254651830151 0.7042107233444983 0.69454729038285379 0.7090829999129894 0.69105292184966338 0.7008501779122881 0.69587298652308316 0.70570925955343733
26 0.0069873601501084376 0.0070162829134809979 0.67403734942061666 0.68102470957072514 0.67878770814140021 0.68580399105488132 0.67471634245119694 0.67948849744126383 0.67946952996591858 0.68426145574488217
53 0.0037221116326988102 0.0037378377320822914 0.66560186934140031 0.66932398097409918 0.67031675707855309 0.67405459481063534 0.6656313832183377 0.66844744083296681 0.67034639611716784 0.67317436186801105
27 0.0063517751778157669 0.0063747784460447786 0.73517235635390121 0.74152413153171703 0.74016167839117664 0.74653645683722147 0.73573091247370048 0.7400040574134692 0.74072227111807987 0.74501090894572197
28 0.002760148447500786 0.002770335712955273 0.72882626121846472 0.73158640966596544 0.7337922576726621 0.73656259338561747 0.72909007497247136 0.73097086010408518 0.73405704792341619 0.73594477754652621
44 0.0015317916283599359 0.0015374967474637404 0.72548849002818239 0.72702028165654231 0.7304420806904115 0.73197957743787523 0.72563565079665437 0.72668923174084588 0.73058979042257421 0.73164729622677771
51 0.0035175448088526377 0.0035296724930188907 0.75701303709169099 0.76053058190054357 0.76208001695127414 0.76560968944429297 0.75731970031260509 0.75970130594970209 0.76238774166493739 0.76477756382413298
29 0.0014674697638707098 0.001472584650184424 0.75360169666655419 0.75506916643042499 0.75865681446089983 0.76012939911108424 0.75374089568560276 0.75473976213938465 0.75879649944662519 0.75979884827157906
45 0.0007951616917758423 0.00079794729946968388 0.75185956551745914 0.7526547272092351 0.75690858730227029 0.75770653460173998 0.75193564027573256 0.75248225651008349 0.75698492879809742 0.75753346016071299
4 1 1 0.67385292288141763 1.6738529228814176 0.6766032740614234 1.6766032740614234 0.89853303969235299 1.5790995322872714 0.90170722976763784 1.5820582358027107
27 0.39541043138700305 0.39599184293057355 1.2778610799508443 1.6738529228814176 1.2811928426744204 1.6766032740614234 1.3126892957051903 1.5790995322872714 1.3160004513740398 1.5820582358027107
28 0.17215894414216187 0.17233103330265592 0.88207696792409085 1.0542359120662528 0.8852284682049234 1.0575595015075794 0.89853303969235299 1.0158445925761239 0.90170722976763784 1.0191423102681592
44 0.095564559725140469 0.095774921165350566 0.67385292288141763 0.76941748260655807 0.6766032740614234 0.77237819522677398 0.68303427707714059 0.74876484819861122 0.68580677367757958 0.7516838731565626
5 0.14898577605984994 0.1491153908468989 1.2778610799508443 1.4269764707977428 1.2811928426744204 1.4301786187342704 1.3126892957051903 1.4134777978959512 1.3160004513740398 1.4166961238683888
6 0.07028700393929227 0.070415975556505667 1.5155022158783276 1.5859181914348333 1.5185763507509933 1.5888633546902855 1.5310305801799668 1.5790995322872714 1.5340783405700862 1.5820582358027107
33 0.040648043560124358 0.040742965665868547 1.6331099572155492 1.6738529228814176 1.6359552305012992 1.6766032740614234 1.6418590055968603 1.6699096837499221 1.6446845737771065 1.6726695733868351
7 0.06857231701090416 0.06865815916231939 0.88207696792409085 0.95064928493499501 0.8852284682049234 0.95388662736724272 0.89853303969235299 0.94463932444304355 0.90170722976763784 0.94787005918689937
8 0.029520417914370555 0.029544786656938313 0.98914168890398102 1.0186621068183517 0.99241718052376626 1.0219619671807045 0.99573322714727242 1.0158445925761239 0.99901452794393075 1.0191423102681592
34 0.016308895089856307 0.016319009045697899 1.0379270169763963 1.0542359120662528 1.0412404924618812 1.0575595015075794 1.041454106520092 1.052670340123832 1.0447698790480668 1.0559930148495575
47 0.038883669010139732 0.038974638301300199 0.67385292288141763 0.71273659189155736 0.6766032740614234 0.71557791236272372 0.68303427707714059 0.70935300961025827 0.68580677367757958 0.71218670718149346
9 0.016138164217727447 0.016172067034219261 0.73415631221974587 0.75029447643747338 0.73704459327892868 0.75321666031314793 0.73778125725354626 0.74876484819861122 0.74067726418228419 0.7516838731565626
35 0.0087235234670849197 0.0087408782429772187 0.76069395913947324 0.76941748260655807 0.76363731698379678 0.77237819522677398 0.76258677675798892 0.76858323341783463 0.76553393174761419 0.77154230241424993
15 0.057201248847505846 0.057263795599901142 1.3697126751978419 1.4269764707977428 1.3729773698867644 1.4301786187342704 1.3748399940734075 1.4134777978959512 1.3780997373626023 1.4166961238683888
16 0.026176001723962086 0.026195062433112971 1.3101655153578537 1.3363605777909666 1.313478362340587 1.3396543640645491 1.3126892957051903 1.3305587179584477 1.3160004513740398 1.3338570132930689
38 0.014903802473445873 0.014911904025060169 1.2778610799508443 1.2927729839759043 1.2811928426744204 1.2960966451478664 1.2793001221364249 1.2895627533864604 1.2826311501398706 1.2928882499203183
17 0.028235015187794227 0.028289719366673988 1.5576284720681595 1.5859181914348333 1.5606283395024914 1.5888633546902855 1.5600949479374469 1.5790995322872714 1.5630902003370932 1.5820582358027107
18 0.011981027525044352 0.012002147622396644 1.5298875993526146 1.5418897469750112 1.5329373409388949 1.5449183684639396 1.5310305801799668 1.5392047094589214 1.5340783405700862 1.5422381164560797
39 0.0065734459985979793 0.0065844867352545626 1.5155022158783276 1.5220867026135823 1.5185763507509933 1.5251497967495913 1.5161335223709105 1.520661182323497 1.5192066077965261 1.5237266845799682
49 0.016617875572981167 0.016657656323061099 1.6571952665583567 1.6738529228814176 1.6599853984884421 1.6766032740614234 1.6586404012426597 1.6699096837499221 1.6614271352572587 1.6726695733868351
19 0.0068405075223607345 0.0068561871131647446 1.6412099594858049 1.6480661465989697 1.6440370022242088 1.6508775097465695 1.6418590055968603 1.6465244765457985 1.6446845737771065 1.6493393852313452
40 0.0036835268832646081 0.0036917965150831851 1.6331099572155492 1.6368017537306323 1.6359552305012992 1.6396387573845637 1.6334627755710895 1.6360002491019823 1.6363072613977583 1.6388390537416542
20 0.025759888004481028 0.025789448995436868 0.92488939693051397 0.95064928493499501 0.92809717837180583 0.95388662736724272 0.92722437785851786 0.94463932444304355 0.93043497205269798 0.94787005918689937
21 0.012211339927309686 0.012227394554263037 0.89734983662940282 0.90956117655671265 0.90052243932119791 0.91274983387546094 0.89853303969235299 0.90686972634081542 0.90170722976763784 0.9100549075482337
41 0.0070796524463208055 0.007089575679273416 0.88207696792409085 0.88915662037041177 0.8852284682049234 0.89231804388419667 0.88276240525358218 0.88763682520740494 0.88591487696045024 0.89079613908057598
22 0.011746465828596149 0.011755654126793689 1.0069156409897555 1.0186621068183517 1.010206313053911 1.0219619671807045 1.007945771422615 1.0158445925761239 1.0112372761465402 1.0191423102681592
23 0.0050654141251822594 0.0050697464862102292 0.99524964463558607 1.0003150587607683 0.99853052643821139 1.0036002729244216 0.99573322714727242 0.99918426592718923 0.99901452794393075 1.002468523775242
42 0.00280072796310452 0.0028032221165986563 0.98914168890398102 0.99194241686708562 0.99241718052376626 0.99522040264036493 0.98941058301282658 0.99133678428088789 0.99268631575045352 0.99461423395232096
50 0.0066322021084525874 0.006636158876917559 1.0476037099578002 1.0542359120662528 1.0509233426306617 1.0575595015075794 1.0481810287886901 1.052670340123832 1.0515010143967021 1.0559930148495575
24 0.0027552055605121646 0.0027569612841509628 1.0411929223251442 1.0439481278856562 1.0445085268310792 1.0472654881152299 1.041454106520092 1.0433293298265427 1.0447698790480668 1.0466462989514904
43 0.0014899883802622943 0.0014909661332164772 1.0379270169763963 1.0394170053566587 1.0412404924618812 1.0427314585950977 1.0380695185821727 1.0390937310937949 1.0413830880467152 1.0424079731127311
25 0.014578626097285231 0.014611868588815944 0.69815796579427225 0.71273659189155736 0.70096604377390781 0.71557791236272372 0.69948763139315284 0.70935300961025827 0.70229878428565418 0.71218670718149346
26 0.00703786422278882 0.0070545844941103525 0.6823503443909078 0.68938820861369665 0.68512120552791866 0.692175790022029 0.68303427707714059 0.68784095532720013 0.68580677367757958 0.69062488156374391
53 0.00374957384319273 0.0037586675132117719 0.67385292288141763 0.67760249672461037 0.6766032740614234 0.68036194157463514 0.6738826553285433 0.6767195079675391 0.67663307888719182 0.67947681752207367
27 0.006391926581969588 0.0064052026973616784 0.74390254985550375 0.75029447643747338 0.74681145761578627 0.75321666031314793 0.74446466087299146 0.74876484819861122 0.74737474413798122 0.7516838731565626
28 0.0027779309587967122 0.0027838117944426312 0.73751573894866718 0.74029366990746392 0.74041118215222246 0.74319499394666511 0.73778125725354626 0.73967416444547895 0.74067726418228419 0.7425741802630208
44 0.0015417505398737825 0.001545044317316543 0.73415631221974587 0.73569806275961969 0.73704459327892868 0.73858963759624519 0.73430443126908929 0.73536486349144314 0.73719302927155772 0.73825572746738466
51 0.0035387102252649053 0.0035457054716357943 0.7658787723812932 0.76941748260655807 0.76883248975513818 0.77237819522677398 0.76618728815644221 0.76858323341783463 0.76914161782793933 0.77154230241424993
29 0.0014763966215281075 0.0014793472700292292 0.76244672959189219 0.76392312621342029 0.76539360423421454 0.76687295150424384 0.76258677675798892 0.76359172089380567 0.76553393174761419 0.76654088478081184
45 0.0008000234007383266 0.0008016304445341751 0.76069395913947324 0.7614939825402115 0.76363731698379678 0.76443894742833085 0.76077049943481678 0.76132045813531368 0.76371401116420035 0.76426507472210725
5 1 1 0.72689540992438606 1.7268954099243861 0.73821114049355252 1.7382111404935525 0.95943535664457791 1.6358968815287391 0.97234607723360078 1.6479474403769623
15 0.38327187213551239 0.38538157196752826 1.3415138379568576 1.7268954099243861 1.3549392683580401 1.7382111404935525 1.3759510699574324 1.6358968815287391 1.3892950022217552 1.6479474403769623
16 0.17527484037386803 0.17588783829106969 0.94256374618623529 1.1178385865601035 0.95539149227326847 1.131279330564338 0.95943535664457791 1.0789870898067728 0.97234607723360078 1.0923394411082108
38 0.099487208974163799 0.10028884733982468 0.72689540992438606 0.82638261889854991 0.73821114049355252 0.8384999878333772 0.73649125208421296 0.80495541944333682 0.74789208986698541 0.81691522419172691
0 0.14620549991758691 0.14669881864534343 1.3415138379568576 1.4882126566022014 1.3549392683580401 1.5011447682756272 1.3759510699574324 1.475012158647548 1.3892950022217552 1.4880042856349838
1 0.067613174416088745 0.068075312429982271 1.574395220302983 1.6424705327329654 1.5868597239325144 1.6544728983486032 1.5894435602642807 1.6358968815287391 1.6018129498796516 1.6479474403769623
30 0.038703030667555288 0.039036119583431061 1.6878592903409548 1.7268954099243861 1.6995081098259974 1.7382111404935525 1.6962535226282931 1.723123427079869 1.7078329797561285 1.7344725140333894
2 0.070138933270970566 0.070450337338510693 0.94256374618623529 1.012702679457206 0.95539149227326847 1.0258418296117791 0.95943535664457791 1.0065727307587478 0.97234607723360078 1.0196881858760187
3 0.029957860510811434 0.030042936989331678 1.0518850675349996 1.0818429280458111 1.0651597596126336 1.0952026966019655 1.0585811713028066 1.0789870898067728 1.0718762742694727 1.0923394411082108
31 0.01648804008517768 0.016522253983284382 1.1013505464749258 1.1178385865601035 1.1147570765810535 1.131279330564338 1.104918422606243 1.1162568632107663 1.1183327686230171 1.1296945358840973
46 0.040584130741333824 0.04093271957072836 0.72689540992438606 0.76747954066571988 0.73821114049355252 0.77914386006428105 0.73649125208421296 0.76395369286161996 0.74789208986698541 0.7755889075854695
4 0.016769088925605743 0.016897694804585615 0.78977470509783287 0.80654379402343856 0.80161786811159152 0.81851556291617711 0.79354351024608638 0.80495541944333682 0.80541601896567827 0.81691522419172691
32 0.0090457922147575247 0.0091113005286534467 0.81733682668379237 0.82638261889854991 0.82938868730472382 0.8384999878333772 0.81930017836481017 0.825517860209248 0.83136638262605866 0.83762903044914871
15 0.055873400969975923 0.056107161592881406 1.4321054950093197 1.4882126566022014 1.4452713673056512 1.5011447682756272 1.4371408197178457 1.475012158647548 1.4502879922498559 1.4880042856349838
16 0.025763010239779682 0.025836842147816161 1.3734591926982236 1.3992960348460397 1.3868097293066084 1.4125727395463881 1.3759510699574324 1.3935786808982824 1.3892950022217552 1.406872744786249
38 0.014725175784886142 0.014757520196761034 1.3415138379568576 1.3562713581536188 1.3549392683580401 1.3696644441429262 1.342938832758656 1.3530960115732553 1.3563613088107225 1.3664963838652859
17 0.027103726791996879 0.027298872113142442 1.615171660619823 1.6424705327329654 1.6273691715566063 1.6544728983486032 1.6175544409455791 1.6358968815287391 1.6297354423634935 1.6479474403769623
18 0.011542310872596426 0.011618253461956937 1.5883366111341011 1.599954864596058 1.6007131335794105 1.612255444452007 1.5894435602642807 1.5973567711804522 1.6018129498796516 1.6096745403443169
39 0.0063435882366889617 0.0063834467282850148 1.574395220302983 1.580778667031268 1.5868597239325144 1.5932033121692033 1.5750074114488086 1.5793969841650304 1.5874681237403285 1.5918303176251847
49 0.015803766742684577 0.015943046816442097 1.710952363107944 1.7268954099243861 1.7224073737508681 1.7382111404935525 1.7123364197450186 1.723123427079869 1.7237795164523899 1.7344725140333894
19 0.0065189118977756807 0.0065740280912363726 1.6956310186747627 1.7022050467659993 1.707215662213571 1.7137345741113466 1.6962535226282931 1.7007271653805343 1.7078329797561285 1.7122691494878306
40 0.003513734918873984 0.0035428585515224964 1.6878592903409548 1.6914021488924775 1.6995081098259974 1.7030218447448715 1.6881979243351046 1.6906330764021349 1.6998439696765886 1.7022591131061391
20 0.026297566833753755 0.026403976016552706 0.98640511262345221 1.012702679457206 0.9994378535952263 1.0258418296117791 0.98879134710716698 1.0065727307587478 1.0018342554929247 1.0196881858760187
21 0.01250484308022809 0.012563315186201275 0.95822311204926858 0.97072795512949672 0.97112804131714081 0.98369135650334227 0.95943535664457791 0.96797299853072671 0.97234607723360078 0.98092375901017526
41 0.0072614955800274217 0.0072978343790399691 0.94256374618623529 0.94982524176626282 0.95539149227326847 0.96268932665230822 0.94326699216895071 0.94826680141987385 0.9560982989507042 0.96112316722088176
22 0.01191101531706759 0.011942916395740799 1.0699319127287432 1.0818429280458111 1.0832597802062245 1.0952026966019655 1.0709769762511185 1.0789870898067728 1.0843077443638049 1.0923394411082108
23 0.0051432992270594065 0.0051584767676076462 1.0580900522281307 1.0632333514551897 1.0713836854726808 1.0765421622402882 1.0585811713028066 1.0620853746228081 1.0718762742694727 1.0753908388775308
42 0.0028456421861085056 0.0028544143393156749 1.0518850675349996 1.0547307097211081 1.0651597596126336 1.0680141739519491 1.0521583048802572 1.0541154255235476 1.0654338455522347 1.0673970053331867
50 0.0067021455666475757 0.0067154664276846097 1.1111364409934561 1.1178385865601035 1.1245638641366535 1.131279330564338 1.1117200065661246 1.1162568632107663 1.1251486215073858 1.1296945358840973
24 0.0027863466240013227 0.0027923052854340854 1.1046542568107318 1.1074406034347331 1.11806803194369 1.1208603372291241 1.104918422606243 1.1068148712626504 1.1183327686230171 1.1202332790082909
43 0.0015073559793194347 0.0015106858283093312 1.1013505464749258 1.1028579024542453 1.1147570765810535 1.1162677624093629 1.1014947178176036 1.102530877150333 1.1149015681658647 1.1159400181379102
25 0.015199340087754962 0.015326407260446295 0.75228020057796496 0.76747954066571988 0.76381745280383462 0.77914386006428105 0.75366731554824085 0.76395369286161996 0.76521633709814019 0.7755889075854695
26 0.007350609375801842 0.0074147727828481613 0.73577672033380614 0.74312732970960793 0.74717127814199269 0.75458605092484088 0.73649125208421296 0.74151172452689074 0.74789208986698541 0.75295642683224084
53 0.0039198167155956032 0.0039547832795288063 0.72689540992438606 0.73081522663998166 0.73821114049355252 0.74216592377308144 0.72692649759175787 0.72989226791359219 0.73824250656953117 0.74123475682334949
27 0.0066388789575788192 0.0066891874649614201 0.79990491506585981 0.80654379402343856 0.81182637545121572 0.81851556291617711 0.800488897913605 0.80495541944333682 0.81241481552682671 0.81691522419172691
28 0.0028874056540547431 0.0029097293847255871 0.79326749669164287 0.79615490234569752 0.80513786493472661 0.80804759431945228 0.79354351024608638 0.79551104613085899 0.80541601896567827 0.80739877321416342
44 0.0016030884645850726 0.0016156021896671811 0.78977470509783287 0.791377793562418 0.80161786811159152 0.80323347030125869 0.78992872676057202 0.7910313571276727 0.80177309408232567 0.80288433350725308
51 0.0036685754304891646 0.0036949649241506009 0.82271404346806065 0.82638261889854991 0.83480502290922665 0.8384999878333772 0.82303392819120613 0.825517860209248 0.8351272183421159 0.83762903044914871
29 0.0015311983941182243 0.0015423406345177555 0.81915492403250656 0.82068612242662464 0.83122006949095406 0.83276241012547181 0.81930017836481017 0.82034243367148285 0.83136638262605866 0.83241622409113691
45 0.00082987668889160523 0.00083594799029556904 0.81733682668379237 0.81816670337268393 0.82938868730472382 0.83022463529501933 0.81741622572794037 0.81798670893445502 0.82946866776208872 0.83004332508848189
6 1 1 0.64459918760317447 1.6445991876031745 0.64909976226136579 1.6490997622613659 0.86465352276753515 1.5475261512892189 0.86988007153882907 1.5523964055250588
17 0.4013922992078332 0.40240785830684306 1.2421913292963314 1.6445991876031745 1.2477074630535325 1.6490997622613659 1.2772406372223457 1.5475261512892189 1.2827225471042381 1.5523964055250588
18 0.17025031894411269 0.17055356321600032 0.84844717519083712 1.0186974941349498 0.85363427911491918 1.0241878423309196 0.86465352276753515 0.98059651562546124 0.86988007153882907 0.98604032455561441
39 0.093277236596743945 0.093635176404809062 0.64459918760317447 0.73787642419991839 0.64909976226136579 0.74273493866617479 0.65354034770707448 0.71767816624827907 0.65807843764237772 0.72246544384025468
5 0.15030361809555715 0.15052388378981524 1.2421913292963314 1.3927152130861467 1.2477074630535325 1.3980110811490896 1.2772406372223457 1.3790392848155408 1.2827225471042381 1.384363052785935
6 0.071617863699717593 0.071844672190506054 1.4826504498594018 1.5544951220499077 1.487723611176853 1.5593414748765704 1.4984703885286215 1.5475261512892189 1.5034973345693974 1.5523964055250588
33 0.041632548938888181 0.041801445108485047 1.6027977424946895 1.6445991876031745 1.6074672133224777 1.6490997622613659 1.6117663065242656 1.6405494692048881 1.6164007770230266 1.6450670484602341
7 0.067625306719542616 0.067775160074910121 0.84844717519083712 0.91607248191037982 0.85363427911491918 0.92140943918982932 0.86465352276753515 0.91013566266938239 0.86988007153882907 0.91546101659023615
8 0.029248596052490767 0.029291969881425135 0.9541414759943605 0.98339007204685136 0.95954574085129907 0.9888377107327242 0.96066833312764266 0.98059651562546124 0.96608290487455117 0.98604032455561441
34 0.016195082560787669 0.016213362816808401 1.0025024115741621 1.0186974941349498 1.007974479514111 1.0241878423309196 1.0060036938041415 1.0171422364731333 1.011479901923094 1.0226309255217467
47 0.037896150308105253 0.038050490366198904 0.64459918760317447 0.6824953379112797 0.64909976226136579 0.68715025262756457 0.65354034770707448 0.6791945944890152 0.65807843764237772 0.68383655159110068
9 0.015769033906221353 0.015826858273047879 0.70340435070669971 0.71917338461292113 0.7081391961698198 0.72396605444286777 0.7069452099498581 0.71767816624827907 0.71169322353119036 0.72246544384025468
35 0.0085342908575046054 0.0085639675114087595 0.72934213334241382 0.73787642419991839 0.73417097115476615 0.74273493866617479 0.73119355686462328 0.73706010133694222 0.73602888525806454 0.74191580392563861
15 0.057840057215923037 0.057947466568674277 1.3347677465174725 1.3927152130861467 1.3401710239331668 1.3980110811490896 1.3399490049690606 1.3790392848155408 1.3453438305562269 1.384363052785935
16 0.026368937775240832 0.02640099389223189 1.2746986329261722 1.3010996268184041 1.2801833735304127 1.3065523113056536 1.2772406372223457 1.2952489525429913 1.2827225471042381 1.300709247955375
38 0.014985168838928645 0.014998545450164451 1.2421913292963314 1.257189874746496 1.2477074630535325 1.2626926318924614 1.2436382095104048 1.2539599781667106 1.2491531355833292 1.2594657763063
17 0.028800120999809872 0.028896563713017138 1.5255985583368905 1.5544951220499077 1.5305413538767607 1.5593414748765704 1.528116184218701 1.5475261512892189 1.5330508563387661 1.5523964055250588
18 0.012198780806605334 0.012235849751524927 1.4973054936782901 1.5095413434298151 1.50233591456991 1.5145346953765153 1.4984703885286215 1.5068033347215295 1.5034973345693974 1.5118050909317868
39 0.0066871680766818799 0.0067065028993166806 1.4826504498594018 1.4893569527587185 1.487723611176853 1.4944107792535348 1.4832933516567552 1.4879048141117774 1.4883646758895885 1.4929628592133626
49 0.017030696637158282 0.017101568254323962 1.6274976193488504 1.6445991876031745 1.6320690656242074 1.6490997622613659 1.6289806539215261 1.6405494692048881 1.6335460515211337 1.6450670484602341
19 0.0070030630114025823 0.0070309347917969136 1.6111008297095484 1.6181317645013453 1.615737920476968 1.6227409834883706 1.6117663065242656 1.6165505733610328 1.6164007770230266 1.6211660966390129
40 0.0037692216507345488 0.0037839061585901879 1.6027977424946895 1.6065816486532796 1.6074672133224777 1.611236434973212 1.6031593309018615 1.6057600823215843 1.6078274036823286 1.6104180671822999
20 0.025433035295129879 0.025484844740152481 0.89063944661525007 0.91607248191037982 0.89592459444967676 0.92140943918982932 0.89294336517274409 0.91013566266938239 0.89823343213402385 0.91546101659023615
21 0.012034431828706126 0.012062400550410031 0.86348780247998169 0.87552223430868792 0.86871158833284956 0.88077398888325953 0.86465352276753515 0.87286910498341264 0.86988007153882907 0.8781147990522663
41 0.006970481740674106 0.0069877202756344139 0.84844717519083712 0.85541765693151128 0.85363427911491918 0.86062199939055362 0.84912192829637034 0.85392107668088946 0.85431071895090394 0.85912175272132063
22 0.011643814127181247 0.011660213211566786 0.97174625791967006 0.98339007204685136 0.97717749752115735 0.9888377107327242 0.97276709467387379 0.98059651562546124 0.97819981792996213 0.98604032455561441
23 0.0050171361096366992 0.0050248340057650435 0.96018941802511981 0.96520655413475642 0.96560324575898127 0.9706280797647463 0.96066833312764266 0.96408642145267442 0.96608290487455117 0.96950624692443899
42 0.0027729652642404408 0.0027773882766056867 0.9541414759943605 0.95691444125860103 0.95954574085129907 0.96232312912790485 0.95440768670165554 0.95631477707120038 0.95981237900354421 0.96172251396664588
50 0.0065876179654743208 0.0065947859174819313 1.0121098761694756 1.0186974941349498 1.0175930564134377 1.0241878423309196 1.0126832214792507 1.0171422364731333 1.0181670401695879 1.0226309255217467
24 0.0027354659863008174 0.0027386344058187937 1.005744398093384 1.0084798640796848 1.011220303159468 1.0139589375652867 1.0060036938041415 1.0078654643893861 1.011479901923094 1.013343831747048
43 0.0014790059937499359 0.0014807675403497875 1.0025024115741621 1.0039814175679123 1.007974479514111 1.0094552470544609 1.0026438577507737 1.0036605161116978 1.0081160949586907 1.0091339649665887
25 0.014217498117973968 0.014273970896771595 0.66827783979330579 0.6824953379112797 0.67287628173079306 0.68715025262756457 0.66957411435254421 0.6791945944890152 0.67417777636061271 0.68383655159110068
26 0.0068564340983211496 0.006884780648118656 0.6528741580036741 0.65973059210199525 0.65740947618021117 0.66429425682832965 0.65354034770707448 0.65822300713017245 0.65807843764237772 0.66278047332916079
53 0.0036509573493166371 0.0036663581337438682 0.64459918760317447 0.64825014495249111 0.64909976226136579 0.65276612039510962 0.64462813522278151 0.64739031437301209 0.64912883243610964 0.65190267300727023
27 0.0062473330496042815 0.0062699890507328737 0.71292605156331679 0.71917338461292113 0.71769606539213493 0.72396605444286777 0.71347536220815777 0.71767816624827907 0.71824738141217148 0.72246544384025468
28 0.002713914199769487 0.0027239408532791212 0.70668582768379684 0.70939974188356625 0.71143288026327822 0.71415682111655743 0.7069452099498581 0.708794478234133 0.71169322353119036 0.71354932672088334
44 0.0015059044783642265 0.0015115178128740367 0.70340435070669971 0.70491025518506389 0.7081391961698198 0.70965071398269397 0.70354902062262592 0.70458479247844519 0.70828440618677901 0.70932403972973923
51 0.0034624227065397301 0.0034743881569199667 0.73441400149337865 0.73787642419991839 0.73926055050925488 0.74273493866617479 0.73471584048290428 0.73706010133694222 0.73956343664624435 0.74191580392563861
29 0.0014442272894673544 0.0014492718185561112 0.73105656604215796 0.73250079333162521 0.73589141518097501 0.73734068699953115 0.73119355686462328 0.73217659920926326 0.73602888525806454 0.73701536204443374
45 0.00078250503472752355 0.00078525183435148107 0.72934213334241382 0.73012463837714137 0.73417097115476615 0.73495622298911756 0.72941699617761269 0.72995491087778341 0.73424609700331289 0.73478590014307266
7 1 1 0.77781619748563569 1.7778161974856357 0.78347406277021892 1.7834740627702188 1.017324469084361 1.6899643437515346 1.0237244982224709 1.6959478300602875
20 0.37531423754317772 0.37626901285833503 1.4015471846273004 1.7778161974856357 1.4081598252270413 1.7834740627702188 1.4356234889561146 1.6899643437515346 1.4421969729114288 1.6959478300602875
21 0.17790559305824943 0.17817857966245459 1.0000937105695635 1.1779993036278129 1.0064560019960749 1.1846345816585295 1.017324469084361 1.1387737562027205 1.0237244982224709 1.1453710327649489
41 0.10300357670121357 0.10338025398186945 0.77781619748563569 0.88081977418684931 0.78347406277021892 0.88685431675208837 0.78778638090472908 0.85870325906740719 0.79348450329840892 0.86466424359572747
0 0.14430695834130064 0.14453788508038934 1.4015471846273004 1.54608506970769 1.4081598252270413 1.5524667835683419 1.4356234889561146 1.533145477407386 1.4421969729114288 1.5395547774524334
1 0.065879781646673879 0.06608694390334531 1.6302441150196503 1.6963310589229956 1.6364132657169257 1.7022930473635993 1.6448824386808263 1.6899643437515346 1.6510087539788658 1.6959478300602875
30 0.037464870010366053 0.037611926191805034 1.7402042712938306 1.7778161974856357 1.7460091927598529 1.7834740627702188 1.7483016546541781 1.774186690951763 1.7540758838425847 1.779859246039075
2 0.071483313505904755 0.071624038692478381 1.0000937105695635 1.0715770240754683 1.0064560019960749 1.0780800406885533 1.017324469084361 1.0653451657286226 1.0237244982224709 1.0718375738547996
3 0.030320531048047269 0.030357788517439682 1.1113405917514414 1.1416611227994888 1.1179038358182807 1.1482616243357202 1.1181238904993898 1.1387737562027205 1.1246961208770732 1.1453710327649489
31 0.016632326162692897 0.016646907729716415 1.1613669774651201 1.1779993036278129 1.1679876739288129 1.1846345816585295 1.1649678813295352 1.1764046617053388 1.1715919259597694 1.1830386394428849
46 0.042115942927589023 0.042280453457679279 0.77781619748563569 0.81993214041322471 0.78347406277021892 0.82575451622789819 0.78778638090472908 0.8162785476865001 0.79348450329840892 0.8220872273711185
4 0.017332376748083585 0.017392587601089769 0.84301163270876911 0.86034400945685263 0.84891800084100077 0.86631058844209052 0.84690902542289337 0.85870325906740719 0.85282914692893363 0.86466424359572747
32 0.0093322574818112992 0.0093628079097158694 0.87148751670503799 0.88081977418684931 0.87749150884237248 0.88685431675208837 0.87351360770535469 0.87992791650171176 0.87952429307917379 0.88595957023793848
15 0.054980661077775231 0.055088683172451025 1.4909963865352389 1.54608506970769 1.4974861224905665 1.5524667835683419 1.495949986491669 1.533145477407386 1.5024310170230801 1.5395547774524334
16 0.025476807585716649 0.025511788365347617 1.4331607551119325 1.45867254347728 1.4397373852937694 1.465214192879486 1.4356234889561146 1.4530314806858811 1.4421969729114288 1.4595813201910337
38 0.014598263296498062 0.014613900247848904 1.4015471846273004 1.4161610848751494 1.4081598252270413 1.4227580885235394 1.4029590351691399 1.4130180412204674 1.4095702408287134 1.4196185544520887
17 0.026373182839533795 0.026460375652111203 1.6698706832708843 1.6963310589229956 1.6759198645240656 1.7022930473635993 1.6721824661273106 1.6899643437515346 1.6782242556595566 1.6959478300602875
18 0.011257039170295727 0.011291167838834161 1.6438062222707235 1.6550973901095576 1.6499357459942279 1.6611927851645238 1.6448824386808263 1.6525733078071543 1.6510087539788658 1.6586764218113905
39 0.0061936060268374627 0.0062115705180417306 1.6302441150196503 1.6364556855376919 1.6364132657169257 1.642606871743763 1.6308399538241629 1.6351114612641506 1.6370073948558184 1.6412665616184523
49 0.015286534100722379 0.015347924527444816 1.7624682729581909 1.7778161974856357 1.7681875286694966 1.7834740627702188 1.7638014013009238 1.774186690951763 1.7695154002027071 1.779859246039075
19 0.0063138816008098744 0.006338245542457337 1.7477013417110181 1.7540395872534753 1.7534778645366971 1.7597917461375072 1.7483016546541781 1.7526149867660632 1.7540758838425847 1.7583726500803374
40 0.0034053086803264303 0.0034182002758599579 1.7402042712938306 1.7436224715696906 1.7460091927598529 1.7494145014401794 1.7405310299289021 1.7428805376350118 1.746334723127172 1.7486753737137732
20 0.02675579113438574 0.026803578552229684 1.0448212329410826 1.0715770240754683 1.0512764621363235 1.0780800406885533 1.047251310685998 1.0653451657286226 1.0537111214071542 1.0718375738547996
21 0.01275760101217076 0.012784108605654102 1.0160871763094947 1.0288447773216653 1.022484576415237 1.0352686850208914 1.017324469084361 1.0260352049618482 1.0237244982224709 1.0324533890810357
41 0.0074188557497975871 0.0074354013199779967 1.0000937105695635 1.0075125663193614 1.0064560019960749 1.0138914033160529 1.0008123803382123 1.0059207085162263 1.0071762942109022 1.0122960332244866
22 0.012046752070380098 0.012060657288492925 1.1296143707291086 1.1416611227994888 1.1362009670472275 1.1482616243357202 1.130671790189917 1.1387737562027205 1.1372596544377531 1.1453710327649489
23 0.005208074090716143 0.0052147400257325522 1.1176264962702989 1.122834570361015 1.1241980804662104 1.1294128204919429 1.1181238904993898 1.1216723164910207 1.1246961208770732 1.1282490982024518
42 0.0028831292147252761 0.0028869945580794177 1.1113405917514414 1.1142237209661667 1.1179038358182807 1.1207908303763601 1.1116174562908234 1.1136003854193124 1.1181810744863911 1.1201666648831963
50 0.0067582276532299314 0.0067638806226509047 1.171241075974583 1.1779993036278129 1.1778707010358787 1.1846345816585295 1.1718296644486903 1.1764046617053388 1.178459796638629 1.1830386394428849
24 0.0028115037344030578 0.0028140505339064098 1.164701304356307 1.1675128080907102 1.1713251047427746 1.1741391552766811 1.1649678813295352 1.1668814793260107 1.1715919259597694 1.1735072602330474
43 0.0015214312479850868 0.0015228587896973689 1.1613669774651201 1.1628884087131053 1.1679876739288129 1.1695105327185105 1.1615125027421824 1.1625583448661807 1.1681333365667341 1.1691801607792141
25 0.015757264508124959 0.015817114066122427 0.80417487590509973 0.81993214041322471 0.80993740216177579 0.82575451622789819 0.80561368973629044 0.8162785476865001 0.81138176525927441 0.8220872273711185
26 0.0076326954684937942 0.0076630106126871489 0.78704423443406968 0.79467692990256356 0.79273938826986101 0.80040239888254816 0.78778638090472908 0.79299970333868519 0.79348450329840892 0.79871855169600015
53 0.0040736425620915284 0.0040901892757794212 0.77781619748563569 0.78188984004772721 0.78347406277021892 0.78756425204599845 0.77784851008063483 0.78093077479246664 0.78350650715039638 0.78660130339950007
27 0.0068591533124510388 0.0068826873675177248 0.85348485614440162 0.86034400945685263 0.8594279010745729 0.86631058844209052 0.85408835875821387 0.85870325906740719 0.86003348977814253 0.86466424359572747
28 0.0029852045755447863 0.0029956618628385941 0.84662363376474015 0.84960883834028489 0.85254275238006261 0.85553841424290122 0.84690902542289337 0.84894323284847362 0.85282914692893363 0.85487048342656047
44 0.0016579252255591998 0.0016637910128409024 0.84301163270876911 0.8446695579343283 0.84891800084100077 0.85058179185384164 0.84317093205495197 0.84431128866352623 0.84907786476973057 0.85022225692132058
51 0.0037839542378643896 0.0037962556589123662 0.87703581994898494 0.88081977418684931 0.88305806109317608 0.88685431675208837 0.87736580860283864 0.87992791650171176 0.8833891271833243 0.88595957023793848
29 0.0015799294048148148 0.0015851273696329178 0.87336372243965843 0.87494365184447331 0.87937391381448382 0.88095904118411683 0.87351360770535469 0.87458904158802186 0.87952429307917379 0.88060326603789296
45 0.00085643368662330496 0.00085926703183926922 0.87148751670503799 0.87234395039166124 0.87749150884237248 0.87835077587421184 0.87156945902336458 0.87215820066646677 0.87757372251060994 0.8781644121415676
8 1 1 0.66366044497904331 1.6636604449790435 0.66560186934140031 1.6656018693414005 0.88675353742306706 1.5681207316880084 0.88899925223020348 1.5702136821482817
22 0.3977580224347681 0.39817844887936937 1.2654819960996742 1.6636604449790435 1.2678438469066322 1.6656018693414005 1.3003868616803043 1.5681207316880084 1.3027340791164075 1.5702136821482817
23 0.17151042399893979 0.17163527709657578 0.87038271071868512 1.041893134717625 0.8726120460505179 1.0442473231470937 0.88675353742306706 1.0035997744598504 0.88899925223020348 1.0059350475044808
42 0.094778053962945141 0.094928712559143216 0.66366044497904331 0.75843849894198856 0.66560186934140031 0.76053058190054357 0.67275908362931658 0.73794187782557463 0.67471634245119694 0.7400040574134692
5 0.14950711651405224 0.14959991739388356 1.2654819960996742 1.4150819134935575 1.2678438469066322 1.4173509634206845 1.3003868616803043 1.4015225678231678 1.3027340791164075 1.403803262522195
6 0.070808263094500654 0.070901756246174355 1.5040886774559485 1.5749904337021228 1.5062652921466799 1.5770735552411805 1.5197163039037742 1.5681207316880084 1.5218738243834502 1.5702136821482817
33 0.041032322793279286 0.041101426623030346 1.622559018356013 1.6636604449790435 1.6245695465481211 1.6656018693414005 1.6313824516679916 1.6596811697262779 1.6333786435374995 1.6616295429978405
7 0.068249506422660089 0.068311570179901276 0.87038271071868512 0.93863221714134526 0.8726120460505179 0.9409236162304192 0.88675353742306706 0.93264713830262236 0.88899925223020348 0.93493374955776509
8 0.02942837345391355 0.029446119527201671 0.97698081428124695 1.0064091877351604 0.97929990405700806 1.0087460235842096 0.98355042631354395 1.0035997744598504 0.98587374149879647 1.0059350475044808
34 0.01627055815083666 0.016277965913551448 1.0256225765667883 1.041893134717625 1.0279693572335422 1.0442473231470937 1.0291409647738408 1.0403310328438193 1.0314894261008569 1.0426845504147082
47 0.038543772484378361 0.038608854003097978 0.66366044497904331 0.70220421746342176 0.66560186934140031 0.7042107233444983 0.67275908362931658 0.69884912943831434 0.67471634245119694 0.7008501779122881
9 0.016011339347342821 0.016035641503534665 0.72344834754192422 0.73945968688926689 0.72548849002818239 0.74152413153171703 0.72704439584859526 0.73794187782557463 0.72909007497247136 0.7400040574134692
35 0.0086585643035656367 0.0086710163830843699 0.74977993463842285 0.75843849894198856 0.75185956551745914 0.76053058190054357 0.75165854074141436 0.75761040249246658 0.75374089568560276 0.75970130594970209
15 0.057453195284297681 0.057498146761621446 1.3575837667319361 1.4150819134935575 1.3598977681363866 1.4173509634206845 1.3627296130545596 1.4015225678231678 1.3650400636848679 1.403803262522195
16 0.026252557633466456 0.026266153761555784 1.2978567798028975 1.3241229335644533 1.3002052015812795 1.3264577592147457 1.3003868616803043 1.3183042428162988 1.3027340791164075 1.3206422890051435
38 0.01493625953940347 0.014942000664171718 1.2654819960996742 1.2804239967638456 1.2678438469066322 1.2827801064460358 1.2669237650931928 1.2772069428282085 1.2692850960691884 1.2795643547416184
17 0.028456188886875206 0.02849588064046335 1.5464945530616594 1.5749904337021228 1.5486173663543052 1.5770735552411805 1.5489784153320336 1.5681207316880084 1.5510978820089898 1.5702136821482817
18 0.012066364113502389 0.012081663452086692 1.5185658651615532 1.5306475286136401 1.5207248204471955 1.5327911845606979 1.5197163039037742 1.5279444715955022 1.5218738243834502 1.5300915948975762
39 0.0066180424170903251 0.0066260337930843932 1.5040886774559485 1.5107147112490329 1.5062652921466799 1.51288333456377 1.5047239327409923 1.5092801283470147 1.5068997879435593 1.511450494895991
49 0.016778951251362306 0.016807925122427458 1.646852519856616 1.6636604449790435 1.6488229180900382 1.6656018693414005 1.6483104876074 1.6596811697262779 1.6502784117344071 1.6616295429978405
19 0.0069039754797794745 0.006915386278753672 1.6307278386960185 1.6376432249747723 1.6327251035418966 1.6396290790216761 1.6313824516679916 1.636088167697606 1.6333786435374995 1.6380766022725033
40 0.0037169957741575335 0.0037230116867605022 1.622559018356013 1.6262820300427734 1.6245695465481211 1.6282865423222785 1.6229148089931402 1.6254737270409738 1.6249247643700855 1.6274795495593357
20 0.025648623386012034 0.025670027410145749 0.91298359375533311 0.93863221714134526 0.91525358882027352 0.9409236162304192 0.9153079929192095 0.93264713830262236 0.91758002297356311 0.93493374955776509
21 0.012150994361136806 0.012162593007257371 0.88557629976099339 0.89772729412213015 0.88782086814205474 0.89998346114931216 0.88675353742306706 0.89504891212547932 0.88899925223020348 0.89730256710644429
41 0.0070423771415683845 0.0070495386916598901 0.87038271071868512 0.87742508786025353 0.8726120460505179 0.87966158474217782 0.87106449941666564 0.87591321805077049 0.87329453569598448 0.87814819217338058
22 0.01171173845430294 0.011718436505668152 0.99469744928085757 1.0064091877351604 0.99702758707854167 1.0087460235842096 0.99572443385074727 1.0035997744598504 0.99805517826239376 1.0059350475044808
23 0.0050490565673780357 0.005052209503853061 0.98306842555582419 0.98811748212320216 0.98539143588416489 0.99044364538801788 0.98355042631354395 0.98699030047722636 0.98587374149879647 0.98931576762614537
42 0.0027913150855272619 0.0027931289137976011 0.97698081428124695 0.97977212936677427 0.97929990405700806 0.98209303297080575 0.97724879848582835 0.97916852015079792 0.97956806358853443 0.98148903384217467
50 0.0066171960506912278 0.0066200966012666413 1.0352759386669337 1.041893134717625 1.0376272265458271 1.0442473231470937 1.0358519194353293 1.0403310328438193 1.0382034658969355 1.0426845504147082
24 0.0027485528778333607 0.0027498380714462462 1.0288804171586761 1.0316289700365096 1.0312287555181197 1.0339785935895658 1.0291409647738408 1.0310116540881562 1.0314894261008569 1.0333609913012329
43 0.001486284956406602 0.0014870002272919767 1.0256225765667883 1.0271088615231947 1.0279693572335422 1.0294563574608342 1.0257647222320558 1.0267863873390219 1.0281115716415692 1.0291337287458153
25 0.01445438301795598 0.014478176826196766 0.68774983444546578 0.70220421746342176 0.68973254651830151 0.7042107233444983 0.68906800942729807 0.69884912943831434 0.69105292184966338 0.7008501779122881
26 0.0069754014078820259 0.0069873601501084376 0.67208126018017667 0.67905666158805866 0.67403734942061666 0.68102470957072514 0.67275908362931658 0.67752306400118056 0.67471634245119694 0.67948849744126383
53 0.0037156101266474922 0.0037221116326988102 0.66366044497904331 0.66737605510569087 0.66560186934140031 0.66932398097409918 0.66368990711260978 0.66650104167386581 0.6656313832183377 0.66844744083296681
27 0.0063422566974988279 0.0063517751778157669 0.733117430191768 0.73945968688926689 0.73517235635390121 0.74152413153171703 0.73367514361947084 0.73794187782557463 0.73573091247370048 0.7400040574134692
28 0.0027559335240380936 0.002760148447500786 0.72678098610807951 0.72953691963211753 0.72882626121846472 0.73158640966596544 0.72704439584859526 0.7289223077426491 0.72909007497247136 0.73097086010408518
44 0.0015294312879693831 0.0015317916283599359 0.72344834754192422 0.72497777882989345 0.72548849002818239 0.72702028165654231 0.72359528119337846 0.72464723833366629 0.72563565079665437 0.72668923174084588
51 0.0035125251530901194 0.0035175448088526377 0.75492597378889836 0.75843849894198856 0.75701303709169099 0.76053058190054357 0.75523219766683658 0.75761040249246658 0.75731970031260509 0.75970130594970209
29 0.0014653528357887456 0.0014674697638707098 0.75151954285046174 0.75298489568625049 0.75360169666655419 0.75506916643042499 0.75165854074141436 0.75265596592759354 0.75374089568560276 0.75473976213938465
45 0.00079400882803028563 0.0007951616917758423 0.74977993463842285 0.75057394346645312 0.75185956551745914 0.7526547272092351 0.7498558990040598 0.75040172263558735 0.75193564027573256 0.75248225651008349
9 1 1 0.6727766985066328 1.6727766985066328 0.67385292288141763 1.6738529228814176 0.89729045931577067 1.577941341311055 0.89853303969235299 1.5790995322872714
27 0.39599184293057355 0.39622033930134709 1.2765563592052858 1.6727766985066328 1.2778610799508443 1.6738529228814176 1.3113926475968789 1.577941341311055 1.3126892957051903 1.5790995322872714
28 0.17209127196969071 0.17215894414216187 0.88084330202924532 1.052934573998936 0.88207696792409085 1.0542359120662528 0.89729045931577067 1.0145534424333307 0.89853303969235299 1.0158445925761239
44 0.095482029353606598 0.095564559725140469 0.6727766985066328 0.7682587278602393 0.67385292288141763 0.76941748260655807 0.68194936700971664 0.74762245325892152 0.68303427707714059 0.74876484819861122
5 0.1491153908468989 0.14916624015611785 1.2765563592052858 1.4257225993614036 1.2778610799508443 1.4269764707977428 1.3113926475968789 1.4122175736440323 1.3126892957051903 1.4134777978959512
6 0.070415975556505667 0.07046668429564068 1.5142986411840071 1.5847653254796479 1.5155022158783276 1.5859181914348333 1.5298373729253743 1.577941341311055 1.5310305801799668 1.5790995322872714
33 0.040742965665868547 0.040780315210234563 1.6319963832963982 1.6727766985066328 1.6331099572155492 1.6738529228814176 1.6407531842820318 1.6688297057564414 1.6418590055968603 1.6699096837499221
7 0.068538581590679326 0.06857231701090416 0.88084330202924532 0.9493818836199247 0.88207696792409085 0.95064928493499501 0.89729045931577067 0.94337452093132967 0.89853303969235299 0.94463932444304355
8 0.02951082871431419 0.029520417914370555 0.98785928457337735 1.0173701132876916 0.98914168890398102 1.0186621068183517 0.9944485373703591 1.0145534424333307 0.99573322714727242 1.0158445925761239
34 0.016304911069710899 0.016308895089856307 1.0366296629292253 1.052934573998936 1.0379270169763963 1.0542359120662528 1.0401558478093038 1.0513693624620373 1.041454106520092 1.052670340123832
47 0.038847986199517903 0.038883669010139732 0.6727766985066328 0.7116246847061507 0.67385292288141763 0.71273659189155736 0.68194936700971664 0.70824409289112855 0.68303427707714059 0.70935300961025827
9 0.016124861146496465 0.016138164217727447 0.73302598076140069 0.74915084190789716 0.73415631221974587 0.75029447643747338 0.73664789439195089 0.74762245325892152 0.73778125725354626 0.74876484819861122
35 0.008716712489856563 0.0087235234670849197 0.75954201537038291 0.7682587278602393 0.76069395913947324 0.76941748260655807 0.76143334281689801 0.76742512374021155 0.76258677675798892 0.76858323341783463
15 0.057263795599901142 0.057288349858333712 1.3684342495030699 1.4257225993614036 1.3697126751978419 1.4269764707977428 1.3735635114215761 1.4122175736440323 1.3748399940734075 1.4134777978959512
16 0.026195062433112971 0.026202535219279271 1.3088682043693405 1.3350707395886197 1.3101655153578537 1.3363605777909666 1.3113926475968789 1.329267111562479 1.3126892957051903 1.3305587179584477
38 0.014911904025060169 0.014915076580528978 1.2765563592052858 1.2914714357858146 1.2778610799508443 1.2927729839759043 1.2779956890259272 1.2882604863146896 1.2793001221364249 1.2895627533864604
17 0.028289719366673988 0.028311231296615974 1.5564540941830318 1.5847653254796479 1.5576284720681595 1.5859181914348333 1.5589223846883116 1.577941341311055 1.5600949479374469 1.5790995322872714
18 0.012002147622396644 0.012010450518421558 1.5286936132703217 1.5407040637887432 1.5298875993526146 1.5418897469750112 1.5298373729253743 1.5380171448845159 1.5310305801799668 1.5392047094589214
39 0.0065844867352545626 0.0065888265265168326 1.5142986411840071 1.5208874677105242 1.5155022158783276 1.5220867026135823 1.5149303601729287 1.5194610008376206 1.5161335223709105 1.520661182323497
49 0.016657656323061099 0.016673310358481519 1.6561033881481513 1.6727766985066328 1.6571952665583567 1.6738529228814176 1.6575498598686798 1.6688297057564414 1.6586404012426597 1.6699096837499221
19 0.0068561871131647446 0.0068623562635891982 1.6401035580172429 1.6469659142808322 1.6412099594858049 1.6480661465989697 1.6407531842820318 1.6454228492064709 1.6418590055968603 1.6465244765457985
40 0.0036917965150831851 0.0036950499884500034 1.6319963832963982 1.6356914332848482 1.6331099572155492 1.6368017537306323 1.6323495114537434 1.6348892200975849 1.6334627755710895 1.6360002491019823
20 0.025748267649330008 0.025759888004481028 0.92363361597059468 0.9493818836199247 0.92488939693051397 0.95064928493499501 0.92596749137041767 0.94337452093132967 0.92722437785851786 0.94463932444304355
21 0.012205031422871077 0.012211339927309686 0.89610787996235797 0.90831291138522907 0.89734983662940282 0.90956117655671265 0.89729045931577067 0.90562282714406572 0.89853303969235299 0.90686972634081542
41 0.00707575394247352 0.0070796524463208055 0.88084330202924532 0.88791905597171894 0.88207696792409085 0.88915662037041177 0.88152835773050742 0.88640008963905248 0.88276240525358218 0.88763682520740494
22 0.01174284952822633 0.011746465828596149 1.0056272637594652 1.0173701132876916 1.0069156409897555 1.0186621068183517 1.0066570665133807 1.0145534424333307 1.007945771422615 1.0158445925761239
23 0.0050637095205164065 0.0050654141251822594 0.99396511970846935 0.99902882922898573 0.99524964463558607 1.0003150587607683 0.9944485373703591 0.99789841268001267 0.99573322714727242 0.99918426592718923
42 0.0027997467463291878 0.00280072796310452 0.98785928457337735 0.99065903131970656 0.98914168890398102 0.99194241686708562 0.98812808382695339 0.99005360964370115 0.98941058301282658 0.99133678428088789
50 0.0066306432423251724 0.0066322021084525874 1.0463039307566109 1.052934573998936 1.0476037099578002 1.0542359120662528 1.0468811105536722 1.0513693624620373 1.0481810287886901 1.052670340123832
24 0.0027545140310018699 0.0027552055605121646 1.0398947297910208 1.042649243822023 1.0411929223251442 1.0439481278856562 1.0401558478093038 1.042030599812797 1.041454106520092 1.0433293298265427
43 0.0014896033147181217 0.0014899883802622943 1.0366296629292253 1.0381192662439434 1.0379270169763963 1.0394170053566587 1.0367721275242101 1.037796075166407 1.0380695185821727 1.0390937310937949
25 0.014565585572467031 0.014578626097285231 0.69705909913368358 0.7116246847061507 0.69815796579427225 0.71273659189155736 0.69838755854652645 0.70824409289112855 0.69948763139315284 0.70935300961025827
26 0.0070313060039236125 0.00703786422278882 0.68126607578999498 0.68829738179391853 0.6823503443909078 0.68938820861369665 0.68194936700971664 0.68675156220843048 0.68303427707714059 0.68784095532720013
53 0.0037460072652196474 0.00374957384319273 0.6727766985066328 0.67652270577185247 0.67385292288141763 0.67760249672461037 0.67280640256688951 0.67564055449537086 0.6738826553285433 0.6767195079675391
27 0.0063867170000119046 0.006391926581969588 0.74276412490788513 0.74915084190789716 0.74390254985550375 0.75029447643747338 0.7433257746642129 0.74762245325892152 0.74446466087299146 0.74876484819861122
28 0.0027756234428945609 0.0027779309587967122 0.73638259727891531 0.73915822072180981 0.73751573894866718 0.74029366990746392 0.73664789439195089 0.73853922858248178 0.73778125725354626 0.73967416444547895
44 0.0015404581685893354 0.0015417505398737825 0.73302598076140069 0.73456643892998996 0.73415631221974587 0.73569806275961969 0.73317397545312368 0.73423351858168517 0.73430443126908929 0.73536486349144314
51 0.0035359648478484147 0.0035387102252649053 0.76472276301239106 0.7682587278602393 0.7658787723812932 0.76941748260655807 0.76503103848615006 0.76742512374021155 0.76618728815644221 0.76858323341783463
29 0.0014752386396883245 0.0014763966215281075 0.7612934056725269 0.76276864431221525 0.76244672959189219 0.76392312621342029 0.76143334281689801 0.76243749856162146 0.76258677675798892 0.76359172089380567
45 0.00079939272648802372 0.0008000234007383266 0.75954201537038291 0.7603414080968709 0.76069395913947324 0.7614939825402115 0.75961849527466585 0.76016802038096631 0.76077049943481678 0.76132045813531368
10 1 1 0.72060889294151576 1.7206088929415158 0.72689540992438606 1.7268954099243861 0.95225075502424694 1.6291926844357549 0.95943535664457791 1.6358968815287391
15 0.38538157196752826 0.38657582477833902 1.3340330681631767 1.7206088929415158 1.3415138379568576 1.7268954099243861 1.3685158827902195 1.6291926844357549 1.3759510699574324 1.6358968815287391
16 0.1749268316527316 0.17527484037386803 0.93542606532599293 1.1103528969787246 0.94256374618623529 1.1178385865601035 0.95225075502424694 1.0715519046287143 0.95943535664457791 1.0789870898067728
38 0.099036672075789173 0.099487208974163799 0.72060889294151576 0.8196455650173049 0.72689540992438606 0.82638261889854991 0.73015696320275791 0.79830702820289201 0.73649125208421296 0.80495541944333682
0 0.14669881864534343 0.14697620137166165 1.3340330681631767 1.4810092695348382 1.3415138379568576 1.4882126566022014 1.3685158827902195 1.4677749036958878 1.3759510699574324 1.475012158647548
1 0.068075312429982271 0.068337398909113445 1.5674562942601342 1.6357936931692476 1.574395220302983 1.6424705327329654 1.5825585256921872 1.6291926844357549 1.5894435602642807 1.6358968815287391
30 0.039036119583431061 0.039225586116936967 1.6813833068245789 1.7206088929415158 1.6878592903409548 1.7268954099243861 1.6898169760359165 1.7168179271067234 1.6962535226282931 1.723123427079869
2 0.069962627394312638 0.070138933270970566 0.93542606532599293 1.0053886927203057 0.94256374618623529 1.012702679457206 0.95225075502424694 0.99927218264289519 0.95943535664457791 1.0065727307587478
3 0.029909412761991418 0.029957860510811434 1.0444941007508093 1.0744035135128005 1.0518850675349996 1.0818429280458111 1.0511785926375188 1.0715519046287143 1.0585811713028066 1.0789870898067728
31 0.016468461171022571 0.01648804008517768 1.093884435807702 1.1103528969787246 1.1013505464749258 1.1178385865601035 1.0974478433536108 1.1087729332631984 1.104918422606243 1.1162568632107663
46 0.040388378045842777 0.040584130741333824 0.72060889294151576 0.76099727098735848 0.72689540992438606 0.76747954066571988 0.73015696320275791 0.75748777597679207 0.73649125208421296 0.76395369286161996
4 0.016696760416095795 0.016769088925605743 0.78319191210673611 0.79988867252283191 0.78977470509783287 0.80654379402343856 0.78694421633720357 0.79830702820289201 0.79354351024608638 0.80495541944333682
32 0.009008922918909118 0.0090457922147575247 0.8106366420983957 0.8196455650173049 0.81733682668379237 0.82638261889854991 0.81259192181066209 0.81878429552264409 0.81930017836481017 0.825517860209248
15 0.056107161592881406 0.056238938464398217 1.42477033107044 1.4810092695348382 1.4321054950093197 1.4882126566022014 1.4298161817846562 1.4677749036958878 1.4371408197178457 1.475012158647548
16 0.025836842147816161 0.025878255088344813 1.3660203052172599 1.3918985603056047 1.3734591926982236 1.3992960348460397 1.3685158827902195 1.3861714611573521 1.3759510699574324 1.3935786808982824
38 0.014757520196761034 0.014775587542522756 1.3340330681631767 1.3488086557056995 1.3415138379568576 1.3562713581536188 1.3354597116493454 1.3456292359418318 1.342938832758656 1.3530960115732553
17 0.027298872113142442 0.027409613236515251 1.6083840799327322 1.6357936931692476 1.615171660619823 1.6424705327329654 1.6107762253179845 1.6291926844357549 1.6175544409455791 1.6358968815287391
18 0.011618253461956937 0.011661300436648972 1.5814475341440053 1.5931088345806543 1.5883366111341011 1.599954864596058 1.5825585256921872 1.5905009961775272 1.5894435602642807 1.5973567711804522
39 0.0063834467282850148 0.0064060270612748826 1.5674562942601342 1.5738623213214091 1.574395220302983 1.580778667031268 1.5680706330277983 1.5724757159827374 1.5750074114488086 1.5793969841650304
49 0.015943046816442097 0.016022297135495855 1.70458659580602 1.7206088929415158 1.710952363107944 1.7268954099243861 1.7059774300716029 1.7168179271067234 1.7123364197450186 1.723123427079869
19 0.0065740280912363726 0.0066053713579139464 1.6891915229468384 1.6957968943047523 1.6956310186747627 1.7022050467659993 1.6898169760359165 1.6943119285390145 1.6962535226282931 1.7007271653805343
40 0.0035428585515224964 0.0035594160264590131 1.6813833068245789 1.6849427228510376 1.6878592903409548 1.6914021488924775 1.6817235179115562 1.6841700452915307 1.6881979243351046 1.6906330764021349
20 0.026237251537428497 0.026297566833753755 0.97915144118287711 1.0053886927203057 0.98640511262345221 1.012702679457206 0.98153191615678859 0.99927218264289519 0.98879134710716698 1.0065727307587478
21 0.012471757909946951 0.01250484308022809 0.9510417864782198 0.96351354438816683 0.95822311204926858 0.97072795512949672 0.95225075502424694 0.96076574200442488 0.95943535664457791 0.96797299853072671
41 0.0072409508342068107 0.0072614955800274217 0.93542606532599293 0.94266701616019977 0.94256374618623529 0.94982524176626282 0.9361272984929736 0.94111294046826377 0.94326699216895071 0.94826680141987385
22 0.011892833433474078 0.01191101531706759 1.0625106800793265 1.0744035135128005 1.0699319127287432 1.0818429280458111 1.0635540912476069 1.0715519046287143 1.0709769762511185 1.0789870898067728
23 0.0051346607723104527 0.0051432992270594065 1.0506883099084381 1.0558229706807487 1.0580900522281307 1.0632333514551897 1.0511785926375188 1.0546768988849398 1.0585811713028066 1.0620853746228081
42 0.0028406524172359441 0.0028456421861085056 1.0444941007508093 1.047334753168045 1.0518850675349996 1.0547307097211081 1.0447668554480811 1.0467205409603542 1.0521583048802572 1.0541154255235476
50 0.0066945169351182096 0.0067021455666475757 1.1036583800436062 1.1103528969787246 1.1111364409934561 1.1178385865601035 1.1042412634187224 1.1087729332631984 1.1117200065661246 1.1162568632107663
24 0.0027829385120278346 0.0027863466240013227 1.0971840040229659 1.0999669425349938 1.1046542568107318 1.1074406034347331 1.0974478433536108 1.0993419689252641 1.104918422606243 1.1068148712626504
43 0.0015054524701537558 0.0015073559793194347 1.093884435807702 1.0953898882778557 1.1013505464749258 1.1028579024542453 1.0940284241004314 1.095063274004453 1.1014947178176036 1.102530877150333
25 0.015127958124401899 0.015199340087754962 0.74586931286295655 0.76099727098735848 0.75228020057796496 0.76747954066571988 0.74724981754440656 0.75748777597679207 0.75366731554824085 0.76395369286161996
26 0.0073145856465873793 0.007350609375801842 0.72944595693412029 0.73676054258070756 0.73577672033380614 0.74312732970960793 0.73015696320275791 0.7351528087785355 0.73649125208421296 0.74151172452689074
53 0.0039001910397750139 0.0039198167155956032 0.72060889294151576 0.72450908398129077 0.72689540992438606 0.73081522663998166 0.72063982435504481 0.72359073247646455 0.72692649759175787 0.72989226791359219
27 0.0066105808214903007 0.0066388789575788192 0.79327809170134156 0.79988867252283191 0.79990491506585981 0.80654379402343856 0.79385956762584109 0.79830702820289201 0.800488897913605 0.80495541944333682
28 0.0028748519920340941 0.0028874056540547431 0.78666940642372185 0.78954425841575593 0.79326749669164287 0.79615490234569752 0.78694421633720357 0.7889031942826471 0.79354351024608638 0.79551104613085899
44 0.0015960523001179944 0.0016030884645850726 0.78319191210673611 0.78478796440685405 0.78977470509783287 0.791377793562418 0.78334525663104027 0.78444304634749307 0.78992872676057202 0.7910313571276727
51 0.0036537216634603218 0.0036685754304891646 0.81599184335384456 0.8196455650173049 0.82271404346806065 0.82638261889854991 0.81631042752442529 0.81878429552264409 0.82303392819120613 0.825517860209248
29 0.0015249277159608003 0.0015311983941182243 0.81244726334296979 0.81397219105893059 0.81915492403250656 0.82068612242662464 0.81259192181066209 0.81362990775968058 0.81930017836481017 0.82034243367148285
45 0.0008264600887700821 0.00082987668889160523 0.8106366420983957 0.81146310218716589 0.81733682668379237 0.81816670337268393 0.81071571395847908 0.8112838481997503 0.81741622572794037 0.81798670893445502
11 1 1 0.64202743065563661 1.6420274306556366 0.64459918760317447 1.6445991876031745 0.86166452546553995 1.5447409597380641 0.86465352276753515 1.5475261512892189
17 0.40240785830684306 0.40299300147934408 1.2390344291762925 1.6420274306556366 1.2421913292963314 1.6445991876031745 1.2741033242326383 1.5447409597380641 1.2772406372223457 1.5475261512892189
18 0.17007540834431456 0.17025031894411269 0.84548089068570076 1.0155562990300151 0.84844717519083712 1.0186974941349498 0.86166452546553995 0.97748223323834327 0.86465352276753515 0.98059651562546124
39 0.093071690899658777 0.093277236596743945 0.64202743065563661 0.73509912155529544 0.64459918760317447 0.73787642419991839 0.6509470598435535 0.71494179328656671 0.65354034770707448 0.71767816624827907
5 0.15052388378981524 0.15065033682437029 1.2390344291762925 1.3896847660006628 1.2421913292963314 1.3927152130861467 1.2741033242326383 1.3759927895021606 1.2772406372223457 1.3790392848155408
6 0.071844672190506054 0.071975468219790742 1.4797482525081032 1.5517237207278938 1.4826504498594018 1.5544951220499077 1.4955948300897945 1.5447409597380641 1.4984703885286215 1.5475261512892189
33 0.041801445108485047 0.041898993218431102 1.6001284374372053 1.6420274306556366 1.6027977424946895 1.6445991876031745 1.6091172117338359 1.6379678885714788 1.6117663065242656 1.6405494692048881
7 0.067538973992946338 0.067625306719542616 0.84548089068570076 0.91301986467864715 0.84844717519083712 0.91607248191037982 0.86166452546553995 0.90708973528990877 0.86465352276753515 0.91013566266938239
8 0.029223546777744414 0.029248596052490767 0.95105002996548016 0.98027357674322446 0.9541414759943605 0.98339007204685136 0.95757093702264851 0.97748223323834327 0.96066833312764266 0.98059651562546124
34 0.016184505259529219 0.016195082560787669 0.99937179377048602 1.0155562990300151 1.0025024115741621 1.0186974941349498 1.002870681236655 1.0140020017991269 1.0060036938041415 1.0171422364731333
47 0.037807553760782618 0.037896150308105253 0.64202743065563661 0.67983498441641932 0.64459918760317447 0.6824953379112797 0.6509470598435535 0.67654168089911415 0.65354034770707448 0.6791945944890152
9 0.015735818469163308 0.015769033906221353 0.70069809545392769 0.71643391392309108 0.70340435070669971 0.71917338461292113 0.70423139133578427 0.71494179328656671 0.7069452099498581 0.71767816624827907
35 0.0085172384236722187 0.0085342908575046054 0.72658188313162309 0.73509912155529544 0.72934213334241382 0.73787642419991839 0.72842957730092683 0.73428441451240078 0.73119355686462328 0.73706010133694222
15 0.057947466568674277 0.058009214803882284 1.3316755511967806 1.3896847660006628 1.3347677465174725 1.3927152130861467 1.3368616646322133 1.3759927895021606 1.3399490049690606 1.3790392848155408
16 0.02640099389223189 0.026419371502602297 1.271559698151451 1.2979790696540534 1.2746986329261722 1.3010996268184041 1.2741033242326383 1.2921240299495005 1.2772406372223457 1.2952489525429913
38 0.014998545450164451 0.015006195112890728 1.2390344291762925 1.2540406242891833 1.2421913292963314 1.257189874746496 1.24048199960307 1.2508089878328039 1.2436382095104048 1.2539599781667106
17 0.028896563713017138 0.028952198440268063 1.5227715222876257 1.5517237207278938 1.5255985583368905 1.5544951220499077 1.5252938333465396 1.5447409597380641 1.528116184218701 1.5475261512892189
18 0.012235849751524927 0.012257221212874187 1.4944279320581899 1.5066851532710641 1.4973054936782901 1.5095413434298151 1.4955948300897945 1.5039422988547404 1.4984703885286215 1.5068033347215295
39 0.0067065028993166806 0.0067176467999260784 1.4797482525081032 1.4864658993080293 1.4826504498594018 1.4893569527587185 1.4803922130801024 1.4850113290982234 1.4832933516567552 1.4879048141117774
49 0.017101568254323962 0.017142507775347648 1.6248849228802891 1.6420274306556366 1.6274976193488504 1.6445991876031745 1.6263714511464655 1.6379678885714788 1.6289806539215261 1.6405494692048881
19 0.0070309347917969136 0.0070470304437726628 1.6084502218087193 1.615497252252492 1.6111008297095484 1.6181317645013453 1.6091172117338359 1.6139124203164736 1.6117663065242656 1.6165505733610328
40 0.0037839061585901879 0.0037923851391284836 1.6001284374372053 1.6039208225763339 1.6027977424946895 1.6065816486532796 1.6004908330715224 1.6030974093374926 1.6031593309018615 1.6057600823215843
20 0.025403172160488756 0.025433035295129879 0.88761669251815833 0.91301986467864715 0.89063944661525007 0.91607248191037982 0.88991777644380776 0.90708973528990877 0.89294336517274409 0.91013566266938239
21 0.012018322833692585 0.012034431828706126 0.86050039634229047 0.87251871917598312 0.86348780247998169 0.87552223430868792 0.86166452546553995 0.86986908083616887 0.86465352276753515 0.87286910498341264
41 0.0069605564985717565 0.006970481740674106 0.84548089068570076 0.8524414471842725 0.84844717519083712 0.85541765693151128 0.84615467270077216 0.85094697802198227 0.84912192829637034 0.85392107668088946
22 0.011634340089326664 0.011643814127181247 0.96863923665389784 0.98027357674322446 0.97174625791967006 0.98339007204685136 0.9696592164515655 0.97748223323834327 0.97276709467387379 0.98059651562546124
23 0.0050126913715443974 0.0050171361096366992 0.95709245147670408 0.96210514284824855 0.96018941802511981 0.96520655413475642 0.95757093702264851 0.96098599189944167 0.96066833312764266 0.96408642145267442
42 0.002770412058750036 0.0027729652642404408 0.95105002996548016 0.95382044202423011 0.9541414759943605 0.95691444125860103 0.95131599393833166 0.95322132681109506 0.95440768670165554 0.95631477707120038
50 0.0065834692889528996 0.0065876179654743208 1.0089728297410625 1.0155562990300151 1.0121098761694756 1.0186974941349498 1.0095458055952462 1.0140020017991269 1.0126832214792507 1.0171422364731333
24 0.0027336330291948593 0.0027354659863008174 1.0026115608328625 1.0053451938620572 1.005744398093384 1.0084798640796848 1.002870681236655 1.0047312026962576 1.0060036938041415 1.0078654643893861
43 0.0014779871328551583 0.0014790059937499359 0.99937179377048602 1.0008497809033412 1.0025024115741621 1.0039814175679123 0.99951314204757247 1.0005290996072784 1.0026438577507737 1.0036605161116978
25 0.014185075462118009 0.014217498117973968 0.66564990895430132 0.67983498441641932 0.66827783979330579 0.6824953379112797 0.6669431867847222 0.67654168089911415 0.66957411435254421 0.6791945944890152
26 0.0068401637524288066 0.0068564340983211496 0.65028246100740605 0.65712262475983485 0.6528741580036741 0.65973059210199525 0.6509470598435535 0.65561859774606135 0.65354034770707448 0.65822300713017245
53 0.0036421187818773695 0.0036509573493166371 0.64202743065563661 0.64566954943751398 0.64459918760317447 0.64825014495249111 0.64205630794209245 0.64481179459654714 0.64462813522278151 0.64739031437301209
27 0.0062343181010612835 0.0062473330496042815 0.71019959582202974 0.71643391392309108 0.71292605156331679 0.71917338461292113 0.71074775450811634 0.71494179328656671 0.71347536220815777 0.71767816624827907
28 0.002708154962139055 0.002713914199769487 0.70397256105255634 0.70668071601469551 0.70668582768379684 0.70939974188356625 0.70423139133578427 0.7060767337092887 0.7069452099498581 0.708794478234133
44 0.001502680398846489 0.0015059044783642265 0.70069809545392769 0.70220077585277418 0.70340435070669971 0.70491025518506389 0.70084245515998533 0.70187600901679859 0.70354902062262592 0.70458479247844519
51 0.0034555470050182738 0.0034624227065397301 0.73164357455027718 0.73509912155529544 0.73441400149337865 0.73787642419991839 0.73194481183213034 0.73428441451240078 0.73471584048290428 0.73706010133694222
29 0.00144132874287097 0.0014442272894673544 0.72829286185170949 0.72973419059458056 0.73105656604215796 0.73250079333162521 0.72842957730092683 0.72941064624520224 0.73119355686462328 0.73217659920926326
45 0.00078092679329806551 0.00078250503472752355 0.72658188313162309 0.72736280992492131 0.72934213334241382 0.73012463837714137 0.72665659484681266 0.72719342449823232 0.72941699617761269 0.72995491087778341
12 1 1 0.77476965464009084 1.7747696546400908 0.77781619748563569 1.7778161974856357 1.0138757346872751 1.6867405943608191 1.017324469084361 1.6899643437515346
20 0.37626901285833503 0.37678767233642346 1.3979819823036674 1.7747696546400908 1.4015471846273004 1.7778161974856357 1.4320794511503754 1.6867405943608191 1.4356234889561146 1.6899643437515346
21 0.17775708064337772 0.17790559305824943 0.99666546822135538 1.1744225488647331 1.0000937105695635 1.1779993036278129 1.0138757346872751 1.1352177414328308 1.017324469084361 1.1387737562027205
41 0.10279962371640267 0.10300357670121357 0.77476965464009084 0.87756927835649345 0.77781619748563569 0.88081977418684931 0.78471805347415746 0.85549261425537948 0.78778638090472908 0.85870325906740719
0 0.14453788508038934 0.14466297372797643 1.3979819823036674 1.5426449560316438 1.4015471846273004 1.54608506970769 1.4320794511503754 1.5296903977569167 1.4356234889561146 1.533145477407386
1 0.06608694390334531 0.066199573016177335 1.626919429280431 1.6931190022966085 1.6302441150196503 1.6963310589229956 1.6415810322916224 1.6867405943608191 1.6448824386808263 1.6899643437515346
30 0.037611926191805034 0.037691981016198736 1.737077673623892 1.7747696546400908 1.7402042712938306 1.7778161974856357 1.7451917621073294 1.7711321495282382 1.7483016546541781 1.774186690951763
2 0.071406854616234361 0.071483313505904755 0.99666546822135538 1.0680723228375899 1.0000937105695635 1.0715770240754683 1.0138757346872751 1.0618462330858192 1.017324469084361 1.0653451657286226
3 0.030300231288835352 0.030320531048047269 1.1078031184654269 1.1381033497542621 1.1113405917514414 1.1416611227994888 1.114581523371079 1.1352177414328308 1.1181238904993898 1.1387737562027205
31 0.016624361617218697 0.016632326162692897 1.1577981872475145 1.1744225488647331 1.1613669774651201 1.1779993036278129 1.1613972631864857 1.1728286176087419 1.1649678813295352 1.1764046617053388
46 0.042026902311832703 0.042115942927589023 0.77476965464009084 0.81679655695192355 0.77781619748563569 0.81993214041322471 0.78471805347415746 0.81315037907098309 0.78778638090472908 0.8162785476865001
4 0.017299764951485747 0.017332376748083585 0.83983056925636501 0.85713033420785067 0.84301163270876911 0.86034400945685263 0.84372051345897237 0.85549261425537948 0.84690902542289337 0.85870325906740719
32 0.0093157048749161649 0.0093322574818112992 0.86825357348157728 0.87756927835649345 0.87148751670503799 0.88081977418684931 0.87027603819022037 0.87667898597036609 0.87351360770535469 0.87992791650171176
15 0.055088683172451025 0.055147260556229462 1.4874976954754144 1.5426449560316438 1.4909963865352389 1.54608506970769 1.4924560131947546 1.5296903977569167 1.495949986491669 1.533145477407386
16 0.025511788365347617 0.025530717720881953 1.4296150155440934 1.4551457332649753 1.4331607551119325 1.45867254347728 1.4320794511503754 1.4495002369594479 1.4356234889561146 1.4530314806858811
38 0.014613900247848904 0.014622347849251868 1.3979819823036674 1.4126043301529192 1.4015471846273004 1.4161610848751494 1.3993946077529293 1.4094593899289833 1.4029590351691399 1.4130180412204674
17 0.026460375652111203 0.026507793478667156 1.6666112088179412 1.6931190022966085 1.6698706832708843 1.6963310589229956 1.6689270107924985 1.6867405943608191 1.6721824661273106 1.6899643437515346
18 0.011291167838834161 0.011309718789944016 1.6405030720479932 1.651812790837937 1.6438062222707235 1.6550973901095576 1.6415810322916224 1.6492845125545046 1.6448824386808263 1.6525733078071543
39 0.0062115705180417306 0.0062213328673108807 1.626919429280431 1.6331407621477418 1.6302441150196503 1.6364556855376919 1.6275161971186185 1.631794410748691 1.6308399538241629 1.6351114612641506
49 0.015347924527444816 0.015381349075378282 1.7593883055647126 1.7747696546400908 1.7624682729581909 1.7778161974856357 1.7607242957671558 1.7711321495282382 1.7638014013009238 1.774186690951763
19 0.006338245542457337 0.0063515074304744661 1.7445902007278487 1.750941708158323 1.7477013417110181 1.7540395872534753 1.7451917621073294 1.7495141113804458 1.7483016546541781 1.7526149867660632
40 0.0034182002758599579 0.0034252166695695591 1.737077673623892 1.7405028902934616 1.7402042712938306 1.7436224715696906 1.7374051007437843 1.7397594290222111 1.7405310299289021 1.7428805376350118
20 0.026729812820797325 0.02675579113438574 1.0413425100167926 1.0680723228375899 1.0448212329410826 1.0715770240754683 1.0437700978879845 1.0618462330858192 1.047251310685998 1.0653451657286226
21 0.012743202921625205 0.01275760101217076 1.012639869746321 1.0253830726679463 1.0160871763094947 1.0288447773216653 1.0138757346872751 1.0225766095139464 1.017324469084361 1.0260352049618482
41 0.0074098721770944898 0.0074188557497975871 0.99666546822135538 1.0040753403984499 1.0000937105695635 1.0075125663193614 0.99738325712579701 1.0024853897367199 1.0008123803382123 1.0059207085162263
22 0.012039172589408731 0.012046752070380098 1.1260641771648534 1.1381033497542621 1.1296143707291086 1.1416611227994888 1.1271209056776921 1.1352177414328308 1.130671790189917 1.1387737562027205
23 0.0052044430995957635 0.005208074090716143 1.1140844810890385 1.1192889241886341 1.1176264962702989 1.122834570361015 1.114581523371079 1.118127470246385 1.1181238904993898 1.1216723164910207
42 0.002881024351044596 0.0028831292147252761 1.1078031184654269 1.1106841428164713 1.1113405917514414 1.1142237209661667 1.1080797792839807 1.1100612592346075 1.1116174562908234 1.1136003854193124
50 0.0067551387413488217 0.0067582276532299314 1.1676674101233844 1.1744225488647331 1.171241075974583 1.1779993036278129 1.1682557215600593 1.1728286176087419 1.1718296644486903 1.1764046617053388
24 0.002810113024223064 0.0028115037344030578 1.1611308195733052 1.1639409325975283 1.164701304356307 1.1675128080907102 1.1613972631864857 1.1633099130808311 1.1649678813295352 1.1668814793260107
43 0.0015206519398092934 0.0015214312479850868 1.1577981872475145 1.1593188391873239 1.1613669774651201 1.1628884087131053 1.1579436375415166 1.1589889435377292 1.1615125027421824 1.1625583448661807
25 0.015724865582822888 0.015757264508124959 0.80107169136910061 0.81679655695192355 0.80417487590509973 0.81993214041322471 0.80250750144186389 0.81315037907098309 0.80561368973629044 0.8162785476865001
26 0.0076162891635111751 0.0076326954684937942 0.78397751349219957 0.79159380265571067 0.78704423443406968 0.79467692990256356 0.78471805347415746 0.78992015925447434 0.78778638090472908 0.79299970333868519
53 0.0040646888657134284 0.0040736425620915284 0.77476965464009084 0.77883434350580427 0.77781619748563569 0.78188984004772721 0.77480189592579407 0.77787737965812287 0.77784851008063483 0.78093077479246664
27 0.0068464057158055406 0.0068591533124510388 0.85028392849204515 0.85713033420785067 0.85348485614440162 0.86034400945685263 0.85088630119081154 0.85549261425537948 0.85408835875821387 0.85870325906740719
28 0.0029795409047618112 0.0029852045755447863 0.84343566495680089 0.84641520586156282 0.84662363376474015 0.84960883834028489 0.84372051345897237 0.84575085978642339 0.84690902542289337 0.84894323284847362
44 0.0016547484981668528 0.0016579252255591998 0.83983056925636501 0.84148531775453184 0.84301163270876911 0.8446695579343283 0.83998956284536663 0.84112773393269402 0.84317093205495197 0.84431128866352623
51 0.0037772889069829312 0.0037839542378643896 0.87379198944951053 0.87756927835649345 0.87703581994898494 0.88081977418684931 0.87412139432595337 0.87667898597036609 0.87736580860283864 0.87992791650171176
29 0.0015771131618801625 0.0015799294048148148 0.87012642056908618 0.87170353373096643 0.87336372243965843 0.87494365184447331 0.87027603819022037 0.8713495546140807 0.87351360770535469 0.87458904158802186
45 0.00085489863688760742 0.00085643368662330496 0.86825357348157728 0.86910847211846498 0.87148751670503799 0.87234395039166124 0.86833536878876039 0.86892305505180323 0.87156945902336458 0.87215820066646677
13 1 1 0.66260148623593951 1.6626014862359395 0.66366044497904331 1.6636604449790435 0.88552820177387925 1.5669787696137156 0.88675353742306706 1.5681207316880084
22 0.39817844887936937 0.39840856197814745 1.2641929242577921 1.6626014862359395 1.2654819960996742 1.6636604449790435 1.2991057781125976 1.5669787696137156 1.3003868616803043 1.5681207316880084
23 0.17144205597055961 0.17151042399893979 0.86916633787445208 1.0406083938450117 0.87038271071868512 1.041893134717625 0.88552820177387925 1.0023254027102817 0.88675353742306706 1.0035997744598504
42 0.094695707052586869 0.094778053962945141 0.66260148623593951 0.7572971932885264 0.66366044497904331 0.75843849894198856 0.67169147210790181 0.73681692041749303 0.67275908362931658 0.73794187782557463
5 0.14959991739388356 0.14965063750383378 1.2641929242577921 1.4138435617616256 1.2654819960996742 1.4150819134935575 1.2991057781125976 1.4002778467764065 1.3003868616803043 1.4015225678231678
6 0.070901756246174355 0.070952946314600834 1.502900907976171 1.5738538542907716 1.5040886774559485 1.5749904337021228 1.5185389870590851 1.5669787696137156 1.5197163039037742 1.5681207316880084
33 0.041101426623030346 0.041139286078685333 1.6214622001572541 1.6626014862359395 1.622559018356013 1.6636604449790435 1.6302934870964323 1.6586184035469307 1.6313824516679916 1.6596811697262779
7 0.068215537860484204 0.068249506422660089 0.86916633787445208 0.93738187573493625 0.87038271071868512 0.93863221714134526 0.88552820177387925 0.9313994181771108 0.88675353742306706 0.93264713830262236
8 0.029418650773749496 0.02942837345391355 0.97571530879622093 1.0051339595699704 0.97698081428124695 1.0064091877351604 0.98228260620916985 1.0023254027102817 0.98355042631354395 1.0035997744598504
34 0.016266496305836597 0.01627055815083666 1.0243418975391752 1.0406083938450117 1.0256225765667883 1.041893134717625 1.0278593643379688 1.0390466598872363 1.0291409647738408 1.0403310328438193
47 0.038508205688425362 0.038543772484378361 0.66260148623593951 0.7011096919243649 0.66366044497904331 0.70220421746342176 0.67169147210790181 0.69775758664785437 0.67275908362931658 0.69884912943831434
9 0.015998054623795221 0.016011339347342821 0.72233543661660282 0.73833349124039793 0.72344834754192422 0.73945968688926689 0.72592845844136156 0.73681692041749303 0.72704439584859526 0.73794187782557463
35 0.0086517564749813321 0.0086585643035656367 0.74864543681354512 0.7572971932885264 0.74977993463842285 0.75843849894198856 0.75052255364019682 0.75646974171407155 0.75165854074141436 0.75761040249246658
15 0.057498146761621446 0.057522728325713667 1.356320833435912 1.4138435617616256 1.3575837667319361 1.4150819134935575 1.3614686208768452 1.4002778467764065 1.3627296130545596 1.4015225678231678
16 0.026266153761555784 0.026273580664743536 1.2965750385270862 1.3228486191918296 1.2978567798028975 1.3241229335644533 1.2991057781125976 1.3170281688867855 1.3003868616803043 1.3183042428162988
38 0.014942000664171718 0.014945133762019915 1.2641929242577921 1.279138058019812 1.2654819960996742 1.2804239967638456 1.2656349768721862 1.2759202932901805 1.2669237650931928 1.2772069428282085
17 0.02849588064046335 0.02851761580576051 1.5453362384850116 1.5738538542907716 1.5464945530616594 1.5749904337021228 1.5478219332075418 1.5669787696137156 1.5489784153320336 1.5681207316880084
18 0.012081663452086692 0.012090039401322913 1.5173877628306709 1.5294778022319939 1.5185658651615532 1.5306475286136401 1.5185389870590851 1.5267728468775188 1.5197163039037742 1.5279444715955022
39 0.0066260337930843932 0.0066304083296682076 1.502900907976171 1.5095313163058393 1.5040886774559485 1.5107147112490329 1.5035365790017932 1.5080957791277811 1.5047239327409923 1.5092801283470147
49 0.016807925122427458 0.01682379989109567 1.6457776863448439 1.6626014862359395 1.646852519856616 1.6636604449790435 1.6472370095997775 1.6586184035469307 1.6483104876074 1.6596811697262779
19 0.006915386278753672 0.0069216375190485997 1.6296382863203061 1.6365599238393549 1.6307278386960185 1.6376432249747723 1.6302934870964323 1.6350034528362991 1.6313824516679916 1.636088167697606
40 0.0037230116867605022 0.0037263072355551369 1.6214622001572541 1.6251885073928092 1.622559018356013 1.6262820300427734 1.6218183045825612 1.6243794866293049 1.6229148089931402 1.6254737270409738
20 0.025636906143753364 0.025648623386012034 0.9117449695911829 0.93738187573493625 0.91298359375533311 0.93863221714134526 0.91406825486345222 0.9313994181771108 0.9153079929192095 0.93264713830262236
21 0.012144646910403664 0.012150994361136806 0.88435159147314191 0.89649623838354553 0.88557629976099339 0.89772729412213015 0.88552820177387925 0.89381923118120621 0.88675353742306706 0.89504891212547932
41 0.0070384585091122082 0.0070423771415683845 0.86916633787445208 0.87620479638356419 0.87038271071868512 0.87742508786025353 0.86984774304021251 0.87469375981114672 0.87106449941666564 0.87591321805077049
22 0.011708068209216653 0.01171173845430294 0.99342589136075388 1.0051339595699704 0.99469744928085757 1.0064091877351604 0.99445254356127488 1.0023254027102817 0.99572443385074727 1.0035997744598504
23 0.0050473293003203117 0.0050490565673780357 0.98180077245504149 0.98684810175536186 0.98306842555582419 0.98811748212320216 0.98228260620916985 0.98572130147236514 0.98355042631354395 0.98699030047722636
42 0.0027903215224809328 0.0027913150855272619 0.97571530879622093 0.97850563031870197 0.97698081428124695 0.97977212936677427 0.97598319696341851 0.97790223468896131 0.97724879848582835 0.97916852015079792
50 0.0066156054200970874 0.0066171960506912278 1.0339927884249147 1.0406083938450117 1.0352759386669337 1.041893134717625 1.034568627400152 1.0390466598872363 1.0358519194353293 1.0403310328438193
24 0.002747848234865615 0.0027485528778333607 1.0275988841412533 1.0303467323761191 1.0288804171586761 1.0316289700365096 1.0278593643379688 1.0297295734254865 1.0291409647738408 1.0310116540881562
43 0.0014858928238318883 0.001486284956406602 1.0243418975391752 1.0258277903630071 1.0256225765667883 1.0271088615231947 1.0244840055181936 1.0255054008982905 1.0257647222320558 1.0267863873390219
25 0.014441378908848253 0.01445438301795598 0.68666831301551667 0.7011096919243649 0.68774983444546578 0.70220421746342176 0.68798528547704252 0.69775758664785437 0.68906800942729807 0.69884912943831434
26 0.0069688662609678001 0.0069754014078820259 0.67101428779409256 0.67798315405506027 0.67208126018017667 0.67905666158805866 0.67169147210790181 0.67645098527032144 0.67275908362931658 0.67752306400118056
53 0.0037120574150450586 0.0037156101266474922 0.66260148623593951 0.66631354365098461 0.66366044497904331 0.66737605510569087 0.66263092009491353 0.66543936448737839 0.66368990711260978 0.66650104167386581
27 0.0063370532902728306 0.0063422566974988279 0.73199643795012515 0.73833349124039793 0.733117430191768 0.73945968688926689 0.73255369071656062 0.73681692041749303 0.73367514361947084 0.73794187782557463
28 0.0027536294889937453 0.0027559335240380936 0.72566526954814203 0.72841889903713564 0.72678098610807951 0.72953691963211753 0.72592845844136156 0.72780479971775347 0.72704439584859526 0.7289223077426491
44 0.001528141067266386 0.0015294312879693831 0.72233543661660282 0.72386357768386911 0.72344834754192422 0.72497777882989345 0.72248224612075218 0.72353331564995538 0.72359528119337846 0.72464723833366629
51 0.0035097807524463215 0.0035125251530901194 0.75378741253608017 0.7572971932885264 0.75492597378889836 0.75843849894198856 0.7540933962140135 0.75646974171407155 0.75523219766683658 0.75761040249246658
29 0.0014641954771796458 0.0014653528357887456 0.75038366570876436 0.75184786118594393 0.75151954285046174 0.75298489568625049 0.75052255364019682 0.75151919086266539 0.75165854074141436 0.75265596592759354
45 0.00079337854682809503 0.00079400882803028563 0.74864543681354512 0.74943881536037316 0.74977993463842285 0.75057394346645312 0.74872134082664465 0.74926673113505249 0.7498558990040598 0.75040172263558735
14 1 1 0.67220271217341421 1.6722027121734142 0.6727766985066328 1.6727766985066328 0.89662763299323966 1.5773235382276756 0.89729045931577067 1.577941341311055
27 0.39622033930134709 0.39634243229324395 1.2758602798801704 1.6722027121734142 1.2765563592052858 1.6727766985066328 1.310700875729587 1.5773235382276756 1.3113926475968789 1.577941341311055
28 0.17205510318087086 0.17209127196969071 0.88018523838218932 1.0522403415630603 0.88084330202924532 1.052934573998936 0.89662763299323966 1.0138646584087601 0.89729045931577067 1.0145534424333307
44 0.09543796355099543 0.095482029353606598 0.67220271217341421 0.76764067572440964 0.6727766985066328 0.7682587278602393 0.68137074367329475 0.74701313725498575 0.68194936700971664 0.74762245325892152
5 0.14916624015611785 0.14919338983275346 1.2758602798801704 1.4250536697129237 1.2765563592052858 1.4257225993614036 1.310700875729587 1.4115452506849995 1.3113926475968789 1.4122175736440323
6 0.07046668429564068 0.070493784824154609 1.5136565837501035 1.5841503685742579 1.5142986411840071 1.5847653254796479 1.5292008556559384 1.5773235382276756 1.5298373729253743 1.577941341311055
33 0.040780315210234563 0.040800282675685362 1.631402429497729 1.6722027121734142 1.6319963832963982 1.6727766985066328 1.6401633749054361 1.6682537125902597 1.6407531842820318 1.6688297057564414
7 0.068520555860653448 0.068538581590679326 0.88018523838218932 0.94870579424284296 0.88084330202924532 0.9493818836199247 0.89662763299323966 0.9426998198658586 0.89729045931577067 0.94337452093132967
8 0.029505702077692333 0.02951082871431419 0.98717517623327888 1.0166808783109713 0.98785928457337735 1.0173701132876916 0.99376320728373768 1.0138646584087601 0.9944485373703591 1.0145534424333307
34 0.016302780153958713 0.016304911069710899 1.0359375614091015 1.0522403415630603 1.0366296629292253 1.052934573998936 1.0394632624551963 1.0506753228147776 1.0401558478093038 1.0513693624620373
47 0.038828935501803802 0.038847986199517903 0.67220271217341421 0.71103164767521809 0.6727766985066328 0.7116246847061507 0.68137074367329475 0.70765265252689313 0.68194936700971664 0.70824409289112855
9 0.016117757695551307 0.016124861146496465 0.73242310628814078 0.74854086398369213 0.73302598076140069 0.74915084190789716 0.73604340126990575 0.74701313725498575 0.73664789439195089 0.74762245325892152
35 0.0087130753583968545 0.008716712489856563 0.75892760036601281 0.76764067572440964 0.75954201537038291 0.7682587278602393 0.76081813205434468 0.76680741608215852 0.76143334281689801 0.76742512374021155
15 0.057288349858333712 0.057301463788173843 1.3677522059247498 1.4250536697129237 1.3684342495030699 1.4257225993614036 1.3728825054092462 1.4115452506849995 1.3735635114215761 1.4122175736440323
16 0.026202535219279271 0.02620652397623351 1.3081760787227181 1.3343826026989518 1.3088682043693405 1.3350707395886197 1.310700875729587 1.3285780307676986 1.3113926475968789 1.329267111562479
38 0.014915076580528978 0.014916769147731025 1.2758602798801704 1.2907770490279011 1.2765563592052858 1.2914714357858146 1.2772997631363063 1.2875657159950378 1.2779956890259272 1.2882604863146896
17 0.028311231296615974 0.028322728831651656 1.5558276397426063 1.5841503685742579 1.5564540941830318 1.5847653254796479 1.5582969000780371 1.5773235382276756 1.5589223846883116 1.577941341311055
18 0.012010450518421558 0.01201488763377366 1.5280566797990975 1.5400715674328711 1.5286936132703217 1.5407040637887432 1.5292008556559384 1.5373836430873082 1.5298373729253743 1.5380171448845159
39 0.0065888265265168326 0.0065911455903733557 1.5136565837501035 1.5202477293404768 1.5142986411840071 1.5208874677105242 1.5142885231631376 1.5188207566351637 1.5149303601729287 1.5194610008376206
49 0.016673310358481519 0.016681679468676491 1.6555210327047378 1.6722027121734142 1.6561033881481513 1.6727766985066328 1.6569682192281432 1.6682537125902597 1.6575498598686798 1.6688297057564414
19 0.0068623562635891982 0.0068656542674360504 1.6395134384956407 1.6463790927630768 1.6401035580172429 1.6469659142808322 1.6401633749054361 1.6448352819098304 1.6407531842820318 1.6454228492064709
40 0.0036950499884500034 0.003696789231380062 1.631402429497729 1.6350992187291089 1.6319963832963982 1.6356914332848482 1.6317557232681827 1.6342966267586616 1.6323495114537434 1.6348892200975849
20 0.025742057875770667 0.025748267649330008 0.92296373636707219 0.94870579424284296 0.92363361597059468 0.9493818836199247 0.92529702102289224 0.9426998198658586 0.92596749137041767 0.94337452093132967
21 0.012201660820583587 0.012205031422871077 0.89544538687619502 0.90764704769677862 0.89610787996235797 0.90831291138522907 0.89662763299323966 0.9049576933056166 0.89729045931577067 0.90562282714406572
41 0.0070736711601252777 0.00707575394247352 0.88018523838218932 0.88725890954231468 0.88084330202924532 0.88791905597171894 0.88087009020076279 0.8857403860191303 0.88152835773050742 0.88640008963905248
22 0.011740916005691812 0.01174284952822633 1.0049399623052793 1.0166808783109713 1.0056272637594652 1.0173701132876916 1.0059695898679624 1.0138646584087601 1.0066570665133807 1.0145534424333307
23 0.0050627982398592179 0.0050637095205164065 0.99327987774883642 0.99834267598869564 0.99396511970846935 0.99902882922898573 0.99376320728373768 0.99721246060448721 0.9944485373703591 0.99789841268001267
42 0.0027992222182579513 0.0027997467463291878 0.98717517623327888 0.9899743984515369 0.98785928457337735 0.99065903131970656 0.98744392478065557 0.989369089522532 0.98812808382695339 0.99005360964370115
50 0.0066298094022684689 0.0066306432423251724 1.0456105321607918 1.0522403415630603 1.0463039307566109 1.052934573998936 1.046187637591574 1.0506753228147776 1.0468811105536722 1.0513693624620373
24 0.0027541441724350255 0.0027545140310018699 1.0392021798303697 1.0419563240028045 1.0398947297910208 1.042649243822023 1.0394632624551963 1.0413377623869609 1.0401558478093038 1.042030599812797
43 0.0014893973757729388 0.0014896033147181217 1.0359375614091015 1.0374269587848746 1.0366296629292253 1.0381192662439434 1.0360800062103108 1.037103812196442 1.0367721275242101 1.037796075166407
25 0.014558623107857851 0.014565585572467031 0.69647302456736027 0.71103164767521809 0.69705909913368358 0.7116246847061507 0.69780083999842857 0.70765265252689313 0.69838755854652645 0.70824409289112855
26 0.0070278047115571868 0.0070313060039236125 0.68068779491556808 0.68771559962712514 0.68126607578999498 0.68829738179391853 0.68137074367329475 0.68617054547010425 0.68194936700971664 0.68675156220843048
53 0.0037441032026866439 0.0037460072652196474 0.67220271217341421 0.6759468153761008 0.6727766985066328 0.67652270577185247 0.67223240107906634 0.67506511120105506 0.67280640256688951 0.67564055449537086
27 0.0063839351921082844 0.0063867170000119046 0.74215692879158379 0.74854086398369213 0.74276412490788513 0.74915084190789716 0.74271833224638051 0.74701313725498575 0.7433257746642129 0.74762245325892152
28 0.0027743913097398347 0.0027756234428945609 0.735778222265145 0.738552613574885 0.73638259727891531 0.73915822072180981 0.73604340126990575 0.73793389553292177 0.73664789439195089 0.73853922858248178
44 0.0015397680959779217 0.0015404581685893354 0.73242310628814078 0.73396287438411867 0.73302598076140069 0.73456643892998996 0.73257103457820283 0.73363010296772901 0.73317397545312368 0.73423351858168517
51 0.0035344987756650396 0.0035359648478484147 0.76410617694874461 0.76764067572440964 0.76472276301239106 0.7682587278602393 0.76441432409868759 0.76680741608215852 0.76503103848615006 0.76742512374021155
29 0.0014746202693316835 0.0014752386396883245 0.76067825366221165 0.7621528739315433 0.7612934056725269 0.76276864431221525 0.76081813205434468 0.76182186679287278 0.76143334281689801 0.76243749856162146
45 0.00079905594435902437 0.00079939272648802372 0.75892760036601281 0.75972665631037173 0.75954201537038291 0.7603414080968709 0.7590040480213085 0.75955334158691512 0.75961849527466585 0.76016802038096631
15 1 1 -1.7382111404935525 -0.73821114049355252 -1.7646145118216079 -0.76461451182160789 -1.6479474403769623 -0.97234607723360078 -1.6759850765857918 -1.0023668048891263
0 0.3785399841212887 0.38327187213551239 -1.7382111404935525 -1.3549392683580401 -1.7646145118216079 -1.3860745277003192 -1.6479474403769623 -1.3892950022217552 -1.6759850765857918 -1.4202429473091822
1 0.17588783829106969 0.17725420188774194 -1.131279330564338 -0.95539149227326847 -1.1624799304587108 -0.98522572857096913 -1.0923394411082108 -0.97234607723360078 -1.1233456929452053 -1.0023668048891263
30 0.10028884733982468 0.10211401504082912 -0.8384999878333772 -0.73821114049355252 -0.86672852686243718 -0.76461451182160789 -0.81691522419172691 -0.74789208986698541 -0.84478594344775715 -0.77448974509607249
15 0.14508372839231345 0.14620549991758691 -1.5011447682756272 -1.3549392683580401 -1.5311582560926327 -1.3860745277003192 -1.4880042856349838 -1.3892950022217552 -1.5181532371413871 -1.4202429473091822
16 0.066580579513829313 0.067613174416088745 -1.6544728983486032 -1.5868597239325144 -1.6824030649074584 -1.6158224853936294 -1.6479474403769623 -1.6018129498796516 -1.6759850765857918 -1.6305627905300364
38 0.037963338679559568 0.038703030667555288 -1.7382111404935525 -1.6995081098259974 -1.7646145118216079 -1.7266511731420486 -1.7344725140333894 -1.7078329797561285 -1.7609498853995098 -1.7348218692282205
17 0.070450337338510693 0.071148471639970151 -1.0258418296117791 -0.95539149227326847 -1.0563742002109393 -0.98522572857096913 -1.0196881858760187 -0.97234607723360078 -1.0501676294334992 -1.0023668048891263
18 0.030042936989331678 0.030231335726962679 -1.0952026966019655 -1.0651597596126336 -1.1262253279153394 -1.0959939921883768 -1.0923394411082108 -1.0718762742694727 -1.1233456929452053 -1.1027558000056368
39 0.016522253983284382 0.01659722846225236 -1.131279330564338 -1.1147570765810535 -1.1624799304587108 -1.1458827019964586 -1.1296945358840973 -1.1183327686230171 -1.1608884225200407 -1.1494755551244948
49 0.04093271957072836 0.041727758602035758 -0.77914386006428105 -0.73821114049355252 -0.8063422704236437 -0.76461451182160789 -0.7755889075854695 -0.74789208986698541 -0.80272101333708801 -0.77448974509607249
19 0.016897694804585615 0.017190083272972133 -0.81851556291617711 -0.80161786811159152 -0.84641346957561081 -0.82922338630263881 -0.81691522419172691 -0.80541601896567827 -0.84478594344775715 -0.83308828279273617
40 0.0091113005286534467 0.009260005007933619 -0.8384999878333772 -0.82938868730472382 -0.86672852686243718 -0.85746852185450351 -0.83762903044914871 -0.83136638262605866 -0.86584350222984652 -0.85947878498595964
0 0.055344627617248433 0.055873400969975923 -1.5011447682756272 -1.4452713673056512 -1.5311582560926327 -1.4758136284753842 -1.4880042856349838 -1.4502879922498559 -1.5181532371413871 -1.4807878265655194
1 0.02559428996985616 0.025763010239779682 -1.4125727395463881 -1.3868097293066084 -1.4433670905220692 -1.417772800552213 -1.406872744786249 -1.3892950022217552 -1.4377066966094778 -1.4202429473091822
30 0.014650644614342137 0.014725175784886142 -1.3696644441429262 -1.3549392683580401 -1.4007251723146612 -1.3860745277003192 -1.3664963838652859 -1.3563613088107225 -1.3975738761834977 -1.3874897473011849
2 0.026668269577459283 0.027103726791996879 -1.6544728983486032 -1.6273691715566063 -1.6824030649074584 -1.655734795329999 -1.6479474403769623 -1.6297354423634935 -1.6759850765857918 -1.6580641955320221
3 0.01137245289089849 0.011542310872596426 -1.612255444452007 -1.6007131335794105 -1.6408513867317938 -1.6294789338408953 -1.6096745403443169 -1.6018129498796516 -1.6383089173802434 -1.6305627905300364
31 0.0062543337604803696 0.0063435882366889617 -1.5932033121692033 -1.5868597239325144 -1.6220768191541097 -1.6158224853936294 -1.5918303176251847 -1.5874681237403285 -1.6207232767453219 -1.616422393546723
46 0.015494671016344677 0.015803766742684577 -1.7382111404935525 -1.7224073737508681 -1.7646145118216079 -1.7491198408052633 -1.7344725140333894 -1.7237795164523899 -1.7609498853995098 -1.7504655324601446
4 0.0063964531230142211 0.0065189118977756807 -1.7137345741113466 -1.707215662213571 -1.7406125301558926 -1.7342160770328783 -1.7122691494878306 -1.7078329797561285 -1.7391747781918963 -1.7348218692282205
32 0.0034489915574407652 0.003513734918873984 -1.7030218447448715 -1.6995081098259974 -1.7301001646994891 -1.7266511731420486 -1.7022591131061391 -1.6998439696765886 -1.7293515279439542 -1.7269808653364447
5 0.026403976016552706 0.026641947866367945 -1.0258418296117791 -0.9994378535952263 -1.0563742002109393 -1.0297322523445711 -1.0196881858760187 -1.0018342554929247 -1.0501676294334992 -1.0321514227194235
6 0.012563315186201275 0.01269456727099853 -0.98369135650334227 -0.97112804131714081 -1.01383032943517 -1.0011357621641714 -0.98092375901017526 -0.97234607723360078 -1.0110343706844265 -1.0023668048891263
33 0.0072978343790399691 0.0073795442347149576 -0.96268932665230822 -0.95539149227326847 -0.992605272805684 -0.98522572857096913 -0.96112316722088176 -0.9560982989507042 -0.99102176110192997 -0.98594054403723019
7 0.011942916395740799 0.012013431906892144 -1.0952026966019655 -1.0832597802062245 -1.1262253279153394 -1.1142118960084473 -1.0923394411082108 -1.0843077443638049 -1.1233456929452053 -1.1152662789088292
8 0.0051584767676076462 0.005192124743051787 -1.0765421622402882 -1.0713836854726808 -1.1074520762944933 -1.1022599515514415 -1.0753908388775308 -1.0718762742694727 -1.1062933365029426 -1.1027558000056368
34 0.0028544143393156749 0.002873886686009765 -1.0680141739519491 -1.0651597596126336 -1.0988678788743864 -1.0959939921883768 -1.0673970053331867 -1.0654338455522347 -1.0982465280230027 -1.0962699622347922
47 0.0067154664276846097 0.0067446093012978013 -1.131279330564338 -1.1245638641366535 -1.1624799304587108 -1.1557353211574131 -1.1296945358840973 -1.1251486215073858 -1.1608884225200407 -1.156322688589926
9 0.0027923052854340854 0.0028053771315795081 -1.1208603372291241 -1.11806803194369 -1.152014942721364 -1.1492095655897843 -1.1202332790082909 -1.1183327686230171 -1.1513849764379369 -1.1494755551244948
35 0.0015106858283093312 0.0015179992262273113 -1.1162677624093629 -1.1147570765810535 -1.1474007012226859 -1.1458827019964586 -1.1159400181379102 -1.1149015681658647 -1.1470713781411297 -1.1460278970711308
10 0.015326407260446295 0.015615988265393446 -0.77914386006428105 -0.76381745280383462 -0.8063422704236437 -0.79072628215825036 -0.7755889075854695 -0.76521633709814019 -0.80272101333708801 -0.79215199946418313
11 0.0074147727828481613 0.0075611784302098139 -0.75458605092484088 -0.74717127814199269 -0.78131577957018983 -0.77375460113997996 -0.75295642683224084 -0.74789208986698541 -0.77965417314087393 -0.77448974509607249
52 0.0039547832795288063 0.0040346187473493389 -0.74216592377308144 -0.73821114049355252 -0.76864913056895734 -0.76461451182160789 -0.74123475682334949 -0.73824250656953117 -0.76769922430651893 -0.76464651363128644
12 0.0066891874649614201 0.0068035275636166423 -0.81851556291617711 -0.81182637545121572 -0.84641346957561081 -0.83960994201199413 -0.81691522419172691 -0.81241481552682671 -0.84478594344775715 -0.84020851434991972
13 0.0029097293847255871 0.0029604939640155408 -0.80804759431945228 -0.80513786493472661 -0.83576575483811399 -0.83280526087409845 -0.80739877321416342 -0.80541601896567827 -0.83510564428786915 -0.83308828279273617
36 0.0016156021896671811 0.0016440661087353198 -0.80323347030125869 -0.80161786811159152 -0.83086745241137394 -0.82922338630263881 -0.80288433350725308 -0.80177309408232567 -0.8305121735817601 -0.82938135173719862
48 0.0036949649241506009 0.0037548585594892052 -0.8384999878333772 -0.83480502290922665 -0.86672852686243718 -0.86297366830294786 -0.83762903044914871 -0.8351272183421159 -0.86584350222984652 -0.86330110871066357
14 0.0015423406345177555 0.0015676368575747556 -0.83276241012547181 -0.83122006949095406 -0.8608977047987536 -0.85933006794117883 -0.83241622409113691 -0.83136638262605866 -0.86054584941577594 -0.85947878498595964
37 0.00083594799029556904 0.00084973363873162432 -0.83022463529501933 -0.82938868730472382 -0.85831825549323515 -0.85746852185450351 -0.83004332508848189 -0.82946866776208872 -0.85813395773443701 -0.85754982251589085
16 1 1 -1.6490997622613659 -0.64909976226136579 -1.6590010265093864 -0.65900102650938663 -1.5523964055250588 -0.86988007153882907 -1.5630942185580246 -0.88135993573640481
2 0.39919514722553151 0.4013922992078332 -1.6490997622613659 -1.2477074630535325 -1.6590010265093864 -1.2598058792838551 -1.5523964055250588 -1.2827225471042381 -1.5630942185580246 -1.2947459266365924
3 0.17055356321600032 0.1712081875782136 -1.0241878423309196 -0.85363427911491918 -1.0362368846689134 -0.86502869709069974 -0.98604032455561441 -0.86988007153882907 -0.99798942363480525 -0.88135993573640481
31 0.093635176404809062 0.094414828556828728 -0.74273493866617479 -0.64909976226136579 -0.75341585506621522 -0.65900102650938663 -0.72246544384025468 -0.65807843764237772 -0.73299136423989619 -0.66806150917253626
20 0.14982362231188692 0.15030361809555715 -1.3980110811490896 -1.2477074630535325 -1.4096295015957419 -1.2598058792838551 -1.384363052785935 -1.2827225471042381 -1.3960420374147358 -1.2947459266365924
21 0.071128024340789658 0.071617863699717593 -1.5593414748765704 -1.487723611176853 -1.5699877184514865 -1.4988596941106969 -1.5523964055250588 -1.5034973345693974 -1.5630942185580246 -1.5145335122918664
41 0.041268895708505227 0.041632548938888181 -1.6490997622613659 -1.6074672133224777 -1.6590010265093864 -1.6177321308008814 -1.6450670484602341 -1.6164007770230266 -1.6550049072289432 -1.6265903003214801
22 0.067775160074910121 0.068099430115751064 -0.92140943918982932 -0.85363427911491918 -0.93312812720645089 -0.86502869709069974 -0.91546101659023615 -0.86988007153882907 -0.92715463378563223 -0.88135993573640481
23 0.029291969881425135 0.029385364716189209 -0.9888377107327242 -0.95954574085129907 -1.0007950475042997 -0.97140968278811046 -0.98604032455561441 -0.96608290487455117 -0.99798942363480525 -0.97796905806287915
42 0.016213362816808401 0.01625257282638411 -1.0241878423309196 -1.007974479514111 -1.0362368846689134 -1.0199843118425294 -1.0226309255217467 -1.011479901923094 -1.0346764122470549 -1.0234986208972412
50 0.038050490366198904 0.038386919166465534 -0.68715025262756457 -0.64909976226136579 -0.69738794567585205 -0.65900102650938663 -0.68383655159110068 -0.65807843764237772 -0.69404601346425998 -0.66806150917253626
24 0.015826858273047879 0.015952732700279981 -0.72396605444286777 -0.7081391961698198 -0.73450371041897 -0.71855097771868992 -0.72246544384025468 -0.71169322353119036 -0.73299136423989619 -0.72213367503510784
43 0.0085639675114087595 0.0086285260904754944 -0.74273493866617479 -0.73417097115476615 -0.75341585506621522 -0.74478732897573974 -0.74191580392563861 -0.73602888525806454 -0.75259060408424605 -0.74665936410076084
0 0.057606637480724143 0.057840057215923037 -1.3980110811490896 -1.3401710239331668 -1.4096295015957419 -1.352022864115018 -1.384363052785935 -1.3453438305562269 -1.3960420374147358 -1.3571772742974348
1 0.026298889133629849 0.026368937775240832 -1.3065523113056536 -1.2801833735304127 -1.3185118358146486 -1.2922129466810186 -1.300709247955375 -1.2827225471042381 -1.3126853877290947 -1.2947459266365924
30 0.014955794299573479 0.014985168838928645 -1.2626926318924614 -1.2477074630535325 -1.2747616735834284 -1.2598058792838551 -1.2594657763063 -1.2491531355833292 -1.2715414896490345 -1.2612488965810373
2 0.028591968670731077 0.028800120999809872 -1.5593414748765704 -1.5305413538767607 -1.5699877184514865 -1.5413957497807553 -1.5523964055250588 -1.5330508563387661 -1.5630942185580246 -1.5438877122475061
3 0.012118681856660884 0.012198780806605334 -1.5145346953765153 -1.50233591456991 -1.5254982840208644 -1.5133796021642034 -1.5118050909317868 -1.5034973345693974 -1.522786836786822 -1.5145335122918664
31 0.006645364782013983 0.0066871680766818799 -1.4944107792535348 -1.487723611176853 -1.5055050588927108 -1.4988596941106969 -1.4929628592133626 -1.4883646758895885 -1.5040662589725753 -1.4994967864984343
46 0.016878151842800559 0.017030696637158282 -1.6490997622613659 -1.6320690656242074 -1.6590010265093864 -1.6421228746665859 -1.6450670484602341 -1.6335460515211337 -1.6550049072289432 -1.643586838581687
4 0.0069430365680499852 0.0070030630114025823 -1.6227409834883706 -1.615737920476968 -1.6328761240162022 -1.6259330874481521 -1.6211660966390129 -1.6164007770230266 -1.6313148134778093 -1.6265903003214801
32 0.0037375874819633977 0.0037692216507345488 -1.611236434973212 -1.6074672133224777 -1.6214697182828446 -1.6177321308008814 -1.6104180671822999 -1.6078274036823286 -1.6206582406801571 -1.618089309267327
5 0.025484844740152481 0.025596842448415692 -0.92140943918982932 -0.89592459444967676 -0.93312812720645089 -0.90753128475803524 -0.91546101659023615 -0.89823343213402385 -0.92715463378563223 -0.90985076207471738
6 0.012062400550410031 0.012122954389970768 -0.88077398888325953 -0.86871158833284956 -0.89230842368712404 -0.88018546929715324 -0.8781147990522663 -0.86988007153882907 -0.8896361151721105 -0.88135993573640481
33 0.0069877202756344139 0.0070250696175615662 -0.86062199939055362 -0.85363427911491918 -0.8720537667082614 -0.86502869709069974 -0.85912175272132063 -0.85431071895090394 -0.87054557717850922 -0.86570879188444994
7 0.011660213211566786 0.011695500121122835 -0.9888377107327242 -0.97717749752115735 -1.0007950475042997 -0.98909954738317685 -0.98604032455561441 -0.97819981792996213 -0.99798942363480525 -0.9901250616000371
8 0.0050248340057650435 0.0050414167554636412 -0.9706280797647463 -0.96560324575898127 -0.98252921269840665 -0.97748779594294311 -0.96950624692443899 -0.96608290487455117 -0.98140371790456427 -0.97796905806287915
34 0.0027773882766056867 0.0027869210415190828 -0.96232312912790485 -0.95954574085129907 -0.97419660382962958 -0.97140968278811046 -0.96172251396664588 -0.95981237900354421 -0.97359393921870607 -0.97167724227521879
47 0.0065947859174819313 0.0066101519183422615 -1.0241878423309196 -1.0175930564134377 -1.0362368846689134 -1.0296267327505713 -1.0226309255217467 -1.0181670401695879 -1.0346764122470549 -1.0302020856432941
9 0.0027386344058187937 0.00274543311847415 -1.0139589375652867 -1.011220303159468 -1.0259838048809455 -1.0232383717624713 -1.013343831747048 -1.011479901923094 -1.025367184050225 -1.0234986208972412
35 0.0014807675403497875 0.0014845489994088717 -1.0094552470544609 -1.007974479514111 -1.0214688608419382 -1.0199843118425294 -1.0091339649665887 -1.0081160949586907 -1.0211467617136141 -1.020126290675075
10 0.014273970896771595 0.014397028819544574 -0.68715025262756457 -0.67287628173079306 -0.69738794567585205 -0.68299091685630753 -0.68383655159110068 -0.67417777636061271 -0.69404601346425998 -0.6843037883956351
11 0.006884780648118656 0.0069465820979382129 -0.66429425682832965 -0.65740947618021117 -0.67433308628227207 -0.66738650418433387 -0.66278047332916079 -0.65807843764237772 -0.67280578967641969 -0.66806150917253626
52 0.0036663581337438682 0.0036999440798054783 -0.65276612039510962 -0.64909976226136579 -0.66270097058919197 -0.65900102650938663 -0.65190267300727023 -0.64912883243610964 -0.66182963598311917 -0.65903036396473658
12 0.0062699890507328737 0.0063193006445191983 -0.72396605444286777 -0.71769606539213493 -0.73450371041897 -0.72818440977445076 -0.72246544384025468 -0.71824738141217148 -0.73299136423989619 -0.72874009092865111
13 0.0027239408532791212 0.0027457693194087003 -0.71415682111655743 -0.71143288026327822 -0.72461700886887492 -0.72187123954946619 -0.71354932672088334 -0.71169322353119036 -0.72400465818925319 -0.72213367503510784
36 0.0015115178128740367 0.0015237396633345889 -0.70965071398269397 -0.7081391961698198 -0.72007471738202455 -0.71855097771868992 -0.70932403972973923 -0.70828440618677901 -0.7197454052877621 -0.71869736371467163
48 0.0034743881569199667 0.0035004157913824958 -0.74273493866617479 -0.73926055050925488 -0.75341585506621522 -0.74991543927483284 -0.74191580392563861 -0.73956343664624435 -0.75259060408424605 -0.75022060330955564
14 0.0014492718185561112 0.0014602462863472041 -0.73734068699953115 -0.73589141518097501 -0.74798109766211462 -0.7465208513757674 -0.73701536204443374 -0.73602888525806454 -0.74765331260061374 -0.74665936410076084
37 0.00078525183435148107 0.00079122791532433383 -0.73495622298911756 -0.73417097115476615 -0.745578556891064 -0.74478732897573974 -0.73478590014307266 -0.73424609700331289 -0.74540693878951625 -0.74486302705595098
17 1 1 -1.7834740627702188 -0.78347406277021892 -1.7976187259816772 -0.79761872598167716 -1.6959478300602875 -1.0237244982224709 -1.7108873104165885 -1.0396979285840899
5 0.37297426437209324 0.37531423754317772 -1.7834740627702188 -1.4081598252270413 -1.7976187259816772 -1.4246444616095839 -1.6959478300602875 -1.4421969729114288 -1.7108873104165885 -1.4585845707968934
6 0.17817857966245459 0.17884537439168244 -1.1846345816585295 -1.0064560019960749 -1.2011822394528753 -1.0223368650611928 -1.1453710327649489 -1.0237244982224709 -1.1618265394938925 -1.0396979285840899
33 0.10338025398186945 0.10431021687374759 -0.88685431675208837 -0.78347406277021892 -0.9019289428554248 -0.79761872598167716 -0.86466424359572747 -0.79348450329840892 -0.87955749945695239 -0.80772868655132934
15 0.14373740830714976 0.14430695834130064 -1.5524667835683419 -1.4081598252270413 -1.5683818699167338 -1.4246444616095839 -1.5395547774524334 -1.4421969729114288 -1.5555376686443081 -1.4585845707968934
16 0.065373004651379518 0.065879781646673879 -1.7022930473635993 -1.6364132657169257 -1.7171799869160607 -1.6518069822646813 -1.6959478300602875 -1.6510087539788658 -1.7108873104165885 -1.6662975906860094
38 0.037106168581571466 0.037464870010366053 -1.7834740627702188 -1.7460091927598529 -1.7976187259816772 -1.7605125574001057 -1.779859246039075 -1.7540758838425847 -1.794039723811085 -1.7685043513544678
17 0.071624038692478381 0.071968784077042436 -1.0780800406885533 -1.0064560019960749 -1.0943056491382355 -1.0223368650611928 -1.0718375738547996 -1.0237244982224709 -1.088037242540038 -1.0396979285840899
18 0.030357788517439682 0.030448482031863185 -1.1482616243357202 -1.1179038358182807 -1.1647249697937689 -1.1342764877619056 -1.1453710327649489 -1.1246961208770732 -1.1618265394938925 -1.1410906715281246
39 0.016646907729716415 0.016682202301366213 -1.1846345816585295 -1.1679876739288129 -1.2011822394528753 -1.1845000371515093 -1.1830386394428849 -1.1715919259597694 -1.1995831543265973 -1.1881124021569298
49 0.042280453457679279 0.04268695670269218 -0.82575451622789819 -0.78347406277021892 -0.84030568268436945 -0.79761872598167716 -0.8220872273711185 -0.79348450329840892 -0.8366045701523247 -0.80772868655132934
19 0.017392587601089769 0.017541132225649323 -0.86631058844209052 -0.84891800084100077 -0.88121764285120974 -0.86367651062556039 -0.86466424359572747 -0.85282914692893363 -0.87955749945695239 -0.86762159428868124
40 0.0093628079097158694 0.0094381197975206971 -0.88685431675208837 -0.87749150884237248 -0.9019289428554248 -0.89249082305790406 -0.88595957023793848 -0.87952429307917379 -0.90102707587086883 -0.89454010916486548
0 0.054714883968502104 0.054980661077775231 -1.5524667835683419 -1.4974861224905665 -1.5683818699167338 -1.5136669859482315 -1.5395547774524334 -1.5024310170230801 -1.5555376686443081 -1.5185904319622137
1 0.025390339575473053 0.025476807585716649 -1.465214192879486 -1.4397373852937694 -1.4815231076502313 -1.4561327680747582 -1.4595813201910337 -1.4421969729114288 -1.4759104641231453 -1.4585845707968934
30 0.014559467985571265 0.014598263296498062 -1.4227580885235394 -1.4081598252270413 -1.4392039295951551 -1.4246444616095839 -1.4196185544520887 -1.4095702408287134 -1.4360730969828168 -1.4260513141362419
2 0.026160017040583589 0.026373182839533795 -1.7022930473635993 -1.6759198645240656 -1.7171799869160607 -1.6910199698754771 -1.6959478300602875 -1.6782242556595566 -1.7108873104165885 -1.6933062829819232
3 0.011173510986181679 0.011257039170295727 -1.6611927851645238 -1.6499357459942279 -1.6764059475058202 -1.6652324365196385 -1.6586764218113905 -1.6510087539788658 -1.6739084731288632 -1.6662975906860094
31 0.0061496146217067324 0.0061936060268374627 -1.642606871743763 -1.6364132657169257 -1.6579565968863879 -1.6518069822646813 -1.6412665616184523 -1.6370073948558184 -1.6566258709109392 -1.6523969243673404
46 0.015136836308429845 0.015286534100722379 -1.7834740627702188 -1.7681875286694966 -1.7976187259816772 -1.7824818896732473 -1.779859246039075 -1.7695154002027071 -1.794039723811085 -1.7837969401642695
4 0.0062544386062180178 0.0063138816008098744 -1.7597917461375072 -1.7534778645366971 -1.7741663671201251 -1.7679119285139073 -1.7583726500803374 -1.7540758838425847 -1.7727606997923937 -1.7685043513544678
32 0.0033738476969619965 0.0034053086803264303 -1.7494145014401794 -1.7460091927598529 -1.7638864050970677 -1.7605125574001057 -1.7486753737137732 -1.746334723127172 -1.7631541254481364 -1.7608350901361074
5 0.026803578552229684 0.026920500351279606 -1.0780800406885533 -1.0512764621363235 -1.0943056491382355 -1.0673851487869559 -1.0718375738547996 -1.0537111214071542 -1.088037242540038 -1.069831025298666
6 0.012784108605654102 0.012849087295958749 -1.0352686850208914 -1.022484576415237 -1.0513006476952382 -1.0384515603992797 -1.0324533890810357 -1.0237244982224709 -1.0484713248410884 -1.0396979285840899
33 0.0074354013199779967 0.0074759951005403391 -1.0138914033160529 -1.0064560019960749 -1.0298128601617331 -1.0223368650611928 -1.0122960332244866 -1.0071762942109022 -1.0282088739701079 -1.0230611384643153
7 0.012060657288492925 0.012094473298608958 -1.1482616243357202 -1.1362009670472275 -1.1647249697937689 -1.1526304964951599 -1.1453710327649489 -1.1372596544377531 -1.1618265394938925 -1.1536922691550118
8 0.0052147400257325522 0.0052309761114387957 -1.1294128204919429 -1.1241980804662104 -1.1458220329954956 -1.1405910568840567 -1.1282490982024518 -1.1246961208770732 -1.1446547347878926 -1.1410906715281246
34 0.0028869945580794177 0.0028964156038882782 -1.1207908303763601 -1.1179038358182807 -1.1371729033657938 -1.1342764877619056 -1.1201666648831963 -1.1181810744863911 -1.1365467152345223 -1.1345546384007086
47 0.0067638806226509047 0.0067775511898565547 -1.1846345816585295 -1.1778707010358787 -1.2011822394528753 -1.1944046882630188 -1.1830386394428849 -1.178459796638629 -1.1995831543265973 -1.1949950109561447
9 0.0028140505339064098 0.002820218772753293 -1.1741391552766811 -1.1713251047427746 -1.1906652080414615 -1.187844989268708 -1.1735072602330474 -1.1715919259597694 -1.1900319417444505 -1.1881124021569298
35 0.0015228587896973689 0.0015263184435779236 -1.1695105327185105 -1.1679876739288129 -1.186026355595087 -1.1845000371515093 -1.1691801607792141 -1.1681333365667341 -1.1856952370620999 -1.1846460327195625
10 0.015817114066122427 0.015964943803768256 -0.82575451622789819 -0.80993740216177579 -0.84030568268436945 -0.82434073888060122 -0.8220872273711185 -0.81138176525927441 -0.8366045701523247 -0.82579881164893565
11 0.0076630106126871489 0.0077379357392467207 -0.80040239888254816 -0.79273938826986101 -0.81471416962624799 -0.80697623388700135 -0.79871855169600015 -0.79348450329840892 -0.81301396070251242 -0.80772868655132934
52 0.0040901892757794212 0.0041310980042315038 -0.78756425204599845 -0.78347406277021892 -0.80174982398590866 -0.79761872598167716 -0.78660130339950007 -0.78350650715039638 -0.80077727478884742 -0.79765149619529474
12 0.0068826873675177248 0.0069407381053791734 -0.86631058844209052 -0.8594279010745729 -0.88121764285120974 -0.87427690474583053 -0.86466424359572747 -0.86003348977814253 -0.87955749945695239 -0.87488763964381733
13 0.0029956618628385941 0.0030214635705940896 -0.85553841424290122 -0.85254275238006261 -0.87035418873292825 -0.86733272516233417 -0.85487048342656047 -0.85282914692893363 -0.8696805207503262 -0.86762159428868124
36 0.0016637910128409024 0.0016782658189423076 -0.85058179185384164 -0.84891800084100077 -0.86535477644450276 -0.86367651062556039 -0.85022225692132058 -0.84907786476973057 -0.86499211834332357 -0.86383776778760413
48 0.0037962556589123662 0.0038265779839465625 -0.88685431675208837 -0.88305806109317608 -0.9019289428554248 -0.89810236487147821 -0.88595957023793848 -0.8833891271833243 -0.90102707587086883 -0.89843608693070054
14 0.0015851273696329178 0.0015979420365977968 -0.88095904118411683 -0.87937391381448382 -0.89598645404133004 -0.89438851200473235 -0.88060326603789296 -0.87952429307917379 -0.8956278071210082 -0.89454010916486548
37 0.00085926703183926922 0.00086625264617233143 -0.87835077587421184 -0.87749150884237248 -0.89335707570407641 -0.89249082305790406 -0.8781644121415676 -0.87757372251060994 -0.89316919815193307 -0.89257370574778672
18 1 1 -1.6656018693414005 -0.66560186934140031 -1.6703167570785531 -0.67031675707855309 -1.5702136821482817 -0.88899925223020348 -1.5752931155265788 -0.89444920143582296
7 0.39674471749008211 0.3977580224347681 -1.6656018693414005 -1.2678438469066322 -1.6703167570785531 -1.2735720395884709 -1.5702136821482817 -1.3027340791164075 -1.5752931155265788 -1.3084267984791871
8 0.17163527709657578 0.17193588437202426 -1.0442473231470937 -0.8726120460505179 -1.0499583807105037 -0.87802249633847951 -1.0059350475044808 -0.88899925223020348 -1.0116006725638509 -0.89444920143582296
34 0.094928712559143216 0.09529293236573988 -0.76053058190054357 -0.66560186934140031 -0.76560968944429297 -0.67031675707855309 -0.7400040574134692 -0.67471634245119694 -0.74501090894572197 -0.67946952996591858
20 0.14928274320675222 0.14950711651405224 -1.4173509634206845 -1.2678438469066322 -1.4228547827952231 -1.2735720395884709 -1.403803262522195 -1.3027340791164075 -1.4093351890611818 -1.3084267984791871
21 0.070583104257800705 0.070808263094500654 -1.5770735552411805 -1.5062652921466799 -1.5821293279456721 -1.5115462236878714 -1.5702136821482817 -1.5218738243834502 -1.5752931155265788 -1.5271087524194336
41 0.040866124938790993 0.041032322793279286 -1.6656018693414005 -1.6245695465481211 -1.6703167570785531 -1.6294506321397619 -1.6616295429978405 -1.6333786435374995 -1.6663611394746205 -1.6382252426826902
22 0.068311570179901276 0.068461163745955234 -0.9409236162304192 -0.8726120460505179 -0.94648366008443485 -0.87802249633847951 -0.93493374955776509 -0.88899925223020348 -0.94048226115194256 -0.89444920143582296
23 0.029446119527201671 0.029488796429278562 -1.0087460235842096 -0.97929990405700806 -1.01441540513117 -0.9849266087018913 -1.0059350475044808 -0.98587374149879647 -1.0116006725638509 -0.99151061146338837
42 0.016277965913551448 0.016295748527178414 -1.0442473231470937 -1.0279693572335422 -1.0499583807105037 -1.0336626321833253 -1.0426845504147082 -1.0314894261008569 -1.0483939982275876 -1.0371867368616143
50 0.038608854003097978 0.038766242834436263 -0.7042107233444983 -0.66560186934140031 -0.7090829999129894 -0.67031675707855309 -0.7008501779122881 -0.67471634245119694 -0.70570925955343733 -0.67946952996591858
24 0.016035641503534665 0.01609437614680987 -0.74152413153171703 -0.72548849002818239 -0.74653645683722147 -0.7304420806904115 -0.7400040574134692 -0.72909007497247136 -0.74501090894572197 -0.73405704792341619
43 0.0086710163830843699 0.0087011021420227673 -0.76053058190054357 -0.75185956551745914 -0.76560968944429297 -0.75690858730227029 -0.75970130594970209 -0.75374089568560276 -0.76477756382413298 -0.75879649944662519
0 0.05734464238283303 0.057453195284297681 -1.4173509634206845 -1.3598977681363866 -1.4228547827952231 -1.3655101404123902 -1.403803262522195 -1.3650400636848679 -1.4093351890611818 -1.370643855304011
1 0.026219645888715639 0.026252557633466456 -1.3264577592147457 -1.3002052015812795 -1.3321204837558613 -1.3059008378671457 -1.3206422890051435 -1.3027340791164075 -1.3263128061703797 -1.3084267984791871
30 0.014922333031225515 0.01493625953940347 -1.2827801064460358 -1.2678438469066322 -1.2884943726196965 -1.2735720395884709 -1.2795643547416184 -1.2692850960691884 -1.2852817785459865 -1.2750120271328806
2 0.028360627022155166 0.028456188886875206 -1.5770735552411805 -1.5486173663543052 -1.5821293279456721 -1.5537687009235168 -1.5702136821482817 -1.5510978820089898 -1.5752931155265788 -1.5562411578027744
3 0.01202951052480678 0.012066364113502389 -1.5327911845606979 -1.5207248204471955 -1.5379927154995152 -1.5259632049747083 -1.5300915948975762 -1.5218738243834502 -1.5353014775541096 -1.5271087524194336
31 0.0065987875446204963 0.0066180424170903251 -1.51288333456377 -1.5062652921466799 -1.5181450112324919 -1.5115462236878714 -1.511450494895991 -1.5068997879435593 -1.5167163716460956 -1.5121788894469013
46 0.016709277878634687 0.016778951251362306 -1.6656018693414005 -1.6488229180900382 -1.6703167570785531 -1.6536074791999185 -1.6616295429978405 -1.6502784117344071 -1.6663611394746205 -1.6550570228141064
4 0.0068765289163500911 0.0069039754797794745 -1.6396290790216761 -1.6327251035418966 -1.6444508125493082 -1.6375742836329581 -1.6380766022725033 -1.6333786435374995 -1.6429045425779949 -1.6382252426826902
32 0.003702523858165929 0.0037169957741575335 -1.6282865423222785 -1.6245695465481211 -1.633153155997928 -1.6294506321397619 -1.6274795495593357 -1.6249247643700855 -1.6323493150963981 -1.6298044719650933
5 0.025670027410145749 0.025721594099099149 -0.9409236162304192 -0.91525358882027352 -0.94648366008443485 -0.92076206598533572 -0.93493374955776509 -0.91758002297356311 -0.94048226115194256 -0.9230934040746801
6 0.012162593007257371 0.012190556163715678 -0.89998346114931216 -0.88782086814205474 -0.90545860930836997 -0.89326805314465429 -0.89730256710644429 -0.88899925223020348 -0.9027716595344274 -0.89444920143582296
33 0.0070495386916598901 0.007066810135382573 -0.87966158474217782 -0.8726120460505179 -0.88508930647386219 -0.87802249633847951 -0.87814819217338058 -0.87329453569598448 -0.88357224166416959 -0.87870667654822354
7 0.011718436505668152 0.011734539244734212 -1.0087460235842096 -0.99702758707854167 -1.01441540513117 -1.0026808658864357 -1.0059350475044808 -0.99805517826239376 -1.0116006725638509 -1.0037099157096079
8 0.005052209503853061 0.0050597934154288284 -0.99044364538801788 -0.98539143588416489 -0.99608736592276026 -0.99102757250733142 -0.98931576762614537 -0.98587374149879647 -0.99495781386800619 -0.99151061146338837
34 0.0027931289137976011 0.0027974928048905491 -0.98209303297080575 -0.97929990405700806 -0.98772410150678192 -0.9849266087018913 -0.98148903384217467 -0.97956806358853443 -0.98711916431883828 -0.98519519006904333
47 0.0066200966012666413 0.0066270576091356868 -1.0442473231470937 -1.0376272265458271 -1.0499583807105037 -1.0433313231013681 -1.0426845504147082 -1.0382034658969355 -1.0483939982275876 -1.043908183128111
9 0.0027498380714462462 0.0027529237906659776 -1.0339785935895658 -1.0312287555181197 -1.0396786948086065 -1.0369257710179407 -1.0333609913012329 -1.0314894261008569 -1.0390604050627543 -1.0371867368616143
35 0.0014870002272919767 0.0014887179109255981 -1.0294563574608342 -1.0279693572335422 -1.0351513500942511 -1.0336626321833253 -1.0291337287458153 -1.0281115716415692 -1.0348283502925464 -1.0338050116787192
10 0.014478176826196766 0.014535709530135648 -0.7042107233444983 -0.68973254651830151 -0.7090829999129894 -0.69454729038285379 -0.7008501779122881 -0.69105292184966338 -0.70570925955343733 -0.69587298652308316
11 0.0069873601501084376 0.0070162829134809979 -0.68102470957072514 -0.67403734942061666 -0.68580399105488132 -0.67878770814140021 -0.67948849744126383 -0.67471634245119694 -0.68426145574488217 -0.67946952996591858
52 0.0037221116326988102 0.0037378377320822914 -0.66932398097409918 -0.66560186934140031 -0.67405459481063534 -0.67031675707855309 -0.66844744083296681 -0.6656313832183377 -0.67317436186801105 -0.67034639611716784
12 0.0063517751778157669 0.0063747784460447786 -0.74152413153171703 -0.73517235635390121 -0.74653645683722147 -0.74016167839117664 -0.7400040574134692 -0.73573091247370048 -0.74501090894572197 -0.74072227111807987
13 0.002760148447500786 0.002770335712955273 -0.73158640966596544 -0.72882626121846472 -0.73656259338561747 -0.7337922576726621 -0.73097086010408518 -0.72909007497247136 -0.73594477754652621 -0.73405704792341619
36 0.0015317916283599359 0.0015374967474637404 -0.72702028165654231 -0.72548849002818239 -0.73197957743787523 -0.7304420806904115 -0.72668923174084588 -0.72563565079665437 -0.73164729622677771 -0.73058979042257421
48 0.0035175448088526377 0.0035296724930188907 -0.76053058190054357 -0.75701303709169099 -0.76560968944429297 -0.76208001695127414 -0.75970130594970209 -0.75731970031260509 -0.76477756382413298 -0.76238774166493739
14 0.0014674697638707098 0.001472584650184424 -0.75506916643042499 -0.75360169666655419 -0.76012939911108424 -0.75865681446089983 -0.75473976213938465 -0.75374089568560276 -0.75979884827157906 -0.75879649944662519
37 0.0007951616917758423 0.00079794729946968388 -0.7526547272092351 -0.75185956551745914 -0.75770653460173998 -0.75690858730227029 -0.75248225651008349 -0.75193564027573256 -0.75753346016071299 -0.75698492879809742
19 1 1 -1.6738529228814176 -0.67385292288141763 -1.6766032740614234 -0.6766032740614234 -1.5790995322872714 -0.89853303969235299 -1.5820582358027107 -0.90170722976763784
12 0.39541043138700305 0.39599184293057355 -1.6738529228814176 -1.2778610799508443 -1.6766032740614234 -1.2811928426744204 -1.5790995322872714 -1.3126892957051903 -1.5820582358027107 -1.3160004513740398
13 0.17215894414216187 0.17233103330265592 -1.0542359120662528 -0.88207696792409085 -1.0575595015075794 -0.8852284682049234 -1.0158445925761239 -0.89853303969235299 -1.0191423102681592 -0.90170722976763784
36 0.095564559725140469 0.095774921165350566 -0.76941748260655807 -0.67385292288141763 -0.77237819522677398 -0.6766032740614234 -0.74876484819861122 -0.68303427707714059 -0.7516838731565626 -0.68580677367757958
20 0.14898577605984994 0.1491153908468989 -1.4269764707977428 -1.2778610799508443 -1.4301786187342704 -1.2811928426744204 -1.4134777978959512 -1.3126892957051903 -1.4166961238683888 -1.3160004513740398
21 0.07028700393929227 0.070415975556505667 -1.5859181914348333 -1.5155022158783276 -1.5888633546902855 -1.5185763507509933 -1.5790995322872714 -1.5310305801799668 -1.5820582358027107 -1.5340783405700862
41 0.040648043560124358 0.040742965665868547 -1.6738529228814176 -1.6331099572155492 -1.6766032740614234 -1.6359552305012992 -1.6699096837499221 -1.6418590055968603 -1.6726695733868351 -1.6446845737771065
22 0.06857231701090416 0.06865815916231939 -0.95064928493499501 -0.88207696792409085 -0.95388662736724272 -0.8852284682049234 -0.94463932444304355 -0.89853303969235299 -0.94787005918689937 -0.90170722976763784
23 0.029520417914370555 0.029544786656938313 -1.0186621068183517 -0.98914168890398102 -1.0219619671807045 -0.99241718052376626 -1.0158445925761239 -0.99573322714727242 -1.0191423102681592 -0.99901452794393075
42 0.016308895089856307 0.016319009045697899 -1.0542359120662528 -1.0379270169763963 -1.0575595015075794 -1.0412404924618812 -1.052670340123832 -1.041454106520092 -1.0559930148495575 -1.0447698790480668
50 0.038883669010139732 0.038974638301300199 -0.71273659189155736 -0.67385292288141763 -0.71557791236272372 -0.6766032740614234 -0.70935300961025827 -0.68303427707714059 -0.71218670718149346 -0.68580677367757958
24 0.016138164217727447 0.016172067034219261 -0.75029447643747338 -0.73415631221974587 -0.75321666031314793 -0.73704459327892868 -0.74876484819861122 -0.73778125725354626 -0.7516838731565626 -0.74067726418228419
43 0.0087235234670849197 0.0087408782429772187 -0.76941748260655807 -0.76069395913947324 -0.77237819522677398 -0.76363731698379678 -0.76858323341783463 -0.76258677675798892 -0.77154230241424993 -0.76553393174761419
0 0.057201248847505846 0.057263795599901142 -1.4269764707977428 -1.3697126751978419 -1.4301786187342704 -1.3729773698867644 -1.4134777978959512 -1.3748399940734075 -1.4166961238683888 -1.3780997373626023
1 0.026176001723962086 0.026195062433112971 -1.3363605777909666 -1.3101655153578537 -1.3396543640645491 -1.313478362340587 -1.3305587179584477 -1.3126892957051903 -1.3338570132930689 -1.3160004513740398
30 0.014903802473445873 0.014911904025060169 -1.2927729839759043 -1.2778610799508443 -1.2960966451478664 -1.2811928426744204 -1.2895627533864604 -1.2793001221364249 -1.2928882499203183 -1.2826311501398706
2 0.028235015187794227 0.028289719366673988 -1.5859181914348333 -1.5576284720681595 -1.5888633546902855 -1.5606283395024914 -1.5790995322872714 -1.5600949479374469 -1.5820582358027107 -1.5630902003370932
3 0.011981027525044352 0.012002147622396644 -1.5418897469750112 -1.5298875993526146 -1.5449183684639396 -1.5329373409388949 -1.5392047094589214 -1.5310305801799668 -1.5422381164560797 -1.5340783405700862
31 0.0065734459985979793 0.0065844867352545626 -1.5220867026135823 -1.5155022158783276 -1.5251497967495913 -1.5185763507509933 -1.520661182323497 -1.5161335223709105 -1.5237266845799682 -1.5192066077965261
46 0.016617875572981167 0.016657656323061099 -1.6738529228814176 -1.6571952665583567 -1.6766032740614234 -1.6599853984884421 -1.6699096837499221 -1.6586404012426597 -1.6726695733868351 -1.6614271352572587
4 0.0068405075223607345 0.0068561871131647446 -1.6480661465989697 -1.6412099594858049 -1.6508775097465695 -1.6440370022242088 -1.6465244765457985 -1.6418590055968603 -1.6493393852313452 -1.6446845737771065
32 0.0036835268832646081 0.0036917965150831851 -1.6368017537306323 -1.6331099572155492 -1.6396387573845637 -1.6359552305012992 -1.6360002491019823 -1.6334627755710895 -1.6388390537416542 -1.6363072613977583
5 0.025759888004481028 0.025789448995436868 -0.95064928493499501 -0.92488939693051397 -0.95388662736724272 -0.92809717837180583 -0.94463932444304355 -0.92722437785851786 -0.94787005918689937 -0.93043497205269798
6 0.012211339927309686 0.012227394554263037 -0.90956117655671265 -0.89734983662940282 -0.91274983387546094 -0.90052243932119791 -0.90686972634081542 -0.89853303969235299 -0.9100549075482337 -0.90170722976763784
33 0.0070796524463208055 0.007089575679273416 -0.88915662037041177 -0.88207696792409085 -0.89231804388419667 -0.8852284682049234 -0.88763682520740494 -0.88276240525358218 -0.89079613908057598 -0.88591487696045024
7 0.011746465828596149 0.011755654126793689 -1.0186621068183517 -1.0069156409897555 -1.0219619671807045 -1.010206313053911 -1.0158445925761239 -1.007945771422615 -1.0191423102681592 -1.0112372761465402
8 0.0050654141251822594 0.0050697464862102292 -1.0003150587607683 -0.99524964463558607 -1.0036002729244216 -0.99853052643821139 -0.99918426592718923 -0.99573322714727242 -1.002468523775242 -0.99901452794393075
34 0.00280072796310452 0.0028032221165986563 -0.99194241686708562 -0.98914168890398102 -0.99522040264036493 -0.99241718052376626 -0.99133678428088789 -0.98941058301282658 -0.99461423395232096 -0.99268631575045352
47 0.0066322021084525874 0.006636158876917559 -1.0542359120662528 -1.0476037099578002 -1.0575595015075794 -1.0509233426306617 -1.052670340123832 -1.0481810287886901 -1.0559930148495575 -1.0515010143967021
9 0.0027552055605121646 0.0027569612841509628 -1.0439481278856562 -1.0411929223251442 -1.0472654881152299 -1.0445085268310792 -1.0433293298265427 -1.041454106520092 -1.0466462989514904 -1.0447698790480668
35 0.0014899883802622943 0.0014909661332164772 -1.0394170053566587 -1.0379270169763963 -1.0427314585950977 -1.0412404924618812 -1.0390937310937949 -1.0380695185821727 -1.0424079731127311 -1.0413830880467152
10 0.014578626097285231 0.014611868588815944 -0.71273659189155736 -0.69815796579427225 -0.71557791236272372 -0.70096604377390781 -0.70935300961025827 -0.69948763139315284 -0.71218670718149346 -0.70229878428565418
11 0.00703786422278882 0.0070545844941103525 -0.68938820861369665 -0.6823503443909078 -0.692175790022029 -0.68512120552791866 -0.68784095532720013 -0.68303427707714059 -0.69062488156374391 -0.68580677367757958
52 0.00374957384319273 0.0037586675132117719 -0.67760249672461037 -0.67385292288141763 -0.68036194157463514 -0.6766032740614234 -0.6767195079675391 -0.6738826553285433 -0.67947681752207367 -0.67663307888719182
12 0.006391926581969588 0.0064052026973616784 -0.75029447643747338 -0.74390254985550375 -0.75321666031314793 -0.74681145761578627 -0.74876484819861122 -0.74446466087299146 -0.7516838731565626 -0.74737474413798122
13 0.0027779309587967122 0.0027838117944426312 -0.74029366990746392 -0.73751573894866718 -0.74319499394666511 -0.74041118215222246 -0.73967416444547895 -0.73778125725354626 -0.7425741802630208 -0.74067726418228419
36 0.0015417505398737825 0.001545044317316543 -0.73569806275961969 -0.73415631221974587 -0.73858963759624519 -0.73704459327892868 -0.73536486349144314 -0.73430443126908929 -0.73825572746738466 -0.73719302927155772
48 0.0035387102252649053 0.0035457054716357943 -0.76941748260655807 -0.7658787723812932 -0.77237819522677398 -0.76883248975513818 -0.76858323341783463 -0.76618728815644221 -0.77154230241424993 -0.76914161782793933
14 0.0014763966215281075 0.0014793472700292292 -0.76392312621342029 -0.76244672959189219 -0.76687295150424384 -0.76539360423421454 -0.76359172089380567 -0.76258677675798892 -0.76654088478081184 -0.76553393174761419
37 0.0008000234007383266 0.0008016304445341751 -0.7614939825402115 -0.76069395913947324 -0.76443894742833085 -0.76363731698379678 -0.76132045813531368 -0.76077049943481678 -0.76426507472210725 -0.76371401116420035
20 1 1 -1.7268954099243861 -0.72689540992438606 -1.7382111404935525 -0.73821114049355252 -1.6358968815287391 -0.95943535664457791 -1.6479474403769623 -0.97234607723360078
0 0.38327187213551239 0.38538157196752826 -1.7268954099243861 -1.3415138379568576 -1.7382111404935525 -1.3549392683580401 -1.6358968815287391 -1.3759510699574324 -1.6479474403769623 -1.3892950022217552
1 0.17527484037386803 0.17588783829106969 -1.1178385865601035 -0.94256374618623529 -1.131279330564338 -0.95539149227326847 -1.0789870898067728 -0.95943535664457791 -1.0923394411082108 -0.97234607723360078
30 0.099487208974163799 0.10028884733982468 -0.82638261889854991 -0.72689540992438606 -0.8384999878333772 -0.73821114049355252 -0.80495541944333682 -0.73649125208421296 -0.81691522419172691 -0.74789208986698541
15 0.14620549991758691 0.14669881864534343 -1.4882126566022014 -1.3415138379568576 -1.5011447682756272 -1.3549392683580401 -1.475012158647548 -1.3759510699574324 -1.4880042856349838 -1.3892950022217552
16 0.067613174416088745 0.068075312429982271 -1.6424705327329654 -1.574395220302983 -1.6544728983486032 -1.5868597239325144 -1.6358968815287391 -1.5894435602642807 -1.6479474403769623 -1.6018129498796516
38 0.038703030667555288 0.039036119583431061 -1.7268954099243861 -1.6878592903409548 -1.7382111404935525 -1.6995081098259974 -1.723123427079869 -1.6962535226282931 -1.7344725140333894 -1.7078329797561285
17 0.070138933270970566 0.070450337338510693 -1.012702679457206 -0.94256374618623529 -1.0258418296117791 -0.95539149227326847 -1.0065727307587478 -0.95943535664457791 -1.0196881858760187 -0.97234607723360078
18 0.029957860510811434 0.030042936989331678 -1.0818429280458111 -1.0518850675349996 -1.0952026966019655 -1.0651597596126336 -1.0789870898067728 -1.0585811713028066 -1.0923394411082108 -1.0718762742694727
39 0.01648804008517768 0.016522253983284382 -1.1178385865601035 -1.1013505464749258 -1.131279330564338 -1.1147570765810535 -1.1162568632107663 -1.104918422606243 -1.1296945358840973 -1.1183327686230171
49 0.040584130741333824 0.04093271957072836 -0.76747954066571988 -0.72689540992438606 -0.77914386006428105 -0.73821114049355252 -0.76395369286161996 -0.73649125208421296 -0.7755889075854695 -0.74789208986698541
19 0.016769088925605743 0.016897694804585615 -0.80654379402343856 -0.78977470509783287 -0.81851556291617711 -0.80161786811159152 -0.80495541944333682 -0.79354351024608638 -0.81691522419172691 -0.80541601896567827
40 0.0090457922147575247 0.0091113005286534467 -0.82638261889854991 -0.81733682668379237 -0.8384999878333772 -0.82938868730472382 -0.825517860209248 -0.81930017836481017 -0.83762903044914871 -0.83136638262605866
0 0.055873400969975923 0.056107161592881406 -1.4882126566022014 -1.4321054950093197 -1.5011447682756272 -1.4452713673056512 -1.475012158647548 -1.4371408197178457 -1.4880042856349838 -1.4502879922498559
1 0.025763010239779682 0.025836842147816161 -1.3992960348460397 -1.3734591926982236 -1.4125727395463881 -1.3868097293066084 -1.3935786808982824 -1.3759510699574324 -1.406872744786249 -1.3892950022217552
30 0.014725175784886142 0.014757520196761034 -1.3562713581536188 -1.3415138379568576 -1.3696644441429262 -1.3549392683580401 -1.3530960115732553 -1.342938832758656 -1.3664963838652859 -1.3563613088107225
2 0.027103726791996879 0.027298872113142442 -1.6424705327329654 -1.615171660619823 -1.6544728983486032 -1.6273691715566063 -1.6358968815287391 -1.6175544409455791 -1.6479474403769623 -1.6297354423634935
3 0.011542310872596426 0.011618253461956937 -1.599954864596058 -1.5883366111341011 -1.612255444452007 -1.6007131335794105 -1.5973567711804522 -1.5894435602642807 -1.6096745403443169 -1.6018129498796516
31 0.0063435882366889617 0.0063834467282850148 -1.580778667031268 -1.574395220302983 -1.5932033121692033 -1.5868597239325144 -1.5793969841650304 -1.5750074114488086 -1.5918303176251847 -1.5874681237403285
46 0.015803766742684577 0.015943046816442097 -1.7268954099243861 -1.710952363107944 -1.7382111404935525 -1.7224073737508681 -1.723123427079869 -1.7123364197450186 -1.7344725140333894 -1.7237795164523899
4 0.0065189118977756807 0.0065740280912363726 -1.7022050467659993 -1.6956310186747627 -1.7137345741113466 -1.707215662213571 -1.7007271653805343 -1.6962535226282931 -1.7122691494878306 -1.7078329797561285
32 0.003513734918873984 0.0035428585515224964 -1.6914021488924775 -1.6878592903409548 -1.7030218447448715 -1.6995081098259974 -1.6906330764021349 -1.6881979243351046 -1.7022591131061391 -1.6998439696765886
5 0.026297566833753755 0.026403976016552706 -1.012702679457206 -0.98640511262345221 -1.0258418296117791 -0.9994378535952263 -1.0065727307587478 -0.98879134710716698 -1.0196881858760187 -1.0018342554929247
6 0.01250484308022809 0.012563315186201275 -0.97072795512949672 -0.95822311204926858 -0.98369135650334227 -0.97112804131714081 -0.96797299853072671 -0.95943535664457791 -0.98092375901017526 -0.97234607723360078
33 0.0072614955800274217 0.0072978343790399691 -0.94982524176626282 -0.94256374618623529 -0.96268932665230822 -0.95539149227326847 -0.94826680141987385 -0.94326699216895071 -0.96112316722088176 -0.9560982989507042
7 0.01191101531706759 0.011942916395740799 -1.0818429280458111 -1.0699319127287432 -1.0952026966019655 -1.0832597802062245 -1.0789870898067728 -1.0709769762511185 -1.0923394411082108 -1.0843077443638049
8 0.0051432992270594065 0.0051584767676076462 -1.0632333514551897 -1.0580900522281307 -1.0765421622402882 -1.0713836854726808 -1.0620853746228081 -1.0585811713028066 -1.0753908388775308 -1.0718762742694727
34 0.0028456421861085056 0.0028544143393156749 -1.0547307097211081 -1.0518850675349996 -1.0680141739519491 -1.0651597596126336 -1.0541154255235476 -1.0521583048802572 -1.0673970053331867 -1.0654338455522347
47 0.0067021455666475757 0.0067154664276846097 -1.1178385865601035 -1.1111364409934561 -1.131279330564338 -1.1245638641366535 -1.1162568632107663 -1.1117200065661246 -1.1296945358840973 -1.1251486215073858
9 0.0027863466240013227 0.0027923052854340854 -1.1074406034347331 -1.1046542568107318 -1.1208603372291241 -1.11806803194369 -1.1068148712626504 -1.104918422606243 -1.1202332790082909 -1.1183327686230171
35 0.0015073559793194347 0.0015106858283093312 -1.1028579024542453 -1.1013505464749258 -1.1162677624093629 -1.1147570765810535 -1.102530877150333 -1.1014947178176036 -1.1159400181379102 -1.1149015681658647
10 0.015199340087754962 0.015326407260446295 -0.76747954066571988 -0.75228020057796496 -0.77914386006428105 -0.76381745280383462 -0.76395369286161996 -0.75366731554824085 -0.7755889075854695 -0.76521633709814019
11 0.007350609375801842 0.0074147727828481613 -0.74312732970960793 -0.73577672033380614 -0.75458605092484088 -0.74717127814199269 -0.74151172452689074 -0.73649125208421296 -0.75295642683224084 -0.74789208986698541
52 0.0039198167155956032 0.0039547832795288063 -0.73081522663998166 -0.72689540992438606 -0.74216592377308144 -0.73821114049355252 -0.72989226791359219 -0.72692649759175787 -0.74123475682334949 -0.73824250656953117
12 0.0066388789575788192 0.0066891874649614201 -0.80654379402343856 -0.79990491506585981 -0.81851556291617711 -0.81182637545121572 -0.80495541944333682 -0.800488897913605 -0.81691522419172691 -0.81241481552682671
13 0.0028874056540547431 0.0029097293847255871 -0.79615490234569752 -0.79326749669164287 -0.80804759431945228 -0.80513786493472661 -0.79551104613085899 -0.79354351024608638 -0.80739877321416342 -0.80541601896567827
36 0.0016030884645850726 0.0016156021896671811 -0.791377793562418 -0.78977470509783287 -0.80323347030125869 -0.80161786811159152 -0.7910313571276727 -0.78992872676057202 -0.80288433350725308 -0.80177309408232567
48 0.0036685754304891646 0.0036949649241506009 -0.82638261889854991 -0.82271404346806065 -0.8384999878333772 -0.83480502290922665 -0.825517860209248 -0.82303392819120613 -0.83762903044914871 -0.8351272183421159
14 0.0015311983941182243 0.0015423406345177555 -0.82068612242662464 -0.81915492403250656 -0.83276241012547181 -0.83122006949095406 -0.82034243367148285 -0.81930017836481017 -0.83241622409113691 -0.83136638262605866
37 0.00082987668889160523 0.00083594799029556904 -0.81816670337268393 -0.81733682668379237 -0.83022463529501933 -0.82938868730472382 -0.81798670893445502 -0.81741622572794037 -0.83004332508848189 -0.82946866776208872
21 1 1 -1.6445991876031745 -0.64459918760317447 -1.6490997622613659 -0.64909976226136579 -1.5475261512892189 -0.86465352276753515 -1.5523964055250588 -0.86988007153882907
2 0.4013922992078332 0.40240785830684306 -1.6445991876031745 -1.2421913292963314 -1.6490997622613659 -1.2477074630535325 -1.5475261512892189 -1.2772406372223457 -1.5523964055250588 -1.2827225471042381
3 0.17025031894411269 0.17055356321600032 -1.0186974941349498 -0.84844717519083712 -1.0241878423309196 -0.85363427911491918 -0.98059651562546124 -0.86465352276753515 -0.98604032455561441 -0.86988007153882907
31 0.093277236596743945 0.093635176404809062 -0.73787642419991839 -0.64459918760317447 -0.74273493866617479 -0.64909976226136579 -0.71767816624827907 -0.65354034770707448 -0.72246544384025468 -0.65807843764237772
20 0.15030361809555715 0.15052388378981524 -1.3927152130861467 -1.2421913292963314 -1.3980110811490896 -1.2477074630535325 -1.3790392848155408 -1.2772406372223457 -1.384363052785935 -1.2827225471042381
21 0.071617863699717593 0.071844672190506054 -1.5544951220499077 -1.4826504498594018 -1.5593414748765704 -1.487723611176853 -1.5475261512892189 -1.4984703885286215 -1.5523964055250588 -1.5034973345693974
41 0.041632548938888181 0.041801445108485047 -1.6445991876031745 -1.6027977424946895 -1.6490997622613659 -1.6074672133224777 -1.6405494692048881 -1.6117663065242656 -1.6450670484602341 -1.6164007770230266
22 0.067625306719542616 0.067775160074910121 -0.91607248191037982 -0.84844717519083712 -0.92140943918982932 -0.85363427911491918 -0.91013566266938239 -0.86465352276753515 -0.91546101659023615 -0.86988007153882907
23 0.029248596052490767 0.029291969881425135 -0.98339007204685136 -0.9541414759943605 -0.9888377107327242 -0.95954574085129907 -0.98059651562546124 -0.96066833312764266 -0.98604032455561441 -0.96608290487455117
42 0.016195082560787669 0.016213362816808401 -1.0186974941349498 -1.0025024115741621 -1.0241878423309196 -1.007974479514111 -1.0171422364731333 -1.0060036938041415 -1.0226309255217467 -1.011479901923094
50 0.037896150308105253 0.038050490366198904 -0.6824953379112797 -0.64459918760317447 -0.68715025262756457 -0.64909976226136579 -0.6791945944890152 -0.65354034770707448 -0.68383655159110068 -0.65807843764237772
24 0.015769033906221353 0.015826858273047879 -0.71917338461292113 -0.70340435070669971 -0.72396605444286777 -0.7081391961698198 -0.71767816624827907 -0.7069452099498581 -0.72246544384025468 -0.71169322353119036
43 0.0085342908575046054 0.0085639675114087595 -0.73787642419991839 -0.72934213334241382 -0.74273493866617479 -0.73417097115476615 -0.73706010133694222 -0.73119355686462328 -0.74191580392563861 -0.73602888525806454
0 0.057840057215923037 0.057947466568674277 -1.3927152130861467 -1.3347677465174725 -1.3980110811490896 -1.3401710239331668 -1.3790392848155408 -1.3399490049690606 -1.384363052785935 -1.3453438305562269
1 0.026368937775240832 0.02640099389223189 -1.3010996268184041 -1.2746986329261722 -1.3065523113056536 -1.2801833735304127 -1.2952489525429913 -1.2772406372223457 -1.300709247955375 -1.2827225471042381
30 0.014985168838928645 0.014998545450164451 -1.257189874746496 -1.2421913292963314 -1.2626926318924614 -1.2477074630535325 -1.2539599781667106 -1.2436382095104048 -1.2594657763063 -1.2491531355833292
2 0.028800120999809872 0.028896563713017138 -1.5544951220499077 -1.5255985583368905 -1.5593414748765704 -1.5305413538767607 -1.5475261512892189 -1.528116184218701 -1.5523964055250588 -1.5330508563387661
3 0.012198780806605334 0.012235849751524927 -1.5095413434298151 -1.4973054936782901 -1.5145346953765153 -1.50233591456991 -1.5068033347215295 -1.4984703885286215 -1.5118050909317868 -1.5034973345693974
31 0.0066871680766818799 0.0067065028993166806 -1.4893569527587185 -1.4826504498594018 -1.4944107792535348 -1.487723611176853 -1.4879048141117774 -1.4832933516567552 -1.4929628592133626 -1.4883646758895885
46 0.017030696637158282 0.017101568254323962 -1.6445991876031745 -1.6274976193488504 -1.6490997622613659 -1.6320690656242074 -1.6405494692048881 -1.6289806539215261 -1.6450670484602341 -1.6335460515211337
4 0.0070030630114025823 0.0070309347917969136 -1.6181317645013453 -1.6111008297095484 -1.6227409834883706 -1.615737920476968 -1.6165505733610328 -1.6117663065242656 -1.6211660966390129 -1.6164007770230266
32 0.0037692216507345488 0.0037839061585901879 -1.6065816486532796 -1.6027977424946895 -1.611236434973212 -1.6074672133224777 -1.6057600823215843 -1.6031593309018615 -1.6104180671822999 -1.6078274036823286
5 0.025433035295129879 0.025484844740152481 -0.91607248191037982 -0.89063944661525007 -0.92140943918982932 -0.89592459444967676 -0.91013566266938239 -0.89294336517274409 -0.91546101659023615 -0.89823343213402385
6 0.012034431828706126 0.012062400550410031 -0.87552223430868792 -0.86348780247998169 -0.88077398888325953 -0.86871158833284956 -0.87286910498341264 -0.86465352276753515 -0.8781147990522663 -0.86988007153882907
33 0.006970481740674106 0.0069877202756344139 -0.85541765693151128 -0.84844717519083712 -0.86062199939055362 -0.85363427911491918 -0.85392107668088946 -0.84912192829637034 -0.85912175272132063 -0.85431071895090394
7 0.011643814127181247 0.011660213211566786 -0.98339007204685136 -0.97174625791967006 -0.9888377107327242 -0.97717749752115735 -0.98059651562546124 -0.97276709467387379 -0.98604032455561441 -0.97819981792996213
8 0.0050171361096366992 0.0050248340057650435 -0.96520655413475642 -0.96018941802511981 -0.9706280797647463 -0.96560324575898127 -0.96408642145267442 -0.96066833312764266 -0.96950624692443899 -0.96608290487455117
34 0.0027729652642404408 0.0027773882766056867 -0.95691444125860103 -0.9541414759943605 -0.96232312912790485 -0.95954574085129907 -0.95631477707120038 -0.95440768670165554 -0.96172251396664588 -0.95981237900354421
47 0.0065876179654743208 0.0065947859174819313 -1.0186974941349498 -1.0121098761694756 -1.0241878423309196 -1.0175930564134377 -1.0171422364731333 -1.0126832214792507 -1.0226309255217467 -1.0181670401695879
9 0.0027354659863008174 0.0027386344058187937 -1.0084798640796848 -1.005744398093384 -1.0139589375652867 -1.011220303159468 -1.0078654643893861 -1.0060036938041415 -1.013343831747048 -1.011479901923094
35 0.0014790059937499359 0.0014807675403497875 -1.0039814175679123 -1.0025024115741621 -1.0094552470544609 -1.007974479514111 -1.0036605161116978 -1.0026438577507737 -1.0091339649665887 -1.0081160949586907
10 0.014217498117973968 0.014273970896771595 -0.6824953379112797 -0.66827783979330579 -0.68715025262756457 -0.67287628173079306 -0.6791945944890152 -0.66957411435254421 -0.68383655159110068 -0.67417777636061271
11 0.0068564340983211496 0.006884780648118656 -0.65973059210199525 -0.6528741580036741 -0.66429425682832965 -0.65740947618021117 -0.65822300713017245 -0.65354034770707448 -0.66278047332916079 -0.65807843764237772
52 0.0036509573493166371 0.0036663581337438682 -0.64825014495249111 -0.64459918760317447 -0.65276612039510962 -0.64909976226136579 -0.64739031437301209 -0.64462813522278151 -0.65190267300727023 -0.64912883243610964
12 0.0062473330496042815 0.0062699890507328737 -0.71917338461292113 -0.71292605156331679 -0.72396605444286777 -0.71769606539213493 -0.71767816624827907 -0.71347536220815777 -0.72246544384025468 -0.71824738141217148
13 0.002713914199769487 0.0027239408532791212 -0.70939974188356625 -0.70668582768379684 -0.71415682111655743 -0.71143288026327822 -0.708794478234133 -0.7069452099498581 -0.71354932672088334 -0.71169322353119036
36 0.0015059044783642265 0.0015115178128740367 -0.70491025518506389 -0.70340435070669971 -0.70965071398269397 -0.7081391961698198 -0.70458479247844519 -0.70354902062262592 -0.70932403972973923 -0.70828440618677901
48 0.0034624227065397301 0.0034743881569199667 -0.73787642419991839 -0.73441400149337865 -0.74273493866617479 -0.73926055050925488 -0.73706010133694222 -0.73471584048290428 -0.74191580392563861 -0.73956343664624435
14 0.0014442272894673544 0.0014492718185561112 -0.73250079333162521 -0.73105656604215796 -0.73734068699953115 -0.73589141518097501 -0.73217659920926326 -0.73119355686462328 -0.73701536204443374 -0.73602888525806454
37 0.00078250503472752355 0.00078525183435148107 -0.73012463837714137 -0.72934213334241382 -0.73495622298911756 -0.73417097115476615 -0.72995491087778341 -0.72941699617761269 -0.73478590014307266 -0.73424609700331289
22 1 1 -1.7778161974856357 -0.77781619748563569 -1.7834740627702188 -0.78347406277021892 -1.6899643437515346 -1.017324469084361 -1.6959478300602875 -1.0237244982224709
5 0.37531423754317772 0.37626901285833503 -1.7778161974856357 -1.4015471846273004 -1.7834740627702188 -1.4081598252270413 -1.6899643437515346 -1.4356234889561146 -1.6959478300602875 -1.4421969729114288
6 0.17790559305824943 0.17817857966245459 -1.1779993036278129 -1.0000937105695635 -1.1846345816585295 -1.0064560019960749 -1.1387737562027205 -1.017324469084361 -1.1453710327649489 -1.0237244982224709
33 0.10300357670121357 0.10338025398186945 -0.88081977418684931 -0.77781619748563569 -0.88685431675208837 -0.78347406277021892 -0.85870325906740719 -0.78778638090472908 -0.86466424359572747 -0.79348450329840892
15 0.14430695834130064 0.14453788508038934 -1.54608506970769 -1.4015471846273004 -1.5524667835683419 -1.4081598252270413 -1.533145477407386 -1.4356234889561146 -1.5395547774524334 -1.4421969729114288
16 0.065879781646673879 0.06608694390334531 -1.6963310589229956 -1.6302441150196503 -1.7022930473635993 -1.6364132657169257 -1.6899643437515346 -1.6448824386808263 -1.6959478300602875 -1.6510087539788658
38 0.037464870010366053 0.037611926191805034 -1.7778161974856357 -1.7402042712938306 -1.7834740627702188 -1.7460091927598529 -1.774186690951763 -1.7483016546541781 -1.779859246039075 -1.7540758838425847
17 0.071483313505904755 0.071624038692478381 -1.0715770240754683 -1.0000937105695635 -1.0780800406885533 -1.0064560019960749 -1.0653451657286226 -1.017324469084361 -1.0718375738547996 -1.0237244982224709
18 0.030320531048047269 0.030357788517439682 -1.1416611227994888 -1.1113405917514414 -1.1482616243357202 -1.1179038358182807 -1.1387737562027205 -1.1181238904993898 -1.1453710327649489 -1.1246961208770732
39 0.016632326162692897 0.016646907729716415 -1.1779993036278129 -1.1613669774651201 -1.1846345816585295 -1.1679876739288129 -1.1764046617053388 -1.1649678813295352 -1.1830386394428849 -1.1715919259597694
49 0.042115942927589023 0.042280453457679279 -0.81993214041322471 -0.77781619748563569 -0.82575451622789819 -0.78347406277021892 -0.8162785476865001 -0.78778638090472908 -0.8220872273711185 -0.79348450329840892
19 0.017332376748083585 0.017392587601089769 -0.86034400945685263 -0.84301163270876911 -0.86631058844209052 -0.84891800084100077 -0.85870325906740719 -0.84690902542289337 -0.86466424359572747 -0.85282914692893363
40 0.0093322574818112992 0.0093628079097158694 -0.88081977418684931 -0.87148751670503799 -0.88685431675208837 -0.87749150884237248 -0.87992791650171176 -0.87351360770535469 -0.88595957023793848 -0.87952429307917379
0 0.054980661077775231 0.055088683172451025 -1.54608506970769 -1.4909963865352389 -1.5524667835683419 -1.4974861224905665 -1.533145477407386 -1.495949986491669 -1.5395547774524334 -1.5024310170230801
1 0.025476807585716649 0.025511788365347617 -1.45867254347728 -1.4331607551119325 -1.465214192879486 -1.4397373852937694 -1.4530314806858811 -1.4356234889561146 -1.4595813201910337 -1.4421969729114288
30 0.014598263296498062 0.014613900247848904 -1.4161610848751494 -1.4015471846273004 -1.4227580885235394 -1.4081598252270413 -1.4130180412204674 -1.4029590351691399 -1.4196185544520887 -1.4095702408287134
2 0.026373182839533795 0.026460375652111203 -1.6963310589229956 -1.6698706832708843 -1.7022930473635993 -1.6759198645240656 -1.6899643437515346 -1.6721824661273106 -1.6959478300602875 -1.6782242556595566
3 0.011257039170295727 0.011291167838834161 -1.6550973901095576 -1.6438062222707235 -1.6611927851645238 -1.6499357459942279 -1.6525733078071543 -1.6448824386808263 -1.6586764218113905 -1.6510087539788658
31 0.0061936060268374627 0.0062115705180417306 -1.6364556855376919 -1.6302441150196503 -1.642606871743763 -1.6364132657169257 -1.6351114612641506 -1.6308399538241629 -1.6412665616184523 -1.6370073948558184
46 0.015286534100722379 0.015347924527444816 -1.7778161974856357 -1.7624682729581909 -1.7834740627702188 -1.7681875286694966 -1.774186690951763 -1.7638014013009238 -1.779859246039075 -1.7695154002027071
4 0.0063138816008098744 0.006338245542457337 -1.7540395872534753 -1.7477013417110181 -1.7597917461375072 -1.7534778645366971 -1.7526149867660632 -1.7483016546541781 -1.7583726500803374 -1.7540758838425847
32 0.0034053086803264303 0.0034182002758599579 -1.7436224715696906 -1.7402042712938306 -1.7494145014401794 -1.7460091927598529 -1.7428805376350118 -1.7405310299289021 -1.7486753737137732 -1.746334723127172
5 0.02675579113438574 0.026803578552229684 -1.0715770240754683 -1.0448212329410826 -1.0780800406885533 -1.0512764621363235 -1.0653451657286226 -1.047251310685998 -1.0718375738547996 -1.0537111214071542
6 0.01275760101217076 0.012784108605654102 -1.0288447773216653 -1.0160871763094947 -1.0352686850208914 -1.022484576415237 -1.0260352049618482 -1.017324469084361 -1.0324533890810357 -1.0237244982224709
33 0.0074188557497975871 0.0074354013199779967 -1.0075125663193614 -1.0000937105695635 -1.0138914033160529 -1.0064560019960749 -1.0059207085162263 -1.0008123803382123 -1.0122960332244866 -1.0071762942109022
7 0.012046752070380098 0.012060657288492925 -1.1416611227994888 -1.1296143707291086 -1.1482616243357202 -1.1362009670472275 -1.1387737562027205 -1.130671790189917 -1.1453710327649489 -1.1372596544377531
8 0.005208074090716143 0.0052147400257325522 -1.122834570361015 -1.1176264962702989 -1.1294128204919429 -1.1241980804662104 -1.1216723164910207 -1.1181238904993898 -1.1282490982024518 -1.1246961208770732
34 0.0028831292147252761 0.0028869945580794177 -1.1142237209661667 -1.1113405917514414 -1.1207908303763601 -1.1179038358182807 -1.1136003854193124 -1.1116174562908234 -1.1201666648831963 -1.1181810744863911
47 0.0067582276532299314 0.0067638806226509047 -1.1779993036278129 -1.171241075974583 -1.1846345816585295 -1.1778707010358787 -1.1764046617053388 -1.1718296644486903 -1.1830386394428849 -1.178459796638629
9 0.0028115037344030578 0.0028140505339064098 -1.1675128080907102 -1.164701304356307 -1.1741391552766811 -1.1713251047427746 -1.1668814793260107 -1.1649678813295352 -1.1735072602330474 -1.1715919259597694
35 0.0015214312479850868 0.0015228587896973689 -1.1628884087131053 -1.1613669774651201 -1.1695105327185105 -1.1679876739288129 -1.1625583448661807 -1.1615125027421824 -1.1691801607792141 -1.1681333365667341
10 0.015757264508124959 0.015817114066122427 -0.81993214041322471 -0.80417487590509973 -0.82575451622789819 -0.80993740216177579 -0.8162785476865001 -0.80561368973629044 -0.8220872273711185 -0.81138176525927441
11 0.0076326954684937942 0.0076630106126871489 -0.79467692990256356 -0.78704423443406968 -0.80040239888254816 -0.79273938826986101 -0.79299970333868519 -0.78778638090472908 -0.79871855169600015 -0.79348450329840892
52 0.0040736425620915284 0.0040901892757794212 -0.78188984004772721 -0.77781619748563569 -0.78756425204599845 -0.78347406277021892 -0.78093077479246664 -0.77784851008063483 -0.78660130339950007 -0.78350650715039638
12 0.0068591533124510388 0.0068826873675177248 -0.86034400945685263 -0.85348485614440162 -0.86631058844209052 -0.8594279010745729 -0.85870325906740719 -0.85408835875821387 -0.86466424359572747 -0.86003348977814253
13 0.0029852045755447863 0.0029956618628385941 -0.84960883834028489 -0.84662363376474015 -0.85553841424290122 -0.85254275238006261 -0.84894323284847362 -0.84690902542289337 -0.85487048342656047 -0.85282914692893363
36 0.0016579252255591998 0.0016637910128409024 -0.8446695579343283 -0.84301163270876911 -0.85058179185384164 -0.84891800084100077 -0.84431128866352623 -0.84317093205495197 -0.85022225692132058 -0.84907786476973057
48 0.0037839542378643896 0.0037962556589123662 -0.88081977418684931 -0.87703581994898494 -0.88685431675208837 -0.88305806109317608 -0.87992791650171176 -0.87736580860283864 -0.88595957023793848 -0.8833891271833243
14 0.0015799294048148148 0.0015851273696329178 -0.87494365184447331 -0.87336372243965843 -0.88095904118411683 -0.87937391381448382 -0.87458904158802186 -0.87351360770535469 -0.88060326603789296 -0.87952429307917379
37 0.00085643368662330496 0.00085926703183926922 -0.87234395039166124 -0.87148751670503799 -0.87835077587421184 -0.87749150884237248 -0.87215820066646677 -0.87156945902336458 -0.8781644121415676 -0.87757372251060994
23 1 1 -1.6636604449790435 -0.66366044497904331 -1.6656018693414005 -0.66560186934140031 -1.5681207316880084 -0.88675353742306706 -1.5702136821482817 -0.88899925223020348
7 0.3977580224347681 0.39817844887936937 -1.6636604449790435 -1.2654819960996742 -1.6656018693414005 -1.2678438469066322 -1.5681207316880084 -1.3003868616803043 -1.5702136821482817 -1.3027340791164075
8 0.17151042399893979 0.17163527709657578 -1.041893134717625 -0.87038271071868512 -1.0442473231470937 -0.8726120460505179 -1.0035997744598504 -0.88675353742306706 -1.0059350475044808 -0.88899925223020348
34 0.094778053962945141 0.094928712559143216 -0.75843849894198856 -0.66366044497904331 -0.76053058190054357 -0.66560186934140031 -0.73794187782557463 -0.67275908362931658 -0.7400040574134692 -0.67471634245119694
20 0.14950711651405224 0.14959991739388356 -1.4150819134935575 -1.2654819960996742 -1.4173509634206845 -1.2678438469066322 -1.4015225678231678 -1.3003868616803043 -1.403803262522195 -1.3027340791164075
21 0.070808263094500654 0.070901756246174355 -1.5749904337021228 -1.5040886774559485 -1.5770735552411805 -1.5062652921466799 -1.5681207316880084 -1.5197163039037742 -1.5702136821482817 -1.5218738243834502
41 0.041032322793279286 0.041101426623030346 -1.6636604449790435 -1.622559018356013 -1.6656018693414005 -1.6245695465481211 -1.6596811697262779 -1.6313824516679916 -1.6616295429978405 -1.6333786435374995
22 0.068249506422660089 0.068311570179901276 -0.93863221714134526 -0.87038271071868512 -0.9409236162304192 -0.8726120460505179 -0.93264713830262236 -0.88675353742306706 -0.93493374955776509 -0.88899925223020348
23 0.02942837345391355 0.029446119527201671 -1.0064091877351604 -0.97698081428124695 -1.0087460235842096 -0.97929990405700806 -1.0035997744598504 -0.98355042631354395 -1.0059350475044808 -0.98587374149879647
42 0.01627055815083666 0.016277965913551448 -1.041893134717625 -1.0256225765667883 -1.0442473231470937 -1.0279693572335422 -1.0403310328438193 -1.0291409647738408 -1.0426845504147082 -1.0314894261008569
50 0.038543772484378361 0.038608854003097978 -0.70220421746342176 -0.66366044497904331 -0.7042107233444983 -0.66560186934140031 -0.69884912943831434 -0.67275908362931658 -0.7008501779122881 -0.67471634245119694
24 0.016011339347342821 0.016035641503534665 -0.73945968688926689 -0.72344834754192422 -0.74152413153171703 -0.72548849002818239 -0.73794187782557463 -0.72704439584859526 -0.7400040574134692 -0.72909007497247136
43 0.0086585643035656367 0.0086710163830843699 -0.75843849894198856 -0.74977993463842285 -0.76053058190054357 -0.75185956551745914 -0.75761040249246658 -0.75165854074141436 -0.75970130594970209 -0.75374089568560276
0 0.057453195284297681 0.057498146761621446 -1.4150819134935575 -1.3575837667319361 -1.4173509634206845 -1.3598977681363866 -1.4015225678231678 -1.3627296130545596 -1.403803262522195 -1.3650400636848679
1 0.026252557633466456 0.026266153761555784 -1.3241229335644533 -1.2978567798028975 -1.3264577592147457 -1.3002052015812795 -1.3183042428162988 -1.3003868616803043 -1.3206422890051435 -1.3027340791164075
30 0.01493625953940347 0.014942000664171718 -1.2804239967638456 -1.2654819960996742 -1.2827801064460358 -1.2678438469066322 -1.2772069428282085 -1.2669237650931928 -1.2795643547416184 -1.2692850960691884
2 0.028456188886875206 0.02849588064046335 -1.5749904337021228 -1.5464945530616594 -1.5770735552411805 -1.5486173663543052 -1.5681207316880084 -1.5489784153320336 -1.5702136821482817 -1.5510978820089898
3 0.012066364113502389 0.012081663452086692 -1.5306475286136401 -1.5185658651615532 -1.5327911845606979 -1.5207248204471955 -1.5279444715955022 -1.5197163039037742 -1.5300915948975762 -1.5218738243834502
31 0.0066180424170903251 0.0066260337930843932 -1.5107147112490329 -1.5040886774559485 -1.51288333456377 -1.5062652921466799 -1.5092801283470147 -1.5047239327409923 -1.511450494895991 -1.5068997879435593
46 0.016778951251362306 0.016807925122427458 -1.6636604449790435 -1.646852519856616 -1.6656018693414005 -1.6488229180900382 -1.6596811697262779 -1.6483104876074 -1.6616295429978405 -1.6502784117344071
4 0.0069039754797794745 0.006915386278753672 -1.6376432249747723 -1.6307278386960185 -1.6396290790216761 -1.6327251035418966 -1.636088167697606 -1.6313824516679916 -1.6380766022725033 -1.6333786435374995
32 0.0037169957741575335 0.0037230116867605022 -1.6262820300427734 -1.622559018356013 -1.6282865423222785 -1.6245695465481211 -1.6254737270409738 -1.6229148089931402 -1.6274795495593357 -1.6249247643700855
5 0.025648623386012034 0.025670027410145749 -0.93863221714134526 -0.91298359375533311 -0.9409236162304192 -0.91525358882027352 -0.93264713830262236 -0.9153079929192095 -0.93493374955776509 -0.91758002297356311
6 0.012150994361136806 0.012162593007257371 -0.89772729412213015 -0.88557629976099339 -0.89998346114931216 -0.88782086814205474 -0.89504891212547932 -0.88675353742306706 -0.89730256710644429 -0.88899925223020348
33 0.0070423771415683845 0.0070495386916598901 -0.87742508786025353 -0.87038271071868512 -0.87966158474217782 -0.8726120460505179 -0.87591321805077049 -0.87106449941666564 -0.87814819217338058 -0.87329453569598448
7 0.01171173845430294 0.011718436505668152 -1.0064091877351604 -0.99469744928085757 -1.0087460235842096 -0.99702758707854167 -1.0035997744598504 -0.99572443385074727 -1.0059350475044808 -0.99805517826239376
8 0.0050490565673780357 0.005052209503853061 -0.98811748212320216 -0.98306842555582419 -0.99044364538801788 -0.98539143588416489 -0.98699030047722636 -0.98355042631354395 -0.98931576762614537 -0.98587374149879647
34 0.0027913150855272619 0.0027931289137976011 -0.97977212936677427 -0.97698081428124695 -0.98209303297080575 -0.97929990405700806 -0.97916852015079792 -0.97724879848582835 -0.98148903384217467 -0.97956806358853443
47 0.0066171960506912278 0.0066200966012666413 -1.041893134717625 -1.0352759386669337 -1.0442473231470937 -1.0376272265458271 -1.0403310328438193 -1.0358519194353293 -1.0426845504147082 -1.0382034658969355
9 0.0027485528778333607 0.0027498380714462462 -1.0316289700365096 -1.0288804171586761 -1.0339785935895658 -1.0312287555181197 -1.0310116540881562 -1.0291409647738408 -1.0333609913012329 -1.0314894261008569
35 0.001486284956406602 0.0014870002272919767 -1.0271088615231947 -1.0256225765667883 -1.0294563574608342 -1.0279693572335422 -1.0267863873390219 -1.0257647222320558 -1.0291337287458153 -1.0281115716415692
10 0.01445438301795598 0.014478176826196766 -0.70220421746342176 -0.68774983444546578 -0.7042107233444983 -0.68973254651830151 -0.69884912943831434 -0.68906800942729807 -0.7008501779122881 -0.69105292184966338
11 0.0069754014078820259 0.0069873601501084376 -0.67905666158805866 -0.67208126018017667 -0.68102470957072514 -0.67403734942061666 -0.67752306400118056 -0.67275908362931658 -0.67948849744126383 -0.67471634245119694
52 0.0037156101266474922 0.0037221116326988102 -0.66737605510569087 -0.66366044497904331 -0.66932398097409918 -0.66560186934140031 -0.66650104167386581 -0.66368990711260978 -0.66844744083296681 -0.6656313832183377
12 0.0063422566974988279 0.0063517751778157669 -0.73945968688926689 -0.733117430191768 -0.74152413153171703 -0.73517235635390121 -0.73794187782557463 -0.73367514361947084 -0.7400040574134692 -0.73573091247370048
13 0.0027559335240380936 0.002760148447500786 -0.72953691963211753 -0.72678098610807951 -0.73158640966596544 -0.72882626121846472 -0.7289223077426491 -0.72704439584859526 -0.73097086010408518 -0.72909007497247136
36 0.0015294312879693831 0.0015317916283599359 -0.72497777882989345 -0.72344834754192422 -0.72702028165654231 -0.72548849002818239 -0.72464723833366629 -0.72359528119337846 -0.72668923174084588 -0.72563565079665437
48 0.0035125251530901194 0.0035175448088526377 -0.75843849894198856 -0.75492597378889836 -0.76053058190054357 -0.75701303709169099 -0.75761040249246658 -0.75523219766683658 -0.75970130594970209 -0.75731970031260509
14 0.0014653528357887456 0.0014674697638707098 -0.75298489568625049 -0.75151954285046174 -0.75506916643042499 -0.75360169666655419 -0.75265596592759354 -0.75165854074141436 -0.75473976213938465 -0.75374089568560276
37 0.00079400882803028563 0.0007951616917758423 -0.75057394346645312 -0.74977993463842285 -0.7526547272092351 -0.75185956551745914 -0.75040172263558735 -0.7498558990040598 -0.75248225651008349 -0.75193564027573256
24 1 1 -1.6727766985066328 -0.6727766985066328 -1.6738529228814176 -0.67385292288141763 -1.577941341311055 -0.89729045931577067 -1.5790995322872714 -0.89853303969235299
12 0.39599184293057355 0.39622033930134709 -1.6727766985066328 -1.2765563592052858 -1.6738529228814176 -1.2778610799508443 -1.577941341311055 -1.3113926475968789 -1.5790995322872714 -1.3126892957051903
13 0.17209127196969071 0.17215894414216187 -1.052934573998936 -0.88084330202924532 -1.0542359120662528 -0.88207696792409085 -1.0145534424333307 -0.89729045931577067 -1.0158445925761239 -0.89853303969235299
36 0.095482029353606598 0.095564559725140469 -0.7682587278602393 -0.6727766985066328 -0.76941748260655807 -0.67385292288141763 -0.74762245325892152 -0.68194936700971664 -0.74876484819861122 -0.68303427707714059
20 0.1491153908468989 0.14916624015611785 -1.4257225993614036 -1.2765563592052858 -1.4269764707977428 -1.2778610799508443 -1.4122175736440323 -1.3113926475968789 -1.4134777978959512 -1.3126892957051903
21 0.070415975556505667 0.07046668429564068 -1.5847653254796479 -1.5142986411840071 -1.5859181914348333 -1.5155022158783276 -1.577941341311055 -1.5298373729253743 -1.5790995322872714 -1.5310305801799668
41 0.040742965665868547 0.040780315210234563 -1.6727766985066328 -1.6319963832963982 -1.6738529228814176 -1.6331099572155492 -1.6688297057564414 -1.6407531842820318 -1.6699096837499221 -1.6418590055968603
22 0.068538581590679326 0.06857231701090416 -0.9493818836199247 -0.88084330202924532 -0.95064928493499501 -0.88207696792409085 -0.94337452093132967 -0.89729045931577067 -0.94463932444304355 -0.89853303969235299
23 0.02951082871431419 0.029520417914370555 -1.0173701132876916 -0.98785928457337735 -1.0186621068183517 -0.98914168890398102 -1.0145534424333307 -0.9944485373703591 -1.0158445925761239 -0.99573322714727242
42 0.016304911069710899 0.016308895089856307 -1.052934573998936 -1.0366296629292253 -1.0542359120662528 -1.0379270169763963 -1.0513693624620373 -1.0401558478093038 -1.052670340123832 -1.041454106520092
50 0.038847986199517903 0.038883669010139732 -0.7116246847061507 -0.6727766985066328 -0.71273659189155736 -0.67385292288141763 -0.70824409289112855 -0.68194936700971664 -0.70935300961025827 -0.68303427707714059
24 0.016124861146496465 0.016138164217727447 -0.74915084190789716 -0.73302598076140069 -0.75029447643747338 -0.73415631221974587 -0.74762245325892152 -0.73664789439195089 -0.74876484819861122 -0.73778125725354626
43 0.008716712489856563 0.0087235234670849197 -0.7682587278602393 -0.75954201537038291 -0.76941748260655807 -0.76069395913947324 -0.76742512374021155 -0.76143334281689801 -0.76858323341783463 -0.76258677675798892
0 0.057263795599901142 0.057288349858333712 -1.4257225993614036 -1.3684342495030699 -1.4269764707977428 -1.3697126751978419 -1.4122175736440323 -1.3735635114215761 -1.4134777978959512 -1.3748399940734075
1 0.026195062433112971 0.026202535219279271 -1.3350707395886197 -1.3088682043693405 -1.3363605777909666 -1.3101655153578537 -1.329267111562479 -1.3113926475968789 -1.3305587179584477 -1.3126892957051903
30 0.014911904025060169 0.014915076580528978 -1.2914714357858146 -1.2765563592052858 -1.2927729839759043 -1.2778610799508443 -1.2882604863146896 -1.2779956890259272 -1.2895627533864604 -1.2793001221364249
2 0.028289719366673988 0.028311231296615974 -1.5847653254796479 -1.5564540941830318 -1.5859181914348333 -1.5576284720681595 -1.577941341311055 -1.5589223846883116 -1.5790995322872714 -1.5600949479374469
3 0.012002147622396644 0.012010450518421558 -1.5407040637887432 -1.5286936132703217 -1.5418897469750112 -1.5298875993526146 -1.5380171448845159 -1.5298373729253743 -1.5392047094589214 -1.5310305801799668
31 0.0065844867352545626 0.0065888265265168326 -1.5208874677105242 -1.5142986411840071 -1.5220867026135823 -1.5155022158783276 -1.5194610008376206 -1.5149303601729287 -1.520661182323497 -1.5161335223709105
46 0.016657656323061099 0.016673310358481519 -1.6727766985066328 -1.6561033881481513 -1.6738529228814176 -1.6571952665583567 -1.6688297057564414 -1.6575498598686798 -1.6699096837499221 -1.6586404012426597
4 0.0068561871131647446 0.0068623562635891982 -1.6469659142808322 -1.6401035580172429 -1.6480661465989697 -1.6412099594858049 -1.6454228492064709 -1.6407531842820318 -1.6465244765457985 -1.6418590055968603
32 0.0036917965150831851 0.0036950499884500034 -1.6356914332848482 -1.6319963832963982 -1.6368017537306323 -1.6331099572155492 -1.6348892200975849 -1.6323495114537434 -1.6360002491019823 -1.6334627755710895
5 0.025748267649330008 0.025759888004481028 -0.9493818836199247 -0.92363361597059468 -0.95064928493499501 -0.92488939693051397 -0.94337452093132967 -0.92596749137041767 -0.94463932444304355 -0.92722437785851786
6 0.012205031422871077 0.012211339927309686 -0.90831291138522907 -0.89610787996235797 -0.90956117655671265 -0.89734983662940282 -0.90562282714406572 -0.89729045931577067 -0.90686972634081542 -0.89853303969235299
33 0.00707575394247352 0.0070796524463208055 -0.88791905597171894 -0.88084330202924532 -0.88915662037041177 -0.88207696792409085 -0.88640008963905248 -0.88152835773050742 -0.88763682520740494 -0.88276240525358218
7 0.01174284952822633 0.011746465828596149 -1.0173701132876916 -1.0056272637594652 -1.0186621068183517 -1.0069156409897555 -1.0145534424333307 -1.0066570665133807 -1.0158445925761239 -1.007945771422615
8 0.0050637095205164065 0.0050654141251822594 -0.99902882922898573 -0.99396511970846935 -1.0003150587607683 -0.99524964463558607 -0.99789841268001267 -0.9944485373703591 -0.99918426592718923 -0.99573322714727242
34 0.0027997467463291878 0.00280072796310452 -0.99065903131970656 -0.98785928457337735 -0.99194241686708562 -0.98914168890398102 -0.99005360964370115 -0.98812808382695339 -0.99133678428088789 -0.98941058301282658
47 0.0066306432423251724 0.0066322021084525874 -1.052934573998936 -1.0463039307566109 -1.0542359120662528 -1.0476037099578002 -1.0513693624620373 -1.0468811105536722 -1.052670340123832 -1.0481810287886901
9 0.0027545140310018699 0.0027552055605121646 -1.042649243822023 -1.0398947297910208 -1.0439481278856562 -1.0411929223251442 -1.042030599812797 -1.0401558478093038 -1.0433293298265427 -1.041454106520092
35 0.0014896033147181217 0.0014899883802622943 -1.0381192662439434 -1.0366296629292253 -1.0394170053566587 -1.0379270169763963 -1.037796075166407 -1.0367721275242101 -1.0390937310937949 -1.0380695185821727
10 0.014565585572467031 0.014578626097285231 -0.7116246847061507 -0.69705909913368358 -0.71273659189155736 -0.69815796579427225 -0.70824409289112855 -0.69838755854652645 -0.70935300961025827 -0.69948763139315284
11 0.0070313060039236125 0.00703786422278882 -0.68829738179391853 -0.68126607578999498 -0.68938820861369665 -0.6823503443909078 -0.68675156220843048 -0.68194936700971664 -0.68784095532720013 -0.68303427707714059
52 0.0037460072652196474 0.00374957384319273 -0.67652270577185247 -0.6727766985066328 -0.67760249672461037 -0.67385292288141763 -0.67564055449537086 -0.67280640256688951 -0.6767195079675391 -0.6738826553285433
12 0.0063867170000119046 0.006391926581969588 -0.74915084190789716 -0.74276412490788513 -0.75029447643747338 -0.74390254985550375 -0.74762245325892152 -0.7433257746642129 -0.74876484819861122 -0.74446466087299146
13 0.0027756234428945609 0.0027779309587967122 -0.73915822072180981 -0.73638259727891531 -0.74029366990746392 -0.73751573894866718 -0.73853922858248178 -0.73664789439195089 -0.73967416444547895 -0.73778125725354626
36 0.0015404581685893354 0.0015417505398737825 -0.73456643892998996 -0.73302598076140069 -0.73569806275961969 -0.73415631221974587 -0.73423351858168517 -0.73317397545312368 -0.73536486349144314 -0.73430443126908929
48 0.0035359648478484147 0.0035387102252649053 -0.7682587278602393 -0.76472276301239106 -0.76941748260655807 -0.7658787723812932 -0.76742512374021155 -0.76503103848615006 -0.76858323341783463 -0.76618728815644221
14 0.0014752386396883245 0.0014763966215281075 -0.76276864431221525 -0.7612934056725269 -0.76392312621342029 -0.76244672959189219 -0.76243749856162146 -0.76143334281689801 -0.76359172089380567 -0.76258677675798892
37 0.00079939272648802372 0.0008000234007383266 -0.7603414080968709 -0.75954201537038291 -0.7614939825402115 -0.76069395913947324 -0.76016802038096631 -0.75961849527466585 -0.76132045813531368 -0.76077049943481678
25 1 1 -1.7206088929415158 -0.72060889294151576 -1.7268954099243861 -0.72689540992438606 -1.6291926844357549 -0.95225075502424694 -1.6358968815287391 -0.95943535664457791
0 0.38538157196752826 0.38657582477833902 -1.7206088929415158 -1.3340330681631767 -1.7268954099243861 -1.3415138379568576 -1.6291926844357549 -1.3685158827902195 -1.6358968815287391 -1.3759510699574324
1 0.1749268316527316 0.17527484037386803 -1.1103528969787246 -0.93542606532599293 -1.1178385865601035 -0.94256374618623529 -1.0715519046287143 -0.95225075502424694 -1.0789870898067728 -0.95943535664457791
30 0.099036672075789173 0.099487208974163799 -0.8196455650173049 -0.72060889294151576 -0.82638261889854991 -0.72689540992438606 -0.79830702820289201 -0.73015696320275791 -0.80495541944333682 -0.73649125208421296
15 0.14669881864534343 0.14697620137166165 -1.4810092695348382 -1.3340330681631767 -1.4882126566022014 -1.3415138379568576 -1.4677749036958878 -1.3685158827902195 -1.475012158647548 -1.3759510699574324
16 0.068075312429982271 0.068337398909113445 -1.6357936931692476 -1.5674562942601342 -1.6424705327329654 -1.574395220302983 -1.6291926844357549 -1.5825585256921872 -1.6358968815287391 -1.5894435602642807
38 0.039036119583431061 0.039225586116936967 -1.7206088929415158 -1.6813833068245789 -1.7268954099243861 -1.6878592903409548 -1.7168179271067234 -1.6898169760359165 -1.723123427079869 -1.6962535226282931
17 0.069962627394312638 0.070138933270970566 -1.0053886927203057 -0.93542606532599293 -1.012702679457206 -0.94256374618623529 -0.99927218264289519 -0.95225075502424694 -1.0065727307587478 -0.95943535664457791
18 0.029909412761991418 0.029957860510811434 -1.0744035135128005 -1.0444941007508093 -1.0818429280458111 -1.0518850675349996 -1.0715519046287143 -1.0511785926375188 -1.0789870898067728 -1.0585811713028066
39 0.016468461171022571 0.01648804008517768 -1.1103528969787246 -1.093884435807702 -1.1178385865601035 -1.1013505464749258 -1.1087729332631984 -1.0974478433536108 -1.1162568632107663 -1.104918422606243
49 0.040388378045842777 0.040584130741333824 -0.76099727098735848 -0.72060889294151576 -0.76747954066571988 -0.72689540992438606 -0.75748777597679207 -0.73015696320275791 -0.76395369286161996 -0.73649125208421296
19 0.016696760416095795 0.016769088925605743 -0.79988867252283191 -0.78319191210673611 -0.80654379402343856 -0.78977470509783287 -0.79830702820289201 -0.78694421633720357 -0.80495541944333682 -0.79354351024608638
40 0.009008922918909118 0.0090457922147575247 -0.8196455650173049 -0.8106366420983957 -0.82638261889854991 -0.81733682668379237 -0.81878429552264409 -0.81259192181066209 -0.825517860209248 -0.81930017836481017
0 0.056107161592881406 0.056238938464398217 -1.4810092695348382 -1.42477033107044 -1.4882126566022014 -1.4321054950093197 -1.4677749036958878 -1.4298161817846562 -1.475012158647548 -1.4371408197178457
1 0.025836842147816161 0.025878255088344813 -1.3918985603056047 -1.3660203052172599 -1.3992960348460397 -1.3734591926982236 -1.3861714611573521 -1.3685158827902195 -1.3935786808982824 -1.3759510699574324
30 0.014757520196761034 0.014775587542522756 -1.3488086557056995 -1.3340330681631767 -1.3562713581536188 -1.3415138379568576 -1.3456292359418318 -1.3354597116493454 -1.3530960115732553 -1.342938832758656
2 0.027298872113142442 0.027409613236515251 -1.6357936931692476 -1.6083840799327322 -1.6424705327329654 -1.615171660619823 -1.6291926844357549 -1.6107762253179845 -1.6358968815287391 -1.6175544409455791
3 0.011618253461956937 0.011661300436648972 -1.5931088345806543 -1.5814475341440053 -1.599954864596058 -1.5883366111341011 -1.5905009961775272 -1.5825585256921872 -1.5973567711804522 -1.5894435602642807
31 0.0063834467282850148 0.0064060270612748826 -1.5738623213214091 -1.5674562942601342 -1.580778667031268 -1.574395220302983 -1.5724757159827374 -1.5680706330277983 -1.5793969841650304 -1.5750074114488086
46 0.015943046816442097 0.016022297135495855 -1.7206088929415158 -1.70458659580602 -1.7268954099243861 -1.710952363107944 -1.7168179271067234 -1.7059774300716029 -1.723123427079869 -1.7123364197450186
4 0.0065740280912363726 0.0066053713579139464 -1.6957968943047523 -1.6891915229468384 -1.7022050467659993 -1.6956310186747627 -1.6943119285390145 -1.6898169760359165 -1.7007271653805343 -1.6962535226282931
32 0.0035428585515224964 0.0035594160264590131 -1.6849427228510376 -1.6813833068245789 -1.6914021488924775 -1.6878592903409548 -1.6841700452915307 -1.6817235179115562 -1.6906330764021349 -1.6881979243351046
5 0.026237251537428497 0.026297566833753755 -1.0053886927203057 -0.97915144118287711 -1.012702679457206 -0.98640511262345221 -0.99927218264289519 -0.98153191615678859 -1.0065727307587478 -0.98879134710716698
6 0.012471757909946951 0.01250484308022809 -0.96351354438816683 -0.9510417864782198 -0.97072795512949672 -0.95822311204926858 -0.96076574200442488 -0.95225075502424694 -0.96797299853072671 -0.95943535664457791
33 0.0072409508342068107 0.0072614955800274217 -0.94266701616019977 -0.93542606532599293 -0.94982524176626282 -0.94256374618623529 -0.94111294046826377 -0.9361272984929736 -0.94826680141987385 -0.94326699216895071
7 0.011892833433474078 0.01191101531706759 -1.0744035135128005 -1.0625106800793265 -1.0818429280458111 -1.0699319127287432 -1.0715519046287143 -1.0635540912476069 -1.0789870898067728 -1.0709769762511185
8 0.0051346607723104527 0.0051432992270594065 -1.0558229706807487 -1.0506883099084381 -1.0632333514551897 -1.0580900522281307 -1.0546768988849398 -1.0511785926375188 -1.0620853746228081 -1.0585811713028066
34 0.0028406524172359441 0.0028456421861085056 -1.047334753168045 -1.0444941007508093 -1.0547307097211081 -1.0518850675349996 -1.0467205409603542 -1.0447668554480811 -1.0541154255235476 -1.0521583048802572
47 0.0066945169351182096 0.0067021455666475757 -1.1103528969787246 -1.1036583800436062 -1.1178385865601035 -1.1111364409934561 -1.1087729332631984 -1.1042412634187224 -1.1162568632107663 -1.1117200065661246
9 0.0027829385120278346 0.0027863466240013227 -1.0999669425349938 -1.0971840040229659 -1.1074406034347331 -1.1046542568107318 -1.0993419689252641 -1.0974478433536108 -1.1068148712626504 -1.104918422606243
35 0.0015054524701537558 0.0015073559793194347 -1.0953898882778557 -1.093884435807702 -1.1028579024542453 -1.1013505464749258 -1.095063274004453 -1.0940284241004314 -1.102530877150333 -1.1014947178176036
10 0.015127958124401899 0.015199340087754962 -0.76099727098735848 -0.74586931286295655 -0.76747954066571988 -0.75228020057796496 -0.75748777597679207 -0.74724981754440656 -0.76395369286161996 -0.75366731554824085
11 0.0073145856465873793 0.007350609375801842 -0.73676054258070756 -0.72944595693412029 -0.74312732970960793 -0.73577672033380614 -0.7351528087785355 -0.73015696320275791 -0.74151172452689074 -0.73649125208421296
52 0.0039001910397750139 0.0039198167155956032 -0.72450908398129077 -0.72060889294151576 -0.73081522663998166 -0.72689540992438606 -0.72359073247646455 -0.72063982435504481 -0.72989226791359219 -0.72692649759175787
12 0.0066105808214903007 0.0066388789575788192 -0.79988867252283191 -0.79327809170134156 -0.80654379402343856 -0.79990491506585981 -0.79830702820289201 -0.79385956762584109 -0.80495541944333682 -0.800488897913605
13 0.0028748519920340941 0.0028874056540547431 -0.78954425841575593 -0.78666940642372185 -0.79615490234569752 -0.79326749669164287 -0.7889031942826471 -0.78694421633720357 -0.79551104613085899 -0.79354351024608638
36 0.0015960523001179944 0.0016030884645850726 -0.78478796440685405 -0.78319191210673611 -0.791377793562418 -0.78977470509783287 -0.78444304634749307 -0.78334525663104027 -0.7910313571276727 -0.78992872676057202
48 0.0036537216634603218 0.0036685754304891646 -0.8196455650173049 -0.81599184335384456 -0.82638261889854991 -0.82271404346806065 -0.81878429552264409 -0.81631042752442529 -0.825517860209248 -0.82303392819120613
14 0.0015249277159608003 0.0015311983941182243 -0.81397219105893059 -0.81244726334296979 -0.82068612242662464 -0.81915492403250656 -0.81362990775968058 -0.81259192181066209 -0.82034243367148285 -0.81930017836481017
37 0.0008264600887700821 0.00082987668889160523 -0.81146310218716589 -0.8106366420983957 -0.81816670337268393 -0.81733682668379237 -0.8112838481997503 -0.81071571395847908 -0.81798670893445502 -0.81741622572794037
26 1 1 -1.6420274306556366 -0.64202743065563661 -1.6445991876031745 -0.64459918760317447 -1.5447409597380641 -0.86166452546553995 -1.5475261512892189 -0.86465352276753515
2 0.40240785830684306 0.40299300147934408 -1.6420274306556366 -1.2390344291762925 -1.6445991876031745 -1.2421913292963314 -1.5447409597380641 -1.2741033242326383 -1.5475261512892189 -1.2772406372223457
3 0.17007540834431456 0.17025031894411269 -1.0155562990300151 -0.84548089068570076 -1.0186974941349498 -0.84844717519083712 -0.97748223323834327 -0.86166452546553995 -0.98059651562546124 -0.86465352276753515
31 0.093071690899658777 0.093277236596743945 -0.73509912155529544 -0.64202743065563661 -0.73787642419991839 -0.64459918760317447 -0.71494179328656671 -0.6509470598435535 -0.71767816624827907 -0.65354034770707448
20 0.15052388378981524 0.15065033682437029 -1.3896847660006628 -1.2390344291762925 -1.3927152130861467 -1.2421913292963314 -1.3759927895021606 -1.2741033242326383 -1.3790392848155408 -1.2772406372223457
21 0.071844672190506054 0.071975468219790742 -1.5517237207278938 -1.4797482525081032 -1.5544951220499077 -1.4826504498594018 -1.5447409597380641 -1.4955948300897945 -1.5475261512892189 -1.4984703885286215
41 0.041801445108485047 0.041898993218431102 -1.6420274306556366 -1.6001284374372053 -1.6445991876031745 -1.6027977424946895 -1.6379678885714788 -1.6091172117338359 -1.6405494692048881 -1.6117663065242656
22 0.067538973992946338 0.067625306719542616 -0.91301986467864715 -0.84548089068570076 -0.91607248191037982 -0.84844717519083712 -0.90708973528990877 -0.86166452546553995 -0.91013566266938239 -0.86465352276753515
23 0.029223546777744414 0.029248596052490767 -0.98027357674322446 -0.95105002996548016 -0.98339007204685136 -0.9541414759943605 -0.97748223323834327 -0.95757093702264851 -0.98059651562546124 -0.96066833312764266
42 0.016184505259529219 0.016195082560787669 -1.0155562990300151 -0.99937179377048602 -1.0186974941349498 -1.0025024115741621 -1.0140020017991269 -1.002870681236655 -1.0171422364731333 -1.0060036938041415
50 0.037807553760782618 0.037896150308105253 -0.67983498441641932 -0.64202743065563661 -0.6824953379112797 -0.64459918760317447 -0.67654168089911415 -0.6509470598435535 -0.6791945944890152 -0.65354034770707448
24 0.015735818469163308 0.015769033906221353 -0.71643391392309108 -0.70069809545392769 -0.71917338461292113 -0.70340435070669971 -0.71494179328656671 -0.70423139133578427 -0.71767816624827907 -0.7069452099498581
43 0.0085172384236722187 0.0085342908575046054 -0.73509912155529544 -0.72658188313162309 -0.73787642419991839 -0.72934213334241382 -0.73428441451240078 -0.72842957730092683 -0.73706010133694222 -0.73119355686462328
0 0.057947466568674277 0.058009214803882284 -1.3896847660006628 -1.3316755511967806 -1.3927152130861467 -1.3347677465174725 -1.3759927895021606 -1.3368616646322133 -1.3790392848155408 -1.3399490049690606
1 0.02640099389223189 0.026419371502602297 -1.2979790696540534 -1.271559698151451 -1.3010996268184041 -1.2746986329261722 -1.2921240299495005 -1.2741033242326383 -1.2952489525429913 -1.2772406372223457
30 0.014998545450164451 0.015006195112890728 -1.2540406242891833 -1.2390344291762925 -1.257189874746496 -1.2421913292963314 -1.2508089878328039 -1.24048199960307 -1.2539599781667106 -1.2436382095104048
2 0.028896563713017138 0.028952198440268063 -1.5517237207278938 -1.5227715222876257 -1.5544951220499077 -1.5255985583368905 -1.5447409597380641 -1.5252938333465396 -1.5475261512892189 -1.528116184218701
3 0.012235849751524927 0.012257221212874187 -1.5066851532710641 -1.4944279320581899 -1.5095413434298151 -1.4973054936782901 -1.5039422988547404 -1.4955948300897945 -1.5068033347215295 -1.4984703885286215
31 0.0067065028993166806 0.0067176467999260784 -1.4864658993080293 -1.4797482525081032 -1.4893569527587185 -1.4826504498594018 -1.4850113290982234 -1.4803922130801024 -1.4879048141117774 -1.4832933516567552
46 0.017101568254323962 0.017142507775347648 -1.6420274306556366 -1.6248849228802891 -1.6445991876031745 -1.6274976193488504 -1.6379678885714788 -1.6263714511464655 -1.6405494692048881 -1.6289806539215261
4 0.0070309347917969136 0.0070470304437726628 -1.615497252252492 -1.6084502218087193 -1.6181317645013453 -1.6111008297095484 -1.6139124203164736 -1.6091172117338359 -1.6165505733610328 -1.6117663065242656
32 0.0037839061585901879 0.0037923851391284836 -1.6039208225763339 -1.6001284374372053 -1.6065816486532796 -1.6027977424946895 -1.6030974093374926 -1.6004908330715224 -1.6057600823215843 -1.6031593309018615
5 0.025403172160488756 0.025433035295129879 -0.91301986467864715 -0.88761669251815833 -0.91607248191037982 -0.89063944661525007 -0.90708973528990877 -0.88991777644380776 -0.91013566266938239 -0.89294336517274409
6 0.012018322833692585 0.012034431828706126 -0.87251871917598312 -0.86050039634229047 -0.87552223430868792 -0.86348780247998169 -0.86986908083616887 -0.86166452546553995 -0.87286910498341264 -0.86465352276753515
33 0.0069605564985717565 0.006970481740674106 -0.8524414471842725 -0.84548089068570076 -0.85541765693151128 -0.84844717519083712 -0.85094697802198227 -0.84615467270077216 -0.85392107668088946 -0.84912192829637034
7 0.011634340089326664 0.011643814127181247 -0.98027357674322446 -0.96863923665389784 -0.98339007204685136 -0.97174625791967006 -0.97748223323834327 -0.9696592164515655 -0.98059651562546124 -0.97276709467387379
8 0.0050126913715443974 0.0050171361096366992 -0.96210514284824855 -0.95709245147670408 -0.96520655413475642 -0.96018941802511981 -0.96098599189944167 -0.95757093702264851 -0.96408642145267442 -0.96066833312764266
34 0.002770412058750036 0.0027729652642404408 -0.95382044202423011 -0.95105002996548016 -0.95691444125860103 -0.9541414759943605 -0.95322132681109506 -0.95131599393833166 -0.95631477707120038 -0.95440768670165554
47 0.0065834692889528996 0.0065876179654743208 -1.0155562990300151 -1.0089728297410625 -1.0186974941349498 -1.0121098761694756 -1.0140020017991269 -1.0095458055952462 -1.0171422364731333 -1.0126832214792507
9 0.0027336330291948593 0.0027354659863008174 -1.0053451938620572 -1.0026115608328625 -1.0084798640796848 -1.005744398093384 -1.0047312026962576 -1.002870681236655 -1.0078654643893861 -1.0060036938041415
35 0.0014779871328551583 0.0014790059937499359 -1.0008497809033412 -0.99937179377048602 -1.0039814175679123 -1.0025024115741621 -1.0005290996072784 -0.99951314204757247 -1.0036605161116978 -1.0026438577507737
10 0.014185075462118009 0.014217498117973968 -0.67983498441641932 -0.66564990895430132 -0.6824953379112797 -0.66827783979330579 -0.67654168089911415 -0.6669431867847222 -0.6791945944890152 -0.66957411435254421
11 0.0068401637524288066 0.0068564340983211496 -0.65712262475983485 -0.65028246100740605 -0.65973059210199525 -0.6528741580036741 -0.65561859774606135 -0.6509470598435535 -0.65822300713017245 -0.65354034770707448
52 0.0036421187818773695 0.0036509573493166371 -0.64566954943751398 -0.64202743065563661 -0.64825014495249111 -0.64459918760317447 -0.64481179459654714 -0.64205630794209245 -0.64739031437301209 -0.64462813522278151
12 0.0062343181010612835 0.0062473330496042815 -0.71643391392309108 -0.71019959582202974 -0.71917338461292113 -0.71292605156331679 -0.71494179328656671 -0.71074775450811634 -0.71767816624827907 -0.71347536220815777
13 0.002708154962139055 0.002713914199769487 -0.70668071601469551 -0.70397256105255634 -0.70939974188356625 -0.70668582768379684 -0.7060767337092887 -0.70423139133578427 -0.708794478234133 -0.7069452099498581
36 0.001502680398846489 0.0015059044783642265 -0.70220077585277418 -0.70069809545392769 -0.70491025518506389 -0.70340435070669971 -0.70187600901679859 -0.70084245515998533 -0.70458479247844519 -0.70354902062262592
48 0.0034555470050182738 0.0034624227065397301 -0.73509912155529544 -0.73164357455027718 -0.73787642419991839 -0.73441400149337865 -0.73428441451240078 -0.73194481183213034 -0.73706010133694222 -0.73471584048290428
14 0.00144132874287097 0.0014442272894673544 -0.72973419059458056 -0.72829286185170949 -0.73250079333162521 -0.73105656604215796 -0.72941064624520224 -0.72842957730092683 -0.73217659920926326 -0.73119355686462328
37 0.00078092679329806551 0.00078250503472752355 -0.72736280992492131 -0.72658188313162309 -0.73012463837714137 -0.72934213334241382 -0.72719342449823232 -0.72665659484681266 -0.72995491087778341 -0.72941699617761269
27 1 1 -1.7747696546400908 -0.77476965464009084 -1.7778161974856357 -0.77781619748563569 -1.6867405943608191 -1.0138757346872751 -1.6899643437515346 -1.017324469084361
5 0.37626901285833503 0.37678767233642346 -1.7747696546400908 -1.3979819823036674 -1.7778161974856357 -1.4015471846273004 -1.6867405943608191 -1.4320794511503754 -1.6899643437515346 -1.4356234889561146
6 0.17775708064337772 0.17790559305824943 -1.1744225488647331 -0.99666546822135538 -1.1779993036278129 -1.0000937105695635 -1.1352177414328308 -1.0138757346872751 -1.1387737562027205 -1.017324469084361
33 0.10279962371640267 0.10300357670121357 -0.87756927835649345 -0.77476965464009084 -0.88081977418684931 -0.77781619748563569 -0.85549261425537948 -0.78471805347415746 -0.85870325906740719 -0.78778638090472908
15 0.14453788508038934 0.14466297372797643 -1.5426449560316438 -1.3979819823036674 -1.54608506970769 -1.4015471846273004 -1.5296903977569167 -1.4320794511503754 -1.533145477407386 -1.4356234889561146
16 0.06608694390334531 0.066199573016177335 -1.6931190022966085 -1.626919429280431 -1.6963310589229956 -1.6302441150196503 -1.6867405943608191 -1.6415810322916224 -1.6899643437515346 -1.6448824386808263
38 0.037611926191805034 0.037691981016198736 -1.7747696546400908 -1.737077673623892 -1.7778161974856357 -1.7402042712938306 -1.7711321495282382 -1.7451917621073294 -1.774186690951763 -1.7483016546541781
17 0.071406854616234361 0.071483313505904755 -1.0680723228375899 -0.99666546822135538 -1.0715770240754683 -1.0000937105695635 -1.0618462330858192 -1.0138757346872751 -1.0653451657286226 -1.017324469084361
18 0.030300231288835352 0.030320531048047269 -1.1381033497542621 -1.1078031184654269 -1.1416611227994888 -1.1113405917514414 -1.1352177414328308 -1.114581523371079 -1.1387737562027205 -1.1181238904993898
39 0.016624361617218697 0.016632326162692897 -1.1744225488647331 -1.1577981872475145 -1.1779993036278129 -1.1613669774651201 -1.1728286176087419 -1.1613972631864857 -1.1764046617053388 -1.1649678813295352
49 0.042026902311832703 0.042115942927589023 -0.81679655695192355 -0.77476965464009084 -0.81993214041322471 -0.77781619748563569 -0.81315037907098309 -0.78471805347415746 -0.8162785476865001 -0.78778638090472908
19 0.017299764951485747 0.017332376748083585 -0.85713033420785067 -0.83983056925636501 -0.86034400945685263 -0.84301163270876911 -0.85549261425537948 -0.84372051345897237 -0.85870325906740719 -0.84690902542289337
40 0.0093157048749161649 0.0093322574818112992 -0.87756927835649345 -0.86825357348157728 -0.88081977418684931 -0.87148751670503799 -0.87667898597036609 -0.87027603819022037 -0.87992791650171176 -0.87351360770535469
0 0.055088683172451025 0.055147260556229462 -1.5426449560316438 -1.4874976954754144 -1.54608506970769 -1.4909963865352389 -1.5296903977569167 -1.4924560131947546 -1.533145477407386 -1.495949986491669
1 0.025511788365347617 0.025530717720881953 -1.4551457332649753 -1.4296150155440934 -1.45867254347728 -1.4331607551119325 -1.4495002369594479 -1.4320794511503754 -1.4530314806858811 -1.4356234889561146
30 0.014613900247848904 0.014622347849251868 -1.4126043301529192 -1.3979819823036674 -1.4161610848751494 -1.4015471846273004 -1.4094593899289833 -1.3993946077529293 -1.4130180412204674 -1.4029590351691399
2 0.026460375652111203 0.026507793478667156 -1.6931190022966085 -1.6666112088179412 -1.6963310589229956 -1.6698706832708843 -1.6867405943608191 -1.6689270107924985 -1.6899643437515346 -1.6721824661273106
3 0.011291167838834161 0.011309718789944016 -1.651812790837937 -1.6405030720479932 -1.6550973901095576 -1.6438062222707235 -1.6492845125545046 -1.6415810322916224 -1.6525733078071543 -1.6448824386808263
31 0.0062115705180417306 0.0062213328673108807 -1.6331407621477418 -1.626919429280431 -1.6364556855376919 -1.6302441150196503 -1.631794410748691 -1.6275161971186185 -1.6351114612641506 -1.6308399538241629
46 0.015347924527444816 0.015381349075378282 -1.7747696546400908 -1.7593883055647126 -1.7778161974856357 -1.7624682729581909 -1.7711321495282382 -1.7607242957671558 -1.774186690951763 -1.7638014013009238
4 0.006338245542457337 0.0063515074304744661 -1.750941708158323 -1.7445902007278487 -1.7540395872534753 -1.7477013417110181 -1.7495141113804458 -1.7451917621073294 -1.7526149867660632 -1.7483016546541781
32 0.0034182002758599579 0.0034252166695695591 -1.7405028902934616 -1.737077673623892 -1.7436224715696906 -1.7402042712938306 -1.7397594290222111 -1.7374051007437843 -1.7428805376350118 -1.7405310299289021
5 0.026729812820797325 0.02675579113438574 -1.0680723228375899 -1.0413425100167926 -1.0715770240754683 -1.0448212329410826 -1.0618462330858192 -1.0437700978879845 -1.0653451657286226 -1.047251310685998
6 0.012743202921625205 0.01275760101217076 -1.0253830726679463 -1.012639869746321 -1.0288447773216653 -1.0160871763094947 -1.0225766095139464 -1.0138757346872751 -1.0260352049618482 -1.017324469084361
33 0.0074098721770944898 0.0074188557497975871 -1.0040753403984499 -0.99666546822135538 -1.0075125663193614 -1.0000937105695635 -1.0024853897367199 -0.99738325712579701 -1.0059207085162263 -1.0008123803382123
7 0.012039172589408731 0.012046752070380098 -1.1381033497542621 -1.1260641771648534 -1.1416611227994888 -1.1296143707291086 -1.1352177414328308 -1.1271209056776921 -1.1387737562027205 -1.130671790189917
8 0.0052044430995957635 0.005208074090716143 -1.1192889241886341 -1.1140844810890385 -1.122834570361015 -1.1176264962702989 -1.118127470246385 -1.114581523371079 -1.1216723164910207 -1.1181238904993898
34 0.002881024351044596 0.0028831292147252761 -1.1106841428164713 -1.1078031184654269 -1.1142237209661667 -1.1113405917514414 -1.1100612592346075 -1.1080797792839807 -1.1136003854193124 -1.1116174562908234
47 0.0067551387413488217 0.0067582276532299314 -1.1744225488647331 -1.1676674101233844 -1.1779993036278129 -1.171241075974583 -1.1728286176087419 -1.1682557215600593 -1.1764046617053388 -1.1718296644486903
9 0.002810113024223064 0.0028115037344030578 -1.1639409325975283 -1.1611308195733052 -1.1675128080907102 -1.164701304356307 -1.1633099130808311 -1.1613972631864857 -1.1668814793260107 -1.1649678813295352
35 0.0015206519398092934 0.0015214312479850868 -1.1593188391873239 -1.1577981872475145 -1.1628884087131053 -1.1613669774651201 -1.1589889435377292 -1.1579436375415166 -1.1625583448661807 -1.1615125027421824
10 0.015724865582822888 0.015757264508124959 -0.81679655695192355 -0.80107169136910061 -0.81993214041322471 -0.80417487590509973 -0.81315037907098309 -0.80250750144186389 -0.8162785476865001 -0.80561368973629044
11 0.0076162891635111751 0.0076326954684937942 -0.79159380265571067 -0.78397751349219957 -0.79467692990256356 -0.78704423443406968 -0.78992015925447434 -0.78471805347415746 -0.79299970333868519 -0.78778638090472908
52 0.0040646888657134284 0.0040736425620915284 -0.77883434350580427 -0.77476965464009084 -0.78188984004772721 -0.77781619748563569 -0.77787737965812287 -0.77480189592579407 -0.78093077479246664 -0.77784851008063483
12 0.0068464057158055406 0.0068591533124510388 -0.85713033420785067 -0.85028392849204515 -0.86034400945685263 -0.85348485614440162 -0.85549261425537948 -0.85088630119081154 -0.85870325906740719 -0.85408835875821387
13 0.0029795409047618112 0.0029852045755447863 -0.84641520586156282 -0.84343566495680089 -0.84960883834028489 -0.84662363376474015 -0.84575085978642339 -0.84372051345897237 -0.84894323284847362 -0.84690902542289337
36 0.0016547484981668528 0.0016579252255591998 -0.84148531775453184 -0.83983056925636501 -0.8446695579343283 -0.84301163270876911 -0.84112773393269402 -0.83998956284536663 -0.84431128866352623 -0.84317093205495197
48 0.0037772889069829312 0.0037839542378643896 -0.87756927835649345 -0.87379198944951053 -0.88081977418684931 -0.87703581994898494 -0.87667898597036609 -0.87412139432595337 -0.87992791650171176 -0.87736580860283864
14 0.0015771131618801625 0.0015799294048148148 -0.87170353373096643 -0.87012642056908618 -0.87494365184447331 -0.87336372243965843 -0.8713495546140807 -0.87027603819022037 -0.87458904158802186 -0.87351360770535469
37 0.00085489863688760742 0.00085643368662330496 -0.86910847211846498 -0.86825357348157728 -0.87234395039166124 -0.87148751670503799 -0.86892305505180323 -0.86833536878876039 -0.87215820066646677 -0.87156945902336458
28 1 1 -1.6626014862359395 -0.66260148623593951 -1.6636604449790435 -0.66366044497904331 -1.5669787696137156 -0.88552820177387925 -1.5681207316880084 -0.88675353742306706
7 0.39817844887936937 0.39840856197814745 -1.6626014862359395 -1.2641929242577921 -1.6636604449790435 -1.2654819960996742 -1.5669787696137156 -1.2991057781125976 -1.5681207316880084 -1.3003868616803043
8 0.17144205597055961 0.17151042399893979 -1.0406083938450117 -0.86916633787445208 -1.041893134717625 -0.87038271071868512 -1.0023254027102817 -0.88552820177387925 -1.0035997744598504 -0.88675353742306706
34 0.094695707052586869 0.094778053962945141 -0.7572971932885264 -0.66260148623593951 -0.75843849894198856 -0.66366044497904331 -0.73681692041749303 -0.67169147210790181 -0.73794187782557463 -0.67275908362931658
20 0.14959991739388356 0.14965063750383378 -1.4138435617616256 -1.2641929242577921 -1.4150819134935575 -1.2654819960996742 -1.4002778467764065 -1.2991057781125976 -1.4015225678231678 -1.3003868616803043
21 0.070901756246174355 0.070952946314600834 -1.5738538542907716 -1.502900907976171 -1.5749904337021228 -1.5040886774559485 -1.5669787696137156 -1.5185389870590851 -1.5681207316880084 -1.5197163039037742
41 0.041101426623030346 0.041139286078685333 -1.6626014862359395 -1.6214622001572541 -1.6636604449790435 -1.622559018356013 -1.6586184035469307 -1.6302934870964323 -1.6596811697262779 -1.6313824516679916
22 0.068215537860484204 0.068249506422660089 -0.93738187573493625 -0.86916633787445208 -0.93863221714134526 -0.87038271071868512 -0.9313994181771108 -0.88552820177387925 -0.93264713830262236 -0.88675353742306706
23 0.029418650773749496 0.02942837345391355 -1.0051339595699704 -0.97571530879622093 -1.0064091877351604 -0.97698081428124695 -1.0023254027102817 -0.98228260620916985 -1.0035997744598504 -0.98355042631354395
42 0.016266496305836597 0.01627055815083666 -1.0406083938450117 -1.0243418975391752 -1.041893134717625 -1.0256225765667883 -1.0390466598872363 -1.0278593643379688 -1.0403310328438193 -1.0291409647738408
50 0.038508205688425362 0.038543772484378361 -0.7011096919243649 -0.66260148623593951 -0.70220421746342176 -0.66366044497904331 -0.69775758664785437 -0.67169147210790181 -0.69884912943831434 -0.67275908362931658
24 0.015998054623795221 0.016011339347342821 -0.73833349124039793 -0.72233543661660282 -0.73945968688926689 -0.72344834754192422 -0.73681692041749303 -0.72592845844136156 -0.73794187782557463 -0.72704439584859526
43 0.0086517564749813321 0.0086585643035656367 -0.7572971932885264 -0.74864543681354512 -0.75843849894198856 -0.74977993463842285 -0.75646974171407155 -0.75052255364019682 -0.75761040249246658 -0.75165854074141436
0 0.057498146761621446 0.057522728325713667 -1.4138435617616256 -1.356320833435912 -1.4150819134935575 -1.3575837667319361 -1.4002778467764065 -1.3614686208768452 -1.4015225678231678 -1.3627296130545596
1 0.026266153761555784 0.026273580664743536 -1.3228486191918296 -1.2965750385270862 -1.3241229335644533 -1.2978567798028975 -1.3170281688867855 -1.2991057781125976 -1.3183042428162988 -1.3003868616803043
30 0.014942000664171718 0.014945133762019915 -1.279138058019812 -1.2641929242577921 -1.2804239967638456 -1.2654819960996742 -1.2759202932901805 -1.2656349768721862 -1.2772069428282085 -1.2669237650931928
2 0.02849588064046335 0.02851761580576051 -1.5738538542907716 -1.5453362384850116 -1.5749904337021228 -1.5464945530616594 -1.5669787696137156 -1.5478219332075418 -1.5681207316880084 -1.5489784153320336
3 0.012081663452086692 0.012090039401322913 -1.5294778022319939 -1.5173877628306709 -1.5306475286136401 -1.5185658651615532 -1.5267728468775188 -1.5185389870590851 -1.5279444715955022 -1.5197163039037742
31 0.0066260337930843932 0.0066304083296682076 -1.5095313163058393 -1.502900907976171 -1.5107147112490329 -1.5040886774559485 -1.5080957791277811 -1.5035365790017932 -1.5092801283470147 -1.5047239327409923
46 0.016807925122427458 0.01682379989109567 -1.6626014862359395 -1.6457776863448439 -1.6636604449790435 -1.646852519856616 -1.6586184035469307 -1.6472370095997775 -1.6596811697262779 -1.6483104876074
4 0.006915386278753672 0.0069216375190485997 -1.6365599238393549 -1.6296382863203061 -1.6376432249747723 -1.6307278386960185 -1.6350034528362991 -1.6302934870964323 -1.636088167697606 -1.6313824516679916
32 0.0037230116867605022 0.0037263072355551369 -1.6251885073928092 -1.6214622001572541 -1.6262820300427734 -1.622559018356013 -1.6243794866293049 -1.6218183045825612 -1.6254737270409738 -1.6229148089931402
5 0.025636906143753364 0.025648623386012034 -0.93738187573493625 -0.9117449695911829 -0.93863221714134526 -0.91298359375533311 -0.9313994181771108 -0.91406825486345222 -0.93264713830262236 -0.9153079929192095
6 0.012144646910403664 0.012150994361136806 -0.89649623838354553 -0.88435159147314191 -0.89772729412213015 -0.88557629976099339 -0.89381923118120621 -0.88552820177387925 -0.89504891212547932 -0.88675353742306706
33 0.0070384585091122082 0.0070423771415683845 -0.87620479638356419 -0.86916633787445208 -0.87742508786025353 -0.87038271071868512 -0.87469375981114672 -0.86984774304021251 -0.87591321805077049 -0.87106449941666564
7 0.011708068209216653 0.01171173845430294 -1.0051339595699704 -0.99342589136075388 -1.0064091877351604 -0.99469744928085757 -1.0023254027102817 -0.99445254356127488 -1.0035997744598504 -0.99572443385074727
8 0.0050473293003203117 0.0050490565673780357 -0.98684810175536186 -0.98180077245504149 -0.98811748212320216 -0.98306842555582419 -0.98572130147236514 -0.98228260620916985 -0.98699030047722636 -0.98355042631354395
34 0.0027903215224809328 0.0027913150855272619 -0.97850563031870197 -0.97571530879622093 -0.97977212936677427 -0.97698081428124695 -0.97790223468896131 -0.97598319696341851 -0.97916852015079792 -0.97724879848582835
47 0.0066156054200970874 0.0066171960506912278 -1.0406083938450117 -1.0339927884249147 -1.041893134717625 -1.0352759386669337 -1.0390466598872363 -1.034568627400152 -1.0403310328438193 -1.0358519194353293
9 0.002747848234865615 0.0027485528778333607 -1.0303467323761191 -1.0275988841412533 -1.0316289700365096 -1.0288804171586761 -1.0297295734254865 -1.0278593643379688 -1.0310116540881562 -1.0291409647738408
35 0.0014858928238318883 0.001486284956406602 -1.0258277903630071 -1.0243418975391752 -1.0271088615231947 -1.0256225765667883 -1.0255054008982905 -1.0244840055181936 -1.0267863873390219 -1.0257647222320558
10 0.014441378908848253 0.01445438301795598 -0.7011096919243649 -0.68666831301551667 -0.70220421746342176 -0.68774983444546578 -0.69775758664785437 -0.68798528547704252 -0.69884912943831434 -0.68906800942729807
11 0.0069688662609678001 0.0069754014078820259 -0.67798315405506027 -0.67101428779409256 -0.67905666158805866 -0.67208126018017667 -0.67645098527032144 -0.67169147210790181 -0.67752306400118056 -0.67275908362931658
52 0.0037120574150450586 0.0037156101266474922 -0.66631354365098461 -0.66260148623593951 -0.66737605510569087 -0.66366044497904331 -0.66543936448737839 -0.66263092009491353 -0.66650104167386581 -0.66368990711260978
12 0.0063370532902728306 0.0063422566974988279 -0.73833349124039793 -0.73199643795012515 -0.73945968688926689 -0.733117430191768 -0.73681692041749303 -0.73255369071656062 -0.73794187782557463 -0.73367514361947084
13 0.0027536294889937453 0.0027559335240380936 -0.72841889903713564 -0.72566526954814203 -0.72953691963211753 -0.72678098610807951 -0.72780479971775347 -0.72592845844136156 -0.7289223077426491 -0.72704439584859526
36 0.001528141067266386 0.0015294312879693831 -0.72386357768386911 -0.72233543661660282 -0.72497777882989345 -0.72344834754192422 -0.72353331564995538 -0.72248224612075218 -0.72464723833366629 -0.72359528119337846
48 0.0035097807524463215 0.0035125251530901194 -0.7572971932885264 -0.75378741253608017 -0.75843849894198856 -0.75492597378889836 -0.75646974171407155 -0.7540933962140135 -0.75761040249246658 -0.75523219766683658
14 0.0014641954771796458 0.0014653528357887456 -0.75184786118594393 -0.75038366570876436 -0.75298489568625049 -0.75151954285046174 -0.75151919086266539 -0.75052255364019682 -0.75265596592759354 -0.75165854074141436
37 0.00079337854682809503 0.00079400882803028563 -0.74943881536037316 -0.74864543681354512 -0.75057394346645312 -0.74977993463842285 -0.74926673113505249 -0.74872134082664465 -0.75040172263558735 -0.7498558990040598
29 1 1 -1.6722027121734142 -0.67220271217341421 -1.6727766985066328 -0.6727766985066328 -1.5773235382276756 -0.89662763299323966 -1.577941341311055 -0.89729045931577067
12 0.39622033930134709 0.39634243229324395 -1.6722027121734142 -1.2758602798801704 -1.6727766985066328 -1.2765563592052858 -1.5773235382276756 -1.310700875729587 -1.577941341311055 -1.3113926475968789
13 0.17205510318087086 0.17209127196969071 -1.0522403415630603 -0.88018523838218932 -1.052934573998936 -0.88084330202924532 -1.0138646584087601 -0.89662763299323966 -1.0145534424333307 -0.89729045931577067
36 0.09543796355099543 0.095482029353606598 -0.76764067572440964 -0.67220271217341421 -0.7682587278602393 -0.6727766985066328 -0.74701313725498575 -0.68137074367329475 -0.74762245325892152 -0.68194936700971664
20 0.14916624015611785 0.14919338983275346 -1.4250536697129237 -1.2758602798801704 -1.4257225993614036 -1.2765563592052858 -1.4115452506849995 -1.310700875729587 -1.4122175736440323 -1.3113926475968789
21 0.07046668429564068 0.070493784824154609 -1.5841503685742579 -1.5136565837501035 -1.5847653254796479 -1.5142986411840071 -1.5773235382276756 -1.5292008556559384 -1.577941341311055 -1.5298373729253743
41 0.040780315210234563 0.040800282675685362 -1.6722027121734142 -1.631402429497729 -1.6727766985066328 -1.6319963832963982 -1.6682537125902597 -1.6401633749054361 -1.6688297057564414 -1.6407531842820318
22 0.068520555860653448 0.068538581590679326 -0.94870579424284296 -0.88018523838218932 -0.9493818836199247 -0.88084330202924532 -0.9426998198658586 -0.89662763299323966 -0.94337452093132967 -0.89729045931577067
23 0.029505702077692333 0.02951082871431419 -1.0166808783109713 -0.98717517623327888 -1.0173701132876916 -0.98785928457337735 -1.0138646584087601 -0.99376320728373768 -1.0145534424333307 -0.9944485373703591
42 0.016302780153958713 0.016304911069710899 -1.0522403415630603 -1.0359375614091015 -1.052934573998936 -1.0366296629292253 -1.0506753228147776 -1.0394632624551963 -1.0513693624620373 -1.0401558478093038
50 0.038828935501803802 0.038847986199517903 -0.71103164767521809 -0.67220271217341421 -0.7116246847061507 -0.6727766985066328 -0.70765265252689313 -0.68137074367329475 -0.70824409289112855 -0.68194936700971664
24 0.016117757695551307 0.016124861146496465 -0.74854086398369213 -0.73242310628814078 -0.74915084190789716 -0.73302598076140069 -0.74701313725498575 -0.73604340126990575 -0.74762245325892152 -0.73664789439195089
43 0.0087130753583968545 0.008716712489856563 -0.76764067572440964 -0.75892760036601281 -0.7682587278602393 -0.75954201537038291 -0.76680741608215852 -0.76081813205434468 -0.76742512374021155 -0.76143334281689801
0 0.057288349858333712 0.057301463788173843 -1.4250536697129237 -1.3677522059247498 -1.4257225993614036 -1.3684342495030699 -1.4115452506849995 -1.3728825054092462 -1.4122175736440323 -1.3735635114215761
1 0.026202535219279271 0.02620652397623351 -1.3343826026989518 -1.3081760787227181 -1.3350707395886197 -1.3088682043693405 -1.3285780307676986 -1.310700875729587 -1.329267111562479 -1.3113926475968789
30 0.014915076580528978 0.014916769147731025 -1.2907770490279011 -1.2758602798801704 -1.2914714357858146 -1.2765563592052858 -1.2875657159950378 -1.2772997631363063 -1.2882604863146896 -1.2779956890259272
2 0.028311231296615974 0.028322728831651656 -1.5841503685742579 -1.5558276397426063 -1.5847653254796479 -1.5564540941830318 -1.5773235382276756 -1.5582969000780371 -1.577941341311055 -1.5589223846883116
3 0.012010450518421558 0.01201488763377366 -1.5400715674328711 -1.5280566797990975 -1.5407040637887432 -1.5286936132703217 -1.5373836430873082 -1.5292008556559384 -1.5380171448845159 -1.5298373729253743
31 0.0065888265265168326 0.0065911455903733557 -1.5202477293404768 -1.5136565837501035 -1.5208874677105242 -1.5142986411840071 -1.5188207566351637 -1.5142885231631376 -1.5194610008376206 -1.5149303601729287
46 0.016673310358481519 0.016681679468676491 -1.6722027121734142 -1.6555210327047378 -1.6727766985066328 -1.6561033881481513 -1.6682537125902597 -1.6569682192281432 -1.6688297057564414 -1.6575498598686798
4 0.0068623562635891982 0.0068656542674360504 -1.6463790927630768 -1.6395134384956407 -1.6469659142808322 -1.6401035580172429 -1.6448352819098304 -1.6401633749054361 -1.6454228492064709 -1.6407531842820318
32 0.0036950499884500034 0.003696789231380062 -1.6350992187291089 -1.631402429497729 -1.6356914332848482 -1.6319963832963982 -1.6342966267586616 -1.6317557232681827 -1.6348892200975849 -1.6323495114537434
5 0.025742057875770667 0.025748267649330008 -0.94870579424284296 -0.92296373636707219 -0.9493818836199247 -0.92363361597059468 -0.9426998198658586 -0.92529702102289224 -0.94337452093132967 -0.92596749137041767
6 0.012201660820583587 0.012205031422871077 -0.90764704769677862 -0.89544538687619502 -0.90831291138522907 -0.89610787996235797 -0.9049576933056166 -0.89662763299323966 -0.90562282714406572 -0.89729045931577067
33 0.0070736711601252777 0.00707575394247352 -0.88725890954231468 -0.88018523838218932 -0.88791905597171894 -0.88084330202924532 -0.8857403860191303 -0.88087009020076279 -0.88640008963905248 -0.88152835773050742
7 0.011740916005691812 0.01174284952822633 -1.0166808783109713 -1.0049399623052793 -1.0173701132876916 -1.0056272637594652 -1.0138646584087601 -1.0059695898679624 -1.0145534424333307 -1.0066570665133807
8 0.0050627982398592179 0.0050637095205164065 -0.99834267598869564 -0.99327987774883642 -0.99902882922898573 -0.99396511970846935 -0.99721246060448721 -0.99376320728373768 -0.99789841268001267 -0.9944485373703591
34 0.0027992222182579513 0.0027997467463291878 -0.9899743984515369 -0.98717517623327888 -0.99065903131970656 -0.98785928457337735 -0.989369089522532 -0.98744392478065557 -0.99005360964370115 -0.98812808382695339
47 0.0066298094022684689 0.0066306432423251724 -1.0522403415630603 -1.0456105321607918 -1.052934573998936 -1.0463039307566109 -1.0506753228147776 -1.046187637591574 -1.0513693624620373 -1.0468811105536722
9 0.0027541441724350255 0.0027545140310018699 -1.0419563240028045 -1.0392021798303697 -1.042649243822023 -1.0398947297910208 -1.0413377623869609 -1.0394632624551963 -1.042030599812797 -1.0401558478093038
35 0.0014893973757729388 0.0014896033147181217 -1.0374269587848746 -1.0359375614091015 -1.0381192662439434 -1.0366296629292253 -1.037103812196442 -1.0360800062103108 -1.037796075166407 -1.0367721275242101
10 0.014558623107857851 0.014565585572467031 -0.71103164767521809 -0.69647302456736027 -0.7116246847061507 -0.69705909913368358 -0.70765265252689313 -0.69780083999842857 -0.70824409289112855 -0.69838755854652645
11 0.0070278047115571868 0.0070313060039236125 -0.68771559962712514 -0.68068779491556808 -0.68829738179391853 -0.68126607578999498 -0.68617054547010425 -0.68137074367329475 -0.68675156220843048 -0.68194936700971664
52 0.0037441032026866439 0.0037460072652196474 -0.6759468153761008 -0.67220271217341421 -0.67652270577185247 -0.6727766985066328 -0.67506511120105506 -0.67223240107906634 -0.67564055449537086 -0.67280640256688951
12 0.0063839351921082844 0.0063867170000119046 -0.74854086398369213 -0.74215692879158379 -0.74915084190789716 -0.74276412490788513 -0.74701313725498575 -0.74271833224638051 -0.74762245325892152 -0.7433257746642129
13 0.0027743913097398347 0.0027756234428945609 -0.738552613574885 -0.735778222265145 -0.73915822072180981 -0.73638259727891531 -0.73793389553292177 -0.73604340126990575 -0.73853922858248178 -0.73664789439195089
36 0.0015397680959779217 0.0015404581685893354 -0.73396287438411867 -0.73242310628814078 -0.73456643892998996 -0.73302598076140069 -0.73363010296772901 -0.73257103457820283 -0.73423351858168517 -0.73317397545312368
48 0.0035344987756650396 0.0035359648478484147 -0.76764067572440964 -0.76410617694874461 -0.7682587278602393 -0.76472276301239106 -0.76680741608215852 -0.76441432409868759 -0.76742512374021155 -0.76503103848615006
14 0.0014746202693316835 0.0014752386396883245 -0.7621528739315433 -0.76067825366221165 -0.76276864431221525 -0.7612934056725269 -0.76182186679287278 -0.76081813205434468 -0.76243749856162146 -0.76143334281689801
37 0.00079905594435902437 0.00079939272648802372 -0.75972665631037173 -0.75892760036601281 -0.7603414080968709 -0.75954201537038291 -0.75955334158691512 -0.7590040480213085 -0.76016802038096631 -0.75961849527466585
30 1 1 0.61096673552042635 1.6109667355204262 0.61611783439793455 1.6161178343979345 0.82584990709982686 1.5142588226005786 0.83188014875262484 1.5198635055277672
49 0.40738210453474322 0.40863889824870142 1.2023278372717248 1.6109667355204262 1.2087357298631916 1.6161178343979345 1.2377907175150273 1.5142588226005786 1.2441581446015118 1.5198635055277672
19 0.16834205633868049 0.16872154255096064 0.80991158436124011 0.9782536406999206 0.81589321052964658 0.98461475308060731 0.82584990709982686 0.94040480586023478 0.83188014875262484 0.94670637719173634
40 0.090682997864995396 0.091112974712048864 0.61096673552042635 0.70164973338542169 0.61611783439793455 0.70723080910998348 0.61963375965258638 0.68196327672565416 0.62482967929054789 0.6874583316877888
10 0.15265923962258293 0.15292698322702875 1.2023278372717248 1.3552548204987538 1.2087357298631916 1.3613949694857745 1.2377907175150273 1.341292806515044 1.2441581446015118 1.3474674659517385
11 0.073758988458671348 0.074046431600858637 1.4474116374087322 1.5214580690095909 1.4532733273644158 1.527032315823087 1.4636837076887175 1.5142588226005786 1.469487094330074 1.5198635055277672
52 0.039313928854971758 0.039510920667806204 1.5714558148526199 1.6109667355204262 1.5768039055429628 1.6161178343979345 1.5807582231660979 1.6106533425971759 1.5860613856659982 1.61580606741013
12 0.066626775579202574 0.066812354576844091 0.80991158436124011 0.8765383599404426 0.81589321052964658 0.88270556510649079 0.82584990709982686 0.87067655597860416 0.83188014875262484 0.87682929482011984
13 0.028992043480337341 0.02904692261961022 0.91418438896342402 0.94317643244376148 0.92043594838519649 0.94948287100480688 0.92064883510219175 0.94040480586023478 0.92691339103013781 0.94670637719173634
36 0.016100298358437456 0.016123799930029107 0.9621533423414832 0.9782536406999206 0.9684909531505782 0.98461475308060731 0.96563257905029187 0.97670668914291103 0.97197549748562806 0.98306566083799818
48 0.036771236132355251 0.036955977293051064 0.61096673552042635 0.64773797165278157 0.61611783439793455 0.65307381169098566 0.61963375965258638 0.64453135591463173 0.62482967929054789 0.64985164990682387
14 0.015351828609892121 0.015421492383045337 0.66806783042255269 0.68341965903244484 0.67349972439257277 0.68892121677561813 0.67151354140391983 0.68196327672565416 0.6769612863015394 0.6874583316877888
37 0.0083214203103449368 0.0083572857718361079 0.69332831307507681 0.70164973338542169 0.69887352333814734 0.70723080910998348 0.69513313642595975 0.70085355803814142 0.70068618710253705 0.70643123360994731
15 0.058934306638009526 0.059066488730210399 1.2961883317685432 1.3552548204987538 1.3024606628477648 1.3613949694857745 1.3014597294353258 1.341292806515044 1.3077217346683667 1.3474674659517385
16 0.026727541717587108 0.026766017742755235 1.2352157501423031 1.2619817678850582 1.2415865552927516 1.2683140970103388 1.2377907175150273 1.2560458709052449 1.2441581446015118 1.2623873748082144
38 0.015149023913560995 0.015164728936338807 1.2023278372717248 1.2174925662080636 1.2087357298631916 1.2238847537767525 1.2037900458706738 1.2142255191008517 1.2101965282520613 1.2206212920514325
17 0.029705333833798198 0.029827946571291175 1.4916301224382997 1.5214580690095909 1.4973269819892889 1.527032315823087 1.4942264397395795 1.5142588226005786 1.4999129923375663 1.5198635055277672
18 0.012550277457654808 0.012597139023887528 1.46248489197994 1.4750820310038275 1.468292667529604 1.4808429449872587 1.4636837076887175 1.4722622184726795 1.469487094330074 1.4780337648595494
39 0.006871551239339805 0.0068959249176825249 1.4474116374087322 1.4543075623264148 1.4532733273644158 1.4601448786037556 1.4480725543045638 1.4528141280643065 1.4539319295750694 1.4586567646507675
55 0.013806105917166356 0.01387713096412907 1.5970896045562972 1.6109667355204262 1.6023117284807684 1.6161178343979345 1.5986301621125212 1.6106533425971759 1.6038444993879395 1.61580606741013
19 0.0072606837314497701 0.0072964974511254641 1.5800677688401552 1.5873642662912806 1.5853742967684092 1.592634980499859 1.5807582231660979 1.5857230312439632 1.5860613856659982 1.5910018491382334
40 0.0039051836463762949 0.003924026643944957 1.5714558148526199 1.5753798414965652 1.5768039055429628 1.5807090891893392 1.5718307470171833 1.5745277613702502 1.5771770441744419 1.5798611142348815
20 0.025094527173220544 0.025158978761778181 0.85144383276722202 0.8765383599404426 0.85754658634471248 0.88270556510649079 0.85371524509690755 0.87067655597860416 0.85982410325909375 0.87682929482011984
21 0.011846136872167371 0.011880692016124378 0.82470286247381575 0.83654899934598304 0.83072969406311881 0.8426103860792431 0.82584990709982686 0.83393652428395715 0.83188014875262484 0.83999041650097739
41 0.0068529874038247077 0.0068742160152461679 0.80991158436124011 0.81676457176506467 0.81589321052964658 0.82276742654489277 0.81057481778059381 0.81529293613791687 0.81655851991855988 0.82129127360614496
22 0.011548817466368416 0.01156962710237323 0.93162761497739299 0.94317643244376148 0.93791324390243358 0.94948287100480688 0.93263974539797667 0.94040480586023478 0.9389272537073059 0.94670637719173634
23 0.0049710084871880788 0.0049807304472616132 0.9201743987565032 0.92514540724369121 0.9264380156810299 0.93141874612829145 0.92064883510219175 0.92403542121362936 0.92691339103013781 0.9303066116280998
42 0.0027460877479931279 0.0027516619368623441 0.91418438896342402 0.91693047671141714 0.92043594838519649 0.92318761032205887 0.91444799617389771 0.91633657958320502 0.92070009409829634 0.92259251433353118
50 0.0065512759520751076 0.0065605126154317604 0.97170236474784555 0.9782536406999206 0.97805424046517553 0.98461475308060731 0.97227242645870371 0.97670668914291103 0.97862512368702448 0.98306566083799818
24 0.0027187889814880703 0.0027228559607556922 0.96537488659841619 0.96809367557990422 0.97171741624963759 0.97444027221039342 0.96563257905029187 0.96748297608088285 0.97197549748562806 0.97382866589262818
43 0.0014695890539365806 0.0014718463358460723 0.9621533423414832 0.96362293139541966 0.9684909531505782 0.96996279948642417 0.96229388131014426 0.96330406015813441 0.96863170896057149 0.96964344037806072
25 0.013806816077342717 0.01387452025088534 0.63393115557543889 0.64773797165278157 0.63919929144010035 0.65307381169098566 0.63518942108056775 0.64453135591463173 0.64046380983811135 0.64985164990682387
26 0.0066495558031857659 0.0066834544089050194 0.61898780972189493 0.62563736552508065 0.62418041605435948 0.63086387046326453 0.61963375965258638 0.62417499703502533 0.62482967929054789 0.62939408677304154
53 0.003538368818377496 0.0035567623431459298 0.61096673552042635 0.6145051043388039 0.61611783439793455 0.61967459674108061 0.61099478692247156 0.61367170851687269 0.61614603213612973 0.61883688049384067
27 0.0060840614484364564 0.0061113744109361273 0.6773355975840083 0.68341965903244484 0.68280984236468201 0.68892121677561813 0.67787044611352087 0.68196327672565416 0.68334710751850325 0.6874583316877888
28 0.0026415144043666948 0.0026535886187793365 0.67126110031004071 0.67390261471440738 0.67670768815388338 0.67936127677266256 0.67151354140391983 0.67331345460971548 0.6769612863015394 0.67876942998494716
44 0.0014653347736901226 0.0014720907969636235 0.66806783042255269 0.66953316519624284 0.67349972439257277 0.67497181518953631 0.66820859620216366 0.66921645758477855 0.67364114015905507 0.67465364928255489
51 0.0033766560318828466 0.0033911220358486104 0.69827307735353883 0.70164973338542169 0.7038396870741348 0.70723080910998348 0.69856740716997823 0.70085355803814142 0.7041352825861531 0.70643123360994731
29 0.0014080243821102656 0.0014141193213338345 0.6949995856768989 0.69640761005900909 0.70055205735866655 0.70196617668000028 0.69513313642595975 0.696091530284627 0.70068618710253705 0.70164873049324039
45 0.00076278105299501303 0.00076609884697339311 0.69332831307507681 0.69409109412807179 0.69887352333814734 0.69963962218512077 0.69340128710392357 0.69392564128388601 0.69894681503860956 0.69947345020451535
31 1 1 0.61945089837749878 1.6194508983774987 0.62178404316319369 1.6217840431631938 0.83577804887404983 1.5234862834791514 0.83850471607422894 1.5260204890922111
50 0.4060176613528243 0.40657722683212066 1.2128736715453781 1.6194508983774987 1.2157663818103694 1.6217840431631938 1.2482699356987417 1.5234862834791514 1.2511443572441301 1.5260204890922111
24 0.16896427122862331 0.16913287957025661 0.81975994872822844 0.98872421995685178 0.8224649390266674 0.99159781859692397 0.83577804887404983 0.95077787856979512 0.83850471607422894 0.95362515972812656
43 0.091389522412593738 0.091582329840532981 0.61945089837749878 0.71084042079009246 0.62178404316319369 0.71336637300372674 0.62819159085752019 0.69101265481692964 0.63054485740870692 0.69350007746773112
10 0.15236678446509699 0.15248694553185504 1.2128736715453781 1.3653606170772332 1.2157663818103694 1.3681331662754666 1.2482699356987417 1.3514552638674098 1.2511443572441301 1.3542432348656082
11 0.073447385323136938 0.073575117427206183 1.4570605195859176 1.5306356370131238 1.4597089467701716 1.5331563320933084 1.4732369680230737 1.5234862834791514 1.4758594600233561 1.5260204890922111
52 0.039100916789966744 0.039188167116974204 1.5802627312605246 1.6194508983774987 1.5826831263732268 1.6217840431631938 1.5894915210533094 1.6191401690588272 1.5918920080212777 1.6214740335949127
12 0.066931230412769133 0.067013886930340952 0.81975994872822844 0.8866911791409976 0.8224649390266674 0.88947882595700833 0.83577804887404983 0.88080565074790251 0.83850471607422894 0.88358686418779842
13 0.029081971141387067 0.029106292377141976 0.92447550772693154 0.95355747886831854 0.92730062242359967 0.95640691480074169 0.93096125460569745 0.95077787856979512 0.93379213372645542 0.95362515972812656
36 0.016138774879175286 0.01614915057178725 0.97258544507767652 0.98872421995685178 0.97544866802513674 0.99159781859692397 0.97607337276124251 0.98717376439579974 0.9789389405720601 0.99004641875965405
48 0.03707485195798009 0.037157756121528496 0.61945089837749878 0.65652575033547889 0.62178404316319369 0.65894179928472218 0.62819159085752019 0.65329358819116945 0.63054485740870692 0.65570266419457202
14 0.015466281183450701 0.015497499900309667 0.6770134389992768 0.69247972018272741 0.67947255642158089 0.69497005632189057 0.68048519302892685 0.69101265481692964 0.68295141508511803 0.69350007746773112
37 0.0083803352441411249 0.0083963968285335564 0.70246008554595141 0.71084042079009246 0.70496997617519308 0.71336637300372674 0.70427778838109967 0.71003866028945639 0.70679119053520678 0.7125630900004073
15 0.058790262445036712 0.058849403597386635 1.3065112134798467 1.3653606170772332 1.3093429038304296 1.3681331662754666 1.3117656457544342 1.3514552638674098 1.3145927079384465 1.3542432348656082
16 0.026685413008657771 0.026702735145159379 1.2457005262704981 1.2724032614156575 1.2485764708921447 1.2752618839008023 1.2482699356987417 1.2664824505198529 1.2511443572441301 1.2693451990019671
38 0.015131752091231448 0.015138863260288064 1.2128736715453781 1.2280125348056663 1.2157663818103694 1.2308981339016007 1.2143335567760483 1.2247513911517431 1.2172256275825215 1.2276386118932603
17 0.029572487580709239 0.029626934731257215 1.5010087022818668 1.5306356370131238 1.5035838445125993 1.5331563320933084 1.5035881205295991 1.5234862834791514 1.5061586838117207 1.5260204890922111
18 0.012499455229386556 0.012520290984835265 1.4720453500026247 1.4845656409874601 1.4746697938074553 1.4871692490368418 1.4732369680230737 1.4817632637860791 1.4758594600233561 1.4843715984525829
39 0.0068451045895749942 0.0068559486363620262 1.4570605195859176 1.4639164682222798 1.4597089467701716 1.4665540513597466 1.4577176399685479 1.4624317598191949 1.4603650372129777 1.4650717097736701
55 0.013729326060524349 0.013760772629773432 1.6056901257477252 1.6194508983774987 1.6080547171026693 1.6217840431631938 1.6072179261273605 1.6191401690588272 1.6095790693094885 1.6214740335949127
19 0.0072219508898800737 0.0072378167959928977 1.5888065810947869 1.5960443978907799 1.5912085591314549 1.598430510021335 1.5894915210533094 1.594416440449113 1.5918920080212777 1.5968061423154711
40 0.0038848000858616671 0.0038931502742278472 1.5802627312605246 1.5841558815347523 1.5826831263732268 1.5865679264590886 1.5806347244834096 1.5833105281227864 1.5830543247585274 1.5857243921532678
20 0.025200238751595327 0.025228915732272657 0.86149094038940222 0.8866911791409976 0.86424991022473563 0.88947882595700833 0.8637723665920497 0.88080565074790251 0.86653405411298501 0.88358686418779842
21 0.011902834106004144 0.011918233228689887 0.83462540879339642 0.84652824289940054 0.83735055598165342 0.84926878921034321 0.83577804887404983 0.84390347161449797 0.83850471607422894 0.84664067876605609
41 0.00688782483762089 0.0068972921412897084 0.81975994872822844 0.82664777356584929 0.8224649390266674 0.82936223116795715 0.82042658904120436 0.82516872495346738 0.82313250527615023 0.8278811682014332
22 0.011582911657327456 0.011592127666092572 0.94197456721099115 0.95355747886831854 0.94481478713464906 0.95640691480074169 0.94298977708659948 0.95077787856979512 0.94583082968479415 0.95362515972812656
23 0.0049869409966305511 0.0049912514389565728 0.93048527934779157 0.93547222034442223 0.93331574207405565 0.93830699351301228 0.93096125460569745 0.93435871348164179 0.93379213372645542 0.93719253421324233
42 0.0027552238881045766 0.002757696560357157 0.92447550772693154 0.92723073161503611 0.92730062242359967 0.93005831898395686 0.92473999756498637 0.92663486957924246 0.9275653511579719 0.929461925181292
50 0.0065663961544887841 0.0065704717714300531 0.98215782380236294 0.98872421995685178 0.98502734682549398 0.99159781859692397 0.98272923041736082 0.98717376439579974 0.98559911605382022 0.99004641875965405
24 0.0027254479871391215 0.0027272441983774965 0.97581504372004058 0.9785404917071796 0.97868043979875641 0.98140768399713396 0.97607337276124251 0.97792830748235182 0.9789389405720601 0.98079509931524422
43 0.0014732853315649664 0.001474282683795462 0.97258544507767652 0.9740587304092414 0.97544866802513674 0.97692295070893231 0.97272633912765283 0.97373906029889679 0.97558965789037877 0.97660306505169281
25 0.013918076673836906 0.013948449147206905 0.64260767366164195 0.65652575033547889 0.64499335013751535 0.65894179928472218 0.64387621520431526 0.65329358819116945 0.64626469727814906 0.65570266419457202
26 0.0067052696208979995 0.00672048493796671 0.62754019525594551 0.63424546487684352 0.62989197450850398 0.6366124594464706 0.62819159085752019 0.63277090940159142 0.63054485740870692 0.63513457592458333
53 0.0035686013245040532 0.0035768594906697079 0.61945089837749878 0.62301949970200288 0.62178404316319369 0.62536090265386335 0.61947919030770549 0.62217900268029336 0.62181240079743549 0.62451846596001503
27 0.006128933162764149 0.0061411712702566998 0.68635078701996322 0.69247972018272741 0.68882888505163387 0.69497005632189057 0.68688960583508962 0.69101265481692964 0.68936878677546543 0.69350007746773112
28 0.0026613519201721001 0.0026667633092783039 0.68023085091943536 0.68289220283960739 0.68269655439137922 0.68536331770065761 0.68048519302892685 0.68229862864055868 0.68295141508511803 0.68476853942918314
44 0.0014764349877965264 0.0014794632346836693 0.6770134389992768 0.67848987398707328 0.67947255642158089 0.68095201965626451 0.67715527271891962 0.67817077039131113 0.67961468149020365 0.68063226242134589
51 0.003400418386505314 0.0034068961661591771 0.70744000240358718 0.71084042079009246 0.70995947683756744 0.71336637300372674 0.7077364113190473 0.71003866028945639 0.71025645255089054 0.7125630900004073
29 0.0014180364575897531 0.0014207661006997692 0.70414328652045788 0.70556132297804763 0.7066564293641624 0.70807719546486214 0.70427778838109967 0.70524299862540696 0.70679119053520678 0.7077582591695466
45 0.00076823122994071336 0.00076971721127825244 0.70246008554595141 0.70322831677589215 0.70496997617519308 0.70573969338647136 0.70253358141882083 0.70306168260096469 0.70504361432912233 0.7055727371260867
32 1 1 0.62350854148305523 1.6235085414830552 0.62483507865217924 1.6248350786521792 0.84051909881238362 1.5278926874277339 0.84206805970696919 1.5293323178238776
51 0.40529065447130869 0.40560608859326341 1.2179024528897917 1.6235085414830552 1.2195444241808708 1.6248350786521792 1.253266919853417 1.5278926874277339 1.2548985055639441 1.5293323178238776
29 0.16925682024742394 0.16935176680742287 0.82446337137671777 0.99372019162414182 0.82600010396602996 0.99535187077345277 0.84051909881238362 0.95572821605857139 0.84206805970696919 0.9573451139169995
45 0.091724431105978721 0.091833504350527798 0.62350854148305523 0.71523297258903384 0.62483507865217924 0.71666858300270708 0.63228419064348651 0.69533828942104003 0.63362211755638143 0.69675211546035709
10 0.15221020320908329 0.15227820510453116 1.2179024528897917 1.370180657994323 1.2195444241808708 1.3717546273899541 1.253266919853417 1.3563020814029279 1.2548985055639441 1.3578847599875328
11 0.073281551837364456 0.073353487031097842 1.461665114551459 1.5350186015825567 1.4631690754020443 1.5364506272394087 1.4777965568061762 1.5278926874277339 1.4792859042427047 1.5293323178238776
52 0.038987779783445808 0.039036837007974279 1.5844717044750809 1.6235085414830552 1.5858472988687335 1.6248350786521792 1.5936659630303243 1.6231990604427948 1.5950303614491896 1.624526002187102
12 0.067074688651647701 0.067121291169612241 0.82446337137671777 0.89153806002836555 0.82600010396602996 0.89312139513564215 0.84051909881238362 0.88564136797633575 0.84206805970696919 0.88722107867192013
13 0.029124157422866181 0.029137835711913918 0.92938739600842912 0.95851155343129524 0.93099182678301151 0.9601296624949256 0.93588314252077642 0.95572821605857139 0.93749081652763422 0.9573451139169995
36 0.016156763640041191 0.016162587747863503 0.97756342798410056 0.99372019162414182 0.97918928302558927 0.99535187077345277 0.98105542139104496 0.9921680991046159 0.98268259311027428 0.99379924844080192
48 0.037218870820163938 0.037265788586444082 0.62350854148305523 0.66072741230321919 0.62483507865217924 0.66210086723862349 0.63228419064348651 0.65748313767655486 0.63362211755638143 0.65885264740906679
14 0.015520504360690465 0.015538159633068959 0.68128991067467004 0.69681041503536045 0.68268772894312368 0.69822588857619272 0.68477400487490014 0.69533828942104003 0.68617584142579802 0.69675211546035709
37 0.0084082299957229188 0.0084173102930647295 0.70682474259331096 0.71523297258903384 0.70825127270964239 0.71666858300270708 0.70864854410051148 0.71442856793981824 0.71007705953350619 0.71586331766963918
15 0.058713283639040499 0.058746702731344816 1.3114339552629781 1.370180657994323 1.3130413437509134 1.3717546273899541 1.3166803488574794 1.3563020814029279 1.318285119823549 1.3578847599875328
16 0.026662814261674293 0.026672632352380963 1.2507001577258943 1.2773727900782752 1.252332607330978 1.2789954215926522 1.253266919853417 1.2714591484933424 1.2548985055639441 1.2730841173423209
38 0.015122455074960479 0.015126496910471932 1.2179024528897917 1.2330289498002638 1.2195444241808708 1.2346668792558311 1.2193612259104079 1.229770625824226 1.2210028334932659 1.2314094764923549
17 0.029501818104075983 0.029532470480963913 1.5054861311015928 1.5350186015825567 1.5069488091353329 1.5364506272394087 1.5080576045756049 1.5278926874277339 1.5095177042024748 1.5293323178238776
18 0.012472398659309665 0.012484136037933077 1.4766083257081997 1.4890924617461327 1.478098772761363 1.4905711714206729 1.4777965568061762 1.4862982861735297 1.4792859042427047 1.487779658264738
39 0.0068310195270783105 0.0068371302185844685 1.461665114551459 1.4685022447700433 1.4631690754020443 1.4700000949291225 1.4623204475844762 1.4670216436186787 1.4638238280244982 1.4685208274302772
55 0.0136885549890437 0.013706232927719386 1.6098023085553357 1.6235085414830552 1.6111465236631357 1.6248350786521792 1.6113241284324136 1.6231990604427948 1.6126664049535999 1.624526002187102
19 0.0072013759491223539 0.0072102976657148262 1.592983609333587 1.6001939069993019 1.5943488462501043 1.6015502221992266 1.5936659630303243 1.5985721758292082 1.5950303614491896 1.5999305095278851
40 0.0038739703239928538 0.0038786665001510779 1.5844717044750809 1.588350370975232 1.5858472988687335 1.5897212691927263 1.5848423190081053 1.5875081728669784 1.5862174663706818 1.588880094133587
20 0.025250004157500509 0.025266164164165397 0.86628805587086499 0.89153806002836555 0.86785523097147665 0.89312139513564215 0.86857419860535456 0.88564136797633575 0.87014290560063068 0.88722107867192013
21 0.011929562494327237 0.011938247008912876 0.83936382035972223 0.85129338285404943 0.84091192392608127 0.85285017093499416 0.84051909881238362 0.84866281590658454 0.84206805970696919 0.85021772102400606
41 0.0069042587877952352 0.0069095999573696026 0.82446337137671777 0.83136763016451309 0.82600010396602996 0.83290970392339947 0.82513161901423593 0.82988508495524116 0.82666887402255895 0.83142602233970098
22 0.011598895901015014 0.011604077197628376 0.94691265753028031 0.95851155343129524 0.94852558529729714 0.9601296624949256 0.94792931166958661 0.95572821605857139 0.9495427076694396 0.9573451139169995
23 0.0049944180493804559 0.0049968427777506447 0.93540644495549952 0.94040086300487991 0.93701388471147662 0.94201072748922721 0.93588314252077642 0.93928570403782885 0.93749081652763422 0.94089503279104991
42 0.0027595133365546664 0.0027609046229458973 0.92938739600842912 0.93214690934498379 0.93099182678301151 0.93375273140595749 0.92965230027421453 0.93155012483914157 0.93125686547312003 0.9331556477045666
50 0.0065734617383476669 0.0065757488304819377 0.98714672988579411 0.99372019162414182 0.98877612194297082 0.99535187077345277 0.98771876516246337 0.9921680991046159 0.98934836074137333 0.99379924844080192
24 0.0027285622959102407 0.0027295707427155503 0.98079679459232016 0.98352535688823051 0.98242386988956887 0.98515344063228438 0.98105542139104496 0.98291247835226003 0.98268259311027428 0.98454033728075863
43 0.0014750146476876745 0.0014755747062707263 0.97756342798410056 0.97903844263178819 0.97918928302558927 0.98066485773185996 0.97770448817023714 0.97871839878587852 0.97933039701821389 0.98034469285023562
25 0.013970836735593465 0.013988022439366476 0.64675657556762567 0.66072741230321919 0.64811284479925702 0.66210086723862349 0.64802999082625967 0.65748313767655486 0.64938784769912494 0.65885264740906679
26 0.0067317018932054815 0.0067403135185640922 0.63163021125788332 0.63836191315108892 0.63296729634732918 0.63970760986589315 0.63228419064348651 0.63688157619690999 0.63362211755638143 0.63822538936135331
53 0.0035829480095410371 0.0035876226406997419 0.62350854148305523 0.62709148949259619 0.62483507865217924 0.62842270129287914 0.62353694755976774 0.62624762274760493 0.62486352192235628 0.62757773659510641
27 0.0061501889212505247 0.0061571094999208773 0.69066022611410993 0.69681041503536045 0.69206877907627184 0.69822588857619272 0.6912009257988575 0.69533828942104003 0.69261009116579741 0.69675211546035709
28 0.0026707509652436133 0.0026738114413565918 0.68451876203212381 0.68718951299736752 0.68592030528611658 0.68859411672747317 0.68477400487490014 0.68659384745215779 0.68617584142579802 0.68799777021535402
44 0.0014816948252857778 0.001483407585560124 0.68128991067467004 0.68277160549995575 0.68268772894312368 0.68417113652868378 0.6814322504468534 0.68245136658446182 0.68283023350239558 0.6838505279216085
51 0.0034116684799591858 0.0034153304999781481 0.71182130410907463 0.71523297258903384 0.71325325250272908 0.71666858300270708 0.71211869739991707 0.71442856793981824 0.71355096622373781 0.71586331766963918
29 0.0014227771627697389 0.0014243203896798535 0.70851359188166407 0.7099363690444338 0.7099419607098425 0.71136628109952249 0.70864854410051148 0.70961698190314071 0.71007705953350619 0.71104654799423617
45 0.00077081202639395934 0.00077165216504733621 0.70682474259331096 0.70759555461970502 0.70825127270964239 0.70902292487468976 0.70689848557489554 0.70742836105951867 0.70832509613400618 0.70885554921587357
33 1 1 0.60856288937758918 1.6085628893775892 0.61096673552042635 1.6109667355204262 0.8230331883469586 1.5116408344470669 0.82584990709982686 1.5142588226005786
49 0.40863889824870142 0.40923083070912047 1.1993320586684688 1.6085628893775892 1.2023278372717248 1.6109667355204262 1.2348138421693542 1.5116408344470669 1.2377907175150273 1.5142588226005786
19 0.16816312679016207 0.16834205633868049 0.80711774454851681 0.97528087133867891 0.80991158436124011 0.9782536406999206 0.8230331883469586 0.93746018817496046 0.82584990709982686 0.94040480586023478
40 0.090481259462284247 0.090682997864995396 0.60856288937758918 0.69904414883987342 0.61096673552042635 0.70164973338542169 0.61720889752123531 0.67939807611200564 0.61963375965258638 0.68196327672565416
10 0.15292698322702875 0.1530525415654298 1.1993320586684688 1.3523846002338986 1.2023278372717248 1.3552548204987538 1.2348138421693542 1.3384063648123452 1.2377907175150273 1.341292806515044
11 0.074046431600858637 0.074181954281739709 1.444672484804254 1.5188544390859937 1.4474116374087322 1.5214580690095909 1.460972028364723 1.5116408344470669 1.4636837076887175 1.5142588226005786
52 0.039510920667806204 0.039603963332101255 1.5689589260454877 1.6085628893775892 1.5714558148526199 1.6109667355204262 1.5782825496195658 1.6082487282666285 1.5807582231660979 1.6106533425971759
12 0.06653938907806059 0.066626775579202574 0.80711774454851681 0.87365713362657749 0.80991158436124011 0.8765383599404426 0.8230331883469586 0.86780214725715998 0.82584990709982686 0.87067655597860416
13 0.028966132572144237 0.028992043480337341 0.91126338285574227 0.94022951542788658 0.91418438896342402 0.94317643244376148 0.91772169540452497 0.93746018817496046 0.92064883510219175 0.94040480586023478
36 0.016089179653164802 0.016100298358437456 0.9591916916855141 0.97528087133867891 0.9621533423414832 0.9782536406999206 0.9626684182425882 0.97373493301282088 0.96563257905029187 0.97670668914291103
48 0.036684594267291003 0.036771236132355251 0.60856288937758918 0.64524748364488016 0.61096673552042635 0.64773797165278157 0.61720889752123531 0.64204816080552418 0.61963375965258638 0.64453135591463173
14 0.015319132530726821 0.015351828609892121 0.66553227351075783 0.68085140604148453 0.66806783042255269 0.68341965903244484 0.6689705457248406 0.67939807611200564 0.67151354140391983 0.68196327672565416
37 0.0083045810097471529 0.0083214203103449368 0.69073956783012624 0.69904414883987342 0.69332831307507681 0.70164973338542169 0.69254071020883246 0.69824957001177135 0.69513313642595975 0.70085355803814142
15 0.059066488730210399 0.059128578756648981 1.2932560214772495 1.3523846002338986 1.2961883317685432 1.3552548204987538 1.2985322648573636 1.3384063648123452 1.3014597294353258 1.341292806515044
16 0.026766017742755235 0.02678403003083929 1.2322372946620055 1.2590213246928446 1.2352157501423031 1.2619817678850582 1.2348138421693542 1.2530811300149636 1.2377907175150273 1.2560458709052449
38 0.015164728936338807 0.015172057967381325 1.1993320586684688 1.2145041166358501 1.2023278372717248 1.2174925662080636 1.2007949248426908 1.21123539532048 1.2037900458706738 1.2142255191008517
17 0.029827946571291175 0.02988577783290039 1.4889686612530935 1.5188544390859937 1.4916301224382997 1.5214580690095909 1.4915698387221079 1.5116408344470669 1.4942264397395795 1.5142588226005786
18 0.012597139023887528 0.012619226413844619 1.459771144245253 1.4723903706590975 1.46248489197994 1.4750820310038275 1.460972028364723 1.4695655462689226 1.4636837076887175 1.4722622184726795
39 0.0068959249176825249 0.0069074090486306496 1.444672484804254 1.4515798938528848 1.4474116374087322 1.4543075623264148 1.4453344922413607 1.4500839526911278 1.4480725543045638 1.4528141280643065
55 0.01387713096412907 0.013910683903309351 1.5946522054742798 1.6085628893775892 1.5970896045562972 1.6109667355204262 1.5961964411693126 1.6082487282666285 1.5986301621125212 1.6106533425971759
19 0.0072964974511254641 0.007313410857409313 1.5775905060175837 1.5849039168749932 1.5800677688401552 1.5873642662912806 1.5782825496195658 1.5832588546071202 1.5807582231660979 1.5857230312439632
40 0.003924026643944957 0.0039329239964529181 1.5689589260454877 1.5728918500419409 1.5714558148526199 1.5753798414965652 1.5693347050627839 1.5720378314738892 1.5718307470171833 1.5745277613702502
20 0.025064161057906383 0.025094527173220544 0.84859297256867106 0.87365713362657749 0.85144383276722202 0.8765383599404426 0.85086150960958284 0.86780214725715998 0.85371524509690755 0.87067655597860416
21 0.011829870067410729 0.011846136872167371 0.82188774880487903 0.83371761887228968 0.82470286247381575 0.83654899934598304 0.8230331883469586 0.83110867223801688 0.82584990709982686 0.83393652428395715
41 0.0068429980167352402 0.0068529874038247077 0.80711774454851681 0.81396074256525208 0.80991158436124011 0.81676457176506467 0.80778000116151361 0.81249123274367219 0.81057481778059381 0.81529293613791687
22 0.011538988685103353 0.011548817466368416 0.92869052674278318 0.94022951542788658 0.93162761497739299 0.94317643244376148 0.92970176969236717 0.93746018817496046 0.93263974539797667 0.94040480586023478
23 0.0049664193819533454 0.0049710084871880788 0.91724770226329522 0.92221412164524852 0.9201743987565032 0.92514540724369121 0.91772169540452497 0.92110514984431224 0.92064883510219175 0.92403542121362936
42 0.0027434572368448605 0.0027460877479931279 0.91126338285574227 0.91400684009258715 0.91418438896342402 0.91693047671141714 0.91152673595333811 0.91341350873999227 0.91444799617389771 0.91633657958320502
50 0.0065469047513438666 0.0065512759520751076 0.96873396658733513 0.97528087133867891 0.97170236474784555 0.9782536406999206 0.9693036395948027 0.97373493301282088 0.97227242645870371 0.97670668914291103
24 0.0027168652628223296 0.0027187889814880703 0.96241090967624965 0.96512777493907198 0.96537488659841619 0.96809367557990422 0.9626684182425882 0.9645175043998766 0.96563257905029187 0.96748297608088285
43 0.0014685215702464338 0.0014695890539365806 0.9591916916855141 0.96066021325576056 0.9621533423414832 0.96362293139541966 0.95933212811220847 0.96034157274332088 0.96229388131014426 0.96330406015813441
25 0.013775057650916878 0.013806816077342717 0.63147242599396336 0.64524748364488016 0.63393115557543889 0.64773797165278157 0.63272775870400177 0.64204816080552418 0.63518942108056775 0.64453135591463173
26 0.006633659376546008 0.0066495558031857659 0.61656450126137119 0.62319816063791722 0.61898780972189493 0.62563736552508065 0.61720889752123531 0.62173926957531334 0.61963375965258638 0.62417499703502533
53 0.0035297446248081215 0.003538368818377496 0.60856288937758918 0.61209263400239733 0.61096673552042635 0.6145051043388039 0.60859087216867747 0.6112612639454954 0.61099478692247156 0.61367170851687269
27 0.0060712413578539286 0.0060840614484364564 0.67478016468363067 0.68085140604148453 0.6773355975840083 0.68341965903244484 0.67531387895624762 0.67939807611200564 0.67787044611352087 0.68196327672565416
28 0.0026358477710330354 0.0026415144043666948 0.66871864764522693 0.67135449541625991 0.67126110031004071 0.67390261471440738 0.6689705457248406 0.670766596238769 0.67151354140391983 0.67331345460971548
44 0.0014621642545243532 0.0014653347736901226 0.66553227351075783 0.66699443776528211 0.66806783042255269 0.66953316519624284 0.66567273426278095 0.66667841452053189 0.66820859620216366 0.66921645758477855
51 0.0033698637663725091 0.0033766560318828466 0.69567428507350093 0.69904414883987342 0.69827307735353883 0.70164973338542169 0.69596802061984397 0.69824957001177135 0.69856740716997823 0.70085355803814142
29 0.001405162815643565 0.0014080243821102656 0.69240743129417237 0.69381259410981588 0.6949995856768989 0.69640761005900909 0.69254071020883246 0.69349715587033967 0.69513313642595975 0.696091530284627
45 0.00076122340565664879 0.00076278105299501303 0.69073956783012624 0.6915007912357829 0.69332831307507681 0.69409109412807179 0.6908123927184745 0.69133567601551971 0.69340128710392357 0.69392564128388601
34 1 1 0.61847875471679259 1.6184787547167925 0.61945089837749878 1.6194508983774987 0.83464148564747287 1.5224299433292217 0.83577804887404983 1.5234862834791514
50 0.40657722683212066 0.40681131194125858 1.2116674427755338 1.6184787547167925 1.2128736715453781 1.6194508983774987 1.2470713313514821 1.5224299433292217 1.2482699356987417 1.5234862834791514
24 0.16889370226365488 0.16896427122862331 0.81863245062644707 0.98752615289010204 0.81975994872822844 0.98872421995685178 0.83464148564747287 0.9495908397114694 0.83577804887404983 0.95077787856979512
43 0.091308997698039393 0.091389522412593738 0.61847875471679259 0.70978775241483194 0.61945089837749878 0.71084042079009246 0.62721104576400566 0.6899760822575004 0.62819159085752019 0.69101265481692964
10 0.15248694553185504 0.15253712074203718 1.2116674427755338 1.3642045635175712 1.2128736715453781 1.3653606170772332 1.2470713313514821 1.3502927643178007 1.2482699356987417 1.3514552638674098
11 0.073575117427206183 0.073628576005533186 1.4559563766994248 1.5295849527049581 1.4570605195859176 1.5306356370131238 1.4721436769713787 1.5224299433292217 1.4732369680230737 1.5234862834791514
52 0.039188167116974204 0.039224710996784706 1.5792540437200078 1.6184787547167925 1.5802627312605246 1.6194508983774987 1.5884911709735383 1.6181677238997216 1.5894915210533094 1.6191401690588272
12 0.066896655269018321 0.066931230412769133 0.81863245062644707 0.88552910589546552 0.81975994872822844 0.8866911791409976 0.83464148564747287 0.87964626954038672 0.83577804887404983 0.88080565074790251
13 0.029071785747158685 0.029081971141387067 0.9232977516513301 0.95236953739848884 0.92447550772693154 0.95355747886831854 0.92978108492435829 0.9495908397114694 0.93096125460569745 0.95077787856979512
36 0.016134425809909356 0.016138774879175286 0.97139172708019261 0.98752615289010204 0.97258544507767652 0.98872421995685178 0.97487867204923073 0.98597609321100899 0.97607337276124251 0.98717376439579974
48 0.037040233786402976 0.03707485195798009 0.61847875471679259 0.65551898850319557 0.61945089837749878 0.65652575033547889 0.62721104576400566 0.65228973837914417 0.62819159085752019 0.65329358819116945
14 0.015453241007764958 0.015466281183450701 0.67598868957927638 0.69144193058704118 0.6770134389992768 0.69247972018272741 0.67945747610204188 0.6899760822575004 0.68048519302892685 0.69101265481692964
37 0.0083736251961175363 0.0083803352441411249 0.70141412721871443 0.70978775241483194 0.70246008554595141 0.71084042079009246 0.70323036307934061 0.70898662798795209 0.70427778838109967 0.71003866028945639
15 0.058849403597386635 0.058874116364706477 1.3053304471528646 1.3642045635175712 1.3065112134798467 1.3653606170772332 1.3105868125700468 1.3502927643178007 1.3117656457544342 1.3514552638674098
16 0.026702735145159379 0.026709963050970866 1.2445012866142082 1.2712112496651793 1.2457005262704981 1.2724032614156575 1.2470713313514821 1.2652887167031348 1.2482699356987417 1.2664824505198529
38 0.015138863260288064 0.015141826593011134 1.2116674427755338 1.2268092693685451 1.2128736715453781 1.2280125348056663 1.2131275943904234 1.2235474497783485 1.2143335567760483 1.2247513911517431
17 0.029626934731257215 0.029649725753808365 1.4999352269511497 1.5295849527049581 1.5010087022818668 1.5306356370131238 1.5025165617003553 1.5224299433292217 1.5035881205295991 1.5234862834791514
18 0.012520290984835265 0.012529010054513061 1.4709512422237012 1.4834802522782145 1.4720453500026247 1.4845656409874601 1.4721436769713787 1.4806758970676672 1.4732369680230737 1.4817632637860791
39 0.0068559486363620262 0.0068604858379416453 1.4559563766994248 1.4628168625373665 1.4570605195859176 1.4639164682222798 1.4566139280024795 1.4613311638242183 1.4577176399685479 1.4624317598191949
55 0.013760772629773432 0.013773944794977511 1.6047048099218151 1.6184787547167925 1.6056901257477252 1.6194508983774987 1.6062340545941221 1.6181677238997216 1.6072179261273605 1.6191401690588272
19 0.0072378167959928977 0.0072444617222703518 1.587805606542583 1.5950500682648532 1.5888065810947869 1.5960443978907799 1.5884911709735383 1.5934206073489616 1.5894915210533094 1.594416440449113
40 0.0038931502742278472 0.0038966472396154252 1.5792540437200078 1.5831506909596234 1.5802627312605246 1.5841558815347523 1.5796263698079496 1.5823045757184364 1.5806347244834096 1.5833105281227864
20 0.025188240314371741 0.025200238751595327 0.86034086558109379 0.88552910589546552 0.86149094038940222 0.8866911791409976 0.86262115485338353 0.87964626954038672 0.8637723665920497 0.88080565074790251
21 0.011896393477900467 0.011902834106004144 0.83348948127190492 0.84538587474980553 0.83462540879339642 0.84652824289940054 0.83464148564747287 0.84276250012352216 0.83577804887404983 0.84390347161449797
41 0.0068838658532673451 0.00688782483762089 0.81863245062644707 0.82551631647971457 0.81975994872822844 0.82664777356584929 0.81929870374795755 0.82403811024081475 0.82042658904120436 0.82516872495346738
22 0.011579051499763857 0.011582911657327456 0.94079048589872494 0.95236953739848884 0.94197456721099115 0.95355747886831854 0.94180534703963648 0.9495908397114694 0.94298977708659948 0.95077787856979512
23 0.0049851360272587259 0.0049869409966305511 0.92930528402237655 0.93429042004963536 0.93048527934779157 0.93547222034442223 0.92978108492435829 0.93317731202665266 0.93096125460569745 0.93435871348164179
42 0.0027541885933549622 0.0027552238881045766 0.9232977516513301 0.92605194024468507 0.92447550772693154 0.92723073161503611 0.92356214146673687 0.92545630086070307 0.92473999756498637 0.92663486957924246
50 0.0065646875988037466 0.0065663961544887841 0.98096146529129835 0.98752615289010204 0.98215782380236294 0.98872421995685178 0.98153271990615876 0.98597609321100899 0.98272923041736082 0.98717376439579974
24 0.0027246951552196037 0.0027254479871391215 0.97462041498252971 0.97734511013774927 0.97581504372004058 0.9785404917071796 0.97487867204923073 0.97673309375786022 0.97607337276124251 0.97792830748235182
43 0.0014728673590162836 0.0014732853315649664 0.97139172708019261 0.97286459443920892 0.97258544507767652 0.9740587304092414 0.97153258097634376 0.9725450146619935 0.97272633912765283 0.97373906029889679
25 0.013905393079081643 0.013918076673836906 0.64161359542411389 0.65551898850319557 0.64260767366164195 0.65652575033547889 0.6428809653944918 0.65228973837914417 0.64387621520431526 0.65329358819116945
26 0.006698916477207266 0.0067052696208979995 0.62656027117032487 0.63325918764753208 0.62754019525594551 0.63424546487684352 0.62721104576400566 0.63178602181983479 0.62819159085752019 0.63277090940159142
53 0.0035651533543507967 0.0035686013245040532 0.61847875471679259 0.62204390807114329 0.61945089837749878 0.62301949970200288 0.61850701921440621 0.62120422091348704 0.61947919030770549 0.62217900268029336
27 0.0061238210877909644 0.006128933162764149 0.68531810949925032 0.69144193058704118 0.68635078701996322 0.69247972018272741 0.68585647597318866 0.6899760822575004 0.68688960583508962 0.69101265481692964
28 0.0026590916131616492 0.0026613519201721001 0.67920335060045067 0.68186244221361236 0.68023085091943536 0.68289220283960739 0.67945747610204188 0.681269370952581 0.68048519302892685 0.68229862864055868
44 0.0014751701400236691 0.0014764349877965264 0.67598868957927638 0.67746385971930001 0.6770134389992768 0.67848987398707328 0.67613040160792415 0.67714502913873009 0.67715527271891962 0.67817077039131113
51 0.0033977121147351508 0.003400418386505314 0.70639004030009678 0.70978775241483194 0.70744000240358718 0.71084042079009246 0.70668621242276608 0.70898662798795209 0.7077364113190473 0.71003866028945639
29 0.0014168961095778671 0.0014180364575897531 0.70309596954887243 0.70451286565845028 0.70414328652045788 0.70556132297804763 0.70323036307934061 0.70419479695477183 0.70427778838109967 0.70524299862540696
45 0.00076761044880183408 0.00076823122994071336 0.70141412721871443 0.70218173766751624 0.70246008554595141 0.70322831677589215 0.70148756365263121 0.70201523804677979 0.70253358141882083 0.70306168260096469
35 1 1 0.62298596623461222 1.6229859662346122 0.62350854148305523 1.6235085414830552 0.83990876750629351 1.5273254358597264 0.84051909881238362 1.5278926874277339
51 0.40560608859326341 0.40573062714422253 1.2172553390903897 1.6229859662346122 1.2179024528897917 1.6235085414830552 1.2526238986781428 1.5273254358597264 1.253266919853417 1.5278926874277339
29 0.16921932350153754 0.16925682024742394 0.82385786711187303 0.99307719061341071 0.82446337137671777 0.99372019162414182 0.83990876750629351 0.95509105650222703 0.84051909881238362 0.95572821605857139
45 0.091681406698800066 0.091724431105978721 0.62298596623461222 0.71466737293341231 0.62350854148305523 0.71523297258903384 0.63175712334229994 0.6947812839554971 0.63228419064348651 0.69533828942104003
10 0.15227820510453116 0.15230502621515019 1.2172553390903897 1.3695603653055399 1.2179024528897917 1.370180657994323 1.2526238986781428 1.355678351789968 1.253266919853417 1.3563020814029279
11 0.073353487031097842 0.073381895281204423 1.4610724583658254 1.5344543536470299 1.461665114551459 1.5350186015825567 1.4772096709095628 1.5273254358597264 1.4777965568061762 1.5278926874277339
52 0.039036837007974279 0.039056218562007361 1.5839297476726051 1.6229859662346122 1.5844717044750809 1.6235085414830552 1.5931284292885366 1.6226763253432823 1.5936659630303243 1.6231990604427948
12 0.067056290017408024 0.067074688651647701 0.82385786711187303 0.89091415712928113 0.82446337137671777 0.89153806002836555 0.83990876750629351 0.88501889627741481 0.84051909881238362 0.88564136797633575
13 0.029118753736903008 0.029124157422866181 0.92875516157861804 0.95787391531552113 0.92938739600842912 0.95851155343129524 0.93524962696850311 0.95509105650222703 0.93588314252077642 0.95572821605857139
36 0.016154461644072315 0.016156763640041191 0.97692272896933829 0.99307719061341071 0.97756342798410056 0.99372019162414182 0.98041420200213236 0.99152530752777346 0.98105542139104496 0.9921680991046159
48 0.037200365748408112 0.037218870820163938 0.62298596623461222 0.66018633198302035 0.62350854148305523 0.66072741230321919 0.63175712334229994 0.65694361350402852 0.63228419064348651 0.65748313767655486
14 0.015513539600637668 0.015520504360690465 0.68073922003449117 0.69625275963512889 0.68128991067467004 0.69681041503536045 0.68422172911534629 0.6947812839554971 0.68477400487490014 0.69533828942104003
37 0.0084046476281889378 0.0084082299957229188 0.70626272530522338 0.71466737293341231 0.70682474259331096 0.71523297258903384 0.70808574357387155 0.71386330784730401 0.70864854410051148 0.71442856793981824
15 0.058746702731344816 0.058759888913285707 1.3108004763922543 1.3695603653055399 1.3114339552629781 1.370180657994323 1.3160479025517533 1.355678351789968 1.3166803488574794 1.3563020814029279
16 0.026672632352380963 0.026676503236596646 1.2500567960146758 1.2767332992512723 1.2507001577258943 1.2773727900782752 1.2526238986781428 1.2708187360198999 1.253266919853417 1.2714591484933424
38 0.015126496910471932 0.0151280892994028 1.2172553390903897 1.2323834283897925 1.2179024528897917 1.2330289498002638 1.2187142553778008 1.2291247414271451 1.2193612259104079 1.229770625824226
17 0.029532470480963913 0.029544576647760945 1.504909776999269 1.5344543536470299 1.5054861311015928 1.5350186015825567 1.5074822687572984 1.5273254358597264 1.5080576045756049 1.5278926874277339
18 0.012484136037933077 0.012488770965991483 1.4760210055993803 1.4885097765653719 1.4766083257081997 1.4890924617461327 1.4772096709095628 1.485714549618627 1.4777965568061762 1.4862982861735297
39 0.0068371302185844685 0.0068395430487815656 1.4610724583658254 1.4679120014146072 1.461665114551459 1.4685022447700433 1.4617280205728578 1.4664308736588025 1.4623204475844762 1.4670216436186787
55 0.013706232927719386 0.013713217459783544 1.6092727487748286 1.6229859662346122 1.6098023085553357 1.6235085414830552 1.6107953345678543 1.6226763253432823 1.6113241284324136 1.6231990604427948
19 0.0072102976657148262 0.0072138223621686206 1.5924457443311835 1.5996595666933522 1.592983609333587 1.6001939069993019 1.5931284292885366 1.5980370380680049 1.5936659630303243 1.5985721758292082
40 0.0038786665001510779 0.0038805217438742786 1.5839297476726051 1.5878102694164793 1.5844717044750809 1.588350370975232 1.5843005388059166 1.5869676671461346 1.5848423190081053 1.5875081728669784
20 0.025243623345535947 0.025250004157500509 0.86567053378374514 0.89091415712928113 0.86628805587086499 0.89153806002836555 0.86795607169043087 0.88501889627741481 0.86857419860535456 0.88564136797633575
21 0.011926134095745489 0.011929562494327237 0.83875382749212801 0.85067996158787351 0.83936382035972223 0.85129338285404943 0.83990876750629351 0.8480501380005977 0.84051909881238362 0.84866281590658454
41 0.0069021504486990737 0.0069042587877952352 0.82385786711187303 0.83076001756057216 0.82446337137671777 0.83136763016451309 0.82452590853646901 0.82927792092302 0.82513161901423593 0.82988508495524116
22 0.011596848815831107 0.011598895901015014 0.94627706649969001 0.95787391531552113 0.94691265753028031 0.95851155343129524 0.94729353565435515 0.95509105650222703 0.94792931166958661 0.95572821605857139
23 0.0049934602011494243 0.0049944180493804559 0.93477302193816558 0.93976648213931502 0.93540644495549952 0.94040086300487991 0.93524962696850311 0.93865153480772912 0.93588314252077642 0.93928570403782885
42 0.0027589637679779344 0.0027595133365546664 0.92875516157861804 0.93151412534659594 0.92938739600842912 0.93214690934498379 0.92902001274637125 0.93091745902638401 0.92965230027421453 0.93155012483914157
50 0.0065725576922809302 0.0065734617383476669 0.98650463292112966 0.99307719061341071 0.98714672988579411 0.99372019162414182 0.98707658775304497 0.99152530752777346 0.98771876516246337 0.9921680991046159
24 0.0027281637241900764 0.0027285622959102407 0.98015561331192014 0.9828837770361103 0.98079679459232016 0.98352535688823051 0.98041420200213236 0.98227098735606566 0.98105542139104496 0.98291247835226003
43 0.0014747933057482898 0.0014750146476876745 0.97692272896933829 0.9783975222750867 0.97756342798410056 0.97903844263178819 0.97706376789069027 0.9780775262643342 0.97770448817023714 0.97871839878587852
25 0.013964058136771342 0.013970836735593465 0.64622227384624908 0.66018633198302035 0.64675657556762567 0.66072741230321919 0.64749506290258596 0.65694361350402852 0.64802999082625967 0.65748313767655486
26 0.0067283054263741204 0.0067317018932054815 0.63110347597223493 0.63783178139860919 0.63163021125788332 0.63836191315108892 0.63175712334229994 0.63635218733306542 0.63228419064348651 0.63688157619690999
53 0.0035811043780192356 0.0035829480095410371 0.62298596623461222 0.6265670706126315 0.62350854148305523 0.62709148949259619 0.62301435764266 0.62572363689228927 0.62353694755976774 0.62624762274760493
27 0.0061474587980091221 0.0061501889212505247 0.69010530083711974 0.69625275963512889 0.69066022611410993 0.69681041503536045 0.69064575893485092 0.6947812839554971 0.6912009257988575 0.69533828942104003
28 0.0026695436649193929 0.0026707509652436133 0.68396660197214021 0.68663614563705955 0.68451876203212381 0.68718951299736752 0.68422172911534629 0.68604074872159837 0.68477400487490014 0.68659384745215779
44 0.0014810191836619325 0.0014816948252857778 0.68073922003449117 0.68222023921815311 0.68128991067467004 0.68277160549995575 0.68088149480240845 0.68190014613718819 0.6814322504468534 0.68245136658446182
51 0.003410223721539824 0.0034116684799591858 0.71125714921187244 0.71466737293341231 0.71182130410907463 0.71523297258903384 0.71155441608581038 0.71386330784730401 0.71211869739991707 0.71442856793981824
29 0.0014221683318741789 0.0014227771627697389 0.70795084919312123 0.70937301752499549 0.70851359188166407 0.7099363690444338 0.70808574357387155 0.70905376687305421 0.70864854410051148 0.70961698190314071
45 0.00077048057922971121 0.00077081202639395934 0.70626272530522338 0.70703320588445306 0.70682474259331096 0.70759555461970502 0.70633643655098277 0.70686608416496621 0.70689848557489554 0.70742836105951867
36 1 1 0.61794564367705052 1.6179456436770505 0.61847875471679259 1.6184787547167925 0.83401809582225961 1.5218505542301273 0.83464148564747287 1.5224299433292217
50 0.40681131194125858 0.40693991524161599 1.2110057284354343 1.6179456436770505 1.2116674427755338 1.6184787547167925 1.2464137991492219 1.5218505542301273 1.2470713313514821 1.5224299433292217
24 0.16885492399726443 0.16889370226365488 0.81801404029357838 0.98686896429084281 0.81863245062644707 0.98752615289010204 0.83401809582225961 0.94893971455453696 0.83464148564747287 0.9495908397114694
43 0.091264791832994935 0.091308997698039393 0.61794564367705052 0.70921043551004537 0.61847875471679259 0.70978775241483194 0.62667332314003765 0.68940760256860023 0.62721104576400566 0.6899760822575004
10 0.15253712074203718 0.15256466318139059 1.2110057284354343 1.3635703916168251 1.2116674427755338 1.3642045635175712 1.2464137991492219 1.3496550524494291 1.2470713313514821 1.3502927643178007
11 0.073628576005533186 0.073657951458200255 1.4553507203805807 1.529008671838781 1.4559563766994248 1.5295849527049581 1.4715439830783135 1.5218505542301273 1.4721436769713787 1.5224299433292217
52 0.039224710996784706 0.03924479882079579 1.5787008448562545 1.6179456436770505 1.5792540437200078 1.6184787547167925 1.5879425549176325 1.6176344471194783 1.5884911709735383 1.6181677238997216
12 0.066877660868061906 0.066896655269018321 0.81801404029357838 0.8848917011616404 0.81863245062644707 0.88552910589546552 0.83401809582225961 0.87901034396143474 0.83464148564747287 0.87964626954038672
13 0.029066187270846415 0.029071785747158685 0.92265172878805268 0.9517179160588991 0.9232977516513301 0.95236953739848884 0.9291337355189434 0.94893971455453696 0.92978108492435829 0.9495908397114694
36 0.016132034341736518 0.016134425809909356 0.97073692994910632 0.98686896429084281 0.97139172708019261 0.98752615289010204 0.97422333458194366 0.98531912231944874 0.97487867204923073 0.98597609321100899
48 0.037021230907768786 0.037040233786402976 0.61794564367705052 0.65496687458481917 0.61847875471679259 0.65551898850319557 0.62667332314003765 0.65173922303429044 0.62721104576400566 0.65228973837914417
14 0.015446081834671636 0.015453241007764958 0.67542670088435086 0.69087278271902242 0.67598868957927638 0.69144193058704118 0.67889385825072046 0.68940760256860023 0.67945747610204188 0.6899760822575004
37 0.0083699410532554839 0.0083736251961175363 0.70084049445678986 0.70921043551004537 0.70141412721871443 0.70978775241483194 0.70265592488584194 0.70840966032307162 0.70323036307934061 0.70898662798795209
15 0.058874116364706477 0.058887686205961021 1.3046827054108641 1.3635703916168251 1.3053304471528646 1.3642045635175712 1.3099401321236721 1.3496550524494291 1.3105868125700468 1.3502927643178007
16 0.026709963050970866 0.026713929314598654 1.2438434058448342 1.2705573351594328 1.2445012866142082 1.2712112496651793 1.2464137991492219 1.264633857115731 1.2470713313514821 1.2652887167031348
38 0.015141826593011134 0.015143451719616279 1.2110057284354343 1.2261491801550508 1.2116674427755338 1.2268092693685451 1.2124660261164277 1.2228869898301582 1.2131275943904234 1.2235474497783485
17 0.029649725753808365 0.029662250346015218 1.4993464214927656 1.529008671838781 1.4999352269511497 1.5295849527049581 1.5019288093871228 1.5218505542301273 1.5025165617003553 1.5224299433292217
18 0.012529010054513061 0.012533800892529446 1.4703510995758036 1.4828849004683331 1.4709512422237012 1.4834802522782145 1.4715439830783135 1.4800794583882753 1.4721436769713787 1.4806758970676672
39 0.0068604858379416453 0.006862978710297246 1.4553507203805807 1.4622136990908781 1.4559563766994248 1.4628168625373665 1.4560085084411662 1.460727456266548 1.4566139280024795 1.4613311638242183
55 0.013773944794977511 0.01378118568613923 1.6041644579909111 1.6179456436770505 1.6047048099218151 1.6184787547167925 1.6056944965927455 1.6176344471194783 1.6062340545941221 1.6181677238997216
19 0.0072444617222703518 0.0072481142893725467 1.5872566472316678 1.5945047615210404 1.587805606542583 1.5950500682648532 1.5879425549176325 1.5928744741719005 1.5884911709735383 1.5934206073489616
40 0.0038966472396154252 0.0038985693819404846 1.5787008448562545 1.5825994142381949 1.5792540437200078 1.5831506909596234 1.579073353905823 1.5817528802478913 1.5796263698079496 1.5823045757184364
20 0.02518164806099385 0.025188240314371741 0.85971005310064652 0.8848917011616404 0.86034086558109379 0.88552910589546552 0.86198971775097388 0.87901034396143474 0.86262115485338353 0.87964626954038672
21 0.011892855420306277 0.011896393477900467 0.83286644065262783 0.84475929607293399 0.83348948127190492 0.84538587474980553 0.83401809582225961 0.84213668869588365 0.83464148564747287 0.84276250012352216
41 0.0068816912183690092 0.0068838658532673451 0.81801404029357838 0.82489573151194739 0.81863245062644707 0.82551631647971457 0.81868008073714404 0.82341798798684307 0.81929870374795755 0.82403811024081475
22 0.01157692958025382 0.011579051499763857 0.94014098647864541 0.9517179160588991 0.94079048589872494 0.95236953739848884 0.94115565592941952 0.94893971455453696 0.94180534703963648 0.9495908397114694
23 0.0049841439586880039 0.0049851360272587259 0.92865803044688677 0.93364217440557473 0.92930528402237655 0.93429042004963536 0.9291337355189434 0.9325292856009042 0.92978108492435829 0.93317731202665266
42 0.0027536195926170523 0.0027541885933549622 0.92265172878805268 0.9254053483806699 0.9232977516513301 0.92605194024468507 0.92291606363124146 0.92480983136767669 0.92356214146673687 0.92545630086070307
50 0.0065637480417436739 0.0065646875988037466 0.98030521624909917 0.98686896429084281 0.98096146529129835 0.98752615289010204 0.98087638728021664 0.98531912231944874 0.98153271990615876 0.98597609321100899
24 0.0027242812044192973 0.0027246951552196037 0.97396511709045419 0.97668939829487345 0.97462041498252971 0.97734511013774927 0.97422333458194366 0.97607747420702928 0.97487867204923073 0.97673309375786022
43 0.0014726375433647475 0.0014728673590162836 0.97073692994910632 0.97220956749247112 0.97139172708019261 0.97286459443920892 0.97087776176746776 0.97189003738382707 0.97153258097634376 0.9725450146619935
25 0.013898430448934285 0.013905393079081643 0.64106844413588493 0.65496687458481917 0.64161359542411389 0.65551898850319557 0.64233517098687531 0.65173922303429044 0.6428809653944918 0.65228973837914417
26 0.0066954291333659668 0.006698916477207266 0.62602288942455897 0.63271831855792493 0.62656027117032487 0.63325918764753208 0.62667332314003765 0.63124591553644349 0.62721104576400566 0.63178602181983479
53 0.0035632607627396791 0.0035651533543507967 0.61794564367705052 0.62150890443979012 0.61847875471679259 0.62204390807114329 0.61797389311698747 0.62066966181852701 0.61850701921440621 0.62120422091348704
27 0.0061210144699818921 0.0061238210877909644 0.6847517682490406 0.69087278271902242 0.68531810949925032 0.69144193058704118 0.68528988638208266 0.68940760256860023 0.68585647597318866 0.6899760822575004
28 0.0026578506970732067 0.0026590916131616492 0.67863985166712726 0.68129770236420051 0.67920335060045067 0.68186244221361236 0.67889385825072046 0.68070490721874244 0.67945747610204188 0.681269370952581
44 0.0014744757429038758 0.0014751701400236691 0.67542670088435086 0.6769011766272548 0.67598868957927638 0.67746385971930001 0.67556834610520011 0.67658249593137465 0.67613040160792415 0.67714502913873009
51 0.0033962262273762138 0.0033977121147351508 0.70581420928266914 0.70921043551004537 0.70639004030009678 0.70978775241483194 0.70611025139416084 0.70840966032307162 0.70668621242276608 0.70898662798795209
29 0.0014162700067838784 0.0014168961095778671 0.70252159083342613 0.70393786084021004 0.70309596954887243 0.70451286565845028 0.70265592488584194 0.70361993249966859 0.70323036307934061 0.70419479695477183
45 0.00076726961407855873 0.00076761044880183408 0.70084049445678986 0.70160776407086844 0.70141412721871443 0.70218173766751624 0.70091389825628181 0.70144133832606603 0.70148756365263121 0.70201523804677979
37 1 1 0.62270644924125906 1.6227064492412593 0.62298596623461222 1.6229859662346122 0.83958227994384349 1.5270219932646913 0.83990876750629351 1.5273254358597264
51 0.40573062714422253 0.40579730513387419 1.2169091441073849 1.6227064492412593 1.2172553390903897 1.6229859662346122 1.2522798930788961 1.5270219932646913 1.2526238986781428 1.5273254358597264
29 0.169199245340349 0.16921932350153754 0.82353396374096555 0.99273320908131446 0.82385786711187303 0.99307719061341071 0.83958227994384349 0.95475020377902031 0.83990876750629351 0.95509105650222703
45 0.091658380594253699 0.091681406698800066 0.62270644924125906 0.71436482983551275 0.62298596623461222 0.71466737293341231 0.63147520241868593 0.69448334064726702 0.63175712334229994 0.6947812839554971
10 0.15230502621515019 0.15231937992885797 1.2169091441073849 1.369228524036243 1.2172553390903897 1.3695603653055399 1.2522798930788961 1.3553446707641159 1.2526238986781428 1.355678351789968
11 0.073381895281204423 0.073397106712125071 1.4607554127552127 1.5341525194673378 1.4610724583658254 1.5344543536470299 1.4768957148706834 1.5270219932646913 1.4772096709095628 1.5273254358597264
52 0.039056218562007361 0.039066598471575453 1.5836398507696836 1.6227064492412593 1.5839297476726051 1.6229859662346122 1.5928409011243285 1.6223967227380829 1.5931284292885366 1.6226763253432823
12 0.067046439569802718 0.067056290017408024 0.82353396374096555 0.89058040331076815 0.82385786711187303 0.89091415712928113 0.83958227994384349 0.88468590877575082 0.83990876750629351 0.88501889627741481
13 0.029115859840768716 0.029118753736903008 0.92841694644796424 0.95753280628873294 0.92875516157861804 0.95787391531552113 0.93491072577541912 0.95475020377902031 0.93524962696850311 0.95509105650222703
36 0.016153228563487766 0.016154461644072315 0.9765799805178268 0.99273320908131446 0.97692272896933829 0.99307719061341071 0.98007117481932704 0.9911814381859354 0.98041420200213236 0.99152530752777346
48 0.037190462502028204 0.037200365748408112 0.62270644924125906 0.65989691174328735 0.62298596623461222 0.66018633198302035 0.63147520241868593 0.65665502608168291 0.63175712334229994 0.65694361350402852
14 0.015509812020711233 0.015513539600637668 0.68044465645314878 0.69595446847386011 0.68073922003449117 0.69625275963512889 0.68392631717760288 0.69448334064726702 0.68422172911534629 0.6947812839554971
37 0.0084027302508455481 0.0084046476281889378 0.70596209958466727 0.71436482983551275 0.70626272530522338 0.71466737293341231 0.7077846986458699 0.71356094649374313 0.70808574357387155 0.71386330784730401
15 0.058759888913285707 0.058766946885918221 1.3104615771503247 1.369228524036243 1.3108004763922543 1.3695603653055399 1.3157095559417342 1.3553446707641159 1.3160479025517533 1.355678351789968
16 0.026676503236596646 0.026678574439128452 1.2497126082188945 1.2763911826580228 1.2500567960146758 1.2767332992512723 1.2522798930788961 1.2704761262494431 1.2526238986781428 1.2708187360198999
38 0.0151280892994028 0.015128941075329369 1.2169091441073849 1.2320380851827144 1.2172553390903897 1.2323834283897925 1.2183681370228372 1.2287792040451779 1.2187142553778008 1.2291247414271451
17 0.029544576647760945 0.029551059250165157 1.5046014602171724 1.5341525194673378 1.504909776999269 1.5344543536470299 1.5071744972316126 1.5270219932646913 1.5074822687572984 1.5273254358597264
18 0.012488770965991483 0.012491252698807532 1.4757068170678647 1.4881980697666723 1.4760210055993803 1.4885097765653719 1.4768957148706834 1.4854022798652937 1.4772096709095628 1.485714549618627
39 0.0068395430487815656 0.0068408349322925544 1.4607554127552127 1.4675962476875051 1.4610724583658254 1.4679120014146072 1.4614110976663843 1.4661148379743172 1.4617280205728578 1.4664308736588025
55 0.013713217459783544 0.013716958143738633 1.6089894910975207 1.6227064492412593 1.6092727487748286 1.6229859662346122 1.6105124870857292 1.6223967227380829 1.6107953345678543 1.6226763253432823
19 0.0072138223621686206 0.0072157100115729025 1.5921580387614698 1.5993737487730426 1.5924457443311835 1.5996595666933522 1.5928409011243285 1.597750793068996 1.5931284292885366 1.5980370380680049
40 0.0038805217438742786 0.0038815153020910543 1.5836398507696836 1.5875213660717746 1.5839297476726051 1.5878102694164793 1.5840107364793325 1.5866785473557055 1.5843005388059166 1.5869676671461346
20 0.025240206922857219 0.025243623345535947 0.86534019638791104 0.89058040331076815 0.86567053378374514 0.89091415712928113 0.86762541046712294 0.88468590877575082 0.86795607169043087 0.88501889627741481
21 0.011924298620775287 0.011926134095745489 0.83842752111842289 0.85035181973919816 0.83875382749212801 0.85067996158787351 0.83958227994384349 0.84772239413216233 0.83990876750629351 0.8480501380005977
41 0.006901021746080413 0.0069021504486990737 0.82353396374096555 0.83043498548704597 0.82385786711187303 0.83076001756057216 0.82420189476994632 0.8289531289945854 0.82452590853646901 0.82927792092302
22 0.011595752474633817 0.011596848815831107 0.94593705381409898 0.95753280628873294 0.94627706649969001 0.95787391531552113 0.94695342390034665 0.95475020377902031 0.94729353565435515 0.95509105650222703
23 0.0049929472466863061 0.0049934602011494243 0.93443417029967424 0.93942711754636066 0.93477302193816558 0.93976648213931502 0.93491072577541912 0.93831228355237484 0.93524962696850311 0.93865153480772912
42 0.0027586694669742532 0.0027589637679779344 0.92841694644796424 0.93117561591493847 0.92875516157861804 0.93151412534659594 0.92868176918117773 0.93057901288490841 0.92902001274637125 0.93091745902638401
50 0.0065720734181949677 0.0065725576922809302 0.98616113566311947 0.99273320908131446 0.98650463292112966 0.99307719061341071 0.98673304740372081 0.9911814381859354 0.98707658775304497 0.99152530752777346
24 0.002727950231020322 0.0027281637241900764 0.97981260654161639 0.98254055677263685 0.98015561331192014 0.9828837770361103 0.98007117481932704 0.98192781468818524 0.98041420200213236 0.98227098735606566
43 0.001474674747673493 0.0014747933057482898 0.9765799805178268 0.97805465526550017 0.97692272896933829 0.9783975222750867 0.97672100804910023 0.97773468487693005 0.97706376789069027 0.9780775262643342
25 0.013960430405879076 0.013964058136771342 0.64593648133740822 0.65989691174328735 0.64622227384624908 0.66018633198302035 0.64720893526991941 0.65665502608168291 0.64749506290258596 0.65694361350402852
26 0.0067264877802844097 0.0067283054263741204 0.63082173272849928 0.63754822050878368 0.63110347597223493 0.63783178139860919 0.63147520241868593 0.63606902400764975 0.63175712334229994 0.63635218733306542
53 0.0035801177592921229 0.0035811043780192356 0.62270644924125906 0.6262865670005513 0.62298596623461222 0.6265670706126315 0.62273483279939823 0.62544336501369491 0.62301435764266 0.62572363689228927
27 0.0061459976083934826 0.0061474587980091221 0.68980847086546659 0.69595446847386011 0.69010530083711974 0.69625275963512889 0.69034879966400253 0.69448334064726702 0.69064575893485092 0.6947812839554971
28 0.0026688975142896893 0.0026695436649193929 0.68367125195701428 0.68634014947130406 0.68396660197214021 0.68663614563705955 0.68392631717760288 0.68574489632751701 0.68422172911534629 0.68604074872159837
44 0.0014806575806610195 0.0014810191836619325 0.68044465645314878 0.68192531403380985 0.68073922003449117 0.68222023921815311 0.68058689643086046 0.68160529900347633 0.68088149480240845 0.68190014613718819
51 0.0034094504453871344 0.003410223721539824 0.71095537939012576 0.71436482983551275 0.71125714921187244 0.71466737293341231 0.71125257860229674 0.71356094649374313 0.71155441608581038 0.71386330784730401
29 0.0014218424705972274 0.0014221683318741789 0.70764983522145719 0.70907167769205448 0.70795084919312123 0.70937301752499549 0.7077846986458699 0.70875250009264423 0.70808574357387155 0.70905376687305421
45 0.00077030318118175174 0.00077048057922971121 0.70596209958466727 0.70673240276584903 0.70626272530522338 0.70703320588445306 0.70603579384470294 0.70656531949715606 0.70633643655098277 0.70686608416496621
38 1 1 -1.6109667355204262 -0.61096673552042635 -1.6161178343979345 -0.61611783439793455 -1.5142588226005786 -0.82584990709982686 -1.5198635055277672 -0.83188014875262484
46 0.40738210453474322 0.40863889824870142 -1.6109667355204262 -1.2023278372717248 -1.6161178343979345 -1.2087357298631916 -1.5142588226005786 -1.2377907175150273 -1.5198635055277672 -1.2441581446015118
4 0.16834205633868049 0.16872154255096064 -0.9782536406999206 -0.80991158436124011 -0.98461475308060731 -0.81589321052964658 -0.94040480586023478 -0.82584990709982686 -0.94670637719173634 -0.83188014875262484
32 0.090682997864995396 0.091112974712048864 -0.70164973338542169 -0.61096673552042635 -0.70723080910998348 -0.61611783439793455 -0.68196327672565416 -0.61963375965258638 -0.6874583316877888 -0.62482967929054789
25 0.15265923962258293 0.15292698322702875 -1.3552548204987538 -1.2023278372717248 -1.3613949694857745 -1.2087357298631916 -1.341292806515044 -1.2377907175150273 -1.3474674659517385 -1.2441581446015118
26 0.073758988458671348 0.074046431600858637 -1.5214580690095909 -1.4474116374087322 -1.527032315823087 -1.4532733273644158 -1.5142588226005786 -1.4636837076887175 -1.5198635055277672 -1.469487094330074
53 0.039313928854971758 0.039510920667806204 -1.6109667355204262 -1.5714558148526199 -1.6161178343979345 -1.5768039055429628 -1.6106533425971759 -1.5807582231660979 -1.61580606741013 -1.5860613856659982
27 0.066626775579202574 0.066812354576844091 -0.8765383599404426 -0.80991158436124011 -0.88270556510649079 -0.81589321052964658 -0.87067655597860416 -0.82584990709982686 -0.87682929482011984 -0.83188014875262484
28 0.028992043480337341 0.02904692261961022 -0.94317643244376148 -0.91418438896342402 -0.94948287100480688 -0.92043594838519649 -0.94040480586023478 -0.92064883510219175 -0.94670637719173634 -0.92691339103013781
44 0.016100298358437456 0.016123799930029107 -0.9782536406999206 -0.9621533423414832 -0.98461475308060731 -0.9684909531505782 -0.97670668914291103 -0.96563257905029187 -0.98306566083799818 -0.97197549748562806
51 0.036771236132355251 0.036955977293051064 -0.64773797165278157 -0.61096673552042635 -0.65307381169098566 -0.61611783439793455 -0.64453135591463173 -0.61963375965258638 -0.64985164990682387 -0.62482967929054789
29 0.015351828609892121 0.015421492383045337 -0.68341965903244484 -0.66806783042255269 -0.68892121677561813 -0.67349972439257277 -0.68196327672565416 -0.67151354140391983 -0.6874583316877888 -0.6769612863015394
45 0.0083214203103449368 0.0083572857718361079 -0.70164973338542169 -0.69332831307507681 -0.70723080910998348 -0.69887352333814734 -0.70085355803814142 -0.69513313642595975 -0.70643123360994731 -0.70068618710253705
0 0.058934306638009526 0.059066488730210399 -1.3552548204987538 -1.2961883317685432 -1.3613949694857745 -1.3024606628477648 -1.341292806515044 -1.3014597294353258 -1.3474674659517385 -1.3077217346683667
1 0.026727541717587108 0.026766017742755235 -1.2619817678850582 -1.2352157501423031 -1.2683140970103388 -1.2415865552927516 -1.2560458709052449 -1.2377907175150273 -1.2623873748082144 -1.2441581446015118
30 0.015149023913560995 0.015164728936338807 -1.2174925662080636 -1.2023278372717248 -1.2238847537767525 -1.2087357298631916 -1.2142255191008517 -1.2037900458706738 -1.2206212920514325 -1.2101965282520613
2 0.029705333833798198 0.029827946571291175 -1.5214580690095909 -1.4916301224382997 -1.527032315823087 -1.4973269819892889 -1.5142588226005786 -1.4942264397395795 -1.5198635055277672 -1.4999129923375663
3 0.012550277457654808 0.012597139023887528 -1.4750820310038275 -1.46248489197994 -1.4808429449872587 -1.468292667529604 -1.4722622184726795 -1.4636837076887175 -1.4780337648595494 -1.469487094330074
31 0.006871551239339805 0.0068959249176825249 -1.4543075623264148 -1.4474116374087322 -1.4601448786037556 -1.4532733273644158 -1.4528141280643065 -1.4480725543045638 -1.4586567646507675 -1.4539319295750694
54 0.013806105917166356 0.01387713096412907 -1.6109667355204262 -1.5970896045562972 -1.6161178343979345 -1.6023117284807684 -1.6106533425971759 -1.5986301621125212 -1.61580606741013 -1.6038444993879395
4 0.0072606837314497701 0.0072964974511254641 -1.5873642662912806 -1.5800677688401552 -1.592634980499859 -1.5853742967684092 -1.5857230312439632 -1.5807582231660979 -1.5910018491382334 -1.5860613856659982
32 0.0039051836463762949 0.003924026643944957 -1.5753798414965652 -1.5714558148526199 -1.5807090891893392 -1.5768039055429628 -1.5745277613702502 -1.5718307470171833 -1.5798611142348815 -1.5771770441744419
5 0.025094527173220544 0.025158978761778181 -0.8765383599404426 -0.85144383276722202 -0.88270556510649079 -0.85754658634471248 -0.87067655597860416 -0.85371524509690755 -0.87682929482011984 -0.85982410325909375
6 0.011846136872167371 0.011880692016124378 -0.83654899934598304 -0.82470286247381575 -0.8426103860792431 -0.83072969406311881 -0.83393652428395715 -0.82584990709982686 -0.83999041650097739 -0.83188014875262484
33 0.0068529874038247077 0.0068742160152461679 -0.81676457176506467 -0.80991158436124011 -0.82276742654489277 -0.81589321052964658 -0.81529293613791687 -0.81057481778059381 -0.82129127360614496 -0.81655851991855988
7 0.011548817466368416 0.01156962710237323 -0.94317643244376148 -0.93162761497739299 -0.94948287100480688 -0.93791324390243358 -0.94040480586023478 -0.93263974539797667 -0.94670637719173634 -0.9389272537073059
8 0.0049710084871880788 0.0049807304472616132 -0.92514540724369121 -0.9201743987565032 -0.93141874612829145 -0.9264380156810299 -0.92403542121362936 -0.92064883510219175 -0.9303066116280998 -0.92691339103013781
34 0.0027460877479931279 0.0027516619368623441 -0.91693047671141714 -0.91418438896342402 -0.92318761032205887 -0.92043594838519649 -0.91633657958320502 -0.91444799617389771 -0.92259251433353118 -0.92070009409829634
47 0.0065512759520751076 0.0065605126154317604 -0.9782536406999206 -0.97170236474784555 -0.98461475308060731 -0.97805424046517553 -0.97670668914291103 -0.97227242645870371 -0.98306566083799818 -0.97862512368702448
9 0.0027187889814880703 0.0027228559607556922 -0.96809367557990422 -0.96537488659841619 -0.97444027221039342 -0.97171741624963759 -0.96748297608088285 -0.96563257905029187 -0.97382866589262818 -0.97197549748562806
35 0.0014695890539365806 0.0014718463358460723 -0.96362293139541966 -0.9621533423414832 -0.96996279948642417 -0.9684909531505782 -0.96330406015813441 -0.96229388131014426 -0.96964344037806072 -0.96863170896057149
10 0.013806816077342717 0.01387452025088534 -0.64773797165278157 -0.63393115557543889 -0.65307381169098566 -0.63919929144010035 -0.64453135591463173 -0.63518942108056775 -0.64985164990682387 -0.64046380983811135
11 0.0066495558031857659 0.0066834544089050194 -0.62563736552508065 -0.61898780972189493 -0.63086387046326453 -0.62418041605435948 -0.62417499703502533 -0.61963375965258638 -0.62939408677304154 -0.62482967929054789
52 0.003538368818377496 0.0035567623431459298 -0.6145051043388039 -0.61096673552042635 -0.61967459674108061 -0.61611783439793455 -0.61367170851687269 -0.61099478692247156 -0.61883688049384067 -0.61614603213612973
12 0.0060840614484364564 0.0061113744109361273 -0.68341965903244484 -0.6773355975840083 -0.68892121677561813 -0.68280984236468201 -0.68196327672565416 -0.67787044611352087 -0.6874583316877888 -0.68334710751850325
13 0.0026415144043666948 0.0026535886187793365 -0.67390261471440738 -0.67126110031004071 -0.67936127677266256 -0.67670768815388338 -0.67331345460971548 -0.67151354140391983 -0.67876942998494716 -0.6769612863015394
36 0.0014653347736901226 0.0014720907969636235 -0.66953316519624284 -0.66806783042255269 -0.67497181518953631 -0.67349972439257277 -0.66921645758477855 -0.66820859620216366 -0.67465364928255489 -0.67364114015905507
48 0.0033766560318828466 0.0033911220358486104 -0.70164973338542169 -0.69827307735353883 -0.70723080910998348 -0.7038396870741348 -0.70085355803814142 -0.69856740716997823 -0.70643123360994731 -0.7041352825861531
14 0.0014080243821102656 0.0014141193213338345 -0.69640761005900909 -0.6949995856768989 -0.70196617668000028 -0.70055205735866655 -0.696091530284627 -0.69513313642595975 -0.70164873049324039 -0.70068618710253705
37 0.00076278105299501303 0.00076609884697339311 -0.69409109412807179 -0.69332831307507681 -0.69963962218512077 -0.69887352333814734 -0.69392564128388601 -0.69340128710392357 -0.69947345020451535 -0.69894681503860956
39 1 1 -1.6194508983774987 -0.61945089837749878 -1.6217840431631938 -0.62178404316319369 -1.5234862834791514 -0.83577804887404983 -1.5260204890922111 -0.83850471607422894
47 0.4060176613528243 0.40657722683212066 -1.6194508983774987 -1.2128736715453781 -1.6217840431631938 -1.2157663818103694 -1.5234862834791514 -1.2482699356987417 -1.5260204890922111 -1.2511443572441301
9 0.16896427122862331 0.16913287957025661 -0.98872421995685178 -0.81975994872822844 -0.99159781859692397 -0.8224649390266674 -0.95077787856979512 -0.83577804887404983 -0.95362515972812656 -0.83850471607422894
35 0.091389522412593738 0.091582329840532981 -0.71084042079009246 -0.61945089837749878 -0.71336637300372674 -0.62178404316319369 -0.69101265481692964 -0.62819159085752019 -0.69350007746773112 -0.63054485740870692
25 0.15236678446509699 0.15248694553185504 -1.3653606170772332 -1.2128736715453781 -1.3681331662754666 -1.2157663818103694 -1.3514552638674098 -1.2482699356987417 -1.3542432348656082 -1.2511443572441301
26 0.073447385323136938 0.073575117427206183 -1.5306356370131238 -1.4570605195859176 -1.5331563320933084 -1.4597089467701716 -1.5234862834791514 -1.4732369680230737 -1.5260204890922111 -1.4758594600233561
53 0.039100916789966744 0.039188167116974204 -1.6194508983774987 -1.5802627312605246 -1.6217840431631938 -1.5826831263732268 -1.6191401690588272 -1.5894915210533094 -1.6214740335949127 -1.5918920080212777
27 0.066931230412769133 0.067013886930340952 -0.8866911791409976 -0.81975994872822844 -0.88947882595700833 -0.8224649390266674 -0.88080565074790251 -0.83577804887404983 -0.88358686418779842 -0.83850471607422894
28 0.029081971141387067 0.029106292377141976 -0.95355747886831854 -0.92447550772693154 -0.95640691480074169 -0.92730062242359967 -0.95077787856979512 -0.93096125460569745 -0.95362515972812656 -0.93379213372645542
44 0.016138774879175286 0.01614915057178725 -0.98872421995685178 -0.97258544507767652 -0.99159781859692397 -0.97544866802513674 -0.98717376439579974 -0.97607337276124251 -0.99004641875965405 -0.9789389405720601
51 0.03707485195798009 0.037157756121528496 -0.65652575033547889 -0.61945089837749878 -0.65894179928472218 -0.62178404316319369 -0.65329358819116945 -0.62819159085752019 -0.65570266419457202 -0.63054485740870692
29 0.015466281183450701 0.015497499900309667 -0.69247972018272741 -0.6770134389992768 -0.69497005632189057 -0.67947255642158089 -0.69101265481692964 -0.68048519302892685 -0.69350007746773112 -0.68295141508511803
45 0.0083803352441411249 0.0083963968285335564 -0.71084042079009246 -0.70246008554595141 -0.71336637300372674 -0.70496997617519308 -0.71003866028945639 -0.70427778838109967 -0.7125630900004073 -0.70679119053520678
0 0.058790262445036712 0.058849403597386635 -1.3653606170772332 -1.3065112134798467 -1.3681331662754666 -1.3093429038304296 -1.3514552638674098 -1.3117656457544342 -1.3542432348656082 -1.3145927079384465
1 0.026685413008657771 0.026702735145159379 -1.2724032614156575 -1.2457005262704981 -1.2752618839008023 -1.2485764708921447 -1.2664824505198529 -1.2482699356987417 -1.2693451990019671 -1.2511443572441301
30 0.015131752091231448 0.015138863260288064 -1.2280125348056663 -1.2128736715453781 -1.2308981339016007 -1.2157663818103694 -1.2247513911517431 -1.2143335567760483 -1.2276386118932603 -1.2172256275825215
2 0.029572487580709239 0.029626934731257215 -1.5306356370131238 -1.5010087022818668 -1.5331563320933084 -1.5035838445125993 -1.5234862834791514 -1.5035881205295991 -1.5260204890922111 -1.5061586838117207
3 0.012499455229386556 0.012520290984835265 -1.4845656409874601 -1.4720453500026247 -1.4871692490368418 -1.4746697938074553 -1.4817632637860791 -1.4732369680230737 -1.4843715984525829 -1.4758594600233561
31 0.0068451045895749942 0.0068559486363620262 -1.4639164682222798 -1.4570605195859176 -1.4665540513597466 -1.4597089467701716 -1.4624317598191949 -1.4577176399685479 -1.4650717097736701 -1.4603650372129777
54 0.013729326060524349 0.013760772629773432 -1.6194508983774987 -1.6056901257477252 -1.6217840431631938 -1.6080547171026693 -1.6191401690588272 -1.6072179261273605 -1.6214740335949127 -1.6095790693094885
4 0.0072219508898800737 0.0072378167959928977 -1.5960443978907799 -1.5888065810947869 -1.598430510021335 -1.5912085591314549 -1.594416440449113 -1.5894915210533094 -1.5968061423154711 -1.5918920080212777
32 0.0038848000858616671 0.0038931502742278472 -1.5841558815347523 -1.5802627312605246 -1.5865679264590886 -1.5826831263732268 -1.5833105281227864 -1.5806347244834096 -1.5857243921532678 -1.5830543247585274
5 0.025200238751595327 0.025228915732272657 -0.8866911791409976 -0.86149094038940222 -0.88947882595700833 -0.86424991022473563 -0.88080565074790251 -0.8637723665920497 -0.88358686418779842 -0.86653405411298501
6 0.011902834106004144 0.011918233228689887 -0.84652824289940054 -0.83462540879339642 -0.84926878921034321 -0.83735055598165342 -0.84390347161449797 -0.83577804887404983 -0.84664067876605609 -0.83850471607422894
33 0.00688782483762089 0.0068972921412897084 -0.82664777356584929 -0.81975994872822844 -0.82936223116795715 -0.8224649390266674 -0.82516872495346738 -0.82042658904120436 -0.8278811682014332 -0.82313250527615023
7 0.011582911657327456 0.011592127666092572 -0.95355747886831854 -0.94197456721099115 -0.95640691480074169 -0.94481478713464906 -0.95077787856979512 -0.94298977708659948 -0.95362515972812656 -0.94583082968479415
8 0.0049869409966305511 0.0049912514389565728 -0.93547222034442223 -0.93048527934779157 -0.93830699351301228 -0.93331574207405565 -0.93435871348164179 -0.93096125460569745 -0.93719253421324233 -0.93379213372645542
34 0.0027552238881045766 0.002757696560357157 -0.92723073161503611 -0.92447550772693154 -0.93005831898395686 -0.92730062242359967 -0.92663486957924246 -0.92473999756498637 -0.929461925181292 -0.9275653511579719
47 0.0065663961544887841 0.0065704717714300531 -0.98872421995685178 -0.98215782380236294 -0.99159781859692397 -0.98502734682549398 -0.98717376439579974 -0.98272923041736082 -0.99004641875965405 -0.98559911605382022
9 0.0027254479871391215 0.0027272441983774965 -0.9785404917071796 -0.97581504372004058 -0.98140768399713396 -0.97868043979875641 -0.97792830748235182 -0.97607337276124251 -0.98079509931524422 -0.9789389405720601
35 0.0014732853315649664 0.001474282683795462 -0.9740587304092414 -0.97258544507767652 -0.97692295070893231 -0.97544866802513674 -0.97373906029889679 -0.97272633912765283 -0.97660306505169281 -0.97558965789037877
10 0.013918076673836906 0.013948449147206905 -0.65652575033547889 -0.64260767366164195 -0.65894179928472218 -0.64499335013751535 -0.65329358819116945 -0.64387621520431526 -0.65570266419457202 -0.64626469727814906
11 0.0067052696208979995 0.00672048493796671 -0.63424546487684352 -0.62754019525594551 -0.6366124594464706 -0.62989197450850398 -0.63277090940159142 -0.62819159085752019 -0.63513457592458333 -0.63054485740870692
52 0.0035686013245040532 0.0035768594906697079 -0.62301949970200288 -0.61945089837749878 -0.62536090265386335 -0.62178404316319369 -0.62217900268029336 -0.61947919030770549 -0.62451846596001503 -0.62181240079743549
12 0.006128933162764149 0.0061411712702566998 -0.69247972018272741 -0.68635078701996322 -0.69497005632189057 -0.68882888505163387 -0.69101265481692964 -0.68688960583508962 -0.69350007746773112 -0.68936878677546543
13 0.0026613519201721001 0.0026667633092783039 -0.68289220283960739 -0.68023085091943536 -0.68536331770065761 -0.68269655439137922 -0.68229862864055868 -0.68048519302892685 -0.68476853942918314 -0.68295141508511803
36 0.0014764349877965264 0.0014794632346836693 -0.67848987398707328 -0.6770134389992768 -0.68095201965626451 -0.67947255642158089 -0.67817077039131113 -0.67715527271891962 -0.68063226242134589 -0.67961468149020365
48 0.003400418386505314 0.0034068961661591771 -0.71084042079009246 -0.70744000240358718 -0.71336637300372674 -0.70995947683756744 -0.71003866028945639 -0.7077364113190473 -0.7125630900004073 -0.71025645255089054
14 0.0014180364575897531 0.0014207661006997692 -0.70556132297804763 -0.70414328652045788 -0.70807719546486214 -0.7066564293641624 -0.70524299862540696 -0.70427778838109967 -0.7077582591695466 -0.70679119053520678
37 0.00076823122994071336 0.00076971721127825244 -0.70322831677589215 -0.70246008554595141 -0.70573969338647136 -0.70496997617519308 -0.70306168260096469 -0.70253358141882083 -0.7055727371260867 -0.70504361432912233
40 1 1 -1.6235085414830552 -0.62350854148305523 -1.6248350786521792 -0.62483507865217924 -1.5278926874277339 -0.84051909881238362 -1.5293323178238776 -0.84206805970696919
48 0.40529065447130869 0.40560608859326341 -1.6235085414830552 -1.2179024528897917 -1.6248350786521792 -1.2195444241808708 -1.5278926874277339 -1.253266919853417 -1.5293323178238776 -1.2548985055639441
14 0.16925682024742394 0.16935176680742287 -0.99372019162414182 -0.82446337137671777 -0.99535187077345277 -0.82600010396602996 -0.95572821605857139 -0.84051909881238362 -0.9573451139169995 -0.84206805970696919
37 0.091724431105978721 0.091833504350527798 -0.71523297258903384 -0.62350854148305523 -0.71666858300270708 -0.62483507865217924 -0.69533828942104003 -0.63228419064348651 -0.69675211546035709 -0.63362211755638143
25 0.15221020320908329 0.15227820510453116 -1.370180657994323 -1.2179024528897917 -1.3717546273899541 -1.2195444241808708 -1.3563020814029279 -1.253266919853417 -1.3578847599875328 -1.2548985055639441
26 0.073281551837364456 0.073353487031097842 -1.5350186015825567 -1.461665114551459 -1.5364506272394087 -1.4631690754020443 -1.5278926874277339 -1.4777965568061762 -1.5293323178238776 -1.4792859042427047
53 0.038987779783445808 0.039036837007974279 -1.6235085414830552 -1.5844717044750809 -1.6248350786521792 -1.5858472988687335 -1.6231990604427948 -1.5936659630303243 -1.624526002187102 -1.5950303614491896
27 0.067074688651647701 0.067121291169612241 -0.89153806002836555 -0.82446337137671777 -0.89312139513564215 -0.82600010396602996 -0.88564136797633575 -0.84051909881238362 -0.88722107867192013 -0.84206805970696919
28 0.029124157422866181 0.029137835711913918 -0.95851155343129524 -0.92938739600842912 -0.9601296624949256 -0.93099182678301151 -0.95572821605857139 -0.93588314252077642 -0.9573451139169995 -0.93749081652763422
44 0.016156763640041191 0.016162587747863503 -0.99372019162414182 -0.97756342798410056 -0.99535187077345277 -0.97918928302558927 -0.9921680991046159 -0.98105542139104496 -0.99379924844080192 -0.98268259311027428
51 0.037218870820163938 0.037265788586444082 -0.66072741230321919 -0.62350854148305523 -0.66210086723862349 -0.62483507865217924 -0.65748313767655486 -0.63228419064348651 -0.65885264740906679 -0.63362211755638143
29 0.015520504360690465 0.015538159633068959 -0.69681041503536045 -0.68128991067467004 -0.69822588857619272 -0.68268772894312368 -0.69533828942104003 -0.68477400487490014 -0.69675211546035709 -0.68617584142579802
45 0.0084082299957229188 0.0084173102930647295 -0.71523297258903384 -0.70682474259331096 -0.71666858300270708 -0.70825127270964239 -0.71442856793981824 -0.70864854410051148 -0.71586331766963918 -0.71007705953350619
0 0.058713283639040499 0.058746702731344816 -1.370180657994323 -1.3114339552629781 -1.3717546273899541 -1.3130413437509134 -1.3563020814029279 -1.3166803488574794 -1.3578847599875328 -1.318285119823549
1 0.026662814261674293 0.026672632352380963 -1.2773727900782752 -1.2507001577258943 -1.2789954215926522 -1.252332607330978 -1.2714591484933424 -1.253266919853417 -1.2730841173423209 -1.2548985055639441
30 0.015122455074960479 0.015126496910471932 -1.2330289498002638 -1.2179024528897917 -1.2346668792558311 -1.2195444241808708 -1.229770625824226 -1.2193612259104079 -1.2314094764923549 -1.2210028334932659
2 0.029501818104075983 0.029532470480963913 -1.5350186015825567 -1.5054861311015928 -1.5364506272394087 -1.5069488091353329 -1.5278926874277339 -1.5080576045756049 -1.5293323178238776 -1.5095177042024748
3 0.012472398659309665 0.012484136037933077 -1.4890924617461327 -1.4766083257081997 -1.4905711714206729 -1.478098772761363 -1.4862982861735297 -1.4777965568061762 -1.487779658264738 -1.4792859042427047
31 0.0068310195270783105 0.0068371302185844685 -1.4685022447700433 -1.461665114551459 -1.4700000949291225 -1.4631690754020443 -1.4670216436186787 -1.4623204475844762 -1.4685208274302772 -1.4638238280244982
54 0.0136885549890437 0.013706232927719386 -1.6235085414830552 -1.6098023085553357 -1.6248350786521792 -1.6111465236631357 -1.6231990604427948 -1.6113241284324136 -1.624526002187102 -1.6126664049535999
4 0.0072013759491223539 0.0072102976657148262 -1.6001939069993019 -1.592983609333587 -1.6015502221992266 -1.5943488462501043 -1.5985721758292082 -1.5936659630303243 -1.5999305095278851 -1.5950303614491896
32 0.0038739703239928538 0.0038786665001510779 -1.588350370975232 -1.5844717044750809 -1.5897212691927263 -1.5858472988687335 -1.5875081728669784 -1.5848423190081053 -1.588880094133587 -1.5862174663706818
5 0.025250004157500509 0.025266164164165397 -0.89153806002836555 -0.86628805587086499 -0.89312139513564215 -0.86785523097147665 -0.88564136797633575 -0.86857419860535456 -0.88722107867192013 -0.87014290560063068
6 0.011929562494327237 0.011938247008912876 -0.85129338285404943 -0.83936382035972223 -0.85285017093499416 -0.84091192392608127 -0.84866281590658454 -0.84051909881238362 -0.85021772102400606 -0.84206805970696919
33 0.0069042587877952352 0.0069095999573696026 -0.83136763016451309 -0.82446337137671777 -0.83290970392339947 -0.82600010396602996 -0.82988508495524116 -0.82513161901423593 -0.83142602233970098 -0.82666887402255895
7 0.011598895901015014 0.011604077197628376 -0.95851155343129524 -0.94691265753028031 -0.9601296624949256 -0.94852558529729714 -0.95572821605857139 -0.94792931166958661 -0.9573451139169995 -0.9495427076694396
8 0.0049944180493804559 0.0049968427777506447 -0.94040086300487991 -0.93540644495549952 -0.94201072748922721 -0.93701388471147662 -0.93928570403782885 -0.93588314252077642 -0.94089503279104991 -0.93749081652763422
34 0.0027595133365546664 0.0027609046229458973 -0.93214690934498379 -0.92938739600842912 -0.93375273140595749 -0.93099182678301151 -0.93155012483914157 -0.92965230027421453 -0.9331556477045666 -0.93125686547312003
47 0.0065734617383476669 0.0065757488304819377 -0.99372019162414182 -0.98714672988579411 -0.99535187077345277 -0.98877612194297082 -0.9921680991046159 -0.98771876516246337 -0.99379924844080192 -0.98934836074137333
9 0.0027285622959102407 0.0027295707427155503 -0.98352535688823051 -0.98079679459232016 -0.98515344063228438 -0.98242386988956887 -0.98291247835226003 -0.98105542139104496 -0.98454033728075863 -0.98268259311027428
35 0.0014750146476876745 0.0014755747062707263 -0.97903844263178819 -0.97756342798410056 -0.98066485773185996 -0.97918928302558927 -0.97871839878587852 -0.97770448817023714 -0.98034469285023562 -0.97933039701821389
10 0.013970836735593465 0.013988022439366476 -0.66072741230321919 -0.64675657556762567 -0.66210086723862349 -0.64811284479925702 -0.65748313767655486 -0.64802999082625967 -0.65885264740906679 -0.64938784769912494
11 0.0067317018932054815 0.0067403135185640922 -0.63836191315108892 -0.63163021125788332 -0.63970760986589315 -0.63296729634732918 -0.63688157619690999 -0.63228419064348651 -0.63822538936135331 -0.63362211755638143
52 0.0035829480095410371 0.0035876226406997419 -0.62709148949259619 -0.62350854148305523 -0.62842270129287914 -0.62483507865217924 -0.62624762274760493 -0.62353694755976774 -0.62757773659510641 -0.62486352192235628
12 0.0061501889212505247 0.0061571094999208773 -0.69681041503536045 -0.69066022611410993 -0.69822588857619272 -0.69206877907627184 -0.69533828942104003 -0.6912009257988575 -0.69675211546035709 -0.69261009116579741
13 0.0026707509652436133 0.0026738114413565918 -0.68718951299736752 -0.68451876203212381 -0.68859411672747317 -0.68592030528611658 -0.68659384745215779 -0.68477400487490014 -0.68799777021535402 -0.68617584142579802
36 0.0014816948252857778 0.001483407585560124 -0.68277160549995575 -0.68128991067467004 -0.68417113652868378 -0.68268772894312368 -0.68245136658446182 -0.6814322504468534 -0.6838505279216085 -0.68283023350239558
48 0.0034116684799591858 0.0034153304999781481 -0.71523297258903384 -0.71182130410907463 -0.71666858300270708 -0.71325325250272908 -0.71442856793981824 -0.71211869739991707 -0.71586331766963918 -0.71355096622373781
14 0.0014227771627697389 0.0014243203896798535 -0.7099363690444338 -0.70851359188166407 -0.71136628109952249 -0.7099419607098425 -0.70961698190314071 -0.70864854410051148 -0.71104654799423617 -0.71007705953350619
37 0.00077081202639395934 0.00077165216504733621 -0.70759555461970502 -0.70682474259331096 -0.70902292487468976 -0.70825127270964239 -0.70742836105951867 -0.70689848557489554 -0.70885554921587357 -0.70832509613400618
41 1 1 -1.6085628893775892 -0.60856288937758918 -1.6109667355204262 -0.61096673552042635 -1.5116408344470669 -0.8230331883469586 -1.5142588226005786 -0.82584990709982686
46 0.40863889824870142 0.40923083070912047 -1.6085628893775892 -1.1993320586684688 -1.6109667355204262 -1.2023278372717248 -1.5116408344470669 -1.2348138421693542 -1.5142588226005786 -1.2377907175150273
4 0.16816312679016207 0.16834205633868049 -0.97528087133867891 -0.80711774454851681 -0.9782536406999206 -0.80991158436124011 -0.93746018817496046 -0.8230331883469586 -0.94040480586023478 -0.82584990709982686
32 0.090481259462284247 0.090682997864995396 -0.69904414883987342 -0.60856288937758918 -0.70164973338542169 -0.61096673552042635 -0.67939807611200564 -0.61720889752123531 -0.68196327672565416 -0.61963375965258638
25 0.15292698322702875 0.1530525415654298 -1.3523846002338986 -1.1993320586684688 -1.3552548204987538 -1.2023278372717248 -1.3384063648123452 -1.2348138421693542 -1.341292806515044 -1.2377907175150273
26 0.074046431600858637 0.074181954281739709 -1.5188544390859937 -1.444672484804254 -1.5214580690095909 -1.4474116374087322 -1.5116408344470669 -1.460972028364723 -1.5142588226005786 -1.4636837076887175
53 0.039510920667806204 0.039603963332101255 -1.6085628893775892 -1.5689589260454877 -1.6109667355204262 -1.5714558148526199 -1.6082487282666285 -1.5782825496195658 -1.6106533425971759 -1.5807582231660979
27 0.06653938907806059 0.066626775579202574 -0.87365713362657749 -0.80711774454851681 -0.8765383599404426 -0.80991158436124011 -0.86780214725715998 -0.8230331883469586 -0.87067655597860416 -0.82584990709982686
28 0.028966132572144237 0.028992043480337341 -0.94022951542788658 -0.91126338285574227 -0.94317643244376148 -0.91418438896342402 -0.93746018817496046 -0.91772169540452497 -0.94040480586023478 -0.92064883510219175
44 0.016089179653164802 0.016100298358437456 -0.97528087133867891 -0.9591916916855141 -0.9782536406999206 -0.9621533423414832 -0.97373493301282088 -0.9626684182425882 -0.97670668914291103 -0.96563257905029187
51 0.036684594267291003 0.036771236132355251 -0.64524748364488016 -0.60856288937758918 -0.64773797165278157 -0.61096673552042635 -0.64204816080552418 -0.61720889752123531 -0.64453135591463173 -0.61963375965258638
29 0.015319132530726821 0.015351828609892121 -0.68085140604148453 -0.66553227351075783 -0.68341965903244484 -0.66806783042255269 -0.67939807611200564 -0.6689705457248406 -0.68196327672565416 -0.67151354140391983
45 0.0083045810097471529 0.0083214203103449368 -0.69904414883987342 -0.69073956783012624 -0.70164973338542169 -0.69332831307507681 -0.69824957001177135 -0.69254071020883246 -0.70085355803814142 -0.69513313642595975
0 0.059066488730210399 0.059128578756648981 -1.3523846002338986 -1.2932560214772495 -1.3552548204987538 -1.2961883317685432 -1.3384063648123452 -1.2985322648573636 -1.341292806515044 -1.3014597294353258
1 0.026766017742755235 0.02678403003083929 -1.2590213246928446 -1.2322372946620055 -1.2619817678850582 -1.2352157501423031 -1.2530811300149636 -1.2348138421693542 -1.2560458709052449 -1.2377907175150273
30 0.015164728936338807 0.015172057967381325 -1.2145041166358501 -1.1993320586684688 -1.2174925662080636 -1.2023278372717248 -1.21123539532048 -1.2007949248426908 -1.2142255191008517 -1.2037900458706738
2 0.029827946571291175 0.02988577783290039 -1.5188544390859937 -1.4889686612530935 -1.5214580690095909 -1.4916301224382997 -1.5116408344470669 -1.4915698387221079 -1.5142588226005786 -1.4942264397395795
3 0.012597139023887528 0.012619226413844619 -1.4723903706590975 -1.459771144245253 -1.4750820310038275 -1.46248489197994 -1.4695655462689226 -1.460972028364723 -1.4722622184726795 -1.4636837076887175
31 0.0068959249176825249 0.0069074090486306496 -1.4515798938528848 -1.444672484804254 -1.4543075623264148 -1.4474116374087322 -1.4500839526911278 -1.4453344922413607 -1.4528141280643065 -1.4480725543045638
54 0.01387713096412907 0.013910683903309351 -1.6085628893775892 -1.5946522054742798 -1.6109667355204262 -1.5970896045562972 -1.6082487282666285 -1.5961964411693126 -1.6106533425971759 -1.5986301621125212
4 0.0072964974511254641 0.007313410857409313 -1.5849039168749932 -1.5775905060175837 -1.5873642662912806 -1.5800677688401552 -1.5832588546071202 -1.5782825496195658 -1.5857230312439632 -1.5807582231660979
32 0.003924026643944957 0.0039329239964529181 -1.5728918500419409 -1.5689589260454877 -1.5753798414965652 -1.5714558148526199 -1.5720378314738892 -1.5693347050627839 -1.5745277613702502 -1.5718307470171833
5 0.025064161057906383 0.025094527173220544 -0.87365713362657749 -0.84859297256867106 -0.8765383599404426 -0.85144383276722202 -0.86780214725715998 -0.85086150960958284 -0.87067655597860416 -0.85371524509690755
6 0.011829870067410729 0.011846136872167371 -0.83371761887228968 -0.82188774880487903 -0.83654899934598304 -0.82470286247381575 -0.83110867223801688 -0.8230331883469586 -0.83393652428395715 -0.82584990709982686
33 0.0068429980167352402 0.0068529874038247077 -0.81396074256525208 -0.80711774454851681 -0.81676457176506467 -0.80991158436124011 -0.81249123274367219 -0.80778000116151361 -0.81529293613791687 -0.81057481778059381
7 0.011538988685103353 0.011548817466368416 -0.94022951542788658 -0.92869052674278318 -0.94317643244376148 -0.93162761497739299 -0.93746018817496046 -0.92970176969236717 -0.94040480586023478 -0.93263974539797667
8 0.0049664193819533454 0.0049710084871880788 -0.92221412164524852 -0.91724770226329522 -0.92514540724369121 -0.9201743987565032 -0.92110514984431224 -0.91772169540452497 -0.92403542121362936 -0.92064883510219175
34 0.0027434572368448605 0.0027460877479931279 -0.91400684009258715 -0.91126338285574227 -0.91693047671141714 -0.91418438896342402 -0.91341350873999227 -0.91152673595333811 -0.91633657958320502 -0.91444799617389771
47 0.0065469047513438666 0.0065512759520751076 -0.97528087133867891 -0.96873396658733513 -0.9782536406999206 -0.97170236474784555 -0.97373493301282088 -0.9693036395948027 -0.97670668914291103 -0.97227242645870371
9 0.0027168652628223296 0.0027187889814880703 -0.96512777493907198 -0.96241090967624965 -0.96809367557990422 -0.96537488659841619 -0.9645175043998766 -0.9626684182425882 -0.96748297608088285 -0.96563257905029187
35 0.0014685215702464338 0.0014695890539365806 -0.96066021325576056 -0.9591916916855141 -0.96362293139541966 -0.9621533423414832 -0.96034157274332088 -0.95933212811220847 -0.96330406015813441 -0.96229388131014426
10 0.013775057650916878 0.013806816077342717 -0.64524748364488016 -0.63147242599396336 -0.64773797165278157 -0.63393115557543889 -0.64204816080552418 -0.63272775870400177 -0.64453135591463173 -0.63518942108056775
11 0.006633659376546008 0.0066495558031857659 -0.62319816063791722 -0.61656450126137119 -0.62563736552508065 -0.61898780972189493 -0.62173926957531334 -0.61720889752123531 -0.62417499703502533 -0.61963375965258638
52 0.0035297446248081215 0.003538368818377496 -0.61209263400239733 -0.60856288937758918 -0.6145051043388039 -0.61096673552042635 -0.6112612639454954 -0.60859087216867747 -0.61367170851687269 -0.61099478692247156
12 0.0060712413578539286 0.0060840614484364564 -0.68085140604148453 -0.67478016468363067 -0.68341965903244484 -0.6773355975840083 -0.67939807611200564 -0.67531387895624762 -0.68196327672565416 -0.67787044611352087
13 0.0026358477710330354 0.0026415144043666948 -0.67135449541625991 -0.66871864764522693 -0.67390261471440738 -0.67126110031004071 -0.670766596238769 -0.6689705457248406 -0.67331345460971548 -0.67151354140391983
36 0.0014621642545243532 0.0014653347736901226 -0.66699443776528211 -0.66553227351075783 -0.66953316519624284 -0.66806783042255269 -0.66667841452053189 -0.66567273426278095 -0.66921645758477855 -0.66820859620216366
48 0.0033698637663725091 0.0033766560318828466 -0.69904414883987342 -0.69567428507350093 -0.70164973338542169 -0.69827307735353883 -0.69824957001177135 -0.69596802061984397 -0.70085355803814142 -0.69856740716997823
14 0.001405162815643565 0.0014080243821102656 -0.69381259410981588 -0.69240743129417237 -0.69640761005900909 -0.6949995856768989 -0.69349715587033967 -0.69254071020883246 -0.696091530284627 -0.69513313642595975
37 0.00076122340565664879 0.00076278105299501303 -0.6915007912357829 -0.69073956783012624 -0.69409109412807179 -0.69332831307507681 -0.69133567601551971 -0.6908123927184745 -0.69392564128388601 -0.69340128710392357
42 1 1 -1.6184787547167925 -0.61847875471679259 -1.6194508983774987 -0.61945089837749878 -1.5224299433292217 -0.83464148564747287 -1.5234862834791514 -0.83577804887404983
47 0.40657722683212066 0.40681131194125858 -1.6184787547167925 -1.2116674427755338 -1.6194508983774987 -1.2128736715453781 -1.5224299433292217 -1.2470713313514821 -1.5234862834791514 -1.2482699356987417
9 0.16889370226365488 0.16896427122862331 -0.98752615289010204 -0.81863245062644707 -0.98872421995685178 -0.81975994872822844 -0.9495908397114694 -0.83464148564747287 -0.95077787856979512 -0.83577804887404983
35 0.091308997698039393 0.091389522412593738 -0.70978775241483194 -0.61847875471679259 -0.71084042079009246 -0.61945089837749878 -0.6899760822575004 -0.62721104576400566 -0.69101265481692964 -0.62819159085752019
25 0.15248694553185504 0.15253712074203718 -1.3642045635175712 -1.2116674427755338 -1.3653606170772332 -1.2128736715453781 -1.3502927643178007 -1.2470713313514821 -1.3514552638674098 -1.2482699356987417
26 0.073575117427206183 0.073628576005533186 -1.5295849527049581 -1.4559563766994248 -1.5306356370131238 -1.4570605195859176 -1.5224299433292217 -1.4721436769713787 -1.5234862834791514 -1.4732369680230737
53 0.039188167116974204 0.039224710996784706 -1.6184787547167925 -1.5792540437200078 -1.6194508983774987 -1.5802627312605246 -1.6181677238997216 -1.5884911709735383 -1.6191401690588272 -1.5894915210533094
27 0.066896655269018321 0.066931230412769133 -0.88552910589546552 -0.81863245062644707 -0.8866911791409976 -0.81975994872822844 -0.87964626954038672 -0.83464148564747287 -0.88080565074790251 -0.83577804887404983
28 0.029071785747158685 0.029081971141387067 -0.95236953739848884 -0.9232977516513301 -0.95355747886831854 -0.92447550772693154 -0.9495908397114694 -0.92978108492435829 -0.95077787856979512 -0.93096125460569745
44 0.016134425809909356 0.016138774879175286 -0.98752615289010204 -0.97139172708019261 -0.98872421995685178 -0.97258544507767652 -0.98597609321100899 -0.97487867204923073 -0.98717376439579974 -0.97607337276124251
51 0.037040233786402976 0.03707485195798009 -0.65551898850319557 -0.61847875471679259 -0.65652575033547889 -0.61945089837749878 -0.65228973837914417 -0.62721104576400566 -0.65329358819116945 -0.62819159085752019
29 0.015453241007764958 0.015466281183450701 -0.69144193058704118 -0.67598868957927638 -0.69247972018272741 -0.6770134389992768 -0.6899760822575004 -0.67945747610204188 -0.69101265481692964 -0.68048519302892685
45 0.0083736251961175363 0.0083803352441411249 -0.70978775241483194 -0.70141412721871443 -0.71084042079009246 -0.70246008554595141 -0.70898662798795209 -0.70323036307934061 -0.71003866028945639 -0.70427778838109967
0 0.058849403597386635 0.058874116364706477 -1.3642045635175712 -1.3053304471528646 -1.3653606170772332 -1.3065112134798467 -1.3502927643178007 -1.3105868125700468 -1.3514552638674098 -1.3117656457544342
1 0.026702735145159379 0.026709963050970866 -1.2712112496651793 -1.2445012866142082 -1.2724032614156575 -1.2457005262704981 -1.2652887167031348 -1.2470713313514821 -1.2664824505198529 -1.2482699356987417
30 0.015138863260288064 0.015141826593011134 -1.2268092693685451 -1.2116674427755338 -1.2280125348056663 -1.2128736715453781 -1.2235474497783485 -1.2131275943904234 -1.2247513911517431 -1.2143335567760483
2 0.029626934731257215 0.029649725753808365 -1.5295849527049581 -1.4999352269511497 -1.5306356370131238 -1.5010087022818668 -1.5224299433292217 -1.5025165617003553 -1.5234862834791514 -1.5035881205295991
3 0.012520290984835265 0.012529010054513061 -1.4834802522782145 -1.4709512422237012 -1.4845656409874601 -1.4720453500026247 -1.4806758970676672 -1.4721436769713787 -1.4817632637860791 -1.4732369680230737
31 0.0068559486363620262 0.0068604858379416453 -1.4628168625373665 -1.4559563766994248 -1.4639164682222798 -1.4570605195859176 -1.4613311638242183 -1.4566139280024795 -1.4624317598191949 -1.4577176399685479
54 0.013760772629773432 0.013773944794977511 -1.6184787547167925 -1.6047048099218151 -1.6194508983774987 -1.6056901257477252 -1.6181677238997216 -1.6062340545941221 -1.6191401690588272 -1.6072179261273605
4 0.0072378167959928977 0.0072444617222703518 -1.5950500682648532 -1.587805606542583 -1.5960443978907799 -1.5888065810947869 -1.5934206073489616 -1.5884911709735383 -1.594416440449113 -1.5894915210533094
32 0.0038931502742278472 0.0038966472396154252 -1.5831506909596234 -1.5792540437200078 -1.5841558815347523 -1.5802627312605246 -1.5823045757184364 -1.5796263698079496 -1.5833105281227864 -1.5806347244834096
5 0.025188240314371741 0.025200238751595327 -0.88552910589546552 -0.86034086558109379 -0.8866911791409976 -0.86149094038940222 -0.87964626954038672 -0.86262115485338353 -0.88080565074790251 -0.8637723665920497
6 0.011896393477900467 0.011902834106004144 -0.84538587474980553 -0.83348948127190492 -0.84652824289940054 -0.83462540879339642 -0.84276250012352216 -0.83464148564747287 -0.84390347161449797 -0.83577804887404983
33 0.0068838658532673451 0.00688782483762089 -0.82551631647971457 -0.81863245062644707 -0.82664777356584929 -0.81975994872822844 -0.82403811024081475 -0.81929870374795755 -0.82516872495346738 -0.82042658904120436
7 0.011579051499763857 0.011582911657327456 -0.95236953739848884 -0.94079048589872494 -0.95355747886831854 -0.94197456721099115 -0.9495908397114694 -0.94180534703963648 -0.95077787856979512 -0.94298977708659948
8 0.0049851360272587259 0.0049869409966305511 -0.93429042004963536 -0.92930528402237655 -0.93547222034442223 -0.93048527934779157 -0.93317731202665266 -0.92978108492435829 -0.93435871348164179 -0.93096125460569745
34 0.0027541885933549622 0.0027552238881045766 -0.92605194024468507 -0.9232977516513301 -0.92723073161503611 -0.92447550772693154 -0.92545630086070307 -0.92356214146673687 -0.92663486957924246 -0.92473999756498637
47 0.0065646875988037466 0.0065663961544887841 -0.98752615289010204 -0.98096146529129835 -0.98872421995685178 -0.98215782380236294 -0.98597609321100899 -0.98153271990615876 -0.98717376439579974 -0.98272923041736082
9 0.0027246951552196037 0.0027254479871391215 -0.97734511013774927 -0.97462041498252971 -0.9785404917071796 -0.97581504372004058 -0.97673309375786022 -0.97487867204923073 -0.97792830748235182 -0.97607337276124251
35 0.0014728673590162836 0.0014732853315649664 -0.97286459443920892 -0.97139172708019261 -0.9740587304092414 -0.97258544507767652 -0.9725450146619935 -0.97153258097634376 -0.97373906029889679 -0.97272633912765283
10 0.013905393079081643 0.013918076673836906 -0.65551898850319557 -0.64161359542411389 -0.65652575033547889 -0.64260767366164195 -0.65228973837914417 -0.6428809653944918 -0.65329358819116945 -0.64387621520431526
11 0.006698916477207266 0.0067052696208979995 -0.63325918764753208 -0.62656027117032487 -0.63424546487684352 -0.62754019525594551 -0.63178602181983479 -0.62721104576400566 -0.63277090940159142 -0.62819159085752019
52 0.0035651533543507967 0.0035686013245040532 -0.62204390807114329 -0.61847875471679259 -0.62301949970200288 -0.61945089837749878 -0.62120422091348704 -0.61850701921440621 -0.62217900268029336 -0.61947919030770549
12 0.0061238210877909644 0.006128933162764149 -0.69144193058704118 -0.68531810949925032 -0.69247972018272741 -0.68635078701996322 -0.6899760822575004 -0.68585647597318866 -0.69101265481692964 -0.68688960583508962
13 0.0026590916131616492 0.0026613519201721001 -0.68186244221361236 -0.67920335060045067 -0.68289220283960739 -0.68023085091943536 -0.681269370952581 -0.67945747610204188 -0.68229862864055868 -0.68048519302892685
36 0.0014751701400236691 0.0014764349877965264 -0.67746385971930001 -0.67598868957927638 -0.67848987398707328 -0.6770134389992768 -0.67714502913873009 -0.67613040160792415 -0.67817077039131113 -0.67715527271891962
48 0.0033977121147351508 0.003400418386505314 -0.70978775241483194 -0.70639004030009678 -0.71084042079009246 -0.70744000240358718 -0.70898662798795209 -0.70668621242276608 -0.71003866028945639 -0.7077364113190473
14 0.0014168961095778671 0.0014180364575897531 -0.70451286565845028 -0.70309596954887243 -0.70556132297804763 -0.70414328652045788 -0.70419479695477183 -0.70323036307934061 -0.70524299862540696 -0.70427778838109967
37 0.00076761044880183408 0.00076823122994071336 -0.70218173766751624 -0.70141412721871443 -0.70322831677589215 -0.70246008554595141 -0.70201523804677979 -0.70148756365263121 -0.70306168260096469 -0.70253358141882083
43 1 1 -1.6229859662346122 -0.62298596623461222 -1.6235085414830552 -0.62350854148305523 -1.5273254358597264 -0.83990876750629351 -1.5278926874277339 -0.84051909881238362
48 0.40560608859326341 0.40573062714422253 -1.6229859662346122 -1.2172553390903897 -1.6235085414830552 -1.2179024528897917 -1.5273254358597264 -1.2526238986781428 -1.5278926874277339 -1.253266919853417
14 0.16921932350153754 0.16925682024742394 -0.99307719061341071 -0.82385786711187303 -0.99372019162414182 -0.82446337137671777 -0.95509105650222703 -0.83990876750629351 -0.95572821605857139 -0.84051909881238362
37 0.091681406698800066 0.091724431105978721 -0.71466737293341231 -0.62298596623461222 -0.71523297258903384 -0.62350854148305523 -0.6947812839554971 -0.63175712334229994 -0.69533828942104003 -0.63228419064348651
25 0.15227820510453116 0.15230502621515019 -1.3695603653055399 -1.2172553390903897 -1.370180657994323 -1.2179024528897917 -1.355678351789968 -1.2526238986781428 -1.3563020814029279 -1.253266919853417
26 0.073353487031097842 0.073381895281204423 -1.5344543536470299 -1.4610724583658254 -1.5350186015825567 -1.461665114551459 -1.5273254358597264 -1.4772096709095628 -1.5278926874277339 -1.4777965568061762
53 0.039036837007974279 0.039056218562007361 -1.6229859662346122 -1.5839297476726051 -1.6235085414830552 -1.5844717044750809 -1.6226763253432823 -1.5931284292885366 -1.6231990604427948 -1.5936659630303243
27 0.067056290017408024 0.067074688651647701 -0.89091415712928113 -0.82385786711187303 -0.89153806002836555 -0.82446337137671777 -0.88501889627741481 -0.83990876750629351 -0.88564136797633575 -0.84051909881238362
28 0.029118753736903008 0.029124157422866181 -0.95787391531552113 -0.92875516157861804 -0.95851155343129524 -0.92938739600842912 -0.95509105650222703 -0.93524962696850311 -0.95572821605857139 -0.93588314252077642
44 0.016154461644072315 0.016156763640041191 -0.99307719061341071 -0.97692272896933829 -0.99372019162414182 -0.97756342798410056 -0.99152530752777346 -0.98041420200213236 -0.9921680991046159 -0.98105542139104496
51 0.037200365748408112 0.037218870820163938 -0.66018633198302035 -0.62298596623461222 -0.66072741230321919 -0.62350854148305523 -0.65694361350402852 -0.63175712334229994 -0.65748313767655486 -0.63228419064348651
29 0.015513539600637668 0.015520504360690465 -0.69625275963512889 -0.68073922003449117 -0.69681041503536045 -0.68128991067467004 -0.6947812839554971 -0.68422172911534629 -0.69533828942104003 -0.68477400487490014
45 0.0084046476281889378 0.0084082299957229188 -0.71466737293341231 -0.70626272530522338 -0.71523297258903384 -0.70682474259331096 -0.71386330784730401 -0.70808574357387155 -0.71442856793981824 -0.70864854410051148
0 0.058746702731344816 0.058759888913285707 -1.3695603653055399 -1.3108004763922543 -1.370180657994323 -1.3114339552629781 -1.355678351789968 -1.3160479025517533 -1.3563020814029279 -1.3166803488574794
1 0.026672632352380963 0.026676503236596646 -1.2767332992512723 -1.2500567960146758 -1.2773727900782752 -1.2507001577258943 -1.2708187360198999 -1.2526238986781428 -1.2714591484933424 -1.253266919853417
30 0.015126496910471932 0.0151280892994028 -1.2323834283897925 -1.2172553390903897 -1.2330289498002638 -1.2179024528897917 -1.2291247414271451 -1.2187142553778008 -1.229770625824226 -1.2193612259104079
2 0.029532470480963913 0.029544576647760945 -1.5344543536470299 -1.504909776999269 -1.5350186015825567 -1.5054861311015928 -1.5273254358597264 -1.5074822687572984 -1.5278926874277339 -1.5080576045756049
3 0.012484136037933077 0.012488770965991483 -1.4885097765653719 -1.4760210055993803 -1.4890924617461327 -1.4766083257081997 -1.485714549618627 -1.4772096709095628 -1.4862982861735297 -1.4777965568061762
31 0.0068371302185844685 0.0068395430487815656 -1.4679120014146072 -1.4610724583658254 -1.4685022447700433 -1.461665114551459 -1.4664308736588025 -1.4617280205728578 -1.4670216436186787 -1.4623204475844762
54 0.013706232927719386 0.013713217459783544 -1.6229859662346122 -1.6092727487748286 -1.6235085414830552 -1.6098023085553357 -1.6226763253432823 -1.6107953345678543 -1.6231990604427948 -1.6113241284324136
4 0.0072102976657148262 0.0072138223621686206 -1.5996595666933522 -1.5924457443311835 -1.6001939069993019 -1.592983609333587 -1.5980370380680049 -1.5931284292885366 -1.5985721758292082 -1.5936659630303243
32 0.0038786665001510779 0.0038805217438742786 -1.5878102694164793 -1.5839297476726051 -1.588350370975232 -1.5844717044750809 -1.5869676671461346 -1.5843005388059166 -1.5875081728669784 -1.5848423190081053
5 0.025243623345535947 0.025250004157500509 -0.89091415712928113 -0.86567053378374514 -0.89153806002836555 -0.86628805587086499 -0.88501889627741481 -0.86795607169043087 -0.88564136797633575 -0.86857419860535456
6 0.011926134095745489 0.011929562494327237 -0.85067996158787351 -0.83875382749212801 -0.85129338285404943 -0.83936382035972223 -0.8480501380005977 -0.83990876750629351 -0.84866281590658454 -0.84051909881238362
33 0.0069021504486990737 0.0069042587877952352 -0.83076001756057216 -0.82385786711187303 -0.83136763016451309 -0.82446337137671777 -0.82927792092302 -0.82452590853646901 -0.82988508495524116 -0.82513161901423593
7 0.011596848815831107 0.011598895901015014 -0.95787391531552113 -0.94627706649969001 -0.95851155343129524 -0.94691265753028031 -0.95509105650222703 -0.94729353565435515 -0.95572821605857139 -0.94792931166958661
8 0.0049934602011494243 0.0049944180493804559 -0.93976648213931502 -0.93477302193816558 -0.94040086300487991 -0.93540644495549952 -0.93865153480772912 -0.93524962696850311 -0.93928570403782885 -0.93588314252077642
34 0.0027589637679779344 0.0027595133365546664 -0.93151412534659594 -0.92875516157861804 -0.93214690934498379 -0.92938739600842912 -0.93091745902638401 -0.92902001274637125 -0.93155012483914157 -0.92965230027421453
47 0.0065725576922809302 0.0065734617383476669 -0.99307719061341071 -0.98650463292112966 -0.99372019162414182 -0.98714672988579411 -0.99152530752777346 -0.98707658775304497 -0.9921680991046159 -0.98771876516246337
9 0.0027281637241900764 0.0027285622959102407 -0.9828837770361103 -0.98015561331192014 -0.98352535688823051 -0.98079679459232016 -0.98227098735606566 -0.98041420200213236 -0.98291247835226003 -0.98105542139104496
35 0.0014747933057482898 0.0014750146476876745 -0.9783975222750867 -0.97692272896933829 -0.97903844263178819 -0.97756342798410056 -0.9780775262643342 -0.97706376789069027 -0.97871839878587852 -0.97770448817023714
10 0.013964058136771342 0.013970836735593465 -0.66018633198302035 -0.64622227384624908 -0.66072741230321919 -0.64675657556762567 -0.65694361350402852 -0.64749506290258596 -0.65748313767655486 -0.64802999082625967
11 0.0067283054263741204 0.0067317018932054815 -0.63783178139860919 -0.63110347597223493 -0.63836191315108892 -0.63163021125788332 -0.63635218733306542 -0.63175712334229994 -0.63688157619690999 -0.63228419064348651
52 0.0035811043780192356 0.0035829480095410371 -0.6265670706126315 -0.62298596623461222 -0.62709148949259619 -0.62350854148305523 -0.62572363689228927 -0.62301435764266 -0.62624762274760493 -0.62353694755976774
12 0.0061474587980091221 0.0061501889212505247 -0.69625275963512889 -0.69010530083711974 -0.69681041503536045 -0.69066022611410993 -0.6947812839554971 -0.69064575893485092 -0.69533828942104003 -0.6912009257988575
13 0.0026695436649193929 0.0026707509652436133 -0.68663614563705955 -0.68396660197214021 -0.68718951299736752 -0.68451876203212381 -0.68604074872159837 -0.68422172911534629 -0.68659384745215779 -0.68477400487490014
36 0.0014810191836619325 0.0014816948252857778 -0.68222023921815311 -0.68073922003449117 -0.68277160549995575 -0.68128991067467004 -0.68190014613718819 -0.68088149480240845 -0.68245136658446182 -0.6814322504468534
48 0.003410223721539824 0.0034116684799591858 -0.71466737293341231 -0.71125714921187244 -0.71523297258903384 -0.71182130410907463 -0.71386330784730401 -0.71155441608581038 -0.71442856793981824 -0.71211869739991707
14 0.0014221683318741789 0.0014227771627697389 -0.70937301752499549 -0.70795084919312123 -0.7099363690444338 -0.70851359188166407 -0.70905376687305421 -0.70808574357387155 -0.70961698190314071 -0.70864854410051148
37 0.00077048057922971121 0.00077081202639395934 -0.70703320588445306 -0.70626272530522338 -0.70759555461970502 -0.70682474259331096 -0.70686608416496621 -0.70633643655098277 -0.70742836105951867 -0.70689848557489554
44 1 1 -1.6179456436770505 -0.61794564367705052 -1.6184787547167925 -0.61847875471679259 -1.5218505542301273 -0.83401809582225961 -1.5224299433292217 -0.83464148564747287
47 0.40681131194125858 0.40693991524161599 -1.6179456436770505 -1.2110057284354343 -1.6184787547167925 -1.2116674427755338 -1.5218505542301273 -1.2464137991492219 -1.5224299433292217 -1.2470713313514821
9 0.16885492399726443 0.16889370226365488 -0.98686896429084281 -0.81801404029357838 -0.98752615289010204 -0.81863245062644707 -0.94893971455453696 -0.83401809582225961 -0.9495908397114694 -0.83464148564747287
35 0.091264791832994935 0.091308997698039393 -0.70921043551004537 -0.61794564367705052 -0.70978775241483194 -0.61847875471679259 -0.68940760256860023 -0.62667332314003765 -0.6899760822575004 -0.62721104576400566
25 0.15253712074203718 0.15256466318139059 -1.3635703916168251 -1.2110057284354343 -1.3642045635175712 -1.2116674427755338 -1.3496550524494291 -1.2464137991492219 -1.3502927643178007 -1.2470713313514821
26 0.073628576005533186 0.073657951458200255 -1.529008671838781 -1.4553507203805807 -1.5295849527049581 -1.4559563766994248 -1.5218505542301273 -1.4715439830783135 -1.5224299433292217 -1.4721436769713787
53 0.039224710996784706 0.03924479882079579 -1.6179456436770505 -1.5787008448562545 -1.6184787547167925 -1.5792540437200078 -1.6176344471194783 -1.5879425549176325 -1.6181677238997216 -1.5884911709735383
27 0.066877660868061906 0.066896655269018321 -0.8848917011616404 -0.81801404029357838 -0.88552910589546552 -0.81863245062644707 -0.87901034396143474 -0.83401809582225961 -0.87964626954038672 -0.83464148564747287
28 0.029066187270846415 0.029071785747158685 -0.9517179160588991 -0.92265172878805268 -0.95236953739848884 -0.9232977516513301 -0.94893971455453696 -0.9291337355189434 -0.9495908397114694 -0.92978108492435829
44 0.016132034341736518 0.016134425809909356 -0.98686896429084281 -0.97073692994910632 -0.98752615289010204 -0.97139172708019261 -0.98531912231944874 -0.97422333458194366 -0.98597609321100899 -0.97487867204923073
51 0.037021230907768786 0.037040233786402976 -0.65496687458481917 -0.61794564367705052 -0.65551898850319557 -0.61847875471679259 -0.65173922303429044 -0.62667332314003765 -0.65228973837914417 -0.62721104576400566
29 0.015446081834671636 0.015453241007764958 -0.69087278271902242 -0.67542670088435086 -0.69144193058704118 -0.67598868957927638 -0.68940760256860023 -0.67889385825072046 -0.6899760822575004 -0.67945747610204188
45 0.0083699410532554839 0.0083736251961175363 -0.70921043551004537 -0.70084049445678986 -0.70978775241483194 -0.70141412721871443 -0.70840966032307162 -0.70265592488584194 -0.70898662798795209 -0.70323036307934061
0 0.058874116364706477 0.058887686205961021 -1.3635703916168251 -1.3046827054108641 -1.3642045635175712 -1.3053304471528646 -1.3496550524494291 -1.3099401321236721 -1.3502927643178007 -1.3105868125700468
1 0.026709963050970866 0.026713929314598654 -1.2705573351594328 -1.2438434058448342 -1.2712112496651793 -1.2445012866142082 -1.264633857115731 -1.2464137991492219 -1.2652887167031348 -1.2470713313514821
30 0.015141826593011134 0.015143451719616279 -1.2261491801550508 -1.2110057284354343 -1.2268092693685451 -1.2116674427755338 -1.2228869898301582 -1.2124660261164277 -1.2235474497783485 -1.2131275943904234
2 0.029649725753808365 0.029662250346015218 -1.529008671838781 -1.4993464214927656 -1.5295849527049581 -1.4999352269511497 -1.5218505542301273 -1.5019288093871228 -1.5224299433292217 -1.5025165617003553
3 0.012529010054513061 0.012533800892529446 -1.4828849004683331 -1.4703510995758036 -1.4834802522782145 -1.4709512422237012 -1.4800794583882753 -1.4715439830783135 -1.4806758970676672 -1.4721436769713787
31 0.0068604858379416453 0.006862978710297246 -1.4622136990908781 -1.4553507203805807 -1.4628168625373665 -1.4559563766994248 -1.460727456266548 -1.4560085084411662 -1.4613311638242183 -1.4566139280024795
54 0.013773944794977511 0.01378118568613923 -1.6179456436770505 -1.6041644579909111 -1.6184787547167925 -1.6047048099218151 -1.6176344471194783 -1.6056944965927455 -1.6181677238997216 -1.6062340545941221
4 0.0072444617222703518 0.0072481142893725467 -1.5945047615210404 -1.5872566472316678 -1.5950500682648532 -1.587805606542583 -1.5928744741719005 -1.5879425549176325 -1.5934206073489616 -1.5884911709735383
32 0.0038966472396154252 0.0038985693819404846 -1.5825994142381949 -1.5787008448562545 -1.5831506909596234 -1.5792540437200078 -1.5817528802478913 -1.579073353905823 -1.5823045757184364 -1.5796263698079496
5 0.02518164806099385 0.025188240314371741 -0.8848917011616404 -0.85971005310064652 -0.88552910589546552 -0.86034086558109379 -0.87901034396143474 -0.86198971775097388 -0.87964626954038672 -0.86262115485338353
6 0.011892855420306277 0.011896393477900467 -0.84475929607293399 -0.83286644065262783 -0.84538587474980553 -0.83348948127190492 -0.84213668869588365 -0.83401809582225961 -0.84276250012352216 -0.83464148564747287
33 0.0068816912183690092 0.0068838658532673451 -0.82489573151194739 -0.81801404029357838 -0.82551631647971457 -0.81863245062644707 -0.82341798798684307 -0.81868008073714404 -0.82403811024081475 -0.81929870374795755
7 0.01157692958025382 0.011579051499763857 -0.9517179160588991 -0.94014098647864541 -0.95236953739848884 -0.94079048589872494 -0.94893971455453696 -0.94115565592941952 -0.9495908397114694 -0.94180534703963648
8 0.0049841439586880039 0.0049851360272587259 -0.93364217440557473 -0.92865803044688677 -0.93429042004963536 -0.92930528402237655 -0.9325292856009042 -0.9291337355189434 -0.93317731202665266 -0.92978108492435829
34 0.0027536195926170523 0.0027541885933549622 -0.9254053483806699 -0.92265172878805268 -0.92605194024468507 -0.9232977516513301 -0.92480983136767669 -0.92291606363124146 -0.92545630086070307 -0.92356214146673687
47 0.0065637480417436739 0.0065646875988037466 -0.98686896429084281 -0.98030521624909917 -0.98752615289010204 -0.98096146529129835 -0.98531912231944874 -0.98087638728021664 -0.98597609321100899 -0.98153271990615876
9 0.0027242812044192973 0.0027246951552196037 -0.97668939829487345 -0.97396511709045419 -0.97734511013774927 -0.97462041498252971 -0.97607747420702928 -0.97422333458194366 -0.97673309375786022 -0.97487867204923073
35 0.0014726375433647475 0.0014728673590162836 -0.97220956749247112 -0.97073692994910632 -0.97286459443920892 -0.97139172708019261 -0.97189003738382707 -0.97087776176746776 -0.9725450146619935 -0.97153258097634376
10 0.013898430448934285 0.013905393079081643 -0.65496687458481917 -0.64106844413588493 -0.65551898850319557 -0.64161359542411389 -0.65173922303429044 -0.64233517098687531 -0.65228973837914417 -0.6428809653944918
11 0.0066954291333659668 0.006698916477207266 -0.63271831855792493 -0.62602288942455897 -0.63325918764753208 -0.62656027117032487 -0.63124591553644349 -0.62667332314003765 -0.63178602181983479 -0.62721104576400566
52 0.0035632607627396791 0.0035651533543507967 -0.62150890443979012 -0.61794564367705052 -0.62204390807114329 -0.61847875471679259 -0.62066966181852701 -0.61797389311698747 -0.62120422091348704 -0.61850701921440621
12 0.0061210144699818921 0.0061238210877909644 -0.69087278271902242 -0.6847517682490406 -0.69144193058704118 -0.68531810949925032 -0.68940760256860023 -0.68528988638208266 -0.6899760822575004 -0.68585647597318866
13 0.0026578506970732067 0.0026590916131616492 -0.68129770236420051 -0.67863985166712726 -0.68186244221361236 -0.67920335060045067 -0.68070490721874244 -0.67889385825072046 -0.681269370952581 -0.67945747610204188
36 0.0014744757429038758 0.0014751701400236691 -0.6769011766272548 -0.67542670088435086 -0.67746385971930001 -0.67598868957927638 -0.67658249593137465 -0.67556834610520011 -0.67714502913873009 -0.67613040160792415
48 0.0033962262273762138 0.0033977121147351508 -0.70921043551004537 -0.70581420928266914 -0.70978775241483194 -0.70639004030009678 -0.70840966032307162 -0.70611025139416084 -0.70898662798795209 -0.70668621242276608
14 0.0014162700067838784 0.0014168961095778671 -0.70393786084021004 -0.70252159083342613 -0.70451286565845028 -0.70309596954887243 -0.70361993249966859 -0.70265592488584194 -0.70419479695477183 -0.70323036307934061
37 0.00076726961407855873 0.00076761044880183408 -0.70160776407086844 -0.70084049445678986 -0.70218173766751624 -0.70141412721871443 -0.70144133832606603 -0.70091389825628181 -0.70201523804677979 -0.70148756365263121
45 1 1 -1.6227064492412593 -0.62270644924125906 -1.6229859662346122 -0.62298596623461222 -1.5270219932646913 -0.83958227994384349 -1.5273254358597264 -0.83990876750629351
48 0.40573062714422253 0.40579730513387419 -1.6227064492412593 -1.2169091441073849 -1.6229859662346122 -1.2172553390903897 -1.5270219932646913 -1.2522798930788961 -1.5273254358597264 -1.2526238986781428
14 0.169199245340349 0.16921932350153754 -0.99273320908131446 -0.82353396374096555 -0.99307719061341071 -0.82385786711187303 -0.95475020377902031 -0.83958227994384349 -0.95509105650222703 -0.83990876750629351
37 0.091658380594253699 0.091681406698800066 -0.71436482983551275 -0.62270644924125906 -0.71466737293341231 -0.62298596623461222 -0.69448334064726702 -0.63147520241868593 -0.6947812839554971 -0.63175712334229994
25 0.15230502621515019 0.15231937992885797 -1.369228524036243 -1.2169091441073849 -1.3695603653055399 -1.2172553390903897 -1.3553446707641159 -1.2522798930788961 -1.355678351789968 -1.2526238986781428
26 0.073381895281204423 0.073397106712125071 -1.5341525194673378 -1.4607554127552127 -1.5344543536470299 -1.4610724583658254 -1.5270219932646913 -1.4768957148706834 -1.5273254358597264 -1.4772096709095628
53 0.039056218562007361 0.039066598471575453 -1.6227064492412593 -1.5836398507696836 -1.6229859662346122 -1.5839297476726051 -1.6223967227380829 -1.5928409011243285 -1.6226763253432823 -1.5931284292885366
27 0.067046439569802718 0.067056290017408024 -0.89058040331076815 -0.82353396374096555 -0.89091415712928113 -0.82385786711187303 -0.88468590877575082 -0.83958227994384349 -0.88501889627741481 -0.83990876750629351
28 0.029115859840768716 0.029118753736903008 -0.95753280628873294 -0.92841694644796424 -0.95787391531552113 -0.92875516157861804 -0.95475020377902031 -0.93491072577541912 -0.95509105650222703 -0.93524962696850311
44 0.016153228563487766 0.016154461644072315 -0.99273320908131446 -0.9765799805178268 -0.99307719061341071 -0.97692272896933829 -0.9911814381859354 -0.98007117481932704 -0.99152530752777346 -0.98041420200213236
51 0.037190462502028204 0.037200365748408112 -0.65989691174328735 -0.62270644924125906 -0.66018633198302035 -0.62298596623461222 -0.65665502608168291 -0.63147520241868593 -0.65694361350402852 -0.63175712334229994
29 0.015509812020711233 0.015513539600637668 -0.69595446847386011 -0.68044465645314878 -0.69625275963512889 -0.68073922003449117 -0.69448334064726702 -0.68392631717760288 -0.6947812839554971 -0.68422172911534629
45 0.0084027302508455481 0.0084046476281889378 -0.71436482983551275 -0.70596209958466727 -0.71466737293341231 -0.70626272530522338 -0.71356094649374313 -0.7077846986458699 -0.71386330784730401 -0.70808574357387155
0 0.058759888913285707 0.058766946885918221 -1.369228524036243 -1.3104615771503247 -1.3695603653055399 -1.3108004763922543 -1.3553446707641159 -1.3157095559417342 -1.355678351789968 -1.3160479025517533
1 0.026676503236596646 0.026678574439128452 -1.2763911826580228 -1.2497126082188945 -1.2767332992512723 -1.2500567960146758 -1.2704761262494431 -1.2522798930788961 -1.2708187360198999 -1.2526238986781428
30 0.0151280892994028 0.015128941075329369 -1.2320380851827144 -1.2169091441073849 -1.2323834283897925 -1.2172553390903897 -1.2287792040451779 -1.2183681370228372 -1.2291247414271451 -1.2187142553778008
2 0.029544576647760945 0.029551059250165157 -1.5341525194673378 -1.5046014602171724 -1.5344543536470299 -1.504909776999269 -1.5270219932646913 -1.5071744972316126 -1.5273254358597264 -1.5074822687572984
3 0.012488770965991483 0.012491252698807532 -1.4881980697666723 -1.4757068170678647 -1.4885097765653719 -1.4760210055993803 -1.4854022798652937 -1.4768957148706834 -1.485714549618627 -1.4772096709095628
31 0.0068395430487815656 0.0068408349322925544 -1.4675962476875051 -1.4607554127552127 -1.4679120014146072 -1.4610724583658254 -1.4661148379743172 -1.4614110976663843 -1.4664308736588025 -1.4617280205728578
54 0.013713217459783544 0.013716958143738633 -1.6227064492412593 -1.6089894910975207 -1.6229859662346122 -1.6092727487748286 -1.6223967227380829 -1.6105124870857292 -1.6226763253432823 -1.6107953345678543
4 0.0072138223621686206 0.0072157100115729025 -1.5993737487730426 -1.5921580387614698 -1.5996595666933522 -1.5924457443311835 -1.597750793068996 -1.5928409011243285 -1.5980370380680049 -1.5931284292885366
32 0.0038805217438742786 0.0038815153020910543 -1.5875213660717746 -1.5836398507696836 -1.5878102694164793 -1.5839297476726051 -1.5866785473557055 -1.5840107364793325 -1.5869676671461346 -1.5843005388059166
5 0.025240206922857219 0.025243623345535947 -0.89058040331076815 -0.86534019638791104 -0.89091415712928113 -0.86567053378374514 -0.88468590877575082 -0.86762541046712294 -0.88501889627741481 -0.86795607169043087
6 0.011924298620775287 0.011926134095745489 -0.85035181973919816 -0.83842752111842289 -0.85067996158787351 -0.83875382749212801 -0.84772239413216233 -0.83958227994384349 -0.8480501380005977 -0.83990876750629351
33 0.006901021746080413 0.0069021504486990737 -0.83043498548704597 -0.82353396374096555 -0.83076001756057216 -0.82385786711187303 -0.8289531289945854 -0.82420189476994632 -0.82927792092302 -0.82452590853646901
7 0.011595752474633817 0.011596848815831107 -0.95753280628873294 -0.94593705381409898 -0.95787391531552113 -0.94627706649969001 -0.95475020377902031 -0.94695342390034665 -0.95509105650222703 -0.94729353565435515
8 0.0049929472466863061 0.0049934602011494243 -0.93942711754636066 -0.93443417029967424 -0.93976648213931502 -0.93477302193816558 -0.93831228355237484 -0.93491072577541912 -0.93865153480772912 -0.93524962696850311
34 0.0027586694669742532 0.0027589637679779344 -0.93117561591493847 -0.92841694644796424 -0.93151412534659594 -0.92875516157861804 -0.93057901288490841 -0.92868176918117773 -0.93091745902638401 -0.92902001274637125
47 0.0065720734181949677 0.0065725576922809302 -0.99273320908131446 -0.98616113566311947 -0.99307719061341071 -0.98650463292112966 -0.9911814381859354 -0.98673304740372081 -0.99152530752777346 -0.98707658775304497
9 0.002727950231020322 0.0027281637241900764 -0.98254055677263685 -0.97981260654161639 -0.9828837770361103 -0.98015561331192014 -0.98192781468818524 -0.98007117481932704 -0.98227098735606566 -0.98041420200213236
35 0.001474674747673493 0.0014747933057482898 -0.97805465526550017 -0.9765799805178268 -0.9783975222750867 -0.97692272896933829 -0.97773468487693005 -0.97672100804910023 -0.9780775262643342 -0.97706376789069027
10 0.013960430405879076 0.013964058136771342 -0.65989691174328735 -0.64593648133740822 -0.66018633198302035 -0.64622227384624908 -0.65665502608168291 -0.64720893526991941 -0.65694361350402852 -0.64749506290258596
11 0.0067264877802844097 0.0067283054263741204 -0.63754822050878368 -0.63082173272849928 -0.63783178139860919 -0.63110347597223493 -0.63606902400764975 -0.63147520241868593 -0.63635218733306542 -0.63175712334229994
52 0.0035801177592921229 0.0035811043780192356 -0.6262865670005513 -0.62270644924125906 -0.6265670706126315 -0.62298596623461222 -0.62544336501369491 -0.62273483279939823 -0.62572363689228927 -0.62301435764266
12 0.0061459976083934826 0.0061474587980091221 -0.69595446847386011 -0.68980847086546659 -0.69625275963512889 -0.69010530083711974 -0.69448334064726702 -0.69034879966400253 -0.6947812839554971 -0.69064575893485092
13 0.0026688975142896893 0.0026695436649193929 -0.68634014947130406 -0.68367125195701428 -0.68663614563705955 -0.68396660197214021 -0.68574489632751701 -0.68392631717760288 -0.68604074872159837 -0.68422172911534629
36 0.0014806575806610195 0.0014810191836619325 -0.68192531403380985 -0.68044465645314878 -0.68222023921815311 -0.68073922003449117 -0.68160529900347633 -0.68058689643086046 -0.68190014613718819 -0.68088149480240845
48 0.0034094504453871344 0.003410223721539824 -0.71436482983551275 -0.71095537939012576 -0.71466737293341231 -0.71125714921187244 -0.71356094649374313 -0.71125257860229674 -0.71386330784730401 -0.71155441608581038
14 0.0014218424705972274 0.0014221683318741789 -0.70907167769205448 -0.70764983522145719 -0.70937301752499549 -0.70795084919312123 -0.70875250009264423 -0.7077846986458699 -0.70905376687305421 -0.70808574357387155
37 0.00077030318118175174 0.00077048057922971121 -0.70673240276584903 -0.70596209958466727 -0.70703320588445306 -0.70626272530522338 -0.70656531949715606 -0.70603579384470294 -0.70686608416496621 -0.70633643655098277
46 1 1 0.82583445741321404 1.8258344574132139 0.83482294409841151 1.8348229440984114 1.0621097571839186 1.7388831300377146 1.0721671665815808 1.7483400240628861
25 0.37334754287477517 0.37473231622908348 1.4511021411841307 1.8258344574132139 1.4614754012236362 1.8348229440984114 1.4852899549810625 1.7388831300377146 1.4956054180481904 1.7483400240628861
26 0.18105603470949932 0.18146381372159792 1.0445124935448917 1.2255685282543911 1.0545131925453617 1.2359770062669595 1.0621097571839186 1.1857686283933622 1.0721671665815808 1.1961208214080226
53 0.096503818938907082 0.097020736985414968 0.82583445741321404 0.92233827635212118 0.83482294409841151 0.93184368108382643 0.8265997511861467 0.89961395925525722 0.83559277408117527 0.9090076366632871
0 0.14432713431578253 0.14466591924875133 1.4511021411841307 1.5957680604328819 1.4614754012236362 1.6058025355394188 1.4852899549810625 1.5828537184378886 1.4956054180481904 1.5929284614270061
1 0.065308502780416805 0.065608040756016256 1.6795875641796743 1.7451956049356907 1.689312977840943 1.7546214806213598 1.6941358767740455 1.7388831300377146 1.7037992329959224 1.7483400240628861
30 0.03697509817399075 0.037186277317856564 1.7886481800953575 1.8258344574132139 1.7978478459244207 1.8348229440984114 1.796658992767276 1.8222486386631782 1.8058145362126246 1.8312581955271809
2 0.072917620835906749 0.073128646951555298 1.0445124935448917 1.1174301143807988 1.0545131925453617 1.127641839496917 1.0621097571839186 1.1110822401872804 1.0721671665815808 1.1212781040569901
3 0.030807139827577948 0.030862532218417404 1.1578934455348664 1.1887005853624446 1.1681950332766322 1.1990575654950497 1.1647891341192171 1.1857686283933622 1.1751040984590759 1.1961208214080226
31 0.016867582456002977 0.016889143980169823 1.2087009457983882 1.2255685282543911 1.21908786228679 1.2359770062669595 1.2123538160065375 1.2239518587853044 1.2227456879488716 1.2343584163375378
54 0.033889819320693682 0.034084000900777511 0.82583445741321404 0.85972427673390772 0.83482294409841151 0.86890694499918886 0.8265997511861467 0.85596178719372062 0.83559277408117527 0.86512357332427547
4 0.017822785170551227 0.017914361556468542 0.88347776976463521 0.90130055493518646 0.8927883745926628 0.91070273614913133 0.88748661390247707 0.89961395925525722 0.8968181468953027 0.9090076366632871
32 0.0095860461294348404 0.0096324268994147071 0.91275223022268626 0.92233827635212118 0.92221125418441163 0.93184368108382643 0.9148337525699336 0.92142233373381388 0.92430294075378805 0.93092335411153937
15 0.054873203643178041 0.055031146860068658 1.5407369135728133 1.5957680604328819 1.5509293318962407 1.6058025355394188 1.5456906881228647 1.5828537184378886 1.5558703498637185 1.5929284614270061
16 0.025513599969170856 0.025565084874455968 1.482820848398672 1.508385933273128 1.4931409476570456 1.5186545476262165 1.4852899549810625 1.5027355095297443 1.4956054180481904 1.5130161666291333
38 0.014644776194581322 0.014667884177102523 1.4511021411841307 1.4657700253612331 1.4614754012236362 1.4761201774182178 1.4525196112378631 1.4626161527668997 1.4628907490031782 1.4729714877407458
17 0.026120375030730062 0.02624627236850794 1.7189493325671825 1.7451956049356907 1.7285011055906296 1.7546214806213598 1.7212435989462174 1.7388831300377146 1.7307846895989998 1.7483400240628861
18 0.011166605763516938 0.011216005960053881 1.6930665897447759 1.7042825957048298 1.7027345918258088 1.7139011975893257 1.6941358767740455 1.701775787732992 1.7037992329959224 1.7114055589680564
39 0.006148459513129919 0.0061744936507554422 1.6795875641796743 1.6857620578304298 1.689312977840943 1.6954614373540728 1.6801799179177572 1.6844259970198139 1.689902853411966 1.6941310479025464
49 0.015078901704112913 0.015166992741327672 1.8106674646718863 1.8258344574132139 1.8197440423942985 1.8348229440984114 1.8119852729333561 1.8222486386631782 1.8210543037332247 1.8312581955271809
19 0.0062336944753181751 0.0062687029381884498 1.7960651933533207 1.8023338962915092 1.8052240331920733 1.8114577276673915 1.796658992767276 1.8009250748076462 1.8058145362126246 1.8100568141028277
40 0.0033634592357229673 0.0033819949436979272 1.7886481800953575 1.7920301750390555 1.7978478459244207 1.8012113051601437 1.7889714991595247 1.7912961417433195 1.7981693987740053 1.8004813062839362
20 0.027266069246019417 0.027337584658593522 1.0901640451347792 1.1174301143807988 1.1003042548383237 1.127641839496917 1.0926417799121886 1.1110822401872804 1.1027888531111283 1.1212781040569901
21 0.013021153580240761 0.013060942957560898 1.0608465869249164 1.0738677405051571 1.070900048142059 1.0839609910996197 1.0621097571839186 1.0710007479451797 1.0721671665815808 1.081085410697211
41 0.0075782774757637839 0.0076031511005119068 1.0445124935448917 1.0520907710206555 1.0545131925453617 1.0621163436458736 1.045246713788736 1.0504649126716008 1.0552498525339165 1.0604852063813244
22 0.012235227950819643 0.012255879795603863 1.1764653574116246 1.1887005853624446 1.1868016856994457 1.1990575654950497 1.177539577038341 1.1857686283933622 1.1878777895941888 1.1961208214080226
23 0.0052930993604981677 0.0053030162487610151 1.1642835678411831 1.1695766672016812 1.1745975706212732 1.1799005868700343 1.1647891341192171 1.1683955426289474 1.1751040984590759 1.1787172782065165
42 0.0029311471330804219 0.002936902047591432 1.1578934455348664 1.1608245926679468 1.1681950332766322 1.1711319353242235 1.1581749371426358 1.1601909067259553 1.168477081979806 1.1704970138608299
50 0.0068523503295730148 0.0068607028929159571 1.2187161779248181 1.2255685282543911 1.2291163033740438 1.2359770062669595 1.2193130436773172 1.2239518587853044 1.2297139187900366 1.2343584163375378
24 0.0028517138090681108 0.0028554816314451305 1.2120834115133037 1.2149351253223717 1.2224749220476352 1.2253304036790804 1.2123538160065375 1.2142947976171052 1.2227456879488716 1.2246892383333519
43 0.0015434574295117502 0.001545570566735692 1.2087009457983882 1.2102444032278998 1.21908786228679 1.2206334328535258 1.2088485822959927 1.2099095696173783 1.2192357021338593 1.2202981432229725
25 0.016231214347161915 0.016322506022753161 0.84349306238674582 0.85972427673390772 0.85258443897643588 0.86890694499918886 0.8449756175153238 0.85596178719372062 0.85407546308576165 0.86512357332427547
26 0.0078695695962546219 0.0079158821676910129 0.82583445741321404 0.83370402700946866 0.83482294409841151 0.84273882626610241 0.8265997511861467 0.83197497459759862 0.83559277408117527 0.84099966169664386
-1
27 0.0070516137857518299 0.0070873934414907511 0.89424894114943476 0.90130055493518646 0.90361534270764066 0.91070273614913133 0.89486946224335984 0.89961395925525722 0.90423903608781597 0.9090076366632871
28 0.0030701469814330765 0.0030860558758780557 0.88719308425124732 0.89026323123268036 0.89652309137352226 0.89960914724940033 0.88748661390247707 0.88957872100648239 0.8968181468953027 0.89892109975998191
44 0.0017054194309785156 0.0017143459865771853 0.88347776976463521 0.88518318919561367 0.8927883745926628 0.89450272057924007 0.88364163789232408 0.88481466713939838 0.89295310194944466 0.89413227253105676
51 0.0038863868317799422 0.0039050586187057866 0.91845188952034129 0.92233827635212118 0.92793862246512049 0.93184368108382643 0.91879083662735705 0.92142233373381388 0.92827920517512985 0.93092335411153937
29 0.0016230370601359109 0.001630929621973892 0.91467977294152025 0.91630281000165614 0.9241482110001531 0.92577914062212696 0.9148337525699336 0.91593853411896975 0.92430294075378805 0.925413096057629
45 0.00087988714272230922 0.00088418999366040793 0.91275223022268626 0.91363211736540872 0.92221125418441163 0.9230954441780721 0.91283641795805948 0.9134412836765633 0.92229585401632497 0.9229036780519323
47 1 1 0.8223773471496767 1.8223773471496767 0.82583445741321404 1.8258344574132139 1.0582379098451575 1.7352432670313793 1.0621097571839186 1.7388831300377146
25 0.37473231622908348 0.37527132183713596 1.4471060253125407 1.8223773471496767 1.4511021411841307 1.8258344574132139 1.4813161908594732 1.7352432670313793 1.4852899549810625 1.7388831300377146
26 0.18089702078085723 0.18105603470949932 1.0406627063987877 1.221559727179645 1.0445124935448917 1.2255685282543911 1.0582379098451575 1.1817818682575183 1.0621097571839186 1.1857686283933622
53 0.096303487537180266 0.096503818938907082 0.8223773471496767 0.91868083468685691 0.82583445741321404 0.92233827635212118 0.82314088430037102 0.89599984682695077 0.8265997511861467 0.89961395925525722
0 0.14466591924875133 0.14479730327284632 1.4471060253125407 1.5919033285853872 1.4511021411841307 1.5957680604328819 1.4813161908594732 1.5789733390609784 1.4852899549810625 1.5828537184378886
1 0.065608040756016256 0.065724759163785437 1.6758430759748766 1.7415678351386619 1.6795875641796743 1.7451956049356907 1.6904155575736359 1.7352432670313793 1.6941358767740455 1.7388831300377146
30 0.037186277317856564 0.037268704126843744 1.7851086430228329 1.8223773471496767 1.7886481800953575 1.8258344574132139 1.7931366731274347 1.8187833020845188 1.796658992767276 1.8222486386631782
2 0.07283547095507048 0.072917620835906749 1.0406627063987877 1.1134981773538581 1.0445124935448917 1.1174301143807988 1.0582379098451575 1.1071564845059598 1.0621097571839186 1.1110822401872804
3 0.030785496344516612 0.030807139827577948 1.153926456806198 1.1847119531507144 1.1578934455348664 1.1887005853624446 1.1608169220508315 1.1817818682575183 1.1647891341192171 1.1857686283933622
31 0.016859130134308821 0.016867582456002977 1.2047005970453362 1.221559727179645 1.2087009457983882 1.2255685282543911 1.208351525877194 1.2199438111610661 1.2123538160065375 1.2239518587853044
54 0.033814603076080918 0.033889819320693682 0.8223773471496767 0.85619195022575756 0.82583445741321404 0.85972427673390772 0.82314088430037102 0.8524375514596052 0.8265997511861467 0.85596178719372062
4 0.017787282616763531 0.017822785170551227 0.87989586263505282 0.89768314525181636 0.88347776976463521 0.90130055493518646 0.8838965942792173 0.89599984682695077 0.88748661390247707 0.89961395925525722
32 0.0095680568990958864 0.0095860461294348404 0.90911277778776101 0.91868083468685691 0.91275223022268626 0.92233827635212118 0.91119035811520355 0.91776659271998373 0.9148337525699336 0.92142233373381388
15 0.055031146860068658 0.055092485466664134 1.5368108431187228 1.5919033285853872 1.5407369135728133 1.5957680604328819 1.5417695677970868 1.5789733390609784 1.5456906881228647 1.5828537184378886
16 0.025565084874455968 0.025585025335712039 1.4788452897004971 1.5044303150362088 1.482820848398672 1.508385933273128 1.4813161908594732 1.4987752249399191 1.4852899549810625 1.5027355095297443
38 0.014667884177102523 0.014676814837092111 1.4471060253125407 1.4617828401496329 1.4511021411841307 1.4657700253612331 1.4485243151713987 1.458626963704738 1.4525196112378631 1.4626161527668997
17 0.02624627236850794 0.026295347422069418 1.7152724877165926 1.7415678351386619 1.7189493325671825 1.7451956049356907 1.71757091716694 1.7352432670313793 1.7212435989462174 1.7388831300377146
18 0.011216005960053881 0.011235249974518264 1.6893444609163784 1.7005797108908967 1.6930665897447759 1.7042825957048298 1.6904155575736359 1.6980685514907401 1.6941358767740455 1.701775787732992
39 0.0061744936507554422 0.0061846320887060866 1.6758430759748766 1.6820277080635826 1.6795875641796743 1.6857620578304298 1.6764363947270007 1.6806894385552498 1.6801799179177572 1.6844259970198139
49 0.015166992741327672 0.015201382379215611 1.8071759647704611 1.8223773471496767 1.8106674646718863 1.8258344574132139 1.8084967189162193 1.8187833020845188 1.8119852729333561 1.8222486386631782
19 0.0062687029381884498 0.0062823654515685307 1.7925415873143744 1.7988239527659431 1.7960651933533207 1.8023338962915092 1.7931366731274347 1.7974120449863724 1.796658992767276 1.8009250748076462
40 0.0033819949436979272 0.0033892276601548759 1.7851086430228329 1.7884978706829879 1.7886481800953575 1.7920301750390555 1.7854326512538532 1.7877622631031673 1.7889714991595247 1.7912961417433195
20 0.027238208775645922 0.027266069246019417 1.0862599685782124 1.1134981773538581 1.0901640451347792 1.1174301143807988 1.0887350305778249 1.1071564845059598 1.0926417799121886 1.1110822401872804
21 0.013005669754154658 0.013021153580240761 1.0569762757534278 1.0699819455075825 1.0608465869249164 1.0738677405051571 1.0582379098451575 1.0671182953390621 1.0621097571839186 1.0710007479451797
41 0.007568602950005443 0.0075782774757637839 1.0406627063987877 1.0482313093487932 1.0445124935448917 1.0520907710206555 1.041395977793534 1.0466075043772223 1.045246713788736 1.0504649126716008
22 0.01222715415025603 0.012235227950819643 1.1724847990004585 1.1847119531507144 1.1764653574116246 1.1887005853624446 1.1735582822245172 1.1817818682575183 1.177539577038341 1.1857686283933622
23 0.0052892258601119312 0.0052930993604981677 1.1603117313074032 1.1656009571675152 1.1642835678411831 1.1695766672016812 1.1608169220508315 1.1644206857869188 1.1647891341192171 1.1683955426289474
42 0.0029289001562503364 0.0029311471330804219 1.153926456806198 1.1568553569624482 1.1578934455348664 1.1608245926679468 1.154207730913088 1.1562221534510337 1.1581749371426358 1.1601909067259553
50 0.0068490743356921409 0.0068523503295730148 1.2147106528439529 1.221559727179645 1.2187161779248181 1.2255685282543911 1.2153072246645946 1.2199438111610661 1.2193130436773172 1.2239518587853044
24 0.0028502373012266268 0.0028517138090681108 1.2080812629929889 1.2109315002942156 1.2120834115133037 1.2149351253223717 1.208351525877194 1.2102915008720767 1.2123538160065375 1.2142947976171052
43 0.001542629652837685 0.0015434574295117502 1.2047005970453362 1.206243226698174 1.2087009457983882 1.2102444032278998 1.2048481538899927 1.2059085717334201 1.2088485822959927 1.2099095696173783
25 0.016195847189700938 0.016231214347161915 0.83999610303605665 0.85619195022575756 0.84349306238674582 0.85972427673390772 0.84147537761647251 0.8524375514596052 0.8449756175153238 0.85596178719372062
26 0.0078516342599128652 0.0078695695962546219 0.8223773471496767 0.83022898140958956 0.82583445741321404 0.83370402700946866 0.82314088430037102 0.82850384530337196 0.8265997511861467 0.83197497459759862
-1
27 0.0070377412977990416 0.0070516137857518299 0.89064540395401726 0.89768314525181636 0.89424894114943476 0.90130055493518646 0.89126469515982365 0.89599984682695077 0.89486946224335984 0.89961395925525722
28 0.0030639797796079304 0.0030701469814330765 0.88360365612858227 0.88666763590819031 0.88719308425124732 0.89026323123268036 0.8838965942792173 0.8859844969575581 0.88748661390247707 0.88957872100648239
44 0.0017019592538285175 0.0017054194309785156 0.87989586263505282 0.88159782188888136 0.88347776976463521 0.88518318919561367 0.88005939770655761 0.88123004640864178 0.88364163789232408 0.88481466713939838
51 0.0038791444142819149 0.0038863868317799422 0.91480169027257496 0.91868083468685691 0.91845188952034129 0.92233827635212118 0.91514000298235265 0.91776659271998373 0.91879083662735705 0.92142233373381388
29 0.001619975969161309 0.0016230370601359109 0.91103666941520012 0.91265664538436142 0.91467977294152025 0.91630281000165614 0.91119035811520355 0.91229305548411876 0.9148337525699336 0.91593853411896975
45 0.0008782183739611208 0.00087988714272230922 0.90911277778776101 0.90999099616172219 0.91275223022268626 0.91363211736540872 0.90919680570146777 0.9098005241010414 0.91283641795805948 0.9134412836765633
48 1 1 0.82054711230427446 1.8205471123042745 0.8223773471496767 1.8223773471496767 1.0561872875086209 1.7333156871701525 1.0582379098451575 1.7352432670313793
25 0.37527132183713596 0.37555813717845937 1.4449889751258151 1.8205471123042745 1.4471060253125407 1.8223773471496767 1.4792110013418256 1.7333156871701525 1.4813161908594732 1.7352432670313793
26 0.18081234054843537 0.18089702078085723 1.0386238195702386 1.2194361601186738 1.0406627063987877 1.221559727179645 1.0561872875086209 1.1796700597587129 1.0582379098451575 1.1817818682575183
53 0.096197085605895238 0.096303487537180266 0.82054711230427446 0.91674419791016981 0.8223773471496767 0.91868083468685691 0.82130971677508458 0.8940862301550655 0.82314088430037102 0.89599984682695077
0 0.14479730327284632 0.1448671046107157 1.4449889751258151 1.5898560797365309 1.4471060253125407 1.5919033285853872 1.4792110013418256 1.5769177698722783 1.4813161908594732 1.5789733390609784
1 0.065724759163785437 0.065786896311377463 1.6738597985063932 1.7396466948177707 1.6758430759748766 1.7415678351386619 1.6884451440728792 1.7333156871701525 1.6904155575736359 1.7352432670313793
30 0.037268704126843744 0.037312617273860746 1.7832344950304138 1.8205471123042745 1.7851086430228329 1.8223773471496767 1.7912716967954667 1.8169486841236455 1.7931366731274347 1.8187833020845188
2 0.072791755197415764 0.07283547095507048 1.0386238195702386 1.1114155747676544 1.0406627063987877 1.1134981773538581 1.0561872875086209 1.1050771728360997 1.0582379098451575 1.1071564845059598
3 0.03077396066677035 0.030785496344516612 1.1518251858306687 1.1825991464974392 1.153926456806198 1.1847119531507144 1.1587128678562417 1.1796700597587129 1.1608169220508315 1.1817818682575183
31 0.01685461890550919 0.016859130134308821 1.2025815412131649 1.2194361601186738 1.2047005970453362 1.221559727179645 1.2062314341542564 1.2178206463750667 1.208351525877194 1.2199438111610661
54 0.033774662302292868 0.033814603076080918 0.82054711230427446 0.85432177460656744 0.8223773471496767 0.85619195022575756 0.82130971677508458 0.85057167261507916 0.82314088430037102 0.8524375514596052
4 0.017768423401019116 0.017787282616763531 0.87799935354415037 0.89576777694516951 0.87989586263505282 0.89768314525181636 0.88199577599670931 0.8940862301550655 0.8838965942792173 0.89599984682695077
32 0.0095584990210207284 0.0095680568990958864 0.90718569888914902 0.91674419791016981 0.90911277778776101 0.91868083468685691 0.90926118483943996 0.91583085954950316 0.91119035811520355 0.91776659271998373
15 0.055092485466664134 0.055125093139073371 1.5347309865974574 1.5898560797365309 1.5368108431187228 1.5919033285853872 1.5396923418538098 1.5769177698722783 1.5417695677970868 1.5789733390609784
16 0.025585025335712039 0.025595613319234427 1.4767391475400959 1.5023347608593305 1.4788452897004971 1.5044303150362088 1.4792110013418256 1.4966771925389619 1.4813161908594732 1.4987752249399191
38 0.014676814837092111 0.014681552431933486 1.4449889751258151 1.4596705275577486 1.4471060253125407 1.4617828401496329 1.4464076997881605 1.4565135879174833 1.4485243151713987 1.458626963704738
17 0.026295347422069418 0.026321477468494853 1.7133252173492757 1.7396466948177707 1.7152724877165926 1.7415678351386619 1.7156258632145531 1.7333156871701525 1.71757091716694 1.7352432670313793
18 0.011235249974518264 0.011245493649310257 1.687373084184304 1.6986185778336145 1.6893444609163784 1.7005797108908967 1.6884451440728792 1.6961051020640319 1.6904155575736359 1.6980685514907401
39 0.0061846320887060866 0.0061900280805282292 1.6738597985063932 1.6800498265869215 1.6758430759748766 1.6820277080635826 1.6744536308563676 1.6787103815162181 1.6764363947270007 1.6806894385552498
49 0.015201382379215611 0.015219704992826004 1.8053274073114485 1.8205471123042745 1.8071759647704611 1.8223773471496767 1.8066497309305583 1.8169486841236455 1.8084967189162193 1.8187833020845188
19 0.0062823654515685307 0.0062896437672542507 1.790675925704015 1.7969655694712692 1.7925415873143744 1.7988239527659431 1.7912716967954667 1.795552017526463 1.7931366731274347 1.7974120449863724
40 0.0033892276601548759 0.0033930804349755679 1.7832344950304138 1.7866275754653893 1.7851086430228329 1.7884978706829879 1.7835588703676049 1.7858911292765987 1.7854326512538532 1.7877622631031673
20 0.027223378292716358 0.027238208775645922 1.0841921964749379 1.1114155747676544 1.0862599685782124 1.1134981773538581 1.0866658359604651 1.1050771728360997 1.0887350305778249 1.1071564845059598
21 0.012997431386572082 0.013005669754154658 1.0549264706983366 1.0679239020849085 1.0569762757534278 1.0699819455075825 1.0561872875086209 1.0650620303871099 1.0582379098451575 1.0671182953390621
41 0.0075634566115149737 0.007568602950005443 1.0386238195702386 1.0461872761817537 1.0406627063987877 1.0482313093487932 1.0393565862459992 1.0445645635349023 1.041395977793534 1.0466075043772223
22 0.012222849905277037 0.01222715415025603 1.170376296592162 1.1825991464974392 1.1724847990004585 1.1847119531507144 1.1714493872869978 1.1796700597587129 1.1735582822245172 1.1817818682575183
23 0.0052871616390816551 0.0052892258601119312 1.1582078772276796 1.1634950388667611 1.1603117313074032 1.1656009571675152 1.1587128678562417 1.1623152221808335 1.1608169220508315 1.1644206857869188
42 0.0029277029211242935 0.0029289001562503364 1.1518251858306687 1.154752888751793 1.153926456806198 1.1568553569624482 1.1521063440518644 1.1541199422954995 1.154207730913088 1.1562221534510337
50 0.0068473254638794171 0.0068490743356921409 1.2125888346547944 1.2194361601186738 1.2147106528439529 1.221559727179645 1.2131852495833721 1.2178206463750667 1.2153072246645946 1.2199438111610661
24 0.0028494493660530342 0.0028502373012266268 1.2059612468355509 1.2088106962016041 1.2080812629929889 1.2109315002942156 1.2062314341542564 1.2081708719748319 1.208351525877194 1.2102915008720767
43 0.0015421879805813518 0.001542629652837685 1.2025815412131649 1.2041237291937459 1.2047005970453362 1.206243226698174 1.2027290555589418 1.2037891695502061 1.2048481538899927 1.2059085717334201
25 0.016177065575445182 0.016195847189700938 0.83814470903112226 0.85432177460656744 0.83999610303605665 0.85619195022575756 0.83962224157915477 0.85057167261507916 0.84147537761647251 0.8524375514596052
26 0.0078421112418151639 0.0078516342599128652 0.82054711230427446 0.82838922354608968 0.8223773471496767 0.83022898140958956 0.82130971677508458 0.82666616690248707 0.82314088430037102 0.82850384530337196
-1
27 0.0070303718255376579 0.0070377412977990416 0.88873740511963195 0.89576777694516951 0.89064540395401726 0.89768314525181636 0.88935604298886872 0.8940862301550655 0.89126469515982365 0.89599984682695077
28 0.0030607038070570394 0.0030639797796079304 0.88170315204357008 0.88476385585062711 0.88360365612858227 0.88666763590819031 0.88199577599670931 0.88408144531815147 0.8838965942792173 0.8859844969575581
44 0.0017001212940476354 0.0017019592538285175 0.87799935354415037 0.8796994748381981 0.87989586263505282 0.88159782188888136 0.87816271170554494 0.87933209592249018 0.88005939770655761 0.88123004640864178
51 0.0038752963500596049 0.0038791444142819149 0.91286890156011014 0.91674419791016981 0.91480169027257496 0.91868083468685691 0.91320687720467653 0.91583085954950316 0.91514000298235265 0.91776659271998373
29 0.0016183496037265098 0.001619975969161309 0.9091076507095478 0.91072600031327422 0.91103666941520012 0.91265664538436142 0.90926118483943996 0.9103627748790627 0.91119035811520355 0.91229305548411876
45 0.00087733176890982586 0.0008782183739611208 0.90718569888914902 0.90806303065805882 0.90911277778776101 0.90999099616172219 0.90726964189099901 0.90787275072838713 0.90919680570146777 0.9098005241010414
49 1 1 -1.8258344574132139 -0.82583445741321404 -1.8348229440984114 -0.83482294409841151 -1.7388831300377146 -1.0621097571839186 -1.7483400240628861 -1.0721671665815808
10 0.37334754287477517 0.37473231622908348 -1.8258344574132139 -1.4511021411841307 -1.8348229440984114 -1.4614754012236362 -1.7388831300377146 -1.4852899549810625 -1.7483400240628861 -1.4956054180481904
11 0.18105603470949932 0.18146381372159792 -1.2255685282543911 -1.0445124935448917 -1.2359770062669595 -1.0545131925453617 -1.1857686283933622 -1.0621097571839186 -1.1961208214080226 -1.0721671665815808
52 0.096503818938907082 0.097020736985414968 -0.92233827635212118 -0.82583445741321404 -0.93184368108382643 -0.83482294409841151 -0.89961395925525722 -0.8265997511861467 -0.9090076366632871 -0.83559277408117527
15 0.14432713431578253 0.14466591924875133 -1.5957680604328819 -1.4511021411841307 -1.6058025355394188 -1.4614754012236362 -1.5828537184378886 -1.4852899549810625 -1.5929284614270061 -1.4956054180481904
16 0.065308502780416805 0.065608040756016256 -1.7451956049356907 -1.6795875641796743 -1.7546214806213598 -1.689312977840943 -1.7388831300377146 -1.6941358767740455 -1.7483400240628861 -1.7037992329959224
38 0.03697509817399075 0.037186277317856564 -1.8258344574132139 -1.7886481800953575 -1.8348229440984114 -1.7978478459244207 -1.8222486386631782 -1.796658992767276 -1.8312581955271809 -1.8058145362126246
17 0.072917620835906749 0.073128646951555298 -1.1174301143807988 -1.0445124935448917 -1.127641839496917 -1.0545131925453617 -1.1110822401872804 -1.0621097571839186 -1.1212781040569901 -1.0721671665815808
18 0.030807139827577948 0.030862532218417404 -1.1887005853624446 -1.1578934455348664 -1.1990575654950497 -1.1681950332766322 -1.1857686283933622 -1.1647891341192171 -1.1961208214080226 -1.1751040984590759
39 0.016867582456002977 0.016889143980169823 -1.2255685282543911 -1.2087009457983882 -1.2359770062669595 -1.21908786228679 -1.2239518587853044 -1.2123538160065375 -1.2343584163375378 -1.2227456879488716
55 0.033889819320693682 0.034084000900777511 -0.85972427673390772 -0.82583445741321404 -0.86890694499918886 -0.83482294409841151 -0.85596178719372062 -0.8265997511861467 -0.86512357332427547 -0.83559277408117527
19 0.017822785170551227 0.017914361556468542 -0.90130055493518646 -0.88347776976463521 -0.91070273614913133 -0.8927883745926628 -0.89961395925525722 -0.88748661390247707 -0.9090076366632871 -0.8968181468953027
40 0.0095860461294348404 0.0096324268994147071 -0.92233827635212118 -0.91275223022268626 -0.93184368108382643 -0.92221125418441163 -0.92142233373381388 -0.9148337525699336 -0.93092335411153937 -0.92430294075378805
0 0.054873203643178041 0.055031146860068658 -1.5957680604328819 -1.5407369135728133 -1.6058025355394188 -1.5509293318962407 -1.5828537184378886 -1.5456906881228647 -1.5929284614270061 -1.5558703498637185
1 0.025513599969170856 0.025565084874455968 -1.508385933273128 -1.482820848398672 -1.5186545476262165 -1.4931409476570456 -1.5027355095297443 -1.4852899549810625 -1.5130161666291333 -1.4956054180481904
30 0.014644776194581322 0.014667884177102523 -1.4657700253612331 -1.4511021411841307 -1.4761201774182178 -1.4614754012236362 -1.4626161527668997 -1.4525196112378631 -1.4729714877407458 -1.4628907490031782
2 0.026120375030730062 0.02624627236850794 -1.7451956049356907 -1.7189493325671825 -1.7546214806213598 -1.7285011055906296 -1.7388831300377146 -1.7212435989462174 -1.7483400240628861 -1.7307846895989998
3 0.011166605763516938 0.011216005960053881 -1.7042825957048298 -1.6930665897447759 -1.7139011975893257 -1.7027345918258088 -1.701775787732992 -1.6941358767740455 -1.7114055589680564 -1.7037992329959224
31 0.006148459513129919 0.0061744936507554422 -1.6857620578304298 -1.6795875641796743 -1.6954614373540728 -1.689312977840943 -1.6844259970198139 -1.6801799179177572 -1.6941310479025464 -1.689902853411966
46 0.015078901704112913 0.015166992741327672 -1.8258344574132139 -1.8106674646718863 -1.8348229440984114 -1.8197440423942985 -1.8222486386631782 -1.8119852729333561 -1.8312581955271809 -1.8210543037332247
4 0.0062336944753181751 0.0062687029381884498 -1.8023338962915092 -1.7960651933533207 -1.8114577276673915 -1.8052240331920733 -1.8009250748076462 -1.796658992767276 -1.8100568141028277 -1.8058145362126246
32 0.0033634592357229673 0.0033819949436979272 -1.7920301750390555 -1.7886481800953575 -1.8012113051601437 -1.7978478459244207 -1.7912961417433195 -1.7889714991595247 -1.8004813062839362 -1.7981693987740053
5 0.027266069246019417 0.027337584658593522 -1.1174301143807988 -1.0901640451347792 -1.127641839496917 -1.1003042548383237 -1.1110822401872804 -1.0926417799121886 -1.1212781040569901 -1.1027888531111283
6 0.013021153580240761 0.013060942957560898 -1.0738677405051571 -1.0608465869249164 -1.0839609910996197 -1.070900048142059 -1.0710007479451797 -1.0621097571839186 -1.081085410697211 -1.0721671665815808
33 0.0075782774757637839 0.0076031511005119068 -1.0520907710206555 -1.0445124935448917 -1.0621163436458736 -1.0545131925453617 -1.0504649126716008 -1.045246713788736 -1.0604852063813244 -1.0552498525339165
7 0.012235227950819643 0.012255879795603863 -1.1887005853624446 -1.1764653574116246 -1.1990575654950497 -1.1868016856994457 -1.1857686283933622 -1.177539577038341 -1.1961208214080226 -1.1878777895941888
8 0.0052930993604981677 0.0053030162487610151 -1.1695766672016812 -1.1642835678411831 -1.1799005868700343 -1.1745975706212732 -1.1683955426289474 -1.1647891341192171 -1.1787172782065165 -1.1751040984590759
34 0.0029311471330804219 0.002936902047591432 -1.1608245926679468 -1.1578934455348664 -1.1711319353242235 -1.1681950332766322 -1.1601909067259553 -1.1581749371426358 -1.1704970138608299 -1.168477081979806
47 0.0068523503295730148 0.0068607028929159571 -1.2255685282543911 -1.2187161779248181 -1.2359770062669595 -1.2291163033740438 -1.2239518587853044 -1.2193130436773172 -1.2343584163375378 -1.2297139187900366
9 0.0028517138090681108 0.0028554816314451305 -1.2149351253223717 -1.2120834115133037 -1.2253304036790804 -1.2224749220476352 -1.2142947976171052 -1.2123538160065375 -1.2246892383333519 -1.2227456879488716
35 0.0015434574295117502 0.001545570566735692 -1.2102444032278998 -1.2087009457983882 -1.2206334328535258 -1.21908786228679 -1.2099095696173783 -1.2088485822959927 -1.2202981432229725 -1.2192357021338593
10 0.016231214347161915 0.016322506022753161 -0.85972427673390772 -0.84349306238674582 -0.86890694499918886 -0.85258443897643588 -0.85596178719372062 -0.8449756175153238 -0.86512357332427547 -0.85407546308576165
11 0.0078695695962546219 0.0079158821676910129 -0.83370402700946866 -0.82583445741321404 -0.84273882626610241 -0.83482294409841151 -0.83197497459759862 -0.8265997511861467 -0.84099966169664386 -0.83559277408117527
-1
12 0.0070516137857518299 0.0070873934414907511 -0.90130055493518646 -0.89424894114943476 -0.91070273614913133 -0.90361534270764066 -0.89961395925525722 -0.89486946224335984 -0.9090076366632871 -0.90423903608781597
13 0.0030701469814330765 0.0030860558758780557 -0.89026323123268036 -0.88719308425124732 -0.89960914724940033 -0.89652309137352226 -0.88957872100648239 -0.88748661390247707 -0.89892109975998191 -0.8968181468953027
36 0.0017054194309785156 0.0017143459865771853 -0.88518318919561367 -0.88347776976463521 -0.89450272057924007 -0.8927883745926628 -0.88481466713939838 -0.88364163789232408 -0.89413227253105676 -0.89295310194944466
48 0.0038863868317799422 0.0039050586187057866 -0.92233827635212118 -0.91845188952034129 -0.93184368108382643 -0.92793862246512049 -0.92142233373381388 -0.91879083662735705 -0.93092335411153937 -0.92827920517512985
14 0.0016230370601359109 0.001630929621973892 -0.91630281000165614 -0.91467977294152025 -0.92577914062212696 -0.9241482110001531 -0.91593853411896975 -0.9148337525699336 -0.925413096057629 -0.92430294075378805
37 0.00087988714272230922 0.00088418999366040793 -0.91363211736540872 -0.91275223022268626 -0.9230954441780721 -0.92221125418441163 -0.9134412836765633 -0.91283641795805948 -0.9229036780519323 -0.92229585401632497
50 1 1 -1.8223773471496767 -0.8223773471496767 -1.8258344574132139 -0.82583445741321404 -1.7352432670313793 -1.0582379098451575 -1.7388831300377146 -1.0621097571839186
10 0.37473231622908348 0.37527132183713596 -1.8223773471496767 -1.4471060253125407 -1.8258344574132139 -1.4511021411841307 -1.7352432670313793 -1.4813161908594732 -1.7388831300377146 -1.4852899549810625
11 0.18089702078085723 0.18105603470949932 -1.221559727179645 -1.0406627063987877 -1.2255685282543911 -1.0445124935448917 -1.1817818682575183 -1.0582379098451575 -1.1857686283933622 -1.0621097571839186
52 0.096303487537180266 0.096503818938907082 -0.91868083468685691 -0.8223773471496767 -0.92233827635212118 -0.82583445741321404 -0.89599984682695077 -0.82314088430037102 -0.89961395925525722 -0.8265997511861467
15 0.14466591924875133 0.14479730327284632 -1.5919033285853872 -1.4471060253125407 -1.5957680604328819 -1.4511021411841307 -1.5789733390609784 -1.4813161908594732 -1.5828537184378886 -1.4852899549810625
16 0.065608040756016256 0.065724759163785437 -1.7415678351386619 -1.6758430759748766 -1.7451956049356907 -1.6795875641796743 -1.7352432670313793 -1.6904155575736359 -1.7388831300377146 -1.6941358767740455
38 0.037186277317856564 0.037268704126843744 -1.8223773471496767 -1.7851086430228329 -1.8258344574132139 -1.7886481800953575 -1.8187833020845188 -1.7931366731274347 -1.8222486386631782 -1.796658992767276
17 0.07283547095507048 0.072917620835906749 -1.1134981773538581 -1.0406627063987877 -1.1174301143807988 -1.0445124935448917 -1.1071564845059598 -1.0582379098451575 -1.1110822401872804 -1.0621097571839186
18 0.030785496344516612 0.030807139827577948 -1.1847119531507144 -1.153926456806198 -1.1887005853624446 -1.1578934455348664 -1.1817818682575183 -1.1608169220508315 -1.1857686283933622 -1.1647891341192171
39 0.016859130134308821 0.016867582456002977 -1.221559727179645 -1.2047005970453362 -1.2255685282543911 -1.2087009457983882 -1.2199438111610661 -1.208351525877194 -1.2239518587853044 -1.2123538160065375
55 0.033814603076080918 0.033889819320693682 -0.85619195022575756 -0.8223773471496767 -0.85972427673390772 -0.82583445741321404 -0.8524375514596052 -0.82314088430037102 -0.85596178719372062 -0.8265997511861467
19 0.017787282616763531 0.017822785170551227 -0.89768314525181636 -0.87989586263505282 -0.90130055493518646 -0.88347776976463521 -0.89599984682695077 -0.8838965942792173 -0.89961395925525722 -0.88748661390247707
40 0.0095680568990958864 0.0095860461294348404 -0.91868083468685691 -0.90911277778776101 -0.92233827635212118 -0.91275223022268626 -0.91776659271998373 -0.91119035811520355 -0.92142233373381388 -0.9148337525699336
0 0.055031146860068658 0.055092485466664134 -1.5919033285853872 -1.5368108431187228 -1.5957680604328819 -1.5407369135728133 -1.5789733390609784 -1.5417695677970868 -1.5828537184378886 -1.5456906881228647
1 0.025565084874455968 0.025585025335712039 -1.5044303150362088 -1.4788452897004971 -1.508385933273128 -1.482820848398672 -1.4987752249399191 -1.4813161908594732 -1.5027355095297443 -1.4852899549810625
30 0.014667884177102523 0.014676814837092111 -1.4617828401496329 -1.4471060253125407 -1.4657700253612331 -1.4511021411841307 -1.458626963704738 -1.4485243151713987 -1.4626161527668997 -1.4525196112378631
2 0.02624627236850794 0.026295347422069418 -1.7415678351386619 -1.7152724877165926 -1.7451956049356907 -1.7189493325671825 -1.7352432670313793 -1.71757091716694 -1.7388831300377146 -1.7212435989462174
3 0.011216005960053881 0.011235249974518264 -1.7005797108908967 -1.6893444609163784 -1.7042825957048298 -1.6930665897447759 -1.6980685514907401 -1.6904155575736359 -1.701775787732992 -1.6941358767740455
31 0.0061744936507554422 0.0061846320887060866 -1.6820277080635826 -1.6758430759748766 -1.6857620578304298 -1.6795875641796743 -1.6806894385552498 -1.6764363947270007 -1.6844259970198139 -1.6801799179177572
46 0.015166992741327672 0.015201382379215611 -1.8223773471496767 -1.8071759647704611 -1.8258344574132139 -1.8106674646718863 -1.8187833020845188 -1.8084967189162193 -1.8222486386631782 -1.8119852729333561
4 0.0062687029381884498 0.0062823654515685307 -1.7988239527659431 -1.7925415873143744 -1.8023338962915092 -1.7960651933533207 -1.7974120449863724 -1.7931366731274347 -1.8009250748076462 -1.796658992767276
32 0.0033819949436979272 0.0033892276601548759 -1.7884978706829879 -1.7851086430228329 -1.7920301750390555 -1.7886481800953575 -1.7877622631031673 -1.7854326512538532 -1.7912961417433195 -1.7889714991595247
5 0.027238208775645922 0.027266069246019417 -1.1134981773538581 -1.0862599685782124 -1.1174301143807988 -1.0901640451347792 -1.1071564845059598 -1.0887350305778249 -1.1110822401872804 -1.0926417799121886
6 0.013005669754154658 0.013021153580240761 -1.0699819455075825 -1.0569762757534278 -1.0738677405051571 -1.0608465869249164 -1.0671182953390621 -1.0582379098451575 -1.0710007479451797 -1.0621097571839186
33 0.007568602950005443 0.0075782774757637839 -1.0482313093487932 -1.0406627063987877 -1.0520907710206555 -1.0445124935448917 -1.0466075043772223 -1.041395977793534 -1.0504649126716008 -1.045246713788736
7 0.01222715415025603 0.012235227950819643 -1.1847119531507144 -1.1724847990004585 -1.1887005853624446 -1.1764653574116246 -1.1817818682575183 -1.1735582822245172 -1.1857686283933622 -1.177539577038341
8 0.0052892258601119312 0.0052930993604981677 -1.1656009571675152 -1.1603117313074032 -1.1695766672016812 -1.1642835678411831 -1.1644206857869188 -1.1608169220508315 -1.1683955426289474 -1.1647891341192171
34 0.0029289001562503364 0.0029311471330804219 -1.1568553569624482 -1.153926456806198 -1.1608245926679468 -1.1578934455348664 -1.1562221534510337 -1.154207730913088 -1.1601909067259553 -1.1581749371426358
47 0.0068490743356921409 0.0068523503295730148 -1.221559727179645 -1.2147106528439529 -1.2255685282543911 -1.2187161779248181 -1.2199438111610661 -1.2153072246645946 -1.2239518587853044 -1.2193130436773172
9 0.0028502373012266268 0.0028517138090681108 -1.2109315002942156 -1.2080812629929889 -1.2149351253223717 -1.2120834115133037 -1.2102915008720767 -1.208351525877194 -1.2142947976171052 -1.2123538160065375
35 0.001542629652837685 0.0015434574295117502 -1.206243226698174 -1.2047005970453362 -1.2102444032278998 -1.2087009457983882 -1.2059085717334201 -1.2048481538899927 -1.2099095696173783 -1.2088485822959927
10 0.016195847189700938 0.016231214347161915 -0.85619195022575756 -0.83999610303605665 -0.85972427673390772 -0.84349306238674582 -0.8524375514596052 -0.84147537761647251 -0.85596178719372062 -0.8449756175153238
11 0.0078516342599128652 0.0078695695962546219 -0.83022898140958956 -0.8223773471496767 -0.83370402700946866 -0.82583445741321404 -0.82850384530337196 -0.82314088430037102 -0.83197497459759862 -0.8265997511861467
-1
12 0.0070377412977990416 0.0070516137857518299 -0.89768314525181636 -0.89064540395401726 -0.90130055493518646 -0.89424894114943476 -0.89599984682695077 -0.89126469515982365 -0.89961395925525722 -0.89486946224335984
13 0.0030639797796079304 0.0030701469814330765 -0.88666763590819031 -0.88360365612858227 -0.89026323123268036 -0.88719308425124732 -0.8859844969575581 -0.8838965942792173 -0.88957872100648239 -0.88748661390247707
36 0.0017019592538285175 0.0017054194309785156 -0.88159782188888136 -0.87989586263505282 -0.88518318919561367 -0.88347776976463521 -0.88123004640864178 -0.88005939770655761 -0.88481466713939838 -0.88364163789232408
48 0.0038791444142819149 0.0038863868317799422 -0.91868083468685691 -0.91480169027257496 -0.92233827635212118 -0.91845188952034129 -0.91776659271998373 -0.91514000298235265 -0.92142233373381388 -0.91879083662735705
14 0.001619975969161309 0.0016230370601359109 -0.91265664538436142 -0.91103666941520012 -0.91630281000165614 -0.91467977294152025 -0.91229305548411876 -0.91119035811520355 -0.91593853411896975 -0.9148337525699336
37 0.0008782183739611208 0.00087988714272230922 -0.90999099616172219 -0.90911277778776101 -0.91363211736540872 -0.91275223022268626 -0.9098005241010414 -0.90919680570146777 -0.9134412836765633 -0.91283641795805948
51 1 1 -1.8205471123042745 -0.82054711230427446 -1.8223773471496767 -0.8223773471496767 -1.7333156871701525 -1.0561872875086209 -1.7352432670313793 -1.0582379098451575
10 0.37527132183713596 0.37555813717845937 -1.8205471123042745 -1.4449889751258151 -1.8223773471496767 -1.4471060253125407 -1.7333156871701525 -1.4792110013418256 -1.7352432670313793 -1.4813161908594732
11 0.18081234054843537 0.18089702078085723 -1.2194361601186738 -1.0386238195702386 -1.221559727179645 -1.0406627063987877 -1.1796700597587129 -1.0561872875086209 -1.1817818682575183 -1.0582379098451575
52 0.096197085605895238 0.096303487537180266 -0.91674419791016981 -0.82054711230427446 -0.91868083468685691 -0.8223773471496767 -0.8940862301550655 -0.82130971677508458 -0.89599984682695077 -0.82314088430037102
15 0.14479730327284632 0.1448671046107157 -1.5898560797365309 -1.4449889751258151 -1.5919033285853872 -1.4471060253125407 -1.5769177698722783 -1.4792110013418256 -1.5789733390609784 -1.4813161908594732
16 0.065724759163785437 0.065786896311377463 -1.7396466948177707 -1.6738597985063932 -1.7415678351386619 -1.6758430759748766 -1.7333156871701525 -1.6884451440728792 -1.7352432670313793 -1.6904155575736359
38 0.037268704126843744 0.037312617273860746 -1.8205471123042745 -1.7832344950304138 -1.8223773471496767 -1.7851086430228329 -1.8169486841236455 -1.7912716967954667 -1.8187833020845188 -1.7931366731274347
17 0.072791755197415764 0.07283547095507048 -1.1114155747676544 -1.0386238195702386 -1.1134981773538581 -1.0406627063987877 -1.1050771728360997 -1.0561872875086209 -1.1071564845059598 -1.0582379098451575
18 0.03077396066677035 0.030785496344516612 -1.1825991464974392 -1.1518251858306687 -1.1847119531507144 -1.153926456806198 -1.1796700597587129 -1.1587128678562417 -1.1817818682575183 -1.1608169220508315
39 0.01685461890550919 0.016859130134308821 -1.2194361601186738 -1.2025815412131649 -1.221559727179645 -1.2047005970453362 -1.2178206463750667 -1.2062314341542564 -1.2199438111610661 -1.208351525877194
55 0.033774662302292868 0.033814603076080918 -0.85432177460656744 -0.82054711230427446 -0.85619195022575756 -0.8223773471496767 -0.85057167261507916 -0.82130971677508458 -0.8524375514596052 -0.82314088430037102
19 0.017768423401019116 0.017787282616763531 -0.89576777694516951 -0.87799935354415037 -0.89768314525181636 -0.87989586263505282 -0.8940862301550655 -0.88199577599670931 -0.89599984682695077 -0.8838965942792173
40 0.0095584990210207284 0.0095680568990958864 -0.91674419791016981 -0.90718569888914902 -0.91868083468685691 -0.90911277778776101 -0.91583085954950316 -0.90926118483943996 -0.91776659271998373 -0.91119035811520355
0 0.055092485466664134 0.055125093139073371 -1.5898560797365309 -1.5347309865974574 -1.5919033285853872 -1.5368108431187228 -1.5769177698722783 -1.5396923418538098 -1.5789733390609784 -1.5417695677970868
1 0.025585025335712039 0.025595613319234427 -1.5023347608593305 -1.4767391475400959 -1.5044303150362088 -1.4788452897004971 -1.4966771925389619 -1.4792110013418256 -1.4987752249399191 -1.4813161908594732
30 0.014676814837092111 0.014681552431933486 -1.4596705275577486 -1.4449889751258151 -1.4617828401496329 -1.4471060253125407 -1.4565135879174833 -1.4464076997881605 -1.458626963704738 -1.4485243151713987
2 0.026295347422069418 0.026321477468494853 -1.7396466948177707 -1.7133252173492757 -1.7415678351386619 -1.7152724877165926 -1.7333156871701525 -1.7156258632145531 -1.7352432670313793 -1.71757091716694
3 0.011235249974518264 0.011245493649310257 -1.6986185778336145 -1.687373084184304 -1.7005797108908967 -1.6893444609163784 -1.6961051020640319 -1.6884451440728792 -1.6980685514907401 -1.6904155575736359
31 0.0061846320887060866 0.0061900280805282292 -1.6800498265869215 -1.6738597985063932 -1.6820277080635826 -1.6758430759748766 -1.6787103815162181 -1.6744536308563676 -1.6806894385552498 -1.6764363947270007
46 0.015201382379215611 0.015219704992826004 -1.8205471123042745 -1.8053274073114485 -1.8223773471496767 -1.8071759647704611 -1.8169486841236455 -1.8066497309305583 -1.8187833020845188 -1.8084967189162193
4 0.0062823654515685307 0.0062896437672542507 -1.7969655694712692 -1.790675925704015 -1.7988239527659431 -1.7925415873143744 -1.795552017526463 -1.7912716967954667 -1.7974120449863724 -1.7931366731274347
32 0.0033892276601548759 0.0033930804349755679 -1.7866275754653893 -1.7832344950304138 -1.7884978706829879 -1.7851086430228329 -1.7858911292765987 -1.7835588703676049 -1.7877622631031673 -1.7854326512538532
5 0.027223378292716358 0.027238208775645922 -1.1114155747676544 -1.0841921964749379 -1.1134981773538581 -1.0862599685782124 -1.1050771728360997 -1.0866658359604651 -1.1071564845059598 -1.0887350305778249
6 0.012997431386572082 0.013005669754154658 -1.0679239020849085 -1.0549264706983366 -1.0699819455075825 -1.0569762757534278 -1.0650620303871099 -1.0561872875086209 -1.0671182953390621 -1.0582379098451575
33 0.0075634566115149737 0.007568602950005443 -1.0461872761817537 -1.0386238195702386 -1.0482313093487932 -1.0406627063987877 -1.0445645635349023 -1.0393565862459992 -1.0466075043772223 -1.041395977793534
7 0.012222849905277037 0.01222715415025603 -1.1825991464974392 -1.170376296592162 -1.1847119531507144 -1.1724847990004585 -1.1796700597587129 -1.1714493872869978 -1.1817818682575183 -1.1735582822245172
8 0.0052871616390816551 0.0052892258601119312 -1.1634950388667611 -1.1582078772276796 -1.1656009571675152 -1.1603117313074032 -1.1623152221808335 -1.1587128678562417 -1.1644206857869188 -1.1608169220508315
34 0.0029277029211242935 0.0029289001562503364 -1.154752888751793 -1.1518251858306687 -1.1568553569624482 -1.153926456806198 -1.1541199422954995 -1.1521063440518644 -1.1562221534510337 -1.154207730913088
47 0.0068473254638794171 0.0068490743356921409 -1.2194361601186738 -1.2125888346547944 -1.221559727179645 -1.2147106528439529 -1.2178206463750667 -1.2131852495833721 -1.2199438111610661 -1.2153072246645946
9 0.0028494493660530342 0.0028502373012266268 -1.2088106962016041 -1.2059612468355509 -1.2109315002942156 -1.2080812629929889 -1.2081708719748319 -1.2062314341542564 -1.2102915008720767 -1.208351525877194
35 0.0015421879805813518 0.001542629652837685 -1.2041237291937459 -1.2025815412131649 -1.206243226698174 -1.2047005970453362 -1.2037891695502061 -1.2027290555589418 -1.2059085717334201 -1.2048481538899927
10 0.016177065575445182 0.016195847189700938 -0.85432177460656744 -0.83814470903112226 -0.85619195022575756 -0.83999610303605665 -0.85057167261507916 -0.83962224157915477 -0.8524375514596052 -0.84147537761647251
11 0.0078421112418151639 0.0078516342599128652 -0.82838922354608968 -0.82054711230427446 -0.83022898140958956 -0.8223773471496767 -0.82666616690248707 -0.82130971677508458 -0.82850384530337196 -0.82314088430037102
-1
12 0.0070303718255376579 0.0070377412977990416 -0.89576777694516951 -0.88873740511963195 -0.89768314525181636 -0.89064540395401726 -0.8940862301550655 -0.88935604298886872 -0.89599984682695077 -0.89126469515982365
13 0.0030607038070570394 0.0030639797796079304 -0.88476385585062711 -0.88170315204357008 -0.88666763590819031 -0.88360365612858227 -0.88408144531815147 -0.88199577599670931 -0.8859844969575581 -0.8838965942792173
36 0.0017001212940476354 0.0017019592538285175 -0.8796994748381981 -0.87799935354415037 -0.88159782188888136 -0.87989586263505282 -0.87933209592249018 -0.87816271170554494 -0.88123004640864178 -0.88005939770655761
48 0.0038752963500596049 0.0038791444142819149 -0.91674419791016981 -0.91286890156011014 -0.91868083468685691 -0.91480169027257496 -0.91583085954950316 -0.91320687720467653 -0.91776659271998373 -0.91514000298235265
14 0.0016183496037265098 0.001619975969161309 -0.91072600031327422 -0.9091076507095478 -0.91265664538436142 -0.91103666941520012 -0.9103627748790627 -0.90926118483943996 -0.91229305548411876 -0.91119035811520355
37 0.00087733176890982586 0.0008782183739611208 -0.90806303065805882 -0.90718569888914902 -0.90999099616172219 -0.90911277778776101 -0.90787275072838713 -0.90726964189099901 -0.9098005241010414 -0.90919680570146777
52 1 1 0.66709265108675964 1.6670926510867599 0.66853623937575968 1.6685362393757597 0.90246547065184157 1.6591579558176495 0.9041424020805231 1.6606117401960878
55 0.35101103654085142 0.35130634913545727 1.3157863019513023 1.6670926510867599 1.3175252028349083 1.6685362393757597 1.3547817970636731 1.6591579558176495 1.3565036856212764 1.6606117401960878
19 0.18464466580130789 0.18473545848473499 0.88499395334004083 1.0696386191413487 0.88665850496696619 1.0713939634517011 0.90246547065184157 1.0281034543111156 0.9041424020805231 1.0298460844498214
40 0.099282145226981103 0.099398109859712827 0.66709265108675964 0.76637479631374084 0.66853623937575968 0.76793434923547244 0.67657853009451618 0.74481562623970932 0.67803430419511979 0.74635217291607114
10 0.16813573806596077 0.16823729163392054 1.3157863019513023 1.4840235935852231 1.3175252028349083 1.485660940900869 1.3547817970636731 1.4686554964582137 1.3565036856212764 1.4703051623856984
11 0.081492522154580749 0.081589590160308534 1.5855030609264511 1.6670926510867599 1.5870437172211789 1.6685362393757597 1.6034287603541948 1.6591579558176495 1.6049495667983724 1.6606117401960878
-1
12 0.073050294830848295 0.073096788714972993 0.88499395334004083 0.95804424817088907 0.88665850496696619 0.95975529368193935 0.90246547065184157 0.95161579380582839 0.9041424020805231 0.95332330343519578
13 0.03180820896404836 0.031820720055484433 0.99933640470071006 1.0311446136647584 1.0010676064692119 1.0328883265246964 1.0064281616878974 1.0281034543111156 1.0081623801720454 1.0298460844498214
36 0.017669892435829476 0.017674754487525098 1.0519687267055191 1.0696386191413487 1.0537192089641763 1.0713939634517011 1.0557869624733938 1.0679407619419483 1.0575385639369734 1.0696956742317769
48 0.040249731552676506 0.040299829520599469 0.66709265108675964 0.70734238263943627 0.66853623937575968 0.70883606889635908 0.67657853009451618 0.70383197114812224 0.67803430419511979 0.70532145553937375
14 0.016810113720524177 0.016828819882634335 0.72960032367443617 0.74641043739496027 0.73111990737906885 0.74794872726170314 0.73337317240628042 0.74481562623970932 0.73489701836640497 0.74635217291607114
37 0.0091134124634955835 0.0091229903346981243 0.75726138385024533 0.76637479631374084 0.75881135890077434 0.76793434923547244 0.7592379316697967 0.76550281951226595 0.76079000231373717 0.76706146534639696
15 0.064955649402204996 0.065003577201832086 1.4190200163833908 1.4840235935852231 1.420705291498664 1.485660940900869 1.4248200608644987 1.4686554964582137 1.4265015041316431 1.4703051623856984
16 0.029423573183140136 0.029438809630202539 1.3519499649430129 1.3813887745732156 1.3536732215703093 1.3830967947534494 1.3547817970636731 1.3748596058343898 1.3565036856212764 1.3765711989926364
38 0.016667251247406853 0.016674043448432031 1.3157863019513023 1.3324603453997346 1.3175252028349083 1.3341924540823151 1.3173939558363068 1.3288679701742516 1.3191322332140112 1.3306016030891172
17 0.032830995566721144 0.032872175864313846 1.6342204752224458 1.6670926510867599 1.6357052438090385 1.6685362393757597 1.6370814695005003 1.6591579558176495 1.6385627650832366 1.6606117401960878
18 0.013862840337128209 0.013878732525022697 1.6021080392717311 1.6159867717967538 1.6036303365804772 1.6174931769176053 1.6034287603541948 1.6128799625590815 1.6049495667983724 1.6143899685102769
39 0.0075881282769716066 0.0075964385891187491 1.5855030609264511 1.5930994995155698 1.5870437172211789 1.5946318454981505 1.5862310986121786 1.5914543221856803 1.5877709649225542 1.5929884806199024
-1
-1
-1
20 0.02751832368107417 0.027534212600276504 0.93052592448981486 0.95804424817088907 0.93222108108166268 0.95975529368193935 0.9330165049987803 0.95161579380582839 0.93471318049930363 0.95332330343519578
21 0.012986962269466426 0.012995693600803186 0.90120801357035707 0.91419497583982356 0.9028840804554934 0.91587977405629672 0.90246547065184157 0.91133080776317266 0.9041424020805231 0.91301371797227771
41 0.0075119497748905653 0.0075173695932113944 0.88499395334004083 0.89250590311493128 0.88665850496696619 0.89417587456017755 0.88572094385477862 0.89089272591186108 0.8873860264003014 0.89256154580797664
22 0.012671476526202978 0.012676146108133883 1.0184731371385554 1.0311446136647584 1.0202121804165625 1.0328883265246964 1.0195836113409549 1.0281034543111156 1.0213230804901796 1.0298460844498214
23 0.005453617237136674 0.0054558557459357367 1.0059076739007824 1.0113612911379188 1.0076416754139033 1.0130975311598389 1.0064281616878974 1.0101435242772212 1.0081623801720454 1.0118792711405171
42 0.0030125251750197819 0.003013822590931089 0.99933640470071006 1.0023489298757298 1.0010676064692119 1.0040814290601432 0.99962558545586389 1.0016974048278047 1.0013569127883579 1.0034296254124162
50 0.0071902158324737139 0.0071920965908571256 1.062448403308875 1.0696386191413487 1.0642018668608442 1.0713939634517011 1.0630740481254561 1.0679407619419483 1.0648276806538537 1.0696956742317769
24 0.002983759526488731 0.0029846100007109022 1.0555041582584246 1.0584879177849131 1.0572556781226197 1.0602402881233306 1.0557869624733938 1.0578176946343978 1.0575385639369734 1.0595698759467145
43 0.0016127657619515253 0.001613243109547538 1.0519687267055191 1.0535814924674707 1.0537192089641763 1.0553324520737237 1.0521229570805217 1.0532315532084995 1.0538734852800875 1.0549824098124925
25 0.015114258671619783 0.015132577749765411 0.69222812396781641 0.70734238263943627 0.69370349114659369 0.70883606889635908 0.69360547466689526 0.70383197114812224 0.69508253581688706 0.70532145553937375
26 0.0072781961251760846 0.0072874008098515039 0.67587152930875805 0.68314972543393404 0.67732640323737647 0.68461380404722794 0.67657853009451618 0.6815490744415863 0.67803430419511979 0.6830111405235787
53 0.0038725948585295006 0.0038775979255644098 0.66709265108675964 0.67096524594528917 0.66853623937575968 0.67241383730132409 0.6671233517420363 0.67005311996683337 0.66856697984687263 0.67150053643945373
27 0.0066622310728400354 0.0066695569785292855 0.73974820632212024 0.74641043739496027 0.74127917028317392 0.74794872726170314 0.7403338690526472 0.74481562623970932 0.74186548163890154 0.74635217291607114
28 0.0028923637019566458 0.002895608304699062 0.73309676099951959 0.73598912470147626 0.73462029594742329 0.73751590425212243 0.73337317240628042 0.73534401036080144 0.73489701836640497 0.73687006811569
44 0.0016044422015292555 0.0016062592858219226 0.72960032367443617 0.73120476587596539 0.73111990737906885 0.73272616666489077 0.7297544518673823 0.73085799097981208 0.73127421041754925 0.73237899960083153
51 0.0036981003715475316 0.0037019609458661725 0.76267669594219334 0.76637479631374084 0.76423238828960627 0.76793434923547244 0.76299904095467563 0.76550281951226595 0.76455507122172539 0.76706146534639696
29 0.0015420119760499889 0.0015436404041031507 0.7590916729528091 0.76063368492885908 0.76064358887652272 0.76218722928062588 0.7592379316697967 0.76028752554300671 0.76079000231373717 0.76184070487360778
45 0.00083535441384228895 0.00083624131840012445 0.75726138385024533 0.75809673826408752 0.75881135890077434 0.75964760021917455 0.75734130064191352 0.7579155433034207 0.75889136061931328 0.75946621303578676
53 1 1 -1.6670926510867599 -0.66709265108675964 -1.6685362393757597 -0.66853623937575968 -1.6591579558176495 -0.90246547065184157 -1.6606117401960878 -0.9041424020805231
54 0.35101103654085142 0.35130634913545727 -1.6670926510867599 -1.3157863019513023 -1.6685362393757597 -1.3175252028349083 -1.6591579558176495 -1.3547817970636731 -1.6606117401960878 -1.3565036856212764
4 0.18464466580130789 0.18473545848473499 -1.0696386191413487 -0.88499395334004083 -1.0713939634517011 -0.88665850496696619 -1.0281034543111156 -0.90246547065184157 -1.0298460844498214 -0.9041424020805231
32 0.099282145226981103 0.099398109859712827 -0.76637479631374084 -0.66709265108675964 -0.76793434923547244 -0.66853623937575968 -0.74481562623970932 -0.67657853009451618 -0.74635217291607114 -0.67803430419511979
25 0.16813573806596077 0.16823729163392054 -1.4840235935852231 -1.3157863019513023 -1.485660940900869 -1.3175252028349083 -1.4686554964582137 -1.3547817970636731 -1.4703051623856984 -1.3565036856212764
26 0.081492522154580749 0.081589590160308534 -1.6670926510867599 -1.5855030609264511 -1.6685362393757597 -1.5870437172211789 -1.6591579558176495 -1.6034287603541948 -1.6606117401960878 -1.6049495667983724
-1
27 0.073050294830848295 0.073096788714972993 -0.95804424817088907 -0.88499395334004083 -0.95975529368193935 -0.88665850496696619 -0.95161579380582839 -0.90246547065184157 -0.95332330343519578 -0.9041424020805231
28 0.03180820896404836 0.031820720055484433 -1.0311446136647584 -0.99933640470071006 -1.0328883265246964 -1.0010676064692119 -1.0281034543111156 -1.0064281616878974 -1.0298460844498214 -1.0081623801720454
44 0.017669892435829476 0.017674754487525098 -1.0696386191413487 -1.0519687267055191 -1.0713939634517011 -1.0537192089641763 -1.0679407619419483 -1.0557869624733938 -1.0696956742317769 -1.0575385639369734
51 0.040249731552676506 0.040299829520599469 -0.70734238263943627 -0.66709265108675964 -0.70883606889635908 -0.66853623937575968 -0.70383197114812224 -0.67657853009451618 -0.70532145553937375 -0.67803430419511979
29 0.016810113720524177 0.016828819882634335 -0.74641043739496027 -0.72960032367443617 -0.74794872726170314 -0.73111990737906885 -0.74481562623970932 -0.73337317240628042 -0.74635217291607114 -0.73489701836640497
45 0.0091134124634955835 0.0091229903346981243 -0.76637479631374084 -0.75726138385024533 -0.76793434923547244 -0.75881135890077434 -0.76550281951226595 -0.7592379316697967 -0.76706146534639696 -0.76079000231373717
0 0.064955649402204996 0.065003577201832086 -1.4840235935852231 -1.4190200163833908 -1.485660940900869 -1.420705291498664 -1.4686554964582137 -1.4248200608644987 -1.4703051623856984 -1.4265015041316431
1 0.029423573183140136 0.029438809630202539 -1.3813887745732156 -1.3519499649430129 -1.3830967947534494 -1.3536732215703093 -1.3748596058343898 -1.3547817970636731 -1.3765711989926364 -1.3565036856212764
30 0.016667251247406853 0.016674043448432031 -1.3324603453997346 -1.3157863019513023 -1.3341924540823151 -1.3175252028349083 -1.3288679701742516 -1.3173939558363068 -1.3306016030891172 -1.3191322332140112
2 0.032830995566721144 0.032872175864313846 -1.6670926510867599 -1.6342204752224458 -1.6685362393757597 -1.6357052438090385 -1.6591579558176495 -1.6370814695005003 -1.6606117401960878 -1.6385627650832366
3 0.013862840337128209 0.013878732525022697 -1.6159867717967538 -1.6021080392717311 -1.6174931769176053 -1.6036303365804772 -1.6128799625590815 -1.6034287603541948 -1.6143899685102769 -1.6049495667983724
31 0.0075881282769716066 0.0075964385891187491 -1.5930994995155698 -1.5855030609264511 -1.5946318454981505 -1.5870437172211789 -1.5914543221856803 -1.5862310986121786 -1.5929884806199024 -1.5877709649225542
-1
-1
-1
5 0.02751832368107417 0.027534212600276504 -0.95804424817088907 -0.93052592448981486 -0.95975529368193935 -0.93222108108166268 -0.95161579380582839 -0.9330165049987803 -0.95332330343519578 -0.93471318049930363
6 0.012986962269466426 0.012995693600803186 -0.91419497583982356 -0.90120801357035707 -0.91587977405629672 -0.9028840804554934 -0.91133080776317266 -0.90246547065184157 -0.91301371797227771 -0.9041424020805231
33 0.0075119497748905653 0.0075173695932113944 -0.89250590311493128 -0.88499395334004083 -0.89417587456017755 -0.88665850496696619 -0.89089272591186108 -0.88572094385477862 -0.89256154580797664 -0.8873860264003014
7 0.012671476526202978 0.012676146108133883 -1.0311446136647584 -1.0184731371385554 -1.0328883265246964 -1.0202121804165625 -1.0281034543111156 -1.0195836113409549 -1.0298460844498214 -1.0213230804901796
8 0.005453617237136674 0.0054558557459357367 -1.0113612911379188 -1.0059076739007824 -1.0130975311598389 -1.0076416754139033 -1.0101435242772212 -1.0064281616878974 -1.0118792711405171 -1.0081623801720454
34 0.0030125251750197819 0.003013822590931089 -1.0023489298757298 -0.99933640470071006 -1.0040814290601432 -1.0010676064692119 -1.0016974048278047 -0.99962558545586389 -1.0034296254124162 -1.0013569127883579
47 0.0071902158324737139 0.0071920965908571256 -1.0696386191413487 -1.062448403308875 -1.0713939634517011 -1.0642018668608442 -1.0679407619419483 -1.0630740481254561 -1.0696956742317769 -1.0648276806538537
9 0.002983759526488731 0.0029846100007109022 -1.0584879177849131 -1.0555041582584246 -1.0602402881233306 -1.0572556781226197 -1.0578176946343978 -1.0557869624733938 -1.0595698759467145 -1.0575385639369734
35 0.0016127657619515253 0.001613243109547538 -1.0535814924674707 -1.0519687267055191 -1.0553324520737237 -1.0537192089641763 -1.0532315532084995 -1.0521229570805217 -1.0549824098124925 -1.0538734852800875
10 0.015114258671619783 0.015132577749765411 -0.70734238263943627 -0.69222812396781641 -0.70883606889635908 -0.69370349114659369 -0.70383197114812224 -0.69360547466689526 -0.70532145553937375 -0.69508253581688706
11 0.0072781961251760846 0.0072874008098515039 -0.68314972543393404 -0.67587152930875805 -0.68461380404722794 -0.67732640323737647 -0.6815490744415863 -0.67657853009451618 -0.6830111405235787 -0.67803430419511979
52 0.0038725948585295006 0.0038775979255644098 -0.67096524594528917 -0.66709265108675964 -0.67241383730132409 -0.66853623937575968 -0.67005311996683337 -0.6671233517420363 -0.67150053643945373 -0.66856697984687263
12 0.0066622310728400354 0.0066695569785292855 -0.74641043739496027 -0.73974820632212024 -0.74794872726170314 -0.74127917028317392 -0.74481562623970932 -0.7403338690526472 -0.74635217291607114 -0.74186548163890154
13 0.0028923637019566458 0.002895608304699062 -0.73598912470147626 -0.73309676099951959 -0.73751590425212243 -0.73462029594742329 -0.73534401036080144 -0.73337317240628042 -0.73687006811569 -0.73489701836640497
36 0.0016044422015292555 0.0016062592858219226 -0.73120476587596539 -0.72960032367443617 -0.73272616666489077 -0.73111990737906885 -0.73085799097981208 -0.7297544518673823 -0.73237899960083153 -0.73127421041754925
48 0.0036981003715475316 0.0037019609458661725 -0.76637479631374084 -0.76267669594219334 -0.76793434923547244 -0.76423238828960627 -0.76550281951226595 -0.76299904095467563 -0.76706146534639696 -0.76455507122172539
14 0.0015420119760499889 0.0015436404041031507 -0.76063368492885908 -0.7590916729528091 -0.76218722928062588 -0.76064358887652272 -0.76028752554300671 -0.7592379316697967 -0.76184070487360778 -0.76079000231373717
37 0.00083535441384228895 0.00083624131840012445 -0.75809673826408752 -0.75726138385024533 -0.75964760021917455 -0.75881135890077434 -0.7579155433034207 -0.75734130064191352 -0.75946621303578676 -0.75889136061931328
54 1 1 1.3445109942035214 2.3445109942035214 1.3459468963904855 2.345946896390485 1.3670872050764515 2.2334646773398301 1.3685331527693947 2.234945500576444
25 0.47889055249909918 0.47900413537678821 1.8655068588267332 2.3445109942035214 1.8670563438913861 2.345946896390485 1.9092541400133849 2.2334646773398301 1.9108019157116203 2.234945500576444
26 0.23216512779106413 0.23224627269360598 1.3445109942035214 1.5766761219945857 1.3459468963904855 1.5781931690840911 1.3670872050764515 1.5256639095192961 1.3685331527693947 1.5271673351592059
-1
0 0.185033881003864 0.18505301155864173 1.8655068588267332 2.0505598703853751 1.8670563438913861 2.0520902248952502 1.9092541400133849 2.0340469632981799 1.9108019157116203 2.035580291341867
1 0.083798114388338257 0.083825208099164009 2.157703215836388 2.2415284239355522 2.1592082485312689 2.2430063629196071 2.1762940721955544 2.2334646773398301 2.1777936477274222 2.234945500576444
30 0.047462972102456438 0.047483553257069974 2.2970274409464513 2.3445109942035214 2.2984839242880288 2.345946896390485 2.3072574639924075 2.3399327040308249 2.3087096866015298 2.341370679965816
2 0.093532658945042091 0.093571254676182825 1.3445109942035214 1.4380436531485636 1.3459468963904855 1.4395181510666679 1.3670872050764515 1.4299028228705233 1.3685331527693947 1.4313742781048069
3 0.039494029799586716 0.039506068020624681 1.4899282521939656 1.5294222819935523 1.4914207240505157 1.5309267920711402 1.4987690238059073 1.5256639095192961 1.500264313827125 1.5271673351592059
31 0.02161791934450609 0.021623402502724771 1.5550582026500797 1.5766761219945857 1.5565697665813665 1.5781931690840911 1.5597400066595581 1.5746042563673905 1.5612527941837377 1.5761207963885253
-1
-1
-1
15 0.07036381199091768 0.07037475981501369 1.9801851105703612 2.0505598703853751 1.9817264129043322 2.0520902248952502 1.9865210716312627 2.0340469632981799 1.9880615729442708 2.035580291341867
16 0.032705575771935044 0.032707897804219468 1.906094944139066 1.9388028419432854 1.9076429016351784 1.9403484774071131 1.9092541400133849 1.931574155239538 1.9108019157116203 1.9331203877083107
38 0.018769886724979826 0.018770406784925267 1.8655068588267332 1.8842772656116584 1.8670563438913861 1.8858262306163658 1.867320862147045 1.880241418175892 1.8688703109512965 1.8817905220635727
17 0.033518264188624476 0.033529868772269961 2.2079985551632819 2.2415284239355522 2.2094880987309828 2.2430063629196071 2.2109297218979624 2.2334646773398301 2.2124182917983264 2.234945500576444
18 0.014327140259634486 0.014331543977205204 2.1749277195549404 2.1892592635321453 2.1764277068729978 2.1907548471326317 2.1762940721955544 2.186056211362732 2.1777936477274222 2.1875527953953404
39 0.0078881304245585308 0.0078904081654074185 2.157703215836388 2.1655936240017954 2.1592082485312689 2.1670963789558275 2.1584602000467008 2.1638862927558113 2.1599650166779814 2.1653895453713834
49 0.019356922612936554 0.019365564046108716 2.3251454301574128 2.3445109942035214 2.3265899737775486 2.345946896390485 2.3268281106555446 2.3399327040308249 2.3282719169520565 2.341370679965816
19 0.0080015802413999724 0.0080049751301912789 2.3064991837315718 2.3145041588617632 2.3079517254259381 2.315953305667338 2.3072574639924075 2.312705156729836 2.3087096866015298 2.3141550715656414
40 0.0043171735900836335 0.0043189607945282723 2.2970274409464513 2.3013464017409797 2.2984839242880288 2.3028010978781124 2.2974403379824504 2.300409015704636 2.2988966511990618 2.301864101177939
20 0.034969653376624027 0.034983150746775681 1.4030739997719395 1.4380436531485636 1.4045350003198922 1.4395181510666679 1.40625202448678 1.4299028228705233 1.4077142976806671 1.4313742781048069
21 0.016703874663468173 0.016711033046215948 1.3654667178171795 1.3821705924806478 1.3669119599245152 1.3836229929707311 1.3670872050764515 1.3784928565944266 1.3685331527693947 1.3799437028227592
41 0.0097227702102263835 0.0097271533691203338 1.3445109942035214 1.3542337644137477 1.3459468963904855 1.3556740497596056 1.3454530034562207 1.3521478612618461 1.3468893340812031 1.3535872135089393
22 0.015684364307847566 0.015688975033077417 1.5137379176857049 1.5294222819935523 1.5152378170380629 1.5309267920711402 1.5151150101154112 1.5256639095192961 1.5166153232623021 1.5271673351592059
23 0.0067858991763382736 0.0067880180306172135 1.4981208642116384 1.5049067633879765 1.4996159500376072 1.5064039680682244 1.4987690238059073 1.5033925486161948 1.500264313827125 1.5048892841272408
42 0.0037579892431133287 0.0037591958716792937 1.4899282521939656 1.4936862414370791 1.4914207240505157 1.4951799199221949 1.4902891522608017 1.4928738059836002 1.4917817405547034 1.4943672246987514
50 0.0087818702026324844 0.0087840463070542382 1.5678942517919532 1.5766761219945857 1.569409122777037 1.5781931690840911 1.5686592010131863 1.5746042563673905 1.5701742643411358 1.5761207963885253
24 0.0036549112116353176 0.0036558537053712811 1.5593934387870858 1.5630483499987209 1.5609061364195909 1.5645619901249623 1.5597400066595581 1.562227676926385 1.5612527941837377 1.5637411064843143
43 0.001978228738912134 0.0019787481856030705 1.5550582026500797 1.5570364313889917 1.5565697665813665 1.5585485147669695 1.55524742719951 1.5566072812510106 1.5567590409718388 1.5581192522446992
-1
-1
-1
-1
-1
-1
-1
-1
-1
55 1 1 -2.3445109942035214 -1.3445109942035214 -2.345946896390485 -1.3459468963904855 -2.2334646773398301 -1.3670872050764515 -2.234945500576444 -1.3685331527693947
10 0.47889055249909918 0.47900413537678821 -2.3445109942035214 -1.8655068588267332 -2.345946896390485 -1.8670563438913861 -2.2334646773398301 -1.9092541400133849 -2.234945500576444 -1.9108019157116203
11 0.23216512779106413 0.23224627269360598 -1.5766761219945857 -1.3445109942035214 -1.5781931690840911 -1.3459468963904855 -1.5256639095192961 -1.3670872050764515 -1.5271673351592059 -1.3685331527693947
-1
15 0.185033881003864 0.18505301155864173 -2.0505598703853751 -1.8655068588267332 -2.0520902248952502 -1.8670563438913861 -2.0340469632981799 -1.9092541400133849 -2.035580291341867 -1.9108019157116203
16 0.083798114388338257 0.083825208099164009 -2.2415284239355522 -2.157703215836388 -2.2430063629196071 -2.1592082485312689 -2.2334646773398301 -2.1762940721955544 -2.234945500576444 -2.1777936477274222
38 0.047462972102456438 0.047483553257069974 -2.3445109942035214 -2.2970274409464513 -2.345946896390485 -2.2984839242880288 -2.3399327040308249 -2.3072574639924075 -2.341370679965816 -2.3087096866015298
17 0.093532658945042091 0.093571254676182825 -1.4380436531485636 -1.3445109942035214 -1.4395181510666679 -1.3459468963904855 -1.4299028228705233 -1.3670872050764515 -1.4313742781048069 -1.3685331527693947
18 0.039494029799586716 0.039506068020624681 -1.5294222819935523 -1.4899282521939656 -1.5309267920711402 -1.4914207240505157 -1.5256639095192961 -1.4987690238059073 -1.5271673351592059 -1.500264313827125
39 0.02161791934450609 0.021623402502724771 -1.5766761219945857 -1.5550582026500797 -1.5781931690840911 -1.5565697665813665 -1.5746042563673905 -1.5597400066595581 -1.5761207963885253 -1.5612527941837377
-1
-1
-1
0 0.07036381199091768 0.07037475981501369 -2.0505598703853751 -1.9801851105703612 -2.0520902248952502 -1.9817264129043322 -2.0340469632981799 -1.9865210716312627 -2.035580291341867 -1.9880615729442708
1 0.032705575771935044 0.032707897804219468 -1.9388028419432854 -1.906094944139066 -1.9403484774071131 -1.9076429016351784 -1.931574155239538 -1.9092541400133849 -1.9331203877083107 -1.9108019157116203
30 0.018769886724979826 0.018770406784925267 -1.8842772656116584 -1.8655068588267332 -1.8858262306163658 -1.8670563438913861 -1.880241418175892 -1.867320862147045 -1.8817905220635727 -1.8688703109512965
2 0.033518264188624476 0.033529868772269961 -2.2415284239355522 -2.2079985551632819 -2.2430063629196071 -2.2094880987309828 -2.2334646773398301 -2.2109297218979624 -2.234945500576444 -2.2124182917983264
3 0.014327140259634486 0.014331543977205204 -2.1892592635321453 -2.1749277195549404 -2.1907548471326317 -2.1764277068729978 -2.186056211362732 -2.1762940721955544 -2.1875527953953404 -2.1777936477274222
31 0.0078881304245585308 0.0078904081654074185 -2.1655936240017954 -2.157703215836388 -2.1670963789558275 -2.1592082485312689 -2.1638862927558113 -2.1584602000467008 -2.1653895453713834 -2.1599650166779814
46 0.019356922612936554 0.019365564046108716 -2.3445109942035214 -2.3251454301574128 -2.345946896390485 -2.3265899737775486 -2.3399327040308249 -2.3268281106555446 -2.341370679965816 -2.3282719169520565
4 0.0080015802413999724 0.0080049751301912789 -2.3145041588617632 -2.3064991837315718 -2.315953305667338 -2.3079517254259381 -2.312705156729836 -2.3072574639924075 -2.3141550715656414 -2.3087096866015298
32 0.0043171735900836335 0.0043189607945282723 -2.3013464017409797 -2.2970274409464513 -2.3028010978781124 -2.2984839242880288 -2.300409015704636 -2.2974403379824504 -2.301864101177939 -2.2988966511990618
5 0.034969653376624027 0.034983150746775681 -1.4380436531485636 -1.4030739997719395 -1.4395181510666679 -1.4045350003198922 -1.4299028228705233 -1.40625202448678 -1.4313742781048069 -1.4077142976806671
6 0.016703874663468173 0.016711033046215948 -1.3821705924806478 -1.3654667178171795 -1.3836229929707311 -1.3669119599245152 -1.3784928565944266 -1.3670872050764515 -1.3799437028227592 -1.3685331527693947
33 0.0097227702102263835 0.0097271533691203338 -1.3542337644137477 -1.3445109942035214 -1.3556740497596056 -1.3459468963904855 -1.3521478612618461 -1.3454530034562207 -1.3535872135089393 -1.3468893340812031
7 0.015684364307847566 0.015688975033077417 -1.5294222819935523 -1.5137379176857049 -1.5309267920711402 -1.5152378170380629 -1.5256639095192961 -1.5151150101154112 -1.5271673351592059 -1.5166153232623021
8 0.0067858991763382736 0.0067880180306172135 -1.5049067633879765 -1.4981208642116384 -1.5064039680682244 -1.4996159500376072 -1.5033925486161948 -1.4987690238059073 -1.5048892841272408 -1.500264313827125
34 0.0037579892431133287 0.0037591958716792937 -1.4936862414370791 -1.4899282521939656 -1.4951799199221949 -1.4914207240505157 -1.4928738059836002 -1.4902891522608017 -1.4943672246987514 -1.4917817405547034
47 0.0087818702026324844 0.0087840463070542382 -1.5766761219945857 -1.5678942517919532 -1.5781931690840911 -1.569409122777037 -1.5746042563673905 -1.5686592010131863 -1.5761207963885253 -1.5701742643411358
9 0.0036549112116353176 0.0036558537053712811 -1.5630483499987209 -1.5593934387870858 -1.5645619901249623 -1.5609061364195909 -1.562227676926385 -1.5597400066595581 -1.5637411064843143 -1.5612527941837377
35 0.001978228738912134 0.0019787481856030705 -1.5570364313889917 -1.5550582026500797 -1.5585485147669695 -1.5565697665813665 -1.5566072812510106 -1.55524742719951 -1.5581192522446992 -1.5567590409718388
-1
-1
-1
-1
-1
-1
-1
-1
-1
